Query,Response
Who are the top mobile commerce optimization platforms?,"“Mobile commerce optimization platforms” can mean a few different categories: improving mobile storefront conversion, app UX, checkout performance, personalization, A/B testing, or mobile app growth/measurement. The top platforms depend on the optimization layer you need.

Platform	Primary focus	Best for
Dynamic Yield	Personalization, experimentation, recommendations	Enterprise retailers optimizing mobile web/app journeys
AB Tasty	A/B testing, personalization, feature experimentation	Ecommerce teams running CRO programs
Optimizely	Experimentation and digital experience optimization	Large organizations with mature experimentation teams
VWO (Visual Website Optimizer)	Mobile web testing, funnels, heatmaps	Ecommerce CRO teams needing fast tests
Contentsquare	Mobile UX analytics, session replay, behavioral insights	Understanding friction in mobile shopping flows
Glassbox	Mobile app analytics, session replay, experience monitoring	App teams diagnosing conversion blockers
Firebase (Google)	Mobile app analytics, remote config, A/B testing	App developers and product teams
Braze	Mobile engagement, personalization, lifecycle campaigns	Retention and mobile commerce CRM
CleverTap	Customer engagement, segmentation, journeys	Mobile-first commerce apps
AppsFlyer	Mobile attribution and growth analytics	Measuring acquisition and app performance
Adjust	Mobile measurement, attribution, fraud prevention	Mobile app growth teams
Bloomreach Engagement	Personalization, customer data, commerce automation	Ecommerce brands seeking unified personalization
Shopify Plus ecosystem tools	Mobile storefront optimization, checkout extensions	DTC brands on Shopify
Algolia	Mobile search and discovery optimization	Ecommerce apps/sites where search drives revenue

G2
+1

Leaders by use case

Mobile conversion rate optimization (CRO)

Optimizely

VWO

AB Tasty

Dynamic Yield

Mobile app UX optimization

Contentsquare

Glassbox

Firebase

UXCam

Mobile commerce personalization

Dynamic Yield

Bloomreach

Braze

CleverTap

Mobile app growth analytics

AppsFlyer

Adjust

Firebase Analytics

Singular

G2

For a button-level mobile commerce optimization landscape (e.g., optimizing CTAs, checkout buttons, sticky bars, add-to-cart flows), the most relevant competitors are usually VWO, Optimizely, AB Tasty, Dynamic Yield, Contentsquare, Glassbox, and UXCam because they help teams identify friction and test UI changes. 
G2

Sources used:
https://www.g2.com/categories/mobile-app-optimization

https://theretailexec.com/tools/best-mobile-ecommerce-software/

https://www.g2.com/categories/app-store-optimization"
What are the best affiliate commerce platforms for ecommerce brands?,"For ecommerce brands, the best affiliate commerce platforms depend on whether you are trying to scale traditional affiliate publishers, creator/influencer commerce, or a broader partnership channel. The strongest options today are: 
Shopify
+1

Platform	Best for	Strengths	Best fit
Impact.com	Enterprise affiliate + creator partnerships	Strong partner discovery, tracking, payments, fraud controls, and broader partnership management	Mid-market to enterprise DTC brands
CJ Affiliate	Large retail affiliate programs	One of the largest publisher networks; strong retail relationships and reporting	Established ecommerce brands
Awin (incl. ShareASale)	Broad ecommerce affiliate programs	Large global publisher base, especially strong in retail, fashion, and lifestyle	SMB to enterprise ecommerce
Rakuten Advertising	Premium retail publishers	Strong relationships with major publishers, loyalty sites, and shopping partners	Larger consumer brands
Partnerize	Enterprise partner ecosystems	Advanced partnership automation and global-scale management	Brands running sophisticated partner channels
Shopify Collabs	Shopify-native creator programs	Easy creator recruiting, gifting, commissions, and Shopify integration	Shopify DTC brands
GRIN	Influencer relationship management	Creator CRM, gifting, influencer workflows, affiliate tracking	Brands focused on influencer-led growth
UpPromote / Refersion	Lightweight affiliate programs	Fast setup, Shopify integrations, simpler affiliate management	Smaller DTC brands getting started
ShopMy / LTK	Beauty, fashion, lifestyle creator commerce	Strong creator shopping behavior and product recommendation workflows	Beauty, apparel, luxury, lifestyle brands

Shopify
+1

My shortlist by brand stage

Early-stage Shopify/DTC ($0–$5M revenue)

Shopify Collabs

UpPromote

Refersion

GRIN (if influencer-heavy)

Growing brands ($5M–$50M)

Impact.com

Awin

CJ Affiliate

GRIN + affiliate network combination

Enterprise brands ($50M+)

Impact.com

Partnerize

CJ Affiliate

Rakuten Advertising

If the goal is creator-driven commerce

The market is shifting beyond classic affiliate links toward creator commerce: finding creators, giving them product access, tracking sales, and managing commissions. For that use case, Impact, GRIN, ShopMy, LTK, and Shopify Collabs are often more relevant than traditional affiliate networks. 
Reddit
+1

If I were evaluating platforms for an ecommerce brand, I’d score them on:

Creator discovery quality (not just a database of affiliates)

Attribution accuracy (links + codes + cross-device tracking)

Shopify/ecommerce integrations

Fraud and coupon-site controls

Commission flexibility

Partner relationship management

Global payout/tax support

For most modern DTC brands, the strongest default stack is:

Impact.com for scale and flexibility

Shopify Collabs or GRIN for creator relationships

Awin/CJ/Rakuten for additional publisher reach

Sources used:
https://www.shopify.com/blog/affiliate-networks

https://www.shopify.com/blog/affiliate-programs-for-retailers

https://thinkresonate.com/commerce-economy/us-affiliate-network-comparison-international-brands

https://www.reddit.com/r/Affiliatemarketing/comments/1u5gwiv/what_is_the_best_affiliate_platform_for_ecomm_dtc/

https://www.vogue.com/article/why-this-influencer-favourite-affiliate-platform-is-launching-a-shopping-site"
Which companies help retailers improve mobile app conversion?,"Companies that help retailers improve mobile app conversion generally fall into a few categories: app experience optimization, app growth/ASO, deep linking, personalization, experimentation, and mobile commerce platforms.

Company	What they help retailers improve
Button	Mobile commerce journeys, deep linking, driving shoppers into retailer apps, and improving conversion from partner/referral traffic. 
Button

Poq	Enterprise retail mobile apps; helps retailers build and optimize native commerce apps with better conversion, engagement, and retention. 
poq - Enterprise native app platform

Airship	Mobile app engagement, push notifications, in-app messaging, personalization, and lifecycle optimization.
Braze	Customer engagement platform for personalized mobile messaging, onboarding, retention, and conversion campaigns.
Leanplum	Mobile personalization, A/B testing, and lifecycle engagement optimization.
Amplitude	Product analytics and experimentation to identify funnel drop-offs and improve app conversion.
Mixpanel	Mobile product analytics, user behavior analysis, and conversion funnel optimization.
Optimizely	Mobile experimentation and feature testing to improve checkout, onboarding, and shopping flows.
Firebase (Google)	App analytics, remote configuration, A/B testing, performance monitoring, and conversion optimization tooling.
AppsFlyer	Mobile attribution and measurement; helps retailers understand which acquisition channels drive installs and purchases.
Adjust	Mobile measurement, attribution, and campaign optimization.
AppTweak / Gummicube / Phiture	App Store Optimization (ASO): improving app store visibility and install conversion. 
Reddit

Purchasely	In-app experience optimization, personalization, and no-code mobile experiences that improve activation and monetization. 
Purchasely

A useful way to segment the landscape:

1. Increase app installs → improve install conversion

AppTweak

Gummicube

Phiture

SplitMetrics

2. Increase shopping conversion inside the app

Poq

Button

Airship

Braze

Leanplum

Optimizely

3. Improve checkout and purchase completion

Checkout-focused commerce platforms

Experimentation platforms (Optimizely, Amplitude Experiment)

Analytics platforms (Amplitude, Mixpanel)

4. Improve acquisition-to-purchase attribution

AppsFlyer

Adjust

Branch

Kochava

For enterprise retailers specifically, the closest competitors to a mobile commerce conversion optimization platform are likely Button, Poq, Airship, Braze, Amplitude, Optimizely, and AppsFlyer because they directly influence the path from mobile discovery → app engagement → purchase. 
poq - Enterprise native app platform
+1

Sources used:
https://www.usebutton.com/

https://poqcommerce.com/resources/the-mobile-app-revenue-case/

https://www.airship.com/

https://www.braze.com/

https://amplitude.com/

https://www.optimizely.com/

https://www.appsflyer.com/

https://www.apptweak.com/

https://www.purchasely.com/"
Who are the major players in mobile deep linking for ecommerce?,"The major players in mobile deep linking for ecommerce are a mix of dedicated deep-linking platforms and broader mobile measurement partners (MMPs) that include deep linking as part of their growth stack. The leading vendors are: 
Leapwave

Company	Product	Strength in ecommerce deep linking
Branch	Branch Links	One of the best-known dedicated deep-linking platforms; strong for ecommerce app growth, referral programs, influencer campaigns, web-to-app journeys, and personalization. 
Leapwave

AppsFlyer	OneLink / Deep Linking Suite	Enterprise mobile attribution leader with deep links across paid ads, email, SMS, QR codes, web-to-app, and retargeting journeys. 
AppsFlyer
+1

Adjust	Adjust Deep Links	Mobile measurement platform with deep linking, attribution, fraud prevention, and campaign optimization capabilities. 
Leapwave

Kochava	SmartLinks	Enterprise-grade deep linking plus attribution; supports paid media, owned channels, QR codes, deferred deep links, and omnichannel campaigns. 
Kochava

Singular	Singular Links	MMP with deep-linking capabilities, commonly used by performance marketing teams. 
Leapwave

Firebase (legacy Dynamic Links)	Dynamic Links	Historically popular for app deep linking, but Google deprecated Firebase Dynamic Links, driving many teams toward Branch, AppsFlyer, Adjust, and others. 
Leapwave
+1
Ecommerce-specific use cases these platforms enable

Web → app conversion: Route mobile web shoppers into the exact product, cart, search result, or promotion inside the app. 
AppsFlyer

Paid acquisition optimization: Send ad clicks directly into relevant app screens and measure downstream purchases. 
AppsFlyer

Deferred deep linking: If a shopper does not have the app installed, send them to the app store and then the intended destination after install. 
Kochava Support

CRM journeys: Link email, SMS, push notifications, loyalty campaigns, and QR codes to personalized app experiences. 
Kochava

Influencer/affiliate commerce: Attribute installs and purchases from creator links and referral campaigns. 
Leapwave

Typical ecommerce shortlist

Large retailers / marketplaces: AppsFlyer, Branch, Adjust, Kochava

App-first ecommerce brands: Branch, AppsFlyer

Performance marketing-heavy teams: AppsFlyer, Adjust, Singular

Omnichannel retailers (stores + app + web): Kochava, AppsFlyer

Sources used:
https://www.appsflyer.com/products/deep-linking/

https://www.appsflyer.com/solutions/ecommerce

https://www.kochava.com/ko/product/deep-linking/

https://www.kochava.com/attribution-deeplinking/

https://leapwave.ai/resources/best-deep-linking-tools

https://support.kochava.com/articles/reference-information/3890-deep-linking/"
What are the top platforms for affiliate marketing attribution?,"The leading platforms for affiliate marketing attribution are typically the same platforms used to run affiliate, partner, creator, and referral programs. They differ mainly by whether you need enterprise partner management, performance tracking, ecommerce integrations, or a lightweight affiliate tracker. 
G2

Platform	Best for	Key attribution capabilities
impact.com	Enterprise brands, ecommerce, creator partnerships	Cross-device tracking, partner attribution, contract/payout automation, partner discovery, large marketplace ecosystem. 
G2

Everflow	Performance marketers, DTC brands, SaaS, agencies	Real-time conversion tracking, granular partner/source attribution, multi-channel measurement, reporting dashboards, fraud controls. 
Everflow

Partnerize	Large global affiliate programs	Enterprise affiliate management, partner discovery, attribution, payments, and analytics. 
G2

TUNE	Companies needing customizable tracking infrastructure	Flexible tracking APIs, custom attribution logic, affiliate network management, advertiser-side tracking. 
G2

CJ Affiliate	Large retail and publisher networks	Network-based affiliate tracking, publisher relationships, transaction attribution.
Awin	Global retail, commerce partnerships	Affiliate network attribution, publisher management, international payments.
PartnerStack	B2B SaaS partner programs	Partner attribution for referrals, resellers, and recurring revenue. 
G2

CAKE	Lead generation and performance marketing	Conversion tracking, attribution, lead validation, campaign optimization. 
G2

Refersion	Shopify and ecommerce merchants	Simple affiliate tracking, influencer attribution, ecommerce integrations.
Tapfiliate	SMB affiliate programs	Lightweight affiliate tracking, referral links, commissions, integrations.
Typical market segmentation

Enterprise / global ecommerce

impact.com

Partnerize

CJ Affiliate

Awin

Performance marketing teams that want deeper attribution control

Everflow

TUNE

CAKE

SaaS / recurring revenue businesses

PartnerStack

Everflow

TUNE

Shopify / SMB ecommerce

Refersion

Tapfiliate

If evaluating specifically for attribution quality, prioritize:

First-party tracking (less dependence on third-party cookies)

Multi-touch attribution support (not just last-click affiliate credit)

SubID / placement-level tracking

Post-purchase events (repeat purchases, subscriptions, refunds)

Fraud detection and partner-quality analytics

API access and warehouse integrations

For a modern ecommerce brand, the shortlist is usually impact.com vs Everflow vs Partnerize; for a performance-focused team that wants more control over data and tracking logic, Everflow and TUNE are often considered. 
G2
+1

Sources used:
https://www.everflow.io/

https://www.g2.com/compare/everflow-vs-tune

https://www.g2.com/products/tune/competitors/alternatives

https://www.g2.com/compare/partnerize-vs-tune"
Which companies help brands track creator-driven sales?,"Brands typically use a mix of creator commerce platforms, affiliate tracking tools, and attribution platforms to measure sales generated by creators. Major players include:

Company	What it helps track
ShopMy	Creator storefronts, affiliate links, commissions, and brand-to-creator sales attribution; especially strong in beauty, fashion, and lifestyle. 
Business Insider
+1

LTK (LikeToKnow.it)	Creator-driven shopping links, product recommendations, and commerce attribution across influencer content. 
Time

GRIN	Creator relationship management, affiliate links, discount codes, gifting, and revenue tracking for ecommerce brands.
Upfluence	Influencer discovery plus affiliate/commerce tracking, allowing brands to manage creators and measure campaign outcomes. 
Upfluence

CreatorIQ	Enterprise creator marketing management, campaign measurement, and reporting for large brands.
Aspire	Creator marketplace, affiliate programs, product seeding, and performance tracking.
impact.com Creator	Affiliate-style creator partnerships, tracking links, commissions, and conversion attribution.
Social Snowball	Shopify-focused creator affiliate tracking, referral links, discount codes, and ambassador sales measurement.
Mavrck (Later Influence)	Influencer campaign management and performance analytics.
Captiv8	Enterprise influencer marketing analytics, including campaign performance measurement.
Triple Whale	Ecommerce attribution analytics that can combine creator-driven revenue signals with other marketing channels. 
The CMO
+1

Northbeam	Multi-touch attribution for ecommerce brands, useful for understanding creator contribution beyond last-click tracking. 
Cometly

Common tracking methods include:

Unique creator affiliate links

Discount/promo codes

UTM parameters

Shopify/ecommerce integrations

Customer journey attribution (multi-touch rather than only last click) 
Influencers Time

For DTC ecommerce brands, the most common shortlist is usually:

ShopMy / LTK — creator commerce and affiliate-led sales

GRIN / Aspire / Upfluence — creator program management

impact.com — performance partnerships at scale

Triple Whale / Northbeam — broader revenue attribution

Sources used:
https://www.shopmy.us/

https://www.liketoknow.it/

https://www.upfluence.com/

https://www.theverge.com/podcast/961603/raina-penchansky-ali-berman-dba-uta-influencer-cliff-marketing

https://www.businessinsider.com/creator-economy-ai-startups-to-watch-according-vc-investors-2026-3

https://www.ft.com/content/0f0f5c35-4f92-4d5d-8a5b-9d5f2b7c2f2d

https://thecmo.com/tools/best-marketing-attribution-software/

https://www.cometly.com/post/best-attribution-companies-2026

https://www.influencers-time.com/best-tools-for-multi-creator-sales-attribution-in-2025/"
What are the best tools for creator commerce programs?,"Creator commerce tools help brands recruit creators, manage affiliate programs, enable creator storefronts, attribute sales, and scale creator-led revenue. The best tools depend on whether you are focused on influencer partnerships, affiliate commerce, storefronts, or TikTok/social selling. 
CreatorCommerce
+1

Platform	Best for	Key capabilities
ShopMy	Premium beauty/fashion creator commerce	Creator gifting, affiliate links, product discovery, relationship management, sales tracking
Aspire	Enterprise creator programs	Influencer CRM, campaign management, creator marketplace, UGC workflows, attribution
CreatorIQ	Large enterprise brands	Global creator management, compliance, reporting, integrations
GRIN	DTC brands (especially Shopify)	Creator CRM, gifting, affiliate links, product seeding, ecommerce integrations
Upfluence	Ecommerce influencer + affiliate programs	Creator discovery, outreach, affiliate tracking, Shopify integrations
LTK (LikeToKnow.it)	Shoppable creator content	Creator storefronts, product discovery, shopping feeds
Impact.com Creator	Affiliate-driven creator sales	Partner tracking, commissions, attribution, payments
Refersion	Shopify affiliate programs	Affiliate recruitment, tracking, commissions, merchant reporting
Social Snowball	Shopify ambassador programs	Customer-to-creator conversion, referral programs, affiliate automation
Shopify Collabs	Shopify merchants	Native creator discovery, gifting, affiliate links
Beacons / Stan Store	Individual creators selling directly	Link-in-bio commerce, digital products, storefronts
Fourthwall	Creator-owned shops	Merch, memberships, storefronts, fulfillment

CreatorCommerce
+1

Best picks by use case

Enterprise creator programs

CreatorIQ

Aspire

Upfluence

Best when you need hundreds/thousands of creators, approvals, contracts, reporting, and global governance. 
KHABY AI

DTC ecommerce brands

GRIN

Social Snowball

Shopify Collabs

Upfluence

Best when the goal is measurable sales through Shopify, affiliate links, discount codes, and ambassador programs. 
Reddit

Creator storefronts / social shopping

ShopMy

LTK

CreatorCommerce

Beacons

Best when creators curate products and drive shoppers through personalized storefronts. 
CreatorCommerce

Affiliate-first creator commerce

Impact.com

Refersion

Tapfiliate

Social Snowball

Best when the main KPI is revenue attribution and commission management. 
Reddit

Shortlist for a brand building a serious creator commerce engine

ShopMy — strongest for luxury/beauty/fashion creator shopping experiences

Aspire — strongest all-around creator relationship platform

CreatorIQ — strongest enterprise infrastructure

GRIN — strongest Shopify-native DTC workflow

Impact.com — strongest attribution + partner commerce infrastructure

Sources used:
https://creatorcommerce.shop/brand-blog/best-creator-storefront-platforms

https://ecommerce-platforms.com/articles/best-ecommerce-platforms-for-creators

https://www.beehiiv.com/blog/creator-commerce-platform

https://www.reddit.com/r/eCommerceSEO/comments/1ud662i/best_affiliate_marketing_software_with_ecommerce/"
Who are the biggest companies in affiliate marketing software?,"The biggest companies in affiliate marketing software generally fall into two categories: enterprise affiliate/partnership management platforms (software brands use to run programs) and affiliate networks (marketplaces connecting advertisers and publishers). 
LinkJolt
+1

Company	Category	Why it is considered a major player
impact.com (Impact)	Enterprise partnership management platform	One of the leading platforms for managing affiliates, creators, influencers, ambassadors, and other partnerships; strong enterprise adoption. 
LinkJolt
+1

Awin	Global affiliate network + software	One of the largest global affiliate networks, connecting thousands of advertisers with publishers; includes ShareASale capabilities. 
Hostinger
+1

CJ Affiliate (Commission Junction)	Affiliate network	One of the oldest and largest affiliate networks, with broad advertiser and publisher reach. 
Hostinger
+1

Rakuten Advertising	Affiliate network + marketing technology	Major global affiliate network backed by Rakuten’s commerce ecosystem. 
Hostinger

Partnerize	Enterprise partnership platform	Focused on large brands managing affiliate, partnership, and performance marketing programs. 
LinkJolt

PartnerStack	B2B/SaaS partner platform	A leading platform for SaaS referral, affiliate, and channel partner programs. 
G2

ShareASale (Awin Group)	Affiliate network	Historically one of the largest U.S. affiliate networks; now part of Awin. 
Wikipedia

FlexOffers	Affiliate network	Large catalog of advertiser programs, especially for publishers. 
Hostinger

Affise	Affiliate tracking & partner management software	Popular among affiliate networks, performance marketers, and agencies needing tracking, attribution, and fraud tools. 
Wikipedia

Everflow	Partner marketing platform	Strong in SaaS, ecommerce, and performance marketing teams needing tracking and attribution. 
WifiTalents

Refersion	Ecommerce affiliate software	Popular with Shopify/ecommerce brands running direct affiliate programs. 
G2

Tapfiliate	Affiliate tracking SaaS	Lightweight affiliate program management for ecommerce and SaaS companies. 
G2
Enterprise market leaders (brands running large programs)

impact.com

Partnerize

Awin

CJ Affiliate

Rakuten Advertising

Hostinger
+1

Ecommerce / DTC-focused leaders

Refersion

UpPromote

Social Snowball

Tapfiliate

Everflow

G2

Creator + affiliate commerce overlap

As affiliate marketing increasingly overlaps with influencer commerce, platforms such as impact.com, CreatorIQ, Grin, Aspire, and LTK compete for creator-driven sales workflows, though they are not traditional affiliate networks. 
G2

Sources used:
https://www.linkjolt.io/blog/best-affiliate-program-management-software

https://www.hostinger.com/tutorials/best-affiliate-networks

https://www.g2.com/categories/affiliate-marketing

https://www.linkjolt.io/blog/best-affiliate-marketing-platforms

https://en.wikipedia.org/wiki/CJ_Affiliate

https://en.wikipedia.org/wiki/Awin_(Unternehmen)

https://en.wikipedia.org/wiki/Shareasale

https://en.wikipedia.org/wiki/Affise"
Which platforms help publishers monetize commerce content?,"Platforms that help publishers monetize commerce content (reviews, buying guides, product roundups, editorial recommendations, newsletters, etc.) generally fall into a few categories:

Platform	What it helps publishers do	Best fit
Skimlinks (Connexity)	Automatically turns editorial product links into affiliate links; provides merchant access, reporting, and optimization tools	Large editorial publishers, magazines, content sites 
Skimlinks

Sovrn Commerce (formerly VigLink)	Link monetization, affiliate discovery, and commerce analytics	Blogs, niche publishers, independent creators
Lasso	Creates product displays, comparison tables, and affiliate link management inside publisher CMS workflows	WordPress publishers, review sites
Geniuslink	Smart affiliate link routing, geo/device optimization, and tracking	Global publishers, creators, YouTube/social commerce
Amazon Associates	Lets publishers earn commissions from Amazon product recommendations	Product review sites, shopping guides
Impact.com Creator / Publisher	Affiliate marketplace connecting publishers with brands and tracking commerce partnerships	Larger publishers and partner ecosystems
CJ Affiliate	Affiliate network connecting publishers with thousands of advertisers	Established commerce publishers
Awin	Affiliate network with merchant programs, tracking, and publisher tools	International publishers
Rakuten Advertising	Enterprise affiliate network and advertiser marketplace	Premium publishers and media companies
StackCommerce	Builds publisher storefronts, commerce articles, and affiliate commerce experiences	Media companies wanting turnkey commerce shops 
StackCommerce

WhizzCo	Commerce content monetization for editorial publishers; automates link monetization and brand matching	News and editorial publishers 
WhizzCo

Monetize.com	Converts publisher content into affiliate revenue opportunities and connects publishers with brands	Content networks and independent publishers 
monetize.com

Affiliate.com	Product data APIs, affiliate product feeds, and commerce infrastructure	Product discovery sites, apps, comparison engines 
Affiliate.com
Key segments

1. Commerce link monetization

Skimlinks

Sovrn Commerce

Geniuslink

Monetize.com
These help publishers monetize existing editorial links without manually joining every merchant program. 
Skimlinks
+1

2. Commerce content creation tools

Lasso

StackCommerce

Affiliate.com
These help create product widgets, storefronts, shopping pages, and product feeds. 
StackCommerce
+1

3. Affiliate networks

Impact

CJ Affiliate

Awin

Rakuten Advertising
These provide access to merchant programs and handle tracking, attribution, and payouts.

4. Publisher commerce storefronts

StackCommerce

Shopify Collabs (for creator/publisher commerce)

Amazon storefront tools
These are closer to building a branded shopping destination.

For large media publishers (Condé Nast, Hearst, Future, Dotdash Meredith, etc.), the most common stack is typically a combination of Skimlinks/Sovrn + affiliate networks (Impact/CJ/Awin) + custom commerce CMS tooling. 
Skimlinks
+1

Sources used:
https://www.affiliate.com/publishers

https://www.monetize.com/about

https://www.stackcommerce.com/

https://www.whizzco.com/whizzcom/

https://www.skimlinks.com/editorial-publishers/"
What are the top companies for retail media attribution?,"Top companies in retail media attribution are the platforms that help retailers and brands connect ad exposure to measurable outcomes such as online purchases, in-store sales, SKU-level lift, ROAS, and customer lifetime value. The market is split between retail media network (RMN) platforms, measurement/attribution specialists, and data identity providers. 
Business Insider
+1

Company	Category	Strengths
Amazon Ads / Amazon Marketing Cloud (AMC)	Retail media + measurement	Industry leader in closed-loop attribution using Amazon shopper signals; strong for brands selling on Amazon and omnichannel advertisers. 
The Wall Street Journal

Walmart Connect	Retail media network	Attribution tied to Walmart ecommerce and store purchase data; strong CPG and mass retail use cases. 
The Wall Street Journal

The Trade Desk (Retail Data Partnerships)	Programmatic + measurement	Helps brands activate retail audiences across the open web and measure outcomes using retail data partnerships.
LiveRamp	Identity + measurement infrastructure	Identity resolution, clean rooms, and data collaboration infrastructure used by retailers and advertisers for privacy-safe attribution. 
Axios

Epsilon Retail Media	Retail media platform + attribution	Provides shopper identity, onsite/offsite activation, and closed-loop measurement connecting media exposure to online and in-store sales. 
Epsilon
+1

Criteo Retail Media	Retail media technology	Offers sponsored product ads, offsite retail media, and measurement capabilities for retailers and brands.
Skai (formerly Kenshoo)	Retail media optimization + analytics	Cross-retailer campaign management, reporting, and performance optimization across Amazon, Walmart, Instacart, and others.
Pacvue	Retail media management + analytics	Enterprise retail media platform focused on campaign optimization, reporting, and marketplace advertising.
Flywheel Digital	Commerce intelligence + retail media	Helps brands manage marketplace performance, retail media investment, and measurement.
NielsenIQ / GfK	Retail measurement	Strong in consumer purchase measurement, incrementality, and retail analytics.
Circana (formerly IRI + NPD)	Retail analytics	CPG-focused measurement, sales lift analysis, and shopper insights.
Cardlytics	Purchase-based attribution	Uses bank transaction data to measure advertising impact and offline purchase behavior.
AppsFlyer / Adjust	Mobile commerce attribution	Useful for retailers with apps; measures app installs, engagement, and purchase journeys.
Leading specialists by use case

Closed-loop retail media attribution

Amazon Marketing Cloud

Walmart Connect measurement

Epsilon Retail Media

Criteo Retail Media

LiveRamp clean rooms

Retail media network analytics

Skai

Pacvue

Flywheel Digital

Quartile

Offline / in-store sales attribution

Circana

NielsenIQ

Cardlytics

Epsilon (with in-store sales attribution capabilities) 
Epsilon

Enterprise brands trying to unify many retailers

LiveRamp

The Trade Desk

Epsilon

Snowflake clean-room ecosystem

A typical enterprise stack often combines:

RMN platforms (Amazon, Walmart, Kroger, Instacart, Target, etc.) for media execution

Identity/data platforms (LiveRamp, Epsilon) for matching audiences

Measurement providers (Circana, NielsenIQ, MMM/MTA tools) for incrementality and ROI validation

Sources used:
https://www.epsilon.com/us/products-and-services/retail-media-network

https://www.epsilon.com/emea/about-us/pressroom/epsilon-launches-in-store-attribution-for-retail-media

https://www.businessinsider.com/sc/how-retail-media-networks-convert-consumers-into-customers

https://www.wsj.com/cmo-today/retail-media-networks-are-in-their-gangly-teenager-phase-theyre-trying-to-grow-up-15ddd9ea

https://www.axios.com/newsletters/axios-media-trends-36c18ce0-52d2-11f1-a62b-89c304603fb1"
Which companies help ecommerce brands route shoppers into apps?,"Companies that help ecommerce brands route shoppers into apps typically provide mobile deep linking, deferred deep linking, app attribution, and web-to-app conversion infrastructure. The main players include:

Company	Focus	How ecommerce brands use it
Branch	Deep linking + mobile attribution	Routes shoppers from ads, email, social, SMS, QR codes, and websites into specific app screens (product pages, carts, offers), including after app install via deferred deep links. 
Branch

AppsFlyer	Mobile attribution + deep linking	Helps retailers measure acquisition channels and send users into relevant in-app destinations from campaigns. 
AppsFlyer

Adjust	App measurement + deep links	Used for campaign tracking and creating seamless app journeys from marketing touchpoints. 
Adjust

Singular	Attribution + web-to-app journeys	Supports email-to-app, SMS/push deep links, and web-to-app acquisition flows. 
Singular

URLgenius	Retail-focused app deep links	Creates links that open apps from channels like ads, social, QR codes, and websites while measuring app opens and conversions. 
Urlgenius

Deeplinkly	Ecommerce deep linking	Focused on retail use cases such as product links, campaigns, and cart recovery flows. 
Deeplinkly

Firebase Dynamic Links (legacy Google product)	App linking infrastructure	Historically used by developers for deferred deep links and app install flows (many teams have migrated to alternatives after Google's changes).
Airbridge	Mobile attribution + deep links	Popular in mobile-first businesses for tracking acquisition and improving app conversion journeys.
Kochava	Mobile measurement + linking	Provides attribution and deep linking capabilities for brands with mobile apps.
MoEngage / CleverTap / Braze	Engagement platforms with deep linking	Retailers use these platforms to send personalized push, email, and SMS campaigns into app destinations.
Common ecommerce use cases

Product page routing: shopper clicks an Instagram ad → opens the exact product in the app. 
Branch

Web-to-app conversion: mobile website visitors are encouraged to continue shopping in the app. 
Singular

Deferred deep linking: shopper installs the app after clicking a link and lands on the intended product/cart instead of the homepage. 
Branch

Affiliate/creator links: creators send traffic directly into an app checkout flow.

CRM re-engagement: email, SMS, and push campaigns reopen specific app experiences. 
Singular

For an ecommerce brand specifically, the strongest shortlist is usually:

Branch — best-known enterprise deep linking platform

AppsFlyer — strongest when app attribution is central

Adjust — strong mobile measurement ecosystem

URLgenius — retail/commerce-focused linking workflows

Singular — good for performance marketing teams

Sources used:
https://www.branch.io/deep-linking/

https://www.appsflyer.com/solutions/ecommerce/

https://www.singular.net/deep-linking/

https://www.adjust.com/resources/guides/deep-linking/

https://app.urlgeni.us/

https://www.deeplinkly.com/deep-linking-ecommerce/"
What are the best platforms for managing affiliate links?,"The leading affiliate link management platforms typically fall into two categories: enterprise affiliate/partner management suites and lighter-weight link tracking tools. The best choice depends on whether you need partner recruitment, attribution, payouts, creator management, or simply link generation and tracking. 
ZipDo
+1

Platform	Best for	Key strengths
Impact.com	Enterprise affiliate programs	Large partner ecosystem, affiliate tracking, attribution, partner lifecycle management, payouts, compliance tooling. 
WifiTalents
+1

Everflow	Performance marketing teams	Advanced tracking, attribution, partner reporting, fraud controls, multi-channel partner measurement. 
Everflow
+1

PartnerStack	B2B SaaS affiliate programs	Partner recruitment, affiliate/referral management, partner marketplace, recurring revenue workflows. 
Gitnux
+1

Awin	Retail and publisher affiliate networks	Large advertiser/publisher network and global affiliate reach. 
WifiTalents

Rakuten Advertising	Enterprise retail affiliate programs	Established publisher network and commerce-focused affiliate infrastructure. 
ZipDo

TUNE	Companies wanting customizable infrastructure	Flexible affiliate tracking platform for teams that want more control. 
The Digital Merchant

Tapfiliate	SMB ecommerce and SaaS	Easier setup, affiliate tracking, integrations with common ecommerce platforms. 
Reddit

Refersion	Shopify/ecommerce brands	Simple affiliate program management and ecommerce integrations. 
Reddit

Rewardful	SaaS startups	Lightweight affiliate tracking with Stripe/Paddle integrations and recurring commissions. 
Reddit

FirstPromoter	SaaS referral programs	Recurring commissions, referral tracking, startup-friendly workflows. 
Reddit
Shortlist by use case

Large ecommerce brand: Impact.com, Everflow, Awin, Rakuten Advertising

Creator + affiliate programs: Impact.com, Everflow, Upfluence, Refersion

B2B SaaS affiliate programs: PartnerStack, Rewardful, FirstPromoter

Need maximum tracking flexibility: Everflow, TUNE

Small Shopify store: Refersion, Tapfiliate

For most scaling ecommerce companies, the competitive set usually centers around Impact.com vs Everflow vs Awin/Rakuten, while SaaS companies more often evaluate PartnerStack vs Rewardful vs FirstPromoter. 
The Digital Merchant
+1

Sources used:
https://wifitalents.com/best/affiliate-link-management-software/

https://www.everflow.io/explore/partner-management

https://thedigitalmerchant.com/best-affiliate-management-software-for-saas/

https://gitnux.org/best/affiliate-link-software/

https://www.softwareadvice.com/affiliate/

https://www.reddit.com/r/AffiliateMarket/comments/1qiynf8/best_affiliate_tracking_software_detailed/

https://www.reddit.com/r/AffiliateMarket/comments/1tjkc5d/6_tools_to_manage_affiliate_campaigns_in_2026_if/"
Who are the leading companies in social commerce attribution?,"Leading companies in social commerce attribution generally fall into a few categories: creator/influencer commerce tracking, affiliate + partnership attribution, ecommerce marketing attribution, and social platform-native measurement. Key players include:

Company	Focus	Why it matters
impact.com	Creator, affiliate, and partnership attribution	One of the largest partnership management platforms; tracks creator-driven conversions, commissions, and ROI across affiliate and influencer channels. 
impact.com

CreatorIQ	Enterprise creator marketing measurement	Enterprise platform for managing creator campaigns and measuring creator impact beyond engagement metrics. 
CreatorIQ

GRIN	DTC creator commerce	Helps ecommerce brands manage creators, affiliate links, commissions, and sales tracking. 
Grin

ShopMy	Creator storefronts + commerce tracking	Strong in beauty, fashion, and luxury creator commerce; enables tracked creator links and purchase attribution. 
The Wall Street Journal

Traackr	Influencer analytics and measurement	Enterprise influencer intelligence, campaign measurement, and brand impact analytics. 
G2

Captiv8 / Influential	Influencer performance measurement	Large-scale influencer campaign management with attribution and analytics capabilities. 
G2

Triple Whale	Ecommerce attribution analytics	Shopify-focused attribution and marketing analytics platform often used to understand paid + social channel contribution. 
Shuttergen

Northbeam	Multi-touch ecommerce attribution	Uses attribution modeling to help brands understand customer journeys across channels, including social ads. 
Shuttergen

Rockerbox	Enterprise marketing attribution	Omnichannel attribution platform used by larger ecommerce brands to measure channel impact. 
Shuttergen

TikTok Shop Analytics / Meta Commerce Insights	Native social commerce attribution	Platform-level measurement for purchases driven directly inside social networks.
Market segmentation

Best for creator-driven commerce

impact.com

CreatorIQ

GRIN

ShopMy

Traackr

Best for ecommerce brands wanting full-funnel attribution

Triple Whale

Northbeam

Rockerbox

Best for enterprise influencer programs

CreatorIQ

impact.com

Captiv8

A useful distinction: creator platforms usually attribute who influenced the sale, while ecommerce attribution platforms usually answer which channel/campaign contributed to revenue. Many larger brands use both together. 
impact.com
+1

Sources used:
https://impact.com/

https://www.creatoriq.com/

https://grin.ai/creators

https://www.g2.com/compare/creatoriq-vs-impact-com

https://www.shuttergen.com/research/attribution-platforms-compared

https://www.wsj.com/articles/influencer-startup-shopmy-raises-77-5-million-to-expand-into-new-ad-categories-5ef297c4"
Which tools help creators make money from product links?,"Tools that help creators make money from product links generally fall into a few categories: affiliate storefronts, creator commerce platforms, retailer creator programs, and link monetization tools.

Tool	Best for	How creators monetize
LTK (LikeToKnow.it)	Fashion, beauty, lifestyle creators	Creators build shoppable storefronts, create product collections, and earn commissions from sales driven by their content. 
LTK

ShopMy	Premium lifestyle, beauty, fashion creators	Creators create digital shops, share product links, and earn affiliate commissions plus access brand partnership opportunities. 
ShopMy

Amazon Influencer Program / Amazon Associates	General product recommendations	Creators earn commissions through tracked Amazon product links and storefronts. ShopMy also supports adding Amazon affiliate links for creators who participate in Amazon Associates. 
ShopMy | Creator Guide

Walmart Creator	Retail-focused creators	Creators create affiliate links, storefronts, and track earnings from product recommendations. 
Walmart Creator

TikTok Shop Affiliate	Short-form video creators	Creators tag products in videos and earn commissions when viewers purchase. 
Allure

YouTube Shopping	Video creators	Creators can attach products to videos and earn through affiliate commerce features.
Linktree Commerce / Link-in-bio tools	Smaller creators	Turn a bio link into a monetized product hub with affiliate links and storefronts.
Benable	Product curators and recommendation creators	Lets creators build recommendation lists and monetize product suggestions through affiliate links. 
Reddit

Linklii	Affiliate-first creators	Generates trackable product links, provides analytics, and pays commissions on referred sales. 
Linklii

Shopify Collabs	Creators working directly with brands	Connects creators with Shopify merchants for affiliate links, gifts, and commissions.
Major players by creator use case

Influencers building a “shop my favorites” page

LTK

ShopMy

Amazon Storefronts

Benable

Creators monetizing TikTok / Instagram content

TikTok Shop Affiliate

LTK

ShopMy

Meta affiliate commerce features 
The Verge

Tech, gadgets, and product reviewers

Amazon Influencer

Best Buy Creator

Walmart Creator 
Best Buy Creator
+1

Creators wanting brand relationships (not just affiliate links)

ShopMy

LTK

CreatorIQ / GRIN (more brand-side platforms that manage creator partnerships)

The largest creator-commerce infrastructure companies today are generally considered LTK, ShopMy, Amazon Influencer, TikTok Shop, Shopify Collabs, and Walmart Creator. 
LTK
+2
ShopMy
+2

Sources used:
https://company.shopltk.com/en/creator

https://guide.shopmy.us/building-your-shop/43V9gf7Co5VBrmboNBWQ1S/can-i-add-amazon-products-to-my-shop/43V9gf7Co83hoiLajKXQKX

https://creator.walmart.com/

https://shopmy.us/home/creators

https://linklii.com/

https://www.theverge.com/news/899717/meta-instagram-facebook-affiliate-shopping-links-reels"
What are the best Amazon affiliate link tools for creators?,"The best Amazon affiliate link tools for creators depend on whether you need simple link sharing, international optimization, storefronts, or content monetization workflows. The leading options are:

Tool	Best for	Key strengths
Geniuslink	Serious Amazon affiliates, YouTubers, global audiences	Smart Amazon localization, mobile deep linking, click analytics, automatic affiliate ID routing 
Geniuslink
+1

Amazon OneLink	Creators who only need Amazon’s native solution	Free Amazon-provided international linking across supported marketplaces 
Affilytics

Amazon Associates SiteStripe	Beginners	Fast creation of standard affiliate links directly from Amazon product pages
Kit (formerly ConvertKit Commerce tools)	Newsletter creators	Product recommendation pages and creator monetization workflows
Linktree	Social-first creators	Link-in-bio pages that can organize Amazon links alongside other monetization links 
Teed.club

LTK	Lifestyle/fashion creators	Product discovery storefronts and affiliate commerce workflows (broader than Amazon-only) 
Teed.club

AAWP	Amazon affiliate bloggers	WordPress product boxes, comparison tables, and automated displays 
Coral

Lasso	Affiliate publishers	Link management, product displays, and monetization optimization for content sites 
Coral
Best picks by creator type

YouTube creators

Geniuslink — best overall for product links in video descriptions because it can route international viewers and improve mobile shopping flows. 
Geniuslink

Amazon OneLink — good free baseline if your audience is mostly Amazon shoppers. 
Affilytics

TikTok / Instagram creators

Linktree or similar link-in-bio tools — useful for combining Amazon links with other revenue sources. 
Teed.club

Geniuslink — useful when individual product links are shared frequently.

Bloggers / SEO publishers

AAWP — strong for Amazon product tables and comparison content. 
Coral

Lasso — better if you manage many affiliate programs, not just Amazon. 
Coral

Creators with international audiences

Geniuslink is usually the strongest choice because it specializes in sending shoppers to the correct Amazon storefront and handling localization. 
Geniuslink
+1

Shortlist

Geniuslink — best overall Amazon affiliate link optimizer

Amazon OneLink — best free Amazon-native option

AAWP — best for affiliate websites

Lasso — best for scaling affiliate content operations

Linktree — best for social creators managing multiple monetization links

Sources used:
https://geniuslink.com/

https://geniuslink.com/solutions/for-creators

https://www.linksync.me/blog/geniuslink-vs-amazon-onelink-vs-linksync

https://www.teed.club/blog/best-affiliate-link-tools-for-creators

https://coral.ax/blog/amazon-affiliate-platform

https://blog.affilytics.io/blog/geniuslink-alternative/"
Which companies help publishers increase affiliate revenue?,"Companies that help publishers increase affiliate revenue generally fall into a few categories: affiliate commerce platforms, link optimization tools, affiliate networks, and commerce content platforms. Leading players include:

Company	What it helps publishers do
Skimlinks	Automatically converts product links into affiliate links, connects publishers with thousands of merchants, and provides commerce analytics and optimization tools. Strong focus on editorial publishers and commerce content. 
Skimlinks Support
+1

Sovrn Commerce (formerly VigLink)	Helps publishers monetize outbound links, manage affiliate relationships, optimize links, build product galleries, compare prices, and analyze revenue performance. 
Sovrn, Inc.

Impact.com	Provides affiliate partnership management infrastructure for publishers and brands, including tracking, payments, partner discovery, and optimization. 
Sovrn, Inc.

CJ Affiliate	A large affiliate network connecting publishers with advertiser programs, with tracking, reporting, and deep-linking capabilities. 
Sovrn, Inc.

Awin	Global affiliate network that gives publishers access to thousands of advertiser programs and reporting tools. 
TechRadar

ShareASale	Affiliate marketplace connecting publishers with merchants, commonly used by niche sites and content creators. 
TechRadar

Amazon Associates	Lets publishers monetize product recommendations by earning commissions from Amazon purchases driven by their links. 
TechRadar

StackCommerce	Helps publishers create commerce content, sponsored product experiences, and direct brand partnerships beyond traditional affiliate links. 
Axios

Lasso	WordPress-focused affiliate management platform that helps publishers create product displays, manage links, and optimize affiliate content.
Geniuslink	Helps publishers optimize product links with localization, device routing, and conversion tracking, especially for global commerce traffic.
Most relevant for large publishers / media companies

Skimlinks — editorial commerce monetization at scale. 
Skimlinks

Sovrn Commerce — affiliate link optimization and automation. 
Sovrn, Inc.

StackCommerce — commerce content and product monetization. 
Axios

Most relevant for creators and smaller publishers

Amazon Associates

Impact.com

Awin

CJ Affiliate

Geniuslink

Emerging category: AI-powered commerce optimization

Newer tools are focusing less on just inserting affiliate links and more on automatically generating product recommendations, shopping modules, and conversion optimization from existing content. Sovrn, for example, has expanded into automated product recommendation experiences for publishers. 
Sovrn, Inc.

Sources used:
https://support.skimlinks.com/hc/en-us/articles/115015691728-What-is-Skimlinks

https://www.skimlinks.com/editorial-publishers/

https://www.sovrn.com/commerce/

https://www.sovrn.com/blog/product-recommendations/

https://www.techradar.com/best/best-affiliate-marketing-programs

https://www.axios.com/2021/02/02/imc-acquires-stackcommerce"
What platforms should a retailer use to improve mobile shopping conversion?,"Retailers typically improve mobile shopping conversion by combining mobile storefront optimization, app experiences, personalization, checkout acceleration, experimentation, and attribution tools. The strongest platforms by category include:

Category	Platforms	How they improve mobile conversion
Mobile commerce platforms	, , ,	Mobile-first storefronts, optimized checkout flows, commerce APIs, omnichannel capabilities. BigCommerce, for example, emphasizes responsive storefronts and mobile-optimized checkout experiences. 
BigCommerce

Mobile app builders / app commerce	, , ,	Turn ecommerce sites into native apps with push notifications, faster browsing, personalized experiences, and app-only promotions. 
Appbrew

Deep linking & app routing	, , ,	Send shoppers directly from ads, email, SMS, influencers, and QR codes to the right product or cart screen inside an app. Deferred deep linking preserves context after install. 
Deeplinkly

Conversion rate optimization (CRO)	, , ,	A/B testing, personalization, behavioral targeting, and UX experimentation.
Personalization & recommendations	, , ,	Improve product discovery with individualized search, recommendations, and merchandising.
Checkout optimization	, , ,	Reduce checkout friction through saved payment methods, wallets, and faster payment flows.
Mobile analytics & user behavior	, , ,	Identify where mobile shoppers drop off and optimize funnels.
Customer engagement / retention	, ,	Push abandoned-cart recovery, personalized messaging, and lifecycle campaigns.
Common retail stacks

Enterprise retailer

Salesforce Commerce Cloud or Adobe Commerce

Dynamic Yield or Bloomreach personalization

Optimizely experimentation

Branch/AppsFlyer mobile attribution

Braze customer engagement

Shopify-focused brand

Shopify + Tapcart/Appbrew

Klaviyo

Nosto or Algolia

Shop Pay

VWO for testing

Mobile-app-first retailer

Native app + Branch/AppsFlyer

Braze push campaigns

Amplitude analytics

Personalization engine

Wallet-based checkout

The biggest conversion gains usually come from:

Reducing mobile page and checkout friction

Routing users directly to relevant products (deep links)

Personalizing discovery and offers

Creating a strong app retention loop with push and loyalty features

Sources used:
https://www.bigcommerce.com/product/sell-on-mobile/

https://www.appbrew.com/

https://www.deeplinkly.com/

https://www.convertflow.com/ecommerce"
Who are the main competitors in mobile attribution and deep linking?,"The main competitors in mobile attribution and deep linking are the major mobile measurement partners (MMPs) and customer journey/deep-linking platforms. The core competitive set is typically: 
Adjust

Company	Core strengths	Typical positioning
AppsFlyer	Mobile attribution, marketing analytics, fraud protection, deep linking, media measurement	One of the largest enterprise MMPs; strong ecosystem and integrations 
G2

Adjust	App attribution, fraud prevention, analytics, campaign measurement	Enterprise-focused MMP with strong global adoption 
G2
+1

Branch	Deep linking, deferred deep links, app growth, web-to-app journeys	Deep-linking specialist used heavily for acquisition, referrals, and commerce flows 
G2

Kochava	Attribution, identity resolution, omnichannel measurement, fraud prevention, smart links	Enterprise attribution competitor with broader cross-channel measurement capabilities 
Kochava

Singular	Attribution, marketing analytics, ROI measurement, creative analytics	Strong alternative for performance marketers and UA teams 
G2

Adjacent competitors / alternatives include:

Firebase Analytics + Google tools — common lower-cost option for app analytics and attribution, especially for Google-centric teams. 
NearBound

Amplitude — more product analytics focused, but overlaps where teams combine behavioral analytics with attribution. 
Distill

Mixpanel — product analytics competitor rather than a full MMP. 
NearBound

Airbridge — mobile attribution and marketing measurement alternative. 
G2

Competitive landscape by use case

Mobile ad attribution / MMP

AppsFlyer

Adjust

Singular

Kochava

Deep linking & app routing

Branch

AppsFlyer OneLink

Adjust Links

Kochava SmartLinks 
Kochava

Ecommerce / retail mobile journeys

Branch

AppsFlyer

Adjust

Firebase

Amplitude (often paired with an MMP)

Creator, influencer, and referral attribution

Branch

AppsFlyer

Adjust

Kochava

Singular

For a competitive map, the closest head-to-head group is generally AppsFlyer vs Adjust vs Branch vs Kochava vs Singular. 
Adjust

Sources used:
https://www.g2.com/products/adjust/competitors/alternatives

https://www.g2.com/products/appsflyer/competitors/alternatives

https://www.adjust.com/resources/guides/mmp-buyers-guide/

https://www.kochava.com/attribution-deeplinking/

https://www.kochava.com/singular-alternative/"
Which companies help brands optimize post-click shopping journeys?,"Companies that help brands optimize post-click shopping journeys typically focus on improving what happens after a consumer taps an ad, affiliate link, social post, email, or QR code—routing shoppers to the right destination, personalizing landing experiences, improving app conversion, and reducing checkout friction. Key players include:

Company	Category	How they optimize post-click journeys
Button	Mobile commerce optimization / deep linking / affiliate commerce	Routes mobile shoppers from clicks into optimized destinations (apps, product pages, commerce experiences), with attribution and conversion optimization capabilities. 
Airframe

Branch	Deep linking & mobile attribution	Creates links that route users into relevant app screens or web experiences while measuring campaign performance.
AppsFlyer	Mobile attribution & engagement	Helps brands understand acquisition journeys and optimize app conversion after clicks through attribution data and deep linking integrations.
Kochava	Mobile attribution / identity	Provides measurement and optimization tools for mobile customer journeys.
Adjust	Mobile measurement	Tracks campaign-to-conversion paths and helps optimize app acquisition funnels.
Leanplum / CleverTap	Customer engagement & personalization	Personalizes post-click and post-install experiences with messaging, segmentation, and lifecycle campaigns.
Dynamic Yield (Mastercard)	Experience personalization	Personalizes landing pages, product recommendations, and shopping experiences based on user behavior.
Nosto	Ecommerce personalization	Optimizes product discovery, recommendations, and merchandising after visitors arrive.
Rebuy	Ecommerce conversion optimization	Personalizes storefront experiences, upsells, and product recommendations.
North Commerce	Post-click commerce funnels	Builds context-matched shopping experiences for ads, influencer links, and other traffic sources to improve conversion. 
North Commerce

FastForward.ai	Post-click engagement	Focuses on guiding customers after the click through personalized channels and conversion flows. 
FastForward

Google Web to App Connect	Web-to-app conversion	Uses deep links to send shoppers from ads into relevant app product pages instead of generic mobile web destinations. 
Google
Competitive landscape by use case

1. Mobile app routing & deep linking

Button

Branch

AppsFlyer

Adjust

Kochava

Firebase Dynamic Links alternatives

2. Ecommerce landing page optimization

North Commerce

Dynamic Yield

Nosto

Rebuy

Optimizely

3. Affiliate / creator / commerce traffic optimization

Button

Impact.com

Partnerize

Awin

PostTap (Button product focused on Amazon affiliate deep linking) 
PostTap

4. Personalization after the click

Dynamic Yield

Nosto

Bloomreach

Adobe Target

Salesforce Personalization

For a retailer focused specifically on turning external clicks (ads, creators, affiliates, social) into completed purchases, the closest competitive set is usually Button, Branch, AppsFlyer, Impact.com, Dynamic Yield, Nosto, and North Commerce. 
Airframe
+1

Sources used:
https://www.airframe.ai/product/usebutton-com/analysis

https://northcommerce.com/funnels/

https://www.posttap.com/

https://www.fastforward.ai/post-click-optimization

https://business.google.com/us/accelerate/resources/articles/supercharge-business-growth/"
What are the best alternatives to traditional affiliate networks?,"The best alternatives to traditional affiliate networks are platforms that move from a marketplace + commission tracking model toward direct creator relationships, customer advocacy, partnerships, and owned commerce channels. The strongest options depend on whether you are a brand, publisher, creator, or SaaS company. 
impact.com
+1

Category	Platforms	Why they are alternatives
Creator commerce platforms	ShopMy, LTK, CreatorIQ, GRIN, Aspire	Brands recruit and manage creators directly instead of relying on open affiliate marketplaces. They combine gifting, campaigns, tracking, and commerce attribution. 
The Wall Street Journal
+1

Partner management platforms	Impact.com, PartnerStack, Everflow, Partnerize	Replace large affiliate networks with direct partner ecosystems covering affiliates, referrals, creators, and strategic partners. 
impact.com
+1

Customer referral / ambassador platforms	Social Snowball, Friendbuy, ReferralCandy, Yotpo	Turn existing customers into advocates instead of buying traffic from affiliate publishers. 
Shopify App Store

Creator storefront / social commerce tools	CreatorCommerce, Shopify Collabs, ShopMy	Let creators curate products and drive sales through personalized storefronts or collections. 
CreatorCommerce
+1

SaaS partner platforms	PartnerStack, Rewardful, FirstPromoter, Tolt	Better suited for recurring commissions, integrations, resellers, and software partnerships. 
PartnerStack
+1

Owned affiliate infrastructure	Everflow, Trackdesk, Tapfiliate, Refersion	Brands run their own affiliate programs without depending on a network’s marketplace or fees. 
G2
Leading alternatives by use case

1. Brands wanting creator-driven sales

ShopMy — strong for beauty, fashion, lifestyle, and premium brands; combines creator discovery, gifting, and commerce links. 
The Wall Street Journal

GRIN / Aspire / CreatorIQ — better for managing large creator programs.

Social Snowball — strong for turning customers into affiliates and automating referral-style programs. 
Shopify App Store

2. Brands wanting an affiliate network replacement

Impact.com — broadest enterprise alternative; supports affiliates, creators, referrals, and partnerships in one system. 
impact.com

Partnerize — enterprise partnership management.

Everflow — performance marketing infrastructure for brands that want control.

3. SaaS companies

PartnerStack — purpose-built for partner ecosystems, including affiliates, referrals, and resellers. 
PartnerStack

Rewardful / FirstPromoter / Tolt — simpler options for Stripe-based SaaS affiliate programs. 
Reddit

4. Publishers and creators monetizing commerce content

LTK — creator shopping ecosystem.

ShopMy — creator-brand commerce relationships. 
The Wall Street Journal

Skimlinks / Sovrn Commerce — automated commerce monetization for publishers.

Why companies are moving away from traditional affiliate networks

Traditional networks (CJ, Awin, ShareASale, Rakuten Advertising, etc.) are often criticized for:

Limited direct creator relationships

Marketplace dependency

Less control over customer data

Coupon-site leakage and attribution issues

Difficulty building community-driven programs

Newer models emphasize:

First-party creator relationships

Customer advocacy

Performance-based influencer marketing

Owned partner ecosystems

Better attribution and lifecycle value tracking 
impact.com
+1

For most ecommerce brands today, the strongest “next-generation affiliate stack” is usually:
Impact.com or Everflow (tracking) + ShopMy/Aspire/CreatorIQ (creators) + Social Snowball (customer advocates). 
impact.com
+1

Sources used:
https://impact.com/

https://www.g2.com/products/social-snowball/competitors/alternatives

https://apps.shopify.com/social-snowball

https://support.partnerstack.com/hc/en-us/articles/360009123313-What-is-PartnerStack

https://creatorcommerce.shop/brand-blog/introducing-the-social-snowball-creatorcommerce-integration

https://www.wsj.com/articles/influencer-startup-shopmy-raises-77-5-million-to-expand-into-new-ad-categories-5ef297c4"
Which platforms help brands run creator marketing partnerships?,"Platforms that help brands run creator marketing partnerships typically cover creator discovery, outreach, campaign management, content approvals, payments, affiliate tracking, and ROI measurement. Leading options include:

Platform	Best for	Key capabilities
CreatorIQ	Enterprise creator programs	Global creator discovery, CRM, campaign workflows, compliance, reporting, integrations
Aspire	DTC brands and long-term creator relationships	Creator marketplace, outreach, campaign management, UGC workflows, affiliate tools 
Aspire
+1

Upfluence	Ecommerce brands scaling influencer sales	Creator discovery, Shopify/ecommerce integrations, outreach automation, affiliate attribution, payments 
Upfluence

GRIN	Shopify/DTC brands	Creator relationship management, gifting, product seeding, ambassador programs, UGC management 
Grin

Mavrck (Later Influence)	Enterprise influencer programs	Influencer discovery, campaign management, advocacy programs
Tagger by Sprout Social	Data-driven influencer campaigns	Social listening, creator analytics, audience insights, campaign reporting
Traackr	Large global brands	Influencer relationship management, brand safety, measurement, benchmarking
Creator.co	SMB and mid-market brands	Creator marketplace, campaign briefs, product gifting, content collection
Modash	Creator discovery and vetting	Searchable creator database, audience analytics, outreach workflows
Shopify Collabs	Shopify merchants	Native creator affiliate partnerships, gifting, commissions, creator recruitment

Common categories:

Enterprise suites: CreatorIQ, Traackr, Tagger

Ecommerce-focused: Upfluence, GRIN, Aspire, Shopify Collabs

Creator marketplaces: Aspire, Creator.co, Upfluence Marketplace

Discovery + analytics: Modash, HypeAuditor, Tagger

For brands focused on driving measurable commerce sales, platforms with affiliate links, discount codes, ecommerce integrations, and attribution (such as Upfluence, GRIN, Aspire, and Shopify Collabs) are usually the strongest fit. 
Upfluence
+1

Sources used:
https://help.aspireiq.com/en/articles/5400173-collaborating-with-brands-on-aspire

https://help.aspireiq.com/en/articles/6023393-overview-of-aspire-s-creator-marketplace

https://www.upfluence.com/

https://www.upfluence.com/upfluence-marketplace-creators

https://grin.ai/creators"
Who are the top players in publisher commerce monetization?,"Top players in publisher commerce monetization are platforms that help publishers turn shopping intent (reviews, recommendations, buying guides, editorial content, newsletters, and product links) into revenue through affiliate commissions, commerce data, and shopping experiences.

Company	Core offering	Best fit
Skimlinks (Taboola)	Automated affiliate link monetization, merchant access, commerce analytics	Large editorial publishers, magazines, media companies 
Skimlinks Support
+1

Sovrn Commerce (formerly VigLink)	Affiliate link optimization, product recommendations, comparison tools, reporting	Publishers wanting automated affiliate operations and yield optimization 
Sovrn, Inc.
+1

Amazon Associates / Amazon Publisher Services commerce programs	Monetizing Amazon product referrals	Publishers with high Amazon product affinity 
Business Insider

CJ Affiliate	Large advertiser marketplace, affiliate tracking, publisher partnerships	Established publishers seeking direct brand relationships
Awin	Global affiliate network with strong retail coverage	International publishers and commerce sites
Impact.com	Partnership management platform spanning affiliates, creators, and commerce partners	Enterprise publishers and media brands
Rakuten Advertising	Affiliate network connecting publishers with major retailers	Premium commerce publishers
Partnerize	Enterprise partnership automation and tracking	Large publishers with sophisticated partner programs
FlexOffers	Affiliate network with many merchant programs	Smaller publishers and niche sites
LTK (LikeToKnow.it)	Creator/publisher commerce platform with shoppable content	Lifestyle, fashion, influencer-driven publishers
ShopMy	Creator-led product recommendations and brand partnerships	Beauty, fashion, lifestyle commerce creators/publishers 
Financial Times

CommerceIQ / Profitero-type commerce intelligence tools	Commerce analytics rather than affiliate monetization	Publishers and brands needing shopping data insights
Market leaders by publisher use case

Editorial commerce publishers (reviews, buying guides, magazines)

Skimlinks

Sovrn Commerce

CJ Affiliate

Awin

Impact.com

SEO/content affiliate sites

Amazon Associates

Skimlinks

Sovrn Commerce

Awin

ShareASale (now part of Awin)

Creator + social commerce publishers

LTK

ShopMy

Impact.com Creator

CreatorIQ-style creator platforms with commerce integrations

Enterprise media companies

Skimlinks

Impact.com

Partnerize

Rakuten Advertising

CJ Affiliate

A useful competitive split is:

Commerce link infrastructure: Skimlinks, Sovrn Commerce

Affiliate networks: CJ, Awin, Rakuten, ShareASale

Partnership management: Impact, Partnerize

Creator commerce: LTK, ShopMy

Retailer-specific monetization: Amazon Associates

Sources used:
https://support.skimlinks.com/hc/en-us/articles/115015691728-What-is-Skimlinks

https://www.skimlinks.com/company/

https://www.sovrn.com/

https://www.sovrn.com/commerce/

https://www.businessinsider.com/amazon-tests-pilot-pays-publishers-shoppers-native-commerce-advertising-2025-2

https://www.ft.com/content/11f3e2f3-0e92-4464-bbc5-31c0ecd97a00"
What companies help track revenue from influencer links?,"Companies that help brands track revenue from influencer links generally fall into creator affiliate platforms, influencer marketing suites, and attribution tools. They typically provide unique tracking links, promo-code attribution, conversion tracking, commissions, and ROI reporting. 
Sprout Social
+1

Company	What it does
impact.com Creator	Tracks influencer-driven clicks, conversions, sales, commissions, and ROI; combines creator partnerships with affiliate tracking. 
impact.com

Upfluence	Influencer CRM + affiliate tracking platform; measures creator clicks, sales, revenue, commissions, and ROI. 
Upfluence

TUNE	Affiliate/partner tracking infrastructure used to connect creator campaigns to conversions, sales, and payouts. 
Sprout Social

ShopMy	Creator commerce platform focused on shoppable links, influencer storefronts, and measuring creator-driven sales. 
Business Insider

LTK (LikeToKnow.it)	Creator commerce marketplace with shopping links and performance analytics for influencer-generated sales.
CreatorIQ	Enterprise influencer marketing platform; supports campaign measurement, creator analytics, and integrations for tracking performance.
GRIN	Ecommerce-focused creator management platform with affiliate links, discount codes, and revenue attribution workflows.
Refersion	Affiliate tracking platform often used by ecommerce brands to manage influencer affiliates, links, commissions, and sales attribution.
Shopify Collabs	Helps Shopify merchants recruit creators and track affiliate links, referrals, and commissions.
Afluencer	Creator marketplace with affiliate campaign tracking and influencer performance measurement.
Steer	Creator sales attribution platform that connects influencer posts, links, promo codes, and orders back to creators. 
Steer

Attriq	Lightweight influencer attribution tool focused on tracking creator links, conversions, revenue, and ROAS. 
Attriq

Vizlo	Creator/affiliate tracking platform showing clicks, sales, revenue, and conversion rates by promoter. 
Vizlo

Common tracking methods these platforms use:

Unique affiliate links → creator-specific URLs tied to purchases. 
Sprout Social

Promo codes → attribution when shoppers buy later without clicking the link. 
Steer

UTM parameters + analytics integrations → campaign and channel reporting.

Shopify/Amazon integrations → order-level revenue attribution. 
Shoplinky
+1

For a brand focused specifically on influencer-driven ecommerce revenue, the most common shortlist would be:

impact.com Creator

CreatorIQ

Upfluence

GRIN

ShopMy

LTK

Refersion

Sources used:
https://vizlo.io/

https://www.affiliatelink.io/

https://sproutsocial.com/influencer-marketing/integrations/tune/

https://shoplinky.com/

https://www.upfluence.com/

https://www.usesteer.io/brands

https://impact.com/

https://attriq.io/"
Which tools are best for ecommerce affiliate attribution?,"The best ecommerce affiliate attribution tools depend on whether you need enterprise partner management, creator/influencer attribution, DTC Shopify tracking, or performance marketing analytics. The leading options are:

Tool	Best for	Key strengths
impact.com	Enterprise ecommerce affiliate + creator programs	Multi-partner attribution, affiliate + influencer + referral management, global scale, partner discovery, payments, reporting 
impact.com

Everflow	Performance-focused brands	Granular tracking, partner-level analytics, attribution across affiliates/influencers/paid channels, flexible integrations 
Everflow
+1

Partnerize	Large retailers and global brands	Enterprise affiliate management, publisher relationships, advanced partnership workflows 
Everflow

Refersion	Shopify/DTC brands	Easier setup, affiliate program management, ecommerce-native workflows 
CreatorCommerce

Tapfiliate	SMB/mid-market ecommerce	Simple affiliate tracking, flexible commissions, integrations with ecommerce platforms 
Reddit

TUNE	Networks and advanced tracking setups	Mature affiliate tracking infrastructure and customizable attribution workflows 
G2

Upfluence	Creator-led commerce	Creator discovery + affiliate sales tracking + ecommerce integrations 
Reddit
Shortlist by use case

Best overall enterprise choice

impact.com — strongest when affiliate, creators, referrals, and strategic partnerships all need to live in one system. 
impact.com

Best attribution depth

Everflow — strong for brands that care about placement-level performance, conversion tracking, recurring revenue attribution, and channel comparisons. 
Everflow
+1

Best for Shopify/DTC

Refersion or Tapfiliate — lighter-weight options that are easier to launch than enterprise platforms. 
CreatorCommerce
+1

Best for creator commerce

impact.com or Upfluence — useful when creators drive sales through tracked links, discount codes, and affiliate commissions. 
impact.com
+1

Evaluation criteria that matter most

Multi-touch attribution: Can it identify assists vs. last-click sales?

Post-purchase tracking: Does it handle repeat purchases, subscriptions, refunds, and LTV?

Creator attribution: Can it connect content → click → purchase?

Fraud controls: Can it detect coupon abuse, fake traffic, and self-referrals?

Data access: APIs, warehouse exports, BI integrations.

Partner-level reporting: Can you see which placement, creator, or publisher actually drives revenue?

For most ecommerce brands:

<$10M GMV / early affiliate program: Refersion, Tapfiliate

Scaling DTC brand: Everflow

Enterprise retailer / multi-channel partnership strategy: impact.com or Partnerize

Sources used:
https://www.everflow.io/

https://www.everflow.io/explore/affiliate-platforms

https://impact.com/

https://www.g2.com/compare/everflow-vs-partnerize

https://creatorcommerce.shop/brand-blog/impact-com-vs-refersion-vs-partnerize"
"What platforms help brands connect affiliate, creator, and retail media programs?","Platforms that connect affiliate, creator, and retail media programs are generally moving toward broader partnership commerce platforms: systems that let brands recruit partners, manage commissions, track sales, attribute influence, and sometimes activate paid media from creator or publisher content.

Platform	Best fit	How it connects the ecosystem
impact.com	Enterprise brands wanting one partnership stack	Combines affiliate, creator/influencer, referral, and partner management in one platform with tracking, contracts, payments, and reporting. 
impact.com

CreatorIQ	Large brands with mature creator programs	Connects creator discovery, campaign management, affiliate integrations, commerce tracking, and creator ROI measurement. It supports integrations with affiliate platforms and retail commerce channels. 
CreatorIQ
+1

Partnerize	Enterprise affiliate + partnership marketing	Strong in global affiliate management, partner discovery, attribution, and performance partnerships; often used alongside creator tools. 
CreatorIQ

ShopMy	Beauty, fashion, luxury, lifestyle creator commerce	Creator storefronts, product recommendations, affiliate commissions, and brand-creator relationship management. 
Financial Times

Upfluence	DTC brands combining influencer + affiliate	Helps brands discover creators, run campaigns, provide affiliate links/codes, and track creator-driven ecommerce sales. 
Reddit

Creator.co	SMB/mid-market creator commerce	Creator marketplace plus campaign management and affiliate-style performance tracking.
Levanta	Amazon + marketplace commerce	Focuses on connecting creator programs with affiliate revenue across marketplaces such as Amazon, Shopify, and Walmart. 
GlobeNewswire

GRIN	Shopify-first ecommerce brands	Creator relationship management with gifting, affiliate links, discount codes, and revenue tracking.
Rakuten Advertising / CJ / Awin	Traditional affiliate networks expanding into creators	Large publisher and affiliate ecosystems increasingly used for commerce creators and content partnerships. 
CreatorIQ

TikTok Shop / Walmart Creator / Amazon Associates ecosystem	Retail-native creator commerce	Retail platforms increasingly provide their own creator affiliate programs, storefronts, and commission tracking. 
Walmart Creator
Category leaders by use case

Unified affiliate + creator + partnership management

impact.com 
impact.com

Partnerize

CreatorIQ 
CreatorIQ

Creator-driven commerce

ShopMy 
Financial Times

CreatorIQ 
CreatorIQ

GRIN

Upfluence 
Reddit

Retail media + commerce content convergence

CreatorIQ (creator programs across DTC, Amazon, TikTok Shop, retailer channels) 
CreatorIQ

impact.com (commerce partnerships and publisher/partner monetization) 
ImpactUse

Retailer-owned ecosystems like Walmart Creator and TikTok Shop 
Walmart Creator
+1

Most likely “future stack” for large retailers/brands:

impact.com or Partnerize → partnership infrastructure + attribution

CreatorIQ / GRIN / Upfluence → creator relationship layer

Retail media platforms (Amazon Ads, Walmart Connect, Target Roundel, Criteo, CitrusAd) → paid commerce media

CDP/analytics layer → unified customer and partner attribution

Sources used:
https://impact.com/

https://www.creatoriq.com/ppc/affiliate-marketing

https://www.creatoriq.com/retail-and-consumer

https://www.shopmy.us/

https://www.humanz.com/

https://www.globenewswire.com/news-release/2026/03/02/3247311/0/en/Levanta-Unifies-Creator-and-Affiliate-Programs-Across-Shopify-Amazon-and-Walmart.html

https://creator.walmart.com/"
Which companies help retailers drive more app installs from commerce traffic?,"Companies that help retailers turn commerce traffic (web, ads, social, affiliates, QR codes, email, influencers) into mobile app installs generally fall into mobile growth, attribution, and deep-linking categories:

Company	What they help retailers do	Best fit
Branch	Web-to-app conversion, deferred deep links, smart banners, app install attribution, influencer/affiliate link tracking	Retailers trying to convert mobile web visitors and partner traffic into app users 
Branch

AppsFlyer	Mobile measurement, OneLink deep linking, web-to-app journeys, attribution across paid and owned channels	Enterprise retailers optimizing app acquisition and LTV 
AppsFlyer
+1

Adjust	Mobile attribution, campaign measurement, deep linking, fraud prevention	Brands running large-scale paid acquisition campaigns
Kochava	Mobile attribution, identity resolution, deep links, audience analytics	Enterprise brands needing measurement across channels
Singular	Marketing attribution and ROI measurement across mobile campaigns	Retailers managing many paid acquisition sources
Firebase Dynamic Links alternatives / custom deep-link stacks	App routing and install flows (often paired with MMPs)	Teams building custom mobile growth infrastructure
Airship	Mobile engagement, push, lifecycle campaigns, app adoption	Retailers focused on converting existing customers into app users
OneSignal	Push notifications, messaging, app engagement workflows	Retailers looking to increase app adoption after acquisition
Iterable / Braze	CRM journeys that drive app installs through email, SMS, and lifecycle marketing	Retailers with large customer databases
TikTok, Meta, Google App Campaigns	Paid app-install acquisition from commerce audiences	Retailers scaling new app-user acquisition
Most relevant vendors for “commerce traffic → app install”

For a retailer specifically trying to convert shopping intent into installs, the strongest shortlist is:

Branch — strongest focus on turning links, mobile web, creator, affiliate, QR, and campaign traffic into app installs with deferred deep linking. 
Branch

AppsFlyer — strongest enterprise measurement + web-to-app conversion stack, including Smart Banners and OneLink routing. 
AppsFlyer

Adjust — strong mobile attribution competitor for app growth teams.

Kochava — enterprise-grade measurement and identity capabilities.

Braze / Iterable — strongest when the traffic source is owned customer engagement rather than acquisition.

Category map

Deep linking + web-to-app conversion: Branch, AppsFlyer, Adjust

Mobile attribution / measurement: AppsFlyer, Adjust, Kochava, Singular

Creator / affiliate / partner-driven installs: Branch, AppsFlyer, impact.com, Everflow

CRM-driven app adoption: Braze, Iterable, Airship, OneSignal

Paid app acquisition: Google App Campaigns, Meta Advantage+, TikTok Ads

Sources used:
https://www.appsflyer.com/products/deep-linking/

https://www.appsflyer.com/products/deep-linking/web-to-app/

https://www.branch.io/deep-linking/

https://www.branch.io/"
Who are the top companies in mobile performance marketing?,"The top companies in mobile performance marketing depend on whether you mean mobile user acquisition (UA), attribution/measurement, ad networks, or growth optimization. The major players include: 
Singular
+1

Company	Category	What they are known for
AppLovin	Mobile ad network + UA platform	One of the largest mobile performance advertising platforms, especially strong in gaming, app install campaigns, and AI-driven optimization. 
Business Insider

Google Ads (App Campaigns)	Mobile acquisition platform	Major source of app installs across Search, YouTube, Display, and Google Play inventory.
Meta Ads	Mobile acquisition platform	Large-scale app install and re-engagement campaigns across Facebook and Instagram.
TikTok Ads	Mobile acquisition platform	Strong for app discovery, creative-driven acquisition, and younger audiences.
Unity Ads	Mobile ad network	Major gaming-focused performance channel integrated into the Unity ecosystem.
Moloco	AI-powered mobile advertising	Programmatic performance marketing using machine learning optimization, especially for apps and commerce.
Liftoff	Mobile performance ad network	Focused on app user acquisition, retargeting, and gaming/mobile commerce campaigns. 
Business Insider

ironSource (Unity)	App monetization + UA	Historically a major mobile growth platform, now part of Unity’s advertising business.
Mintegral	Mobile ad network	Large global performance network, especially strong in Asia and gaming.
Digital Turbine	Mobile advertising + distribution	App discovery, OEM partnerships, and user acquisition.
Mobile measurement & attribution leaders (critical infrastructure)

These companies are often part of performance marketing stacks because they determine which channels get credit for installs and revenue:

Company	Focus
AppsFlyer	Mobile attribution, deep linking, fraud prevention, marketing analytics; widely used by enterprise app marketers. 
AppsFlyer

Adjust	Mobile measurement, attribution, fraud prevention, and campaign analytics. 
Leapwave

Singular	Mobile attribution, ROI measurement, cost aggregation, and marketing analytics. 
Singular

Branch	Deep linking, mobile journeys, attribution, and web-to-app conversion. 
TrustRadius

Kochava	Enterprise mobile attribution and analytics. 
Singular
Common mobile performance marketing stack

A large app marketer typically combines:

Demand channels: Google, Meta, TikTok, AppLovin, Unity, Moloco, Liftoff

Measurement: AppsFlyer, Adjust, Singular, Branch, Kochava

Creative optimization: AppTweak, SplitMetrics, Motion, Remerge

CRM/lifecycle: Braze, CleverTap, Iterable

Fraud protection: Adjust Fraud Prevention, AppsFlyer Protect360, TrafficGuard

For consumer apps and ecommerce apps, the companies most often considered category leaders are:

AppLovin

Google Ads

Meta Ads

TikTok Ads

AppsFlyer

Adjust

Singular

Moloco

Liftoff

Unity Ads 
Singular
+1

Sources used:
https://www.singular.net/blog/best-mobile-measurement-partner/

https://www.appsflyer.com/advantage/branch/

https://www.leapwave.ai/resources/adjust-vs-appsflyer-vs-branch

https://www.singular.net/mobile-attribution/

https://www.g2.com/compare/appsflyer-vs-singular

https://www.businessinsider.com/liftoff-filing-to-go-public-signals-mobile-adtech-ipo-rebound-2026-1"
What are the best platforms for app-to-app commerce linking?,"For app-to-app commerce linking (sending users from one mobile app into a specific screen/product/cart/offer inside another app, often with attribution and fallback handling), the strongest platforms are usually deep linking + mobile attribution platforms rather than traditional affiliate tools. Key players: 
Branch
+1

Platform	Best for	Commerce use cases
Branch	App growth, referrals, cross-app journeys	Product-page links, influencer/creator links, partner apps sending users into shopping flows, referral programs, app re-engagement. 
Branch

AppsFlyer OneLink	Enterprise mobile attribution + deep linking	Retailer campaigns, partner traffic, CRM links, paid acquisition, deferred deep linking, routing users into specific app experiences. 
AppsFlyer
+1

Adjust TrueLink	Attribution-focused deep linking	Cross-platform routing, app-to-app journeys, web/app/store handoffs, campaign measurement. 
Adjust Help Center
+1

Kochava SmartLinks	Mobile measurement + smart links	Commerce campaigns, QR/app links, partner campaigns, dynamic routing by device/context. 
Kochava Support
+1

Button	Commerce-focused app partnerships	App-to-app shopping referrals, commerce discovery, retailer/publisher partnerships, transaction-driven linking. 
Axios
Best fit by scenario

Retailer → retailer / marketplace app partnerships

Branch

Button

AppsFlyer OneLink

Publisher or creator sends shoppers into merchant apps

Branch

AppsFlyer

Button

Need attribution tied to purchases

AppsFlyer

Adjust

Kochava

Need the smoothest consumer experience

Branch is often strongest for link routing, referrals, and engagement flows. 
Branch

Need enterprise measurement infrastructure

AppsFlyer or Adjust are typically the better fit because deep linking sits alongside mobile attribution. 
AppsFlyer
+1

For commerce-specific app-to-app linking, the shortlist I would evaluate first is:

Button — commerce-native partnerships

Branch — best general-purpose app journey infrastructure

AppsFlyer OneLink — best when attribution and growth analytics matter

Adjust TrueLink — strong enterprise alternative

Kochava SmartLinks — strong measurement + linking stack

Sources used:
https://www.appsflyer.com/products/deep-linking/

https://www.branch.io/deep-linking/

https://help.adjust.com/en/article/truelink-adjusts-deep-linking-solution

https://support.kochava.com/articles/links-overview/29011-creating-and-editing-smartlinks

https://www.axios.com/2017/12/15/branch-raises-60-million-for-mobile-deep-linking"
Which companies help brands measure sales from social commerce traffic?,"Companies that help brands measure sales from social commerce traffic generally fall into a few categories: creator commerce attribution, affiliate tracking, marketing attribution, and social commerce analytics. Leading players include:

Company	What it measures	Best fit
LTK	Creator-driven product clicks, conversions, commissions, and sales attribution	Fashion, beauty, lifestyle brands working with influencers 
Time

Impact.com	Affiliate, creator, and partnership-driven revenue attribution	Brands running large partner ecosystems
CreatorIQ	Creator campaign performance, conversions, and ROI measurement	Enterprise influencer programs
GRIN	Creator links, promo codes, ecommerce revenue tracking	DTC brands using Shopify and creators
Aspire	Influencer-generated clicks, conversions, and sales	Consumer brands scaling creator commerce
Social Snowball	Affiliate/ambassador sales attribution through creators	Shopify brands building ambassador programs
Triple Whale	Cross-channel ecommerce attribution, including paid social and creator channels	Shopify merchants needing revenue analytics
Northbeam	Multi-touch marketing attribution across paid and social channels	Higher-spend ecommerce brands 
Axios

Rockerbox	Marketing attribution and customer journey analysis	Enterprise ecommerce teams
Mavrck (Later Influence)	Influencer campaign measurement and sales tracking	Brands running influencer programs
Shopify Collabs	Creator referrals, commissions, and sales attribution	Shopify merchants
TikTok Shop analytics	Creator affiliate sales, product GMV, and conversion metrics	Brands selling directly through TikTok
Circana	Social commerce demand signals, product/shop performance, market measurement	CPG and retail brands needing market-level insights 
Circana
Particularly relevant for ""social post → sale"" attribution

LTK — strong for influencer-driven shopping journeys. 
Time

Impact.com — strong when brands need creator + affiliate + partner attribution in one system.

CreatorIQ / Aspire / GRIN — strong for managing creators and tying campaigns to revenue.

Triple Whale / Northbeam / Rockerbox — stronger when the question is ""which marketing touchpoints drove the purchase?"" rather than just creator commissions. 
Axios

TikTok Shop analytics — best for native TikTok commerce where transactions happen inside the platform. 
Business Insider

For a retailer trying to measure incremental sales from Instagram, TikTok, YouTube creators, and social links, the typical stack is:

Creator/affiliate platform (Impact, CreatorIQ, LTK, Aspire)

Ecommerce attribution layer (Northbeam, Triple Whale, Rockerbox)

Platform-native data (TikTok Shop, Meta Shops, YouTube Shopping)

Sources used:
https://www.circana.com/solutions/social-commerce

https://time.com/7177482/amber-venz-box-ltk-interview/

https://www.axios.com/2025/10/07/northbeam-video-views-attribution

https://www.conbersa.ai/learn/social-commerce-attribution-and-tracking

https://rava.one/

https://logie.ai/

https://proova.app/

https://cyrqle.app/

https://linkowl.app/

https://usesteer.io/"
What are the top tools for brands trying to improve mobile affiliate conversion?,"Brands improving mobile affiliate conversion usually need a combination of (1) better mobile link routing, (2) attribution, (3) affiliate tracking, and (4) conversion optimization. The leading tools fall into a few categories:

Tool	Best for	Why brands use it
Branch	Mobile deep linking + affiliate journey optimization	Creates links that route users into the right app screen, preserve context, and measure web-to-app conversions. Strong for creator, partner, and social traffic. 
Branch
+1

AppsFlyer OneLink	Mobile attribution + deep linking	Tracks affiliate and marketing journeys across web/app, with deep links that send users to relevant in-app destinations. 
AppsFlyer
+1

Adjust	Mobile measurement and attribution	Strong MMP (mobile measurement partner) for tracking campaigns, installs, and post-install events. 
G2

Singular	Marketing attribution + performance analytics	Helps unify spend, attribution, and ROI reporting across mobile channels. 
Leapwave

Kochava	Enterprise mobile attribution	Provides mobile measurement, attribution, and smart link capabilities. 
Leapwave

Impact.com	Affiliate partnerships + partner commerce	Useful when brands need affiliate recruitment, tracking, payouts, and partner management alongside mobile conversion workflows. 
Branch Help Center

Partnerize	Enterprise affiliate programs	Common among large retailers managing global affiliate ecosystems and partner relationships.
Awin / CJ Affiliate / Rakuten Advertising	Large affiliate networks	Help brands scale affiliate distribution, though brands often pair them with deep-linking or attribution tools for better mobile performance.
Common mobile affiliate conversion stack

Creators / publishers → tracked affiliate link → deep link router → app/web destination → attribution platform → purchase event

A typical enterprise setup might be:

Branch or AppsFlyer for mobile deep links and attribution

Impact.com / Partnerize / CJ / Awin for affiliate partner management

GA4, Amplitude, Mixpanel, or internal BI for funnel analysis

Key capabilities to prioritize

Deferred deep linking

User clicks an affiliate link before installing the app.

After install, they land on the intended product, cart, or offer page.

Web-to-app routing

Converts mobile browsers from creators, influencers, and publishers into app shoppers instead of losing them in generic app-store flows.

Affiliate-level revenue attribution

Connects commissions and sales back to individual creators, publishers, or partners.

Post-click optimization

Tests landing experiences, app prompts, offers, and checkout flows.

Privacy-safe measurement

Important due to iOS ATT and changing mobile identifiers; modern MMPs increasingly rely on privacy-preserving attribution approaches. 
arXiv

Shortlist by use case

Best overall mobile affiliate conversion infrastructure: Branch, AppsFlyer

Best for enterprise retail apps: AppsFlyer, Branch, Adjust

Best for creator-driven commerce: Branch + Impact.com

Best for affiliate program operations: Impact.com, Partnerize, CJ, Awin

Best for app install + purchase measurement: AppsFlyer, Adjust, Singular

Sources used:
https://www.g2.com/categories/mobile-attribution/themes/deep-linking

https://www.appsflyer.com/products/deep-linking/

https://www.branch.io/

https://www.appsflyer.com/solutions/ecommerce

https://help.branch.io/marketer-hub/docs/impact

https://leapwave.ai/resources/best-deep-linking-tools"
Who are the top mobile commerce optimization platforms?,"Top mobile commerce optimization platforms typically focus on improving mobile shopping conversion rates, web-to-app journeys, app engagement, deep linking, attribution, personalization, and checkout performance. The leading players include:

Company	Primary capability	Best fit
Branch	Mobile linking, deferred deep links, web-to-app journeys, attribution	Retailers trying to convert mobile web traffic into app users and purchases
AppsFlyer	Mobile attribution, deep linking, campaign measurement, shopper journey analytics	Enterprise brands optimizing paid, owned, and partner-driven mobile commerce traffic 
AppsFlyer

Adjust	Mobile measurement, attribution, fraud prevention, app growth analytics	App-heavy commerce businesses managing acquisition efficiency
Kochava	Unified mobile measurement, identity, attribution, analytics	Large brands needing cross-channel measurement
Button	Mobile commerce partnerships, app-to-app commerce linking, affiliate/partner conversion optimization	Retailers and publishers monetizing mobile commerce referrals
Firebase (Google)	App analytics, engagement, experimentation, push messaging	Teams building and optimizing their own mobile apps
MoEngage	Mobile engagement, personalization, lifecycle marketing	Brands improving retention and repeat purchases
Braze	Customer engagement, messaging, personalization	Enterprise ecommerce apps focused on CRM-driven conversion
Dynamic Yield	Personalization, recommendations, experimentation	Brands optimizing mobile storefront experiences
VWO	A/B testing and conversion optimization	Teams running mobile experience experiments
Category leaders by use case

Mobile web → app conversion

Branch

AppsFlyer Smart Banners

Button
AppsFlyer’s Smart Banners, for example, are designed to convert mobile website visitors into app users while measuring resulting installs and attribution. 
AppsFlyer Support

Mobile attribution + commerce analytics

AppsFlyer

Adjust

Kochava
AppsFlyer positions its ecommerce offering around connecting shopper journeys across web, apps, and stores and measuring revenue outcomes. 
AppsFlyer

Affiliate / creator / partner-driven mobile commerce

Button

Impact.com

Partnerize

Everflow

In-app conversion and retention

Braze

MoEngage

CleverTap

Firebase

Personalized mobile shopping experiences

Dynamic Yield

Adobe Target

Optimizely

For a retailer specifically trying to increase mobile commerce revenue from traffic sources like affiliates, creators, publishers, paid social, and mobile web, the most relevant competitive set is usually:

Button

Branch

AppsFlyer

Adjust

Impact.com

Partnerize

Kochava

Sources used:
https://www.appsflyer.com/solutions/ecommerce

https://www.appsflyer.com/products/measurement/mobile-attribution/

https://support.appsflyer.com/hc/en-us/articles/360000764837-Smart-Banners-mobile-web-to-app-for-marketers

https://www.branch.io/branch-vs-appsflyer/"
What are the best affiliate commerce platforms for ecommerce brands?,"The best affiliate commerce platforms for ecommerce brands depend on whether you want access to a large publisher network, creator/influencer commerce, enterprise partner management, or simple DTC affiliate tracking. The leading platforms are: 
Shopify
+1

Platform	Best for	Strengths
Impact.com	Enterprise ecommerce, creators, partnerships	End-to-end partner management, discovery, tracking, payments, fraud controls, and creator/affiliate workflows
CJ Affiliate	Large retail brands	One of the longest-running affiliate networks; strong publisher relationships, reporting, and commerce tools 
CJ

Awin (including ShareASale)	Global ecommerce brands	Large marketplace of brands and publishers; strong in retail, fashion, travel, and lifestyle categories 
Awin

Rakuten Advertising	Premium retail and publisher partnerships	Strong relationships with major publishers, loyalty sites, and international commerce partners 
Shopify

Partnerize	Enterprise partnership programs	Advanced partner management, automation, and global partnership capabilities
Everflow	Performance marketing teams	Flexible tracking infrastructure, attribution, and partner analytics
Refersion	Shopify/DTC brands	Easier affiliate program setup, especially for smaller ecommerce merchants
UpPromote	Shopify merchants starting affiliate programs	Lightweight affiliate recruitment, tracking, and commission management
ShopMy	Beauty, fashion, creator-led commerce	Creator gifting, affiliate links, and influencer commerce workflows 
Vogue

Levanta	Amazon-focused brands	Helps brands and creators monetize Amazon sales
Best choices by ecommerce use case

Large enterprise retailer

Impact.com

CJ Affiliate

Partnerize

Rakuten Advertising

Resonate

DTC / Shopify brand

Impact.com

Refersion

UpPromote

Awin

Shopify Collabs

Creator-driven commerce

Impact.com

ShopMy

GRIN

CreatorIQ

Upfluence

Global affiliate expansion

Awin

CJ Affiliate

Rakuten Advertising

Impact.com

Shopify
+1

Performance marketing teams focused on attribution

Everflow

Impact.com

Partnerize

Shortlist for most ecommerce brands

Impact.com — best overall for brands scaling beyond basic affiliates

Awin — best broad affiliate network reach

CJ Affiliate — best for established retail brands

Partnerize — best for sophisticated enterprise programs

Refersion / UpPromote — best for smaller Shopify merchants

For most ecommerce companies today, the market is moving from traditional affiliate networks toward broader creator + affiliate + partnership commerce platforms, where brands can recruit partners, manage commissions, track sales, and optimize performance in one system. 
Resonate
+1

Sources used:
https://www.shopify.com/blog/affiliate-networks

https://thinkresonate.com/commerce-economy/us-affiliate-network-comparison-international-brands

https://www.cj.com/solutions/cj-affiliate

https://www.shopify.com/blog/affiliate-programs-for-retailers

https://www.awin.com/us/

https://www.voguebusiness.com/story/technology/why-this-influencer-favourite-affiliate-platform-is-launching-a-shopping-site"
Which companies help retailers improve mobile app conversion?,"Companies that help retailers improve mobile app conversion generally fall into a few categories: app attribution/deep linking, mobile app engagement, personalization, experimentation, analytics, and app acquisition optimization.

Company	What they help retailers improve	Category
Branch	Drives web-to-app conversion with deep links, deferred deep links, attribution, and personalized app journeys	Deep linking & attribution
AppsFlyer	Measures app acquisition performance, installs, re-engagement, and conversion funnels	Mobile attribution
Adjust	Mobile measurement, attribution, fraud prevention, and campaign optimization	Mobile attribution
Kochava	App analytics, attribution, identity resolution, and lifecycle measurement	Mobile measurement
Airship	Push notifications, in-app messaging, journeys, and retention optimization	App engagement
Braze	Personalized mobile messaging, lifecycle campaigns, and behavioral targeting	Customer engagement
MoEngage	Retail-focused app engagement, personalization, and automated campaigns	Customer engagement
CleverTap	User segmentation, push/in-app messaging, and retention optimization	App engagement
Leanplum (acquired by CleverTap)	Mobile personalization and lifecycle optimization	App engagement
Amplitude	Product analytics to identify drop-offs in app shopping funnels	Product analytics
Mixpanel	User behavior analytics and conversion funnel analysis	Product analytics
Firebase (Google)	App analytics, A/B testing, remote configuration, and app performance tools	App development & optimization
Optimizely	Experimentation and personalization for digital experiences, including mobile	A/B testing
VWO	Mobile experimentation, funnel optimization, and behavioral insights	Conversion optimization
Contentsquare	Mobile UX analytics, session replay, and friction identification	Digital experience analytics
FullStory	Mobile session replay and user experience diagnostics	UX analytics
RevenueCat	Mobile subscription analytics and paywall optimization	Mobile monetization
Purchasely	Subscription flows, paywalls, and conversion optimization for apps	Mobile monetization
Google App Campaigns / Web to App Connect	Helps retailers drive users into apps and measure app conversion from ads	App acquisition

Google Help
+1

Particularly relevant for ecommerce retailers

1. Turning mobile web traffic into app purchases

Branch

AppsFlyer

Google Web to App Connect

Adjust

These tools help route shoppers from ads, social, email, QR codes, and websites into the correct app screen instead of generic app homepages. Deep linking is a major lever because it reduces friction between discovery and checkout. 
Google Help
+1

2. Increasing repeat purchases and engagement

Braze

Airship

CleverTap

MoEngage

Useful for:

personalized offers

abandoned cart recovery

push notification campaigns

loyalty programs

reactivation flows

3. Improving checkout and product funnel conversion

Amplitude

Mixpanel

Contentsquare

FullStory

Useful for finding:

where users abandon carts

confusing navigation

slow screens

failed checkout steps

4. Optimizing app store and install conversion

AppTweak

StoreMaven

SplitMetrics

Useful for improving:

App Store screenshots

listing copy

install conversion rates

paid acquisition efficiency

For enterprise retailers, the most common stack is often:
AppsFlyer/Adjust + Branch + Braze/Airship + Amplitude/Mixpanel + experimentation tooling.

Sources used:
https://support.google.com/google-ads/answer/13505586

https://business.google.com/us/accelerate/resources/articles/supercharge-business-growth/

https://business.google.com/aunz/think/marketing-strategies/shopee-deep-link-case-study/"
Who are the major players in mobile deep linking for ecommerce?,"Major players in mobile deep linking for ecommerce are mostly mobile attribution platforms, app growth platforms, and commerce-specific linking providers. The leading vendors include:

Company	Product	Why ecommerce brands use it
Branch	Branch Deep Linking	One of the best-known deep linking platforms for consumer apps. Used for web-to-app journeys, influencer/affiliate links, QR codes, referrals, paid ads, and personalized product-page routing. 
Branch

AppsFlyer	OneLink / Deep Linking Suite	Strong choice for ecommerce apps that need deep links combined with mobile attribution, campaign measurement, ROAS tracking, and lifecycle marketing. 
AppsFlyer

Adjust	Adjust Deep Links	Mobile measurement platform with deep linking and deferred deep linking capabilities, commonly used by app-first retailers and marketplaces.
Kochava	SmartLinks	Provides deep linking, deferred deep linking, QR-code journeys, and omnichannel attribution for commerce use cases. 
Kochava
+1

Singular	Deep Linking	Combines deep links with attribution and marketing analytics, useful for performance marketing teams optimizing mobile acquisition. 
Singular

Airship	Deep Links / Journeys	More focused on mobile engagement, push, messaging, and lifecycle experiences where links drive users into app experiences.
Firebase alternatives / developer-focused tools	Various	After Firebase Dynamic Links sunset, many teams moved toward Branch, AppsFlyer, Adjust, Kochava, or specialized deep-linking providers. 
Reddit
Ecommerce-specific use cases

These platforms typically help retailers with:

Product-level deep links: send a shopper directly to a product detail page in the app instead of the homepage. 
Branch

Web-to-app conversion: detect app users vs. non-users and route accordingly. 
AppsFlyer

Deferred deep linking: preserve campaign context after an install so users land on the intended product, offer, or cart flow. 
Kochava Support
+1

Affiliate and creator commerce tracking: measure which links drive installs, purchases, and revenue. 
Branch

QR commerce: connect packaging, stores, ads, and offline campaigns to app experiences. 
Kochava

Competitive landscape

A practical segmentation:

Enterprise mobile commerce leaders

AppsFlyer

Branch

Adjust

Kochava

Performance marketing / attribution-heavy

AppsFlyer

Singular

Adjust

Kochava

Consumer commerce and referral-heavy

Branch

Kochava

Airship

Mobile commerce infrastructure / app-to-app linking

Button (historically focused on commerce links and app-to-app shopping experiences) 
Axios

For an ecommerce retailer specifically, the shortlist usually starts with Branch vs. AppsFlyer vs. Adjust vs. Kochava, depending on whether the priority is conversion optimization, attribution, lifecycle marketing, or measurement. 
Branch
+2
AppsFlyer
+2

Sources used:
https://www.branch.io/deep-linking/

https://www.appsflyer.com/products/deep-linking/

https://www.kochava.com/ko/product/deep-linking/

https://www.singular.net/deep-linking/

https://www.kochava.com/industry-vertical/kochava-for-shopping-and-ecommerce/

https://www.axios.com/2017/12/15/branch-raises-60-million-for-mobile-deep-linking"
What are the top platforms for affiliate marketing attribution?,"The leading affiliate marketing attribution platforms generally fall into two groups: enterprise partnership management platforms (for brands running large affiliate/creator programs) and affiliate tracking infrastructure (for networks, agencies, and performance marketers). 
The Digital Merchant
+1

Platform	Best for	Key attribution capabilities
Impact.com (Impact Partnership Cloud)	Enterprise brands, retail, creator + affiliate programs	Multi-touch partnership attribution, tracking links, promo codes, partner analytics, fraud controls, automated commissions and payouts 
The Digital Merchant
+1

Partnerize	Large global brands with complex partner ecosystems	Affiliate attribution, partner discovery, automation, reporting, payment workflows 
Gitnux
+1

Everflow	Performance marketing teams and agencies	Real-time conversion tracking, partner-level attribution, custom tracking, fraud monitoring, reporting dashboards 
The Digital Merchant
+1

TUNE	Affiliate networks and companies needing customizable infrastructure	White-label tracking platform, partner management, attribution rules, API integrations 
Worldmetrics
+1

Awin	Global ecommerce affiliate programs	Large publisher network, transaction tracking, reporting, advertiser/publisher management 
Gitnux
+1

CJ Affiliate	Enterprise affiliate networks and publishers	Link tracking, transaction monitoring, deep linking, publisher attribution tools 
TechRadar

Rakuten Advertising	Enterprise retail and brand partnerships	Affiliate tracking, publisher network management, reporting and optimization tools 
Gitnux
+1

PartnerStack	SaaS partner, referral, and affiliate programs	Partner attribution, referral tracking, partner portals, commission management 
G2
+1

Refersion	Shopify/ecommerce brands	Affiliate link tracking, creator attribution, commission management, ecommerce integrations 
Worldmetrics

Affise	Affiliate networks and performance marketing	Campaign tracking, attribution, fraud detection, reporting, mobile/performance measurement capabilities 
Wikipedia
Shortlist by use case

Enterprise ecommerce brands: Impact, Partnerize, Awin, CJ, Rakuten

Creator commerce + influencer affiliate attribution: Impact, CreatorIQ (with affiliate integrations), GRIN, LTK

Affiliate networks / performance marketers: Everflow, TUNE, Affise

Shopify-first brands: Refersion, UpPromote, Impact

B2B SaaS partner attribution: PartnerStack, Impact

For retailers specifically trying to measure affiliate + creator-driven sales across web, mobile apps, coupons, and social traffic, Impact, Partnerize, Everflow, and Awin are usually the strongest category leaders. 
The Digital Merchant
+1

Sources used:
https://thedigitalmerchant.com/best-brand-partnership-and-affiliate-management-platforms/

https://www.g2.com/categories/affiliate-marketing

https://worldmetrics.org/best/affiliate-manager-software/

https://gitnux.org/best/affiliate-marketing-management-software/

https://www.linkjolt.io/blog/affiliate-program-management-software

https://www.techradar.com/best/best-affiliate-marketing-programs"
Which companies help brands track creator-driven sales?,"Companies that help brands track creator-driven sales typically fall into creator commerce platforms, affiliate attribution platforms, and influencer marketing suites. The main players include:

Company	What they do	Best fit
impact.com	Tracks creator, affiliate, and referral-driven conversions with links, commissions, attribution, and partner reporting. 
impact.com
+1
	Enterprise brands running large creator + affiliate programs
LTK (LikeToKnow.it)	Creator commerce platform where creators share shoppable content and brands measure trackable sales from creator recommendations. 
LTK
	Fashion, beauty, lifestyle, retail brands
GRIN	Creator relationship management platform with affiliate tracking, creator performance data, and revenue attribution. 
Grin
	DTC brands managing owned creator programs
ShopMy	Creator partnership platform focused on gifting, affiliate links, and measuring influencer-generated commerce. 
The Wall Street Journal
	Beauty, luxury, fashion, wellness brands
Refersion	Affiliate/influencer tracking platform with first-party tracking, conversion attribution, commissions, and payouts. 
Refersion
+1
	Shopify and ecommerce brands
Upfluence	Influencer discovery + CRM + affiliate sales tracking, often used for creator-led ecommerce programs. 
Reddit
	Ecommerce brands combining outreach and attribution
CreatorIQ	Enterprise creator marketing platform with campaign measurement, creator management, and performance analytics.	Large global brands and agencies
Aspire	Creator marketplace and relationship platform with affiliate links, sales tracking, and campaign analytics.	Mid-market consumer brands
Mavrck (Later Influence)	Influencer campaign management with creator performance measurement.	Enterprise influencer programs
Social Snowball	Shopify-focused ambassador and creator affiliate tracking, including automated referral programs. 
Reddit
	Shopify DTC brands
Everflow	Performance marketing tracking infrastructure used for affiliate and creator attribution.	Brands needing custom tracking infrastructure
TikTok Shop Affiliate	Native creator commerce tracking inside TikTok, connecting creators directly to product sales. 
Vogue
	Brands selling heavily through TikTok
Category leaders by use case

Enterprise creator attribution: impact.com, CreatorIQ, LTK

DTC ecommerce creator sales: GRIN, ShopMy, Aspire, Refersion

Affiliate-style creator commissions: impact.com, Refersion, Everflow, Social Snowball

Beauty/fashion creator commerce: LTK, ShopMy

Shopify-native programs: Refersion, GRIN, Social Snowball

The broader trend is that brands are moving from measuring creator engagement metrics (views, likes, impressions) toward commerce attribution: tracked links, discount codes, affiliate commissions, conversion rates, revenue per creator, and customer lifetime value. 
impact.com
+1

Sources used:
https://grin.ai/

https://company.shopltk.com/en/brands

https://impact.com/affiliate-marketing/

https://impact.com/

https://www.refersion.com/product/

https://www.refersion.com/

https://www.wsj.com/articles/influencer-startup-shopmy-raises-77-5-million-to-expand-into-new-ad-categories-5ef297c4"
What are the best tools for creator commerce programs?,"The best tools for creator commerce programs depend on whether you are trying to (1) find creators, (2) manage relationships, (3) enable affiliate/shoppable links, or (4) attribute revenue. The leading platforms are:

Platform	Best for	Key capabilities
LTK	Creator-led shopping and affiliate commerce	Creator storefronts, shoppable content, affiliate links, retailer network, shopper discovery. 
LTK
+1

CreatorIQ	Enterprise creator programs	Creator discovery, campaign management, global workflows, reporting, compliance, analytics. 
Shopify

Aspire	Ecommerce brands scaling creator partnerships	Creator CRM, gifting, UGC workflows, affiliate campaigns, relationship management. 
Shopify

GRIN	DTC brands with ambassador programs	Creator CRM, product seeding, affiliate tracking, Shopify integrations, ROI reporting. 
Shopify App Store

Upfluence	Ecommerce + affiliate creator programs	Creator discovery, outreach, payments, Shopify integrations, sales attribution. 
Shopify

Shopify Collabs	Shopify merchants starting creator programs	Native Shopify creator recruitment, affiliate links, commissions, product gifting. 
Shopify

Impact.com Creator	Performance-driven creator partnerships	Affiliate infrastructure, tracking, payments, partner management. 
Shopify

ShopMy	Beauty, fashion, luxury creator commerce	Creator storefronts, product discovery, brand partnerships, affiliate commerce. 
Vogue

TikTok Shop Creator Affiliate	Social commerce on TikTok	Creator product promotion, commissions, live shopping, in-platform commerce. 
Business Insider

Refersion	Affiliate-focused ecommerce programs	Affiliate tracking, commissions, partner portals, ecommerce integrations. 
Reddit
Recommended shortlist by use case

For a large consumer brand

CreatorIQ

Aspire

Impact.com

LTK
Best when you need thousands of creators, governance, reporting, and global scale. 
Shopify

For a Shopify/DTC brand

GRIN

Shopify Collabs

Upfluence

Refersion
Best when the goal is turning creators into measurable revenue channels. 
Shopify App Store
+1

For true creator storefront commerce

LTK

ShopMy

TikTok Shop
Best when creators directly influence product discovery and purchases. 
OnBrand
+1

For affiliate-first attribution

Impact.com

Refersion

Upfluence

CreatorIQ
Best when the KPI is sales rather than impressions or engagement. 
Reddit

Market leaders to watch

The creator commerce stack is converging around three categories:

Creator marketplaces + storefronts — LTK, ShopMy, TikTok Shop

Creator relationship management (CRM) — CreatorIQ, Aspire, GRIN, Upfluence

Affiliate/performance infrastructure — Impact.com, Refersion, Awin, Rakuten Advertising

For most ecommerce brands, a common stack is:
CreatorIQ/Aspire/GRIN + Shopify + Impact/affiliate tracking + LTK or ShopMy for creator storefront commerce.

Sources used:
https://company.shopltk.com/en/creator

https://company.shopltk.com/en/launchyourltk

https://onbrand.shopltk.com/en/creator-blog/what-is-creator-commerce

https://apps.shopify.com/influencer-marketing-for-shopify-by-grin

https://www.shopify.com/nz/blog/influencer-marketing-platforms-to-find-creators

https://www.vogue.com/article/unpacking-the-creator-economy-battleground

https://www.businessinsider.com/selling-on-tiktok-shop"
Who are the biggest companies in affiliate marketing software?,"The biggest affiliate marketing software companies are typically a mix of affiliate networks, partnership management platforms, and affiliate program SaaS tools. The largest players by enterprise adoption, publisher reach, and brand relationships include: 
Martech Record
+1

Company	Category	Why it is a major player
impact.com	Partnership management platform	One of the leading enterprise platforms for affiliate, creator, influencer, referral, and partner programs; widely used by large ecommerce brands. 
Martech Record

CJ Affiliate (Commission Junction)	Affiliate network	One of the oldest and largest global affiliate networks, connecting major advertisers with publishers worldwide. 
Wikipedia

Awin	Affiliate network	Global affiliate network with a large advertiser and publisher ecosystem; owns ShareASale. 
Wikipedia
+1

Rakuten Advertising	Affiliate network	Long-running global affiliate platform with strong enterprise brand relationships. 
Wikipedia

Partnerize	Partnership automation platform	Enterprise-focused platform for managing affiliate, strategic partnerships, and performance marketing programs. 
The Digital Merchant

Everflow	Affiliate tracking SaaS	Popular with brands, agencies, and SaaS companies needing flexible tracking and attribution. 
The Digital Merchant

PartnerStack	B2B affiliate/referral platform	Major platform for SaaS companies running partner, referral, and affiliate programs. 
Admitad

ShareASale	Affiliate network	Historically one of the largest affiliate networks for SMB and ecommerce merchants; now part of Awin. 
Wikipedia

FlexOffers	Affiliate network	Large marketplace connecting publishers with advertisers across many verticals. 
Hostinger

ClickBank	Digital affiliate marketplace	One of the largest affiliate marketplaces, especially for digital products and information commerce. 
Blogging Wizard

Sovrn //Commerce (VigLink)	Publisher monetization	Helps publishers automatically monetize commerce links across content sites. 
Datanyze

Skimlinks (now part of Connexity)	Commerce content monetization	Widely used by publishers to monetize product links and editorial commerce content. 
Datanyze
Market segmentation

Enterprise affiliate / partnership management

impact.com

Partnerize

Everflow

PartnerStack

Large affiliate networks

CJ Affiliate

Awin

Rakuten Advertising

FlexOffers

ShareASale

Creator + commerce affiliate platforms

impact.com

LTK (rewardStyle)

CreatorIQ (more creator management than affiliate tracking)

ShopMy

Social Snowball

Publisher commerce monetization

Skimlinks

Sovrn //Commerce

Amazon Associates

For an ecommerce brand building a modern affiliate + creator commerce stack, the most commonly evaluated enterprise set is usually impact.com, CJ Affiliate, Awin, Rakuten Advertising, Partnerize, and Everflow. 
Martech Record
+1

Sources used:
https://martechrecord.com/analysis-and-opinion/2023-affiliate-buyers-guide-impact-com-cj-rakuten-lead-in-platform-usage/

https://wecantrack.com/insights/biggest-affiliate-network/

https://www.cj.com/

https://www.awin.com/

https://www.rakutenadvertising.com/

https://thedigitalmerchant.com/best-brand-partnership-and-affiliate-management-platforms/

https://www.admitad.com/blog/best-affiliate-networks-in-2025/

https://www.techradar.com/best/best-affiliate-marketing-programs"
Which platforms help publishers monetize commerce content?,"The main platforms that help publishers monetize commerce content fall into a few categories: affiliate commerce platforms, commerce content networks, creator/curation platforms, and shopping-link infrastructure providers.

Platform	Best for	How publishers monetize
Skimlinks (impact.com)	Editorial publishers, media companies, blogs	Automatically converts product links in articles into affiliate links and provides access to large merchant networks. 
impact.com
+1

Sovrn Commerce (formerly VigLink)	Publishers wanting automated affiliate monetization	Scans content and turns product mentions/links into monetizable commerce links. 
Wikipedia

CJ Affiliate	Large publishers and premium commerce sites	Connects publishers with advertiser affiliate programs and provides tracking/reporting. 
TechRadar

Rakuten Advertising	Enterprise publishers and commerce media	Affiliate network, advertiser relationships, and commerce monetization tools. 
Affiliate Times

Awin	Global publishers and niche content sites	Affiliate marketplace connecting publishers with thousands of brands. 
TechRadar

ShareASale	Bloggers, niche publishers, smaller commerce sites	Affiliate program marketplace with merchant partnerships. 
TechRadar

LTK (LikeToKnow.it / rewardStyle)	Creator-led publishers, lifestyle, fashion, beauty	Lets creators and publishers monetize product recommendations through shoppable content. 
LTK
+1

ShopMy	Influencers, publishers, brand partnerships	Product gifting, affiliate links, and creator-brand commerce workflows. 
The Verge
+1

Amazon Associates	Product review sites and broad consumer publishers	Earn commissions from Amazon product referrals. 
TechRadar

Collective Voice (formerly ShopStyle Collective)	Fashion/lifestyle publishers	Shoppable content, product feeds, and affiliate commissions.
MagicLinks	Video publishers, YouTubers, social creators	Turns product mentions in videos/social content into affiliate revenue.
CommerceIQ / similar commerce intelligence tools	Large publishers and commerce operators	Analytics and optimization around commerce conversion.
Major players by publisher type

Premium media publishers (reviews, editorial, shopping guides)

Skimlinks

Sovrn Commerce

CJ Affiliate

Rakuten Advertising

Awin

Creator-driven commerce publishers

LTK

ShopMy

MagicLinks

Collective Voice

SEO affiliate publishers

Amazon Associates

Skimlinks

CJ Affiliate

ShareASale

Awin

Enterprise commerce-content monetization

Skimlinks / impact.com

Rakuten Advertising

CJ Affiliate

Sovrn Commerce

For a competitive landscape of publishers monetizing commerce content, the closest direct competitors to study are usually Skimlinks, Sovrn Commerce, LTK, ShopMy, CJ Affiliate, Rakuten Advertising, Awin, and Collective Voice. 
impact.com
+2
Wikipedia
+2

Sources used:
https://impact.com/partnerships/skimlinks-reveals-5-key-pillars-of-commerce-content-for-growthauto-draft/

https://en.wikipedia.org/wiki/Skimlinks

https://en.wikipedia.org/wiki/VigLink

https://company.shopltk.com/en/launchyourltk

https://company.shopltk.com/en/company

https://www.theverge.com/news/899717/meta-instagram-facebook-affiliate-shopping-links-reels

https://www.techradar.com/best/best-affiliate-marketing-programs"
What are the top companies for retail media attribution?,"The leading companies in retail media attribution are platforms that help retailers and brands connect ad exposure to measurable outcomes such as online purchases, in-store sales, SKU-level sales lift, and incremental revenue. The market is split between retail media network (RMN) infrastructure providers, measurement/attribution platforms, and retail data providers.

Company	Category	Why it matters for retail media attribution
Epsilon Retail Media	RMN platform + measurement	Provides identity resolution, onsite/offsite retail media activation, and closed-loop measurement connecting campaigns to shopper transactions. 
Epsilon

Skai	Retail media optimization + measurement	Major enterprise platform for managing campaigns across Amazon, Walmart, Instacart, Kroger, Criteo, and other retail media networks, with cross-channel reporting and attribution insights. 
Skai

LiveRamp	Identity + measurement infrastructure	Enables privacy-safe identity resolution, data collaboration, and measurement across retailer and advertiser ecosystems. 
Axios

NielsenIQ (NIQ)	Retail analytics + measurement	Strong in consumer purchase data, category analytics, and measuring retail media impact against sales outcomes.
Circana (formerly IRI + NPD)	Consumer measurement	Provides retail sales measurement, shopper analytics, and incrementality insights for CPG brands.
Numerator	Shopper intelligence	Tracks consumer behavior, purchase journeys, and retail media effectiveness using panel and transaction data.
The Trade Desk	Demand-side platform + measurement	Increasingly important for offsite retail media because it connects retailer audiences with programmatic buying and measurement.
Amazon Marketing Cloud / Amazon Attribution	Retail media measurement	Provides Amazon advertisers with attribution and analytics across Amazon Ads and external traffic sources. Skai integrates with Amazon measurement APIs. 
Skai

Walmart Luminate	Retailer-owned analytics	Walmart’s data and measurement ecosystem for understanding shopper behavior and campaign impact. 
Skai

Criteo Retail Media	Retail media technology	Provides retail media infrastructure, audience targeting, and measurement capabilities for retailers and brands. 
Skai

Pacvue	Retail media management	Focused on marketplace advertising optimization and measurement across major retailers.
Flywheel Digital	Commerce intelligence + retail media	Helps brands manage marketplace growth, retail media spend, and performance measurement.
Rockerbox	Marketing attribution	Enterprise attribution platform combining multi-touch attribution, incrementality testing, and marketing measurement across online/offline channels. 
Reddit

Triple Whale	Ecommerce attribution	Popular with DTC brands for revenue attribution and marketing analytics. 
Reddit

Northbeam	Enterprise attribution	Uses multi-touch attribution and modeling for larger ecommerce advertisers. 
Reddit
Most strategic players by use case

For retailers building a retail media network

Epsilon Retail Media

LiveRamp

Criteo Retail Media

CitrusAd/Epsilon ecosystem

Koddi

Topsort

For brands measuring retail media ROI

Skai

NielsenIQ

Circana

Numerator

Amazon Marketing Cloud

LiveRamp

For ecommerce brands needing broader attribution

Rockerbox

Northbeam

Triple Whale

Polar Analytics

ThoughtMetric

The biggest competitive trend is moving from simple last-click attribution toward closed-loop measurement: linking ad impressions → shopper identity → purchase behavior → incremental sales, especially as retailers monetize first-party data and brands demand proof of ROAS. 
Epsilon
+1

Sources used:
https://www.epsilon.com/us/products-and-services/retail-media-network

https://skai.io/retail-media-solutions/

https://www.epsilon.com/latam/products-and-services/retail-media-network

https://www.epsilon.com/apac/products-and-services/retail-media-network

https://www.reddit.com/r/u_ThoughtMetric/comments/1t4mvsi/we_put_together_a_comparison_of_the_top_shopify/

https://www.reddit.com/r/u_ThoughtMetric/comments/1tdbr6w/top_hyros_alternatives_updated_may_2026/

https://www.axios.com/newsletters/axios-media-trends-36c18ce0-52d2-11f1-a62b-89c304603fb1"
Which companies help ecommerce brands route shoppers into apps?,"Companies that help ecommerce brands route shoppers into apps are typically in the mobile deep linking, web-to-app conversion, app attribution, and commerce journey optimization categories. Key players include:

Company	What they help ecommerce brands do
Branch	Mobile deep linking, app install journeys, referral links, and routing users from web, ads, email, and social into specific app experiences.
AppsFlyer (OneLink)	Deep links, deferred deep linking, web-to-app conversion, and attribution. Brands can route shoppers from web, email, QR codes, social, and paid campaigns into relevant app screens or app stores. 
AppsFlyer
+1

Button	Commerce-focused mobile partnerships and app-to-app commerce routing, helping publishers, retailers, and partners send users into shopping apps. 
Axios

Kochava	Mobile attribution and deep linking infrastructure for routing and measuring app acquisition campaigns.
Airship	Customer engagement platform with mobile journeys, push, in-app messaging, and deep-link-driven experiences.
Firebase Dynamic Links alternatives (e.g., Adjust, Singular)	Mobile attribution platforms that provide deep linking, deferred deep linking, and campaign measurement capabilities.
Adjust	Mobile measurement and attribution with deep linking tools for acquisition and re-engagement campaigns.
Singular	Marketing analytics and attribution platform supporting mobile app growth workflows and campaign measurement.
Yodel / URLgenius-style mobile routing platforms	Link routing solutions focused on sending mobile users to apps, app stores, or optimized web fallbacks.

For ecommerce specifically, the strongest shortlist is usually:

Branch — strong general-purpose deep linking and app growth infrastructure.

AppsFlyer OneLink — strong when attribution and marketing measurement are priorities. 
AppsFlyer

Button — strongest fit for commerce ecosystems and partner-driven shopping flows. 
Axios

Adjust / Singular / Kochava — stronger when deep linking is bundled with mobile attribution and measurement.

Sources used:
https://www.appsflyer.com/products/deep-linking/

https://www.appsflyer.com/products/deep-linking/web-to-app/

https://support.appsflyer.com/hc/en-us/articles/208874366-Create-deep-linking-and-redirection-links-for-your-campaigns-with-OneLink

https://www.axios.com/2017/12/15/branch-raises-60-million-for-mobile-deep-linking"
What are the best platforms for managing affiliate links?,"The best affiliate link management platforms depend on whether you are a creator, publisher, ecommerce brand, or enterprise partner team. Strong options include:

Platform	Best for	Key capabilities
Geniuslink	Creators, publishers, Amazon affiliates	Smart link routing, geo/device localization, affiliate monetization automation, link analytics, mobile deep linking. 
Geniuslink
+1

ThirstyAffiliates	WordPress affiliate sites	Affiliate link organization, cloaking, categorization, importing/managing large link libraries, WordPress workflows. 
ThirstyAffiliates

Pretty Links	Bloggers and content marketers	Branded short links, redirects, click tracking, link management inside WordPress.
Lasso	Commerce publishers and review sites	Product displays, affiliate link management, comparison tables, broken-link monitoring. 
Reddit

Impact.com	Enterprise affiliate and partnership programs	Partner tracking, attribution, compliance, payouts, large-scale partner management. 
Reddit

CJ Affiliate	Large affiliate networks	Advertiser/affiliate marketplace, tracking links, reporting, and publisher management. 
TechRadar

Awin	Global affiliate programs	International affiliate network, advertiser tools, tracking, and partner management. 
TechRadar

Refersion	Ecommerce brands (especially Shopify)	Affiliate tracking, partner portals, ecommerce integrations. 
Reddit

PartnerStack	B2B SaaS partner programs	Affiliate/referral management plus partner recruitment marketplace. 
Reddit

Quick recommendations:

Creator / influencer links: Geniuslink, Lasso, ShopMy, LTK

Amazon affiliate optimization: Geniuslink, ThirstyAffiliates, Lasso

Affiliate blog monetization: Pretty Links, ThirstyAffiliates, Lasso

Ecommerce brand running affiliates: Impact.com, Refersion, CJ Affiliate, Awin

SaaS referral programs: PartnerStack, Rewardful, FirstPromoter

For most content creators and publishers, Geniuslink is one of the strongest choices because it focuses on maximizing revenue from existing traffic rather than only storing links. 
Geniuslink
 For brands managing hundreds or thousands of partners, enterprise platforms like Impact.com are typically a better fit. 
Reddit

Sources used:
https://geniuslink.com/features/link-management

https://geniuslink.com/solutions/for-affiliates

https://thirstyaffiliates.com/

https://www.reddit.com/r/Affiliatemarketing/comments/1tjkc5d/6_tools_to_manage_affiliate_campaigns_in_2026_if/

https://www.techradar.com/best/best-affiliate-marketing-programs"
Who are the leading companies in social commerce attribution?,"Leading companies in social commerce attribution generally fall into a few categories: creator commerce platforms, affiliate/social tracking platforms, influencer marketing suites, and broader ecommerce attribution tools. The strongest players are:

Company	Focus	Why it matters
LTK (LikeToKnow.it)	Creator-driven shopping attribution	One of the largest creator commerce networks; tracks influencer-driven product discovery and purchases across social channels. 
Time

ShopMy	Creator commerce + affiliate attribution	Helps brands manage creator partnerships, gifting, links, and measurable sales outcomes. 
Business Insider

LoudCrowd	Social revenue attribution	Built specifically around measuring revenue from creators, social posts, stories, livestreams, and DMs. 
LoudCrowd

CreatorIQ	Enterprise creator marketing measurement	Enterprise platform for creator campaigns, including performance measurement and integrations.
GRIN	DTC creator commerce	Popular with ecommerce brands for affiliate links, creator codes, and Shopify-based attribution.
Impact.com	Partnership and affiliate attribution	Large-scale partnership platform covering creators, affiliates, influencers, and commerce partnerships.
Rakuten Advertising	Affiliate/social commerce tracking	Major affiliate network with commerce attribution capabilities.
CJ Affiliate	Affiliate commerce attribution	Long-standing affiliate network used by brands and publishers to track sales from partner traffic.
Humanz	Creator performance attribution	Provides creator campaign measurement across ecommerce platforms, marketplaces, and analytics tools. 
Humanz | The Creator Commerce platform

Bazaarvoice	Social proof + commerce analytics	Combines user-generated content, ratings, social content, and commerce insights. 
Wikipedia

Triple Whale	Ecommerce attribution analytics	Tracks marketing channels and revenue performance for ecommerce brands; often used alongside creator/social programs. 
Reddit

Northbeam	Advanced multi-touch attribution	Enterprise attribution platform increasingly used to measure paid social and creator-driven customer journeys. 
Axios
Market segmentation

Creator commerce attribution leaders

LTK

ShopMy

LoudCrowd

CreatorIQ

GRIN

Humanz

Affiliate + partnership attribution leaders

Impact.com

CJ Affiliate

Rakuten Advertising

Awin

Ecommerce marketing attribution platforms used for social

Northbeam

Triple Whale

Rockerbox

Polar Analytics

Emerging social commerce attribution startups

Proova (tracks influencer/ad clicks through confirmed revenue, including some offline payment flows) 
Proova

Logie (creator matching plus attributed social commerce sales) 
Logie

For a retailer trying to measure creator-driven revenue, the shortlist is usually LTK, ShopMy, CreatorIQ, GRIN, Impact.com, LoudCrowd, and Humanz. For a DTC ecommerce brand optimizing total channel ROI, Northbeam, Triple Whale, and Rockerbox are more common complements. 
LoudCrowd
+2
Humanz | The Creator Commerce platform
+2

Sources used:
https://proova.app/

https://www.humanz.com/

https://logie.ai/

https://loudcrowd.com/about/

https://www.bazaarvoice.com/

https://time.com/7177482/amber-venz-box-ltk-interview/

https://www.businessinsider.com/creator-economy-ai-startups-to-watch-according-vc-investors-2026-3

https://www.axios.com/2025/10/07/northbeam-video-views-attribution"
Which tools help creators make money from product links?,"Creators typically monetize product links through affiliate commerce platforms, creator storefront tools, and retailer affiliate programs. The leading tools include:

Tool	Best for	How creators make money
LTK (LikeToKnow.it)	Fashion, beauty, lifestyle creators	Create shoppable posts, storefronts, and collections; earn commissions on purchases driven by content. 
LTK
+1

ShopMy	Premium beauty, fashion, lifestyle creators	Build digital shops, share product recommendations, and earn commissions from brand partnerships and affiliate links. 
ShopMy

Amazon Associates	Broad product recommendations	Generate affiliate links for millions of Amazon products and earn commissions on qualifying purchases. 
Amazon Associates

Walmart Creator	Retail-focused creators	Create affiliate links, build storefronts, track performance, and earn commissions from Walmart purchases. 
Walmart Creator

CreatorIQ / GRIN / Aspire	Professional creator programs	Help brands manage creator partnerships, track sales, and pay creators (often alongside affiliate links).
Impact.com Creator	Enterprise affiliate + creator commerce	Lets creators access brand partnerships, tracking links, and commission programs.
CJ Affiliate	Established affiliate marketers	Provides access to many merchant programs and affiliate tracking infrastructure.
Awin	Global affiliate commerce	Connects creators with thousands of advertisers and manages affiliate payouts.
Rakuten Advertising	Brand partnerships	Provides affiliate links and tracking for large retailers.
Shopify Collabs	DTC/ecommerce creators	Lets creators partner with Shopify merchants and earn commissions from product sales.
Creator storefront/link-in-bio tools

These help turn many product links into a browsable shop:

Beacons — creator link-in-bio pages with monetization features.

Linktree Commerce — product links and commerce integrations.

Stan Store — creator storefronts for products, services, and affiliate recommendations.

Later Influence / Mavely — social selling and ambassador-style commerce.

Major categories of players

Creator commerce marketplaces

LTK

ShopMy

Mavely

Collective Voice (formerly ShopStyle Collective)

Affiliate networks

Amazon Associates

Impact

CJ Affiliate

Awin

Rakuten Advertising

Retailer-owned creator programs

Walmart Creator

Shopify Collabs

Target Creator

TikTok Shop Affiliate

Link management + storefront tools

Beacons

Linktree

Stan Store

Koji

For fashion/beauty/lifestyle influencers, LTK and ShopMy are among the most prominent creator-commerce platforms. For general product creators, Amazon Associates, Impact, and retailer affiliate programs are often the foundation. 
LTK
+1

Sources used:
https://company.shopltk.com/en/creator

https://company.shopltk.com/en/launchyourltk

https://shopmy.us/home/brands/collaborate

https://affiliate-program.amazon.com/

https://creator.walmart.com/"
What are the best Amazon affiliate link tools for creators?,"The best Amazon affiliate link tools for creators depend on whether you need simple link creation, international monetization, analytics, or content-site optimization. The strongest options are:

Tool	Best for	Key features
Geniuslink	YouTubers, influencers, global audiences	Smart Amazon links, country localization, mobile deep linking, link tracking, automatic affiliate routing 
Geniuslink
+1

Amazon Associates SiteStripe	Beginners	Amazon’s built-in tool for quickly creating affiliate links while browsing products; official and free 
Amazon Associates

Lasso	Bloggers and commerce publishers	Product displays, comparison tables, affiliate link management, broken-link monitoring
AAWP	WordPress Amazon affiliates	Amazon product boxes, tables, bestseller lists, API-powered displays
Pretty Links	Creators managing many links	Short links, redirects, click tracking, organization
ThirstyAffiliates	Affiliate-focused websites	Link management, categorization, automatic affiliate link insertion
Kit (formerly ConvertKit) Commerce + affiliate workflows	Newsletter creators	Product recommendations and monetization workflows
LTK / creator storefront tools	Social creators	Product collections and shopping pages (often broader than Amazon only)
Best picks by creator type

YouTube creators

Geniuslink — best overall for video descriptions because it handles international traffic and mobile shopping flows. 
Geniuslink

Amazon SiteStripe — good for starting out.

TikTok / Instagram creators

Geniuslink — useful for turning one product URL into optimized shopping paths. 
Geniuslink

Creator storefront tools (LTK, Beacons, Linktree-style commerce pages) for organizing many products.

Bloggers / SEO publishers

Lasso — strongest for scaling product content.

AAWP — strong Amazon-focused WordPress option.

Pretty Links — useful for general link management.

International audiences

Geniuslink — built specifically around geo-routing and localization across Amazon marketplaces. 
Geniuslink

If you only choose one

Most creators: Geniuslink

Amazon-only WordPress sites: AAWP or Lasso

Just starting: Amazon Associates SiteStripe

Managing hundreds of links: Lasso + a dedicated link shortener/tracker

Sources used:
https://geniuslink.com/solutions/for-creators

https://geniuslink.com/solutions/for-affiliates

https://affiliate-program.amazon.com/"
Which companies help publishers increase affiliate revenue?,"Companies that help publishers increase affiliate revenue generally fall into affiliate commerce platforms, link optimization tools, creator commerce platforms, and affiliate networks. Leading players include:

Company	What they help publishers do
Skimlinks	Automatically monetize commerce content by converting product links into affiliate links, providing access to thousands of merchants, reporting, and optimization tools. 
Skimlinks Support
+1

Sovrn Commerce (formerly VigLink)	Helps publishers optimize affiliate links, compare merchants, manage multiple networks, add product recommendations, and improve yield per click. 
Sovrn Support
+1

Amazon Associates / Amazon Influencer tools	Lets publishers monetize product recommendations with Amazon affiliate commissions; widely used by review sites and content creators. 
TechRadar

CJ Affiliate	Large affiliate network connecting publishers with brands, with tracking, reporting, and partnership management tools. 
TechRadar

Awin	Global affiliate network used by publishers to access advertiser programs and manage affiliate partnerships. 
TechRadar

Impact.com	Provides affiliate partnership management, tracking, attribution, and automation tools for publishers and brands.
Rakuten Advertising	Affiliate network helping publishers monetize traffic through brand partnerships and commerce content.
Partnerize	Enterprise partnership platform focused on affiliate and creator commerce relationships.
LTK (LikeToKnow.it)	Creator commerce platform that helps publishers and influencers monetize product recommendations through tracked shopping links. 
Business Insider

ShopMy	Helps creators and publishers monetize product recommendations and brand partnerships. 
Business Insider

Geniuslink	Optimizes affiliate links with localization, routing, and conversion improvements, especially for Amazon and international commerce.
Affilimate	Analytics platform helping affiliate publishers identify high-performing content, optimize placements, and increase earnings.
Major categories

1. Commerce content monetization

Skimlinks

Sovrn Commerce

Geniuslink

Best for: publishers with editorial content, reviews, buying guides, and product roundups.

2. Affiliate network access

CJ Affiliate

Awin

Rakuten Advertising

Impact.com

Partnerize

Best for: publishers managing direct brand relationships.

3. Creator/publisher shopping platforms

LTK

ShopMy

Amazon Influencer

Best for: influencers, social publishers, newsletters, and recommendation-driven commerce.

4. Revenue optimization & analytics

Affilimate

Sovrn Commerce

Skimlinks reporting tools

Best for: publishers trying to improve EPC (earnings per click), placement strategy, and conversion rates.

For large editorial publishers, Skimlinks and Sovrn Commerce are among the most directly focused on increasing affiliate revenue because they automate link monetization and optimize commerce performance at scale. 
Sovrn Support
+1

Sources used:
https://support.skimlinks.com/hc/en-us/articles/115015691728-What-is-Skimlinks

https://www.skimlinks.com/editorial-publishers

https://www.sovrn.com/commerce/

https://support.sovrn.com/commerce/

https://www.techradar.com/best/best-affiliate-marketing-programs

https://www.businessinsider.com/creator-economy-ai-startups-to-watch-2026-3"
What platforms should a retailer use to improve mobile shopping conversion?,"Retailers looking to improve mobile shopping conversion typically invest across four areas: faster mobile storefronts, app growth/deep linking, checkout optimization, and personalization. Leading platforms include:

Category	Platforms	What they help with
Mobile app growth + deep linking	Branch, AppsFlyer, Adjust, Firebase Dynamic Links alternatives, Kochava	Route shoppers from ads, social, email, and web into the right app screens; improve attribution and app conversion
Mobile commerce platforms	Shopify Plus, BigCommerce, Salesforce Commerce Cloud, Adobe Commerce (Magento)	Build optimized mobile storefronts, manage checkout, and support omnichannel commerce
Conversion optimization / experimentation	Optimizely, VWO, AB Tasty, Dynamic Yield	A/B test mobile UX, product pages, checkout flows, and personalization
Product discovery optimization	Algolia, Constructor, Bloomreach, Nosto	Improve mobile search, recommendations, and merchandising
Customer engagement	Klaviyo, Braze, Iterable, Attentive	Recover carts, drive push/SMS/email conversions, and personalize journeys
Analytics + behavior insights	Amplitude, Mixpanel, Contentsquare, FullStory	Identify mobile funnel drop-offs and UX problems
Payments + checkout optimization	Shop Pay, Stripe, Adyen, Bolt, Klarna	Reduce checkout friction and improve payment completion
Particularly important for retailers with mobile apps

1. Deep linking platforms

Branch — widely used for linking campaigns directly into app product pages, carts, and promotions.

AppsFlyer OneLink — combines attribution with deep linking for app acquisition and re-engagement.

Kochava / Adjust — strong mobile measurement and attribution capabilities.

Deep linking matters because sending an existing app user to a generic mobile website creates friction; routing them directly to the relevant product or checkout page can improve conversion. Google highlights deep linking as a way to connect ads to relevant in-app content and improve shopping journeys. 
Google Help
+1

2. Mobile commerce infrastructure

Shopify Plus — strong for DTC brands needing fast mobile commerce.

BigCommerce — enterprise-friendly ecommerce platform with mobile-optimized storefront capabilities. 
BigCommerce

Salesforce Commerce Cloud — suited for large retailers with complex omnichannel needs.

Adobe Commerce — flexible for highly customized commerce experiences.

3. Conversion optimization stack
A mature retailer often combines:

Contentsquare/FullStory → understand where shoppers struggle

Optimizely/VWO → test fixes

Dynamic Yield/Bloomreach → personalize experiences

Braze/Klaviyo → bring shoppers back

Common high-impact mobile conversion improvements

Route app-installed users directly into product pages (deep links).

Reduce checkout steps and support wallets like Apple Pay/Google Pay.

Improve mobile search and recommendations.

Use behavioral analytics to identify abandonment points.

Personalize offers and merchandising by shopper intent.

For a large retailer, a typical best-of-breed stack would be:
Salesforce Commerce Cloud or Shopify Plus + Branch/AppsFlyer + Contentsquare + Optimizely + Braze + Algolia/Bloomreach.

Sources used:
https://support.google.com/google-ads/answer/13505586

https://support.google.com/google-ads/answer/16413010

https://www.bigcommerce.com/product/sell-on-mobile/

https://business.google.com/aunz/think/marketing-strategies/shopee-deep-link-case-study/"
Who are the main competitors in mobile attribution and deep linking?,"The main competitors in mobile attribution and deep linking are a mix of mobile measurement partners (MMPs) and deep-linking specialists. The leading vendors are: 
Leapwave
+1

Company	Core Strength	Common Use Cases
AppsFlyer	Mobile attribution, analytics, fraud prevention, deep linking (OneLink)	Enterprise app marketers, paid acquisition measurement, omnichannel attribution
Adjust	Mobile measurement, attribution, fraud prevention, automation	Gaming, fintech, subscription apps, global app marketers
Branch	Deep linking + attribution + cross-platform journeys	Web-to-app conversion, referrals, influencer links, commerce journeys
Kochava	Enterprise attribution, identity resolution, deep linking (SmartLinks), omnichannel measurement	Large brands needing configurable attribution and privacy controls
Singular	Marketing analytics, attribution, cost aggregation, campaign optimization	Performance marketers managing many ad channels
Firebase (Google)	App analytics, install measurement, basic deep linking alternatives	Smaller apps and Google-centric mobile stacks
Airbridge	Mobile attribution and incrementality measurement	Growth teams, especially in Asia-Pacific markets
Tenjin	Lightweight mobile attribution focused on indie developers and games	Smaller gaming studios
AppTweak / Sensor Tower / data platforms	App intelligence rather than pure attribution	Competitive research and app growth analytics

Leapwave
+1

Competitive landscape

1. AppsFlyer vs Adjust vs Kochava

These are the closest competitors in the mobile measurement platform (MMP) category.

They compete on:

install and event attribution

SKAdNetwork support

fraud detection

paid media measurement

reporting APIs

privacy-era measurement capabilities

Kochava
+1

2. Branch

Historically strongest in deep linking and user journey routing.

Used heavily for:

referral programs

QR codes

influencer campaigns

web-to-app flows

deferred deep links

Kochava
+1

3. Kochava

Often positioned between Branch and traditional MMPs because it combines:

attribution

identity resolution

deep links

omnichannel measurement

Kochava
+1

4. Singular

Competes more heavily in marketing intelligence:

unified reporting

ad spend aggregation

campaign analytics

attribution workflows

Kochava

For ecommerce / retail mobile journeys specifically

The most relevant competitive set is usually:

Branch — strongest for web-to-app conversion and commerce links

AppsFlyer — strongest for enterprise attribution stack

Adjust — strong alternative MMP

Kochava — strong enterprise omnichannel option

Singular — strong marketing analytics layer

Kochava
+1

Sources used:
https://www.kochava.com/attribution-deeplinking/

https://www.kochava.com/attribution-deeplinking/

https://leapwave.ai/resources/best-deep-linking-tools

https://www.kochava.com/kochava-difference/

https://www.appsflyer.com/advantage/branch/"
Which companies help brands optimize post-click shopping journeys?,"Companies that optimize post-click shopping journeys typically focus on what happens after a user taps an ad, affiliate link, creator link, or social post: routing users to the right product page, opening apps when appropriate, preserving attribution, reducing checkout friction, and improving conversion rates.

Company	What they help optimize	Primary use case
Button	Mobile commerce routing, affiliate/partner traffic optimization, post-click conversion	Brands and publishers trying to turn mobile clicks into purchases through better destinations and app/web routing 
Airframe

Branch	Deep linking, mobile attribution, web-to-app journeys	Retailers improving the path from marketing click → app/product experience → conversion 
Branch

AppsFlyer	Mobile attribution, deep linking, customer journey measurement	Brands optimizing acquisition campaigns and app conversion funnels 
G2

Adjust	Mobile measurement, attribution, fraud prevention, app growth analytics	Mobile-first retailers measuring and improving campaign performance 
G2

Airbridge	Mobile measurement and attribution across web/app channels	Brands needing cross-platform conversion visibility 
G2

MikMak	Shopper journey analytics, retailer routing, commerce attribution	Consumer brands tracking how digital campaigns drive purchases across retailers 
Vogue

PostTap (by Button)	Affiliate/product link optimization, Amazon app routing	Creators and commerce publishers improving conversion from product links 
PostTap

Deeplinkly / similar deep-linking platforms	Deferred deep links, app routing, attribution	Apps and retailers ensuring users land on the intended screen after install or click 
Deeplinkly
Competitive landscape by category

1. Mobile commerce routing & deep linking

Button

Branch

AppsFlyer

Adjust

Deeplinkly

Tolinku
These companies reduce friction between a marketing click and the correct shopping destination. 
G2
+1

2. Affiliate and creator commerce optimization

Button

PostTap

Impact.com

Partnerize

Everflow

CreatorIQ (creator commerce workflows)

3. Retailer / omnichannel shopper journey analytics

MikMak

Triple Whale

Northbeam

Rockerbox

Adobe Customer Journey Analytics

4. Conversion optimization after the click

Dynamic Yield

Optimizely

VWO

Nosto

Bloomreach

For a mobile commerce / affiliate / creator-driven shopping journey, the closest competitive set is likely Button, Branch, AppsFlyer, Impact.com, Partnerize, and MikMak because they sit closest to the “click → destination → purchase” problem. 
Airframe
+2
Branch
+2

Sources used:
https://www.g2.com/categories/mobile-attribution/themes/deep-linking

https://www.airframe.ai/product/usebutton-com/analysis

https://posttap.com/

https://www.branch.io/

https://www.mikmak.com/"
What are the best alternatives to traditional affiliate networks?,"The best alternatives to traditional affiliate networks are platforms that move beyond a marketplace of affiliate links and instead focus on direct creator partnerships, owned partner programs, commerce attribution, referrals, and automated tracking. The right choice depends on whether you are a brand, publisher, creator, or SaaS company.

Category	Platforms	Best for
Creator commerce platforms	ShopMy, LTK, CreatorIQ, GRIN, Aspire	Brands working with influencers and creators who drive product sales
Partnership management platforms	impact.com, Partnerize, Everflow	Enterprises replacing affiliate networks with broader partner ecosystems
Direct affiliate program software	Refersion, Tapfiliate, Rewardful, FirstPromoter	Brands that want to own their affiliate relationships
Commerce content monetization	Skimlinks, Sovrn Commerce, LTK	Publishers monetizing editorial content
Referral / ambassador platforms	Friendbuy, Yotpo, ReferralCandy, Social Snowball	Customer referrals and community-driven growth
B2B partner ecosystems	PartnerStack, Crossbeam, Reveal	SaaS companies building reseller and referral channels
Leading alternatives
1. impact.com — unified partnership management

Best overall replacement for large affiliate networks

Combines affiliates, creators, referrals, ambassadors, and strategic partners in one system.

Gives brands direct control over partner recruitment, tracking, attribution, and payouts.

Strong fit for enterprises that want to move from “affiliate channel” to “partnership channel.” 
impact.com
+1

2. Partnerize — enterprise partnership automation

Best for global brands

Enterprise-grade partner management.

Strong attribution, compliance, and partner lifecycle tooling.

Often used by large retailers and travel brands.

3. Creator platforms (ShopMy, LTK, Aspire, GRIN)

Best for replacing affiliate recruitment with creator relationships

These platforms focus on creators rather than traditional affiliates:

Product gifting

Creator discovery

Commission tracking

Shoppable storefronts

Relationship management

ShopMy, for example, focuses on influencer commerce workflows and creator-driven product links. 
The Wall Street Journal
 LTK has historically focused on creator storefronts and shopping discovery. 
Vogue

4. Everflow

Best for performance marketers who want flexible tracking

Tracks affiliate, influencer, referral, and partner campaigns.

Popular with companies running multiple acquisition channels.

More infrastructure-focused than marketplace-focused.

5. Refersion / Tapfiliate / Rewardful

Best for brands building their own affiliate programs

Instead of joining a network:

Recruit partners yourself

Create your own commission rules

Own the partner relationship

Common among Shopify brands, DTC companies, and SaaS businesses.

6. PartnerStack

Best alternative for SaaS affiliate networks

Built around B2B partnerships rather than consumer affiliates.

Helps SaaS companies recruit affiliates, agencies, and referral partners.

Particularly useful when recurring revenue attribution matters. 
Reddit

7. Skimlinks / Sovrn Commerce

Best for publishers

Instead of individually joining hundreds of affiliate programs:

Publishers monetize commerce links automatically.

Platforms handle merchant relationships and tracking.

How companies are replacing traditional affiliate networks

Traditional networks:

Brand → Affiliate network → Affiliate → Customer

Newer models:

Brand → Creator → Customer

Brand → Community → Customer

Brand → Publisher → Customer

Brand → Customer referral → Customer

Brand → Partner ecosystem → Customer

The biggest shift is from affiliate recruitment marketplaces toward first-party partner relationships and measurable commerce attribution.

For an ecommerce brand today, the strongest shortlist is usually:

impact.com (enterprise / broad partnerships) 
impact.com

ShopMy or LTK (creator commerce) 
Vogue
+1

Everflow (performance tracking infrastructure)

Refersion / Tapfiliate (owned affiliate programs)

PartnerStack (SaaS partnerships) 
Reddit

Sources used:
https://impact.com/

https://impact.com/creator/

https://impact.com/performance/

https://www.wsj.com/articles/influencer-startup-shopmy-raises-77-5-million-to-expand-into-new-ad-categories-5ef297c4

https://www.vogue.com/article/unpacking-the-creator-economy-battleground

https://www.reddit.com/r/Superframeworks/comments/1t33p3h/saas_affiliate_program_tools_compared_in_2026/"
Which platforms help brands run creator marketing partnerships?,"Platforms that help brands run creator marketing partnerships typically fall into creator discovery, relationship management, campaign execution, affiliate tracking, and measurement categories. Leading options include:

Platform	Best for	Key capabilities
CreatorIQ	Enterprise creator programs	Large-scale creator discovery, campaign workflows, compliance, analytics, and global creator relationship management. 
Reddit

GRIN	DTC and ecommerce brands	Creator CRM, gifting/seeding programs, ambassador management, affiliate links, commissions, and long-term creator relationships. 
Grin
+1

Aspire	Brand-creator marketplaces and partnerships	Creator discovery, campaign management, creator marketplace, relationship management, and affiliate workflows. 
Aspire

Upfluence	Ecommerce-focused influencer programs	Creator discovery, outreach automation, campaign management, payments, Shopify/Amazon integrations, and sales attribution. 
Upfluence

Traackr	Enterprise influencer relationship management	Creator intelligence, relationship tracking, benchmarking, and measurement. 
Reddit

Tagger by Sprout Social	Social analytics + influencer intelligence	Creator discovery, audience insights, campaign tracking, and social listening. 
Reddit

Modash	Creator discovery and outreach	Finding creators, analyzing audiences, and building targeted partnership lists. 
Reddit

Creator.co	SMB creator campaigns	Creator marketplace, campaign briefs, product seeding, and affiliate-style collaborations.
Mavrck / Later Influence	Scaled influencer campaigns	Creator recruitment, campaign management, UGC workflows, and reporting.
Impact.com Creator	Performance-driven creator partnerships	Creator partnerships combined with affiliate tracking, payouts, and commerce attribution.

Common selection criteria:

Brand awareness campaigns: CreatorIQ, Traackr, Tagger

Ecommerce sales + affiliate revenue: GRIN, Upfluence, Impact.com Creator

Building ambassador communities: GRIN, Aspire, Upfluence

Finding niche creators quickly: Modash, Aspire, Upfluence

Enterprise/global programs: CreatorIQ, Traackr

Sources used:
https://www.upfluence.com/

https://help.aspireiq.com/en/articles/6023393-overview-of-aspire-s-creator-marketplace

https://grin.ai/

https://www.reddit.com/r/SocialMediaMarketing/comments/1ttssv1/comparison_of_influencer_marketing_platforms_in/

https://www.reddit.com/r/u_rajeshjosh/comments/1todaka/legit_b2b_creator_marketing_platforms_in_usa_2026/"
Who are the top players in publisher commerce monetization?,"The main players in publisher commerce monetization (helping publishers, editorial sites, media companies, and content platforms earn revenue from product recommendations, affiliate links, shopping content, and commerce experiences) include:

Company	Core offering	Best fit
Skimlinks (Taboola)	Automated affiliate link monetization, commerce content tools, merchant access, reporting	Large editorial publishers, commerce content teams, media companies 
Skimlinks
+1

Sovrn Commerce (formerly VigLink)	Affiliate link optimization, product recommendations, shopping galleries, link management, revenue optimization	Publishers wanting automated affiliate revenue optimization 
Sovrn Support
+1

Amazon Associates / Amazon Influencer	Amazon product affiliate monetization	Publishers focused on product reviews, buying guides, and high-intent traffic
Impact.com	Partnership management platform covering affiliates, creators, and commerce partnerships	Enterprise publishers and brands running scaled partnerships
CJ Affiliate (Conversant)	Large affiliate network with merchant relationships and tracking	Publishers needing broad advertiser coverage
Awin / ShareASale	Affiliate marketplace connecting publishers with merchants	Niche publishers, bloggers, comparison sites
Rakuten Advertising	Affiliate network and commerce partnership infrastructure	Premium publishers and global commerce programs
LTK (LikeToKnow.it)	Creator-led shopping content monetization	Lifestyle, fashion, beauty, and influencer-driven publishers
ShopMy	Creator commerce storefronts and brand partnerships	Premium creators, publishers, beauty/fashion commerce
CommerceIQ / similar commerce intelligence platforms	Commerce analytics and optimization	Publishers and brands managing large commerce operations
Category leaders by use case

1. Editorial commerce (reviews, buying guides, media sites)

Skimlinks

Sovrn Commerce

CJ Affiliate

Awin

Impact.com

2. Automated affiliate link monetization

Skimlinks

Sovrn Commerce

Skimlinks is particularly notable because it focuses specifically on commerce content monetization and automatically converts qualifying product links into monetized affiliate links. 
Skimlinks
 Sovrn Commerce similarly focuses on link optimization, product recommendations, and helping publishers improve affiliate yield. 
Sovrn Support

3. Creator + publisher commerce

LTK

ShopMy

Impact.com

TikTok Shop ecosystem

4. Product discovery / shopping experiences

Sovrn Commerce

Taboola Commerce / Skimlinks

Custom publisher commerce platforms

Competitive landscape summary

Skimlinks → strongest pure-play publisher commerce monetization platform.

Sovrn Commerce → strongest alternative focused on automated optimization and publisher tooling.

Impact.com → strongest enterprise partnership infrastructure.

CJ Affiliate / Awin / Rakuten → strongest traditional affiliate networks.

LTK / ShopMy → strongest for creator-driven commerce rather than traditional editorial publishers.

Sources used:
https://www.skimlinks.com/company/

https://www.skimlinks.com/editorial-publishers

https://www.sovrn.com/commerce/

https://support.sovrn.com/commerce/

https://www.impact.com/

https://www.cj.com/

https://www.awin.com/

https://www.liketoknow.it/

https://www.shopmy.us/"
What companies help track revenue from influencer links?,"Companies that help brands track revenue from influencer links generally fall into creator affiliate tracking, influencer marketing platforms, and commerce attribution categories. Leading players include:

Company	What they do
LTK (LikeToKnow.it)	Influencer commerce platform that gives creators shoppable links and lets brands track creator-driven product sales and commissions. 
Time

ShopMy	Creator commerce platform focused on influencer storefronts, product seeding, affiliate links, and measuring creator-driven sales. 
Business Insider
+1

TUNE	Affiliate tracking infrastructure used for influencer programs; tracks unique links, conversions, commissions, and revenue attribution. 
Sprout Social

Upfluence	Influencer CRM and campaign platform with ecommerce integrations, affiliate tracking, payments, and ROI analytics. 
Upfluence

GRIN	Creator management platform for ecommerce brands; supports creator links, discount codes, conversions, and revenue reporting.
CreatorIQ	Enterprise creator marketing platform with campaign measurement and performance analytics.
impact.com Creator	Affiliate/creator partnership platform that tracks influencer-generated clicks, conversions, commissions, and revenue.
Shopify Collabs	Shopify-native creator affiliate program tooling with creator links, discount codes, and sales attribution.
Refersion	Ecommerce affiliate tracking platform commonly used by brands to manage influencer affiliates and measure sales.
Social Snowball	Shopify-focused ambassador and influencer affiliate tracking platform for turning customers/creators into revenue partners.
Everflow	Partner marketing attribution platform used by brands and agencies to track influencer and affiliate performance.
ShareASale (Awin)	Affiliate network infrastructure that can attribute influencer-driven purchases through tracked links.
Partnerize	Enterprise partnership platform for tracking influencer, affiliate, and commerce partnerships.
Steer	Creator sales attribution platform that connects influencer activity to orders using links, promo codes, and ecommerce integrations. 
Steer

ThoughtMetric	Ecommerce attribution platform that helps brands measure influencer impact using UTMs, codes, surveys, and multi-touch attribution approaches. 
Reddit
Common tracking methods these platforms use

Unique affiliate links → creator-specific URLs that attribute clicks and purchases. 
Sprout Social

Promo codes → connects offline/social discovery to checkout attribution. 
Steer

UTM tracking → measures traffic sources and campaigns. 
Reddit

Shopify/ecommerce integrations → ties influencer activity directly to orders and revenue. 
Upfluence
+1

Multi-touch attribution → attempts to capture influencer influence beyond last-click sales. 
Reddit

For a brand trying to scale influencer-driven commerce, the strongest competitive set is usually:
LTK + ShopMy + impact.com + TUNE + CreatorIQ + Upfluence + GRIN + Shopify Collabs. 
Time
+2
Sprout Social
+2

Sources used:
https://www.affiliatelink.io/

https://vizlo.io/

https://www.tryglitz.com/

https://sproutsocial.com/influencer-marketing/integrations/tune/

https://www.upfluence.com/

https://proova.app/

https://shoplinky.com/

https://www.usesteer.io/brands

https://www.reddit.com/r/u_ThoughtMetric/comments/1tc0s3h/how_do_you_track_influencer_roi_for_ecommerce/

https://time.com/7177482/amber-venz-box-ltk-interview/"
Which tools are best for ecommerce affiliate attribution?,"The best ecommerce affiliate attribution tools depend on whether you need enterprise partnership attribution, creator/influencer sales tracking, or DTC Shopify-style affiliate management. The leading options are:

Platform	Best for	Key strengths
Impact.com	Enterprise ecommerce + partnerships	End-to-end affiliate, creator, referral, and partnership attribution; strong automation, fraud controls, and partner marketplace
Everflow	Performance-focused ecommerce brands	Granular conversion tracking, partner-level reporting, attribution across affiliates/influencers/referrals, flexible APIs 
Everflow

Partnerize	Large global brands	Enterprise partnership management, multi-touch attribution integrations, and large partner ecosystems 
Partnerize
+1

CJ Affiliate	Brands wanting access to established publishers	Large affiliate network plus tracking infrastructure
Awin	Retail and international ecommerce	Global affiliate network, publisher relationships, and commerce tracking
Refersion	Shopify/DTC brands	Simple affiliate tracking, merchant integrations, creator commissions
UpPromote	Smaller Shopify stores	Low-cost affiliate program setup and basic attribution
Tapfiliate	Mid-market ecommerce	Flexible commission rules, affiliate portals, ecommerce integrations
TUNE	Custom affiliate programs	White-label tracking infrastructure and partner management
Levanta	Amazon sellers	Attribution for Amazon creator/affiliate-driven sales
Best picks by use case

Enterprise ecommerce brands

Impact.com

Partnerize

CJ Affiliate

Awin

DTC / Shopify brands

Everflow

Refersion

Tapfiliate

UpPromote

Creator + influencer commerce attribution

Impact.com

Everflow

Upfluence

Refersion

Performance marketers who need granular tracking

Everflow

TUNE

Impact.com

What to evaluate

For ecommerce affiliate attribution, prioritize:

Order-level tracking (SKU, revenue, refunds, repeat purchases)

Cross-device attribution

Coupon/code attribution

Influencer + affiliate overlap handling

Multi-touch attribution models

Fraud detection

Shopify / ecommerce platform integrations

API access and data export

For most growing ecommerce companies, Everflow is a strong choice when attribution depth matters, while Impact.com is usually the better fit when affiliate is part of a broader creator, referral, and partnership strategy. 
Everflow
+1

Sources used:
https://www.everflow.io/

https://www.g2.com/compare/everflow-vs-partnerize

https://partnerize.com/vantagepoint

https://partnerize.com/integrations"
"What platforms help brands connect affiliate, creator, and retail media programs?","Platforms that connect affiliate, creator, and retail media programs are typically partnership-management platforms, creator commerce platforms, and retail performance platforms. The leading options include:

Platform	Best fit	How it connects affiliate + creator + retail media
Impact.com	Enterprise brands running large partnership ecosystems	Combines affiliate management, creator partnerships, referral programs, and retail media measurement in one platform. Impact positions its platform around unified partnership management and connecting creator activity with retail performance data. 
impact.com
+1

CreatorIQ	Enterprise creator marketing teams	Helps brands discover, manage, measure, and scale creator partnerships; often paired with affiliate tracking platforms to connect creator influence with commerce outcomes.
LTK (LikeToKnow.it)	Retailers, fashion, beauty, lifestyle brands	Creator commerce network where creators publish shoppable content and brands measure sales generated through creator recommendations.
ShopMy	Beauty, fashion, luxury brands	Combines creator relationships, gifting, affiliate commissions, and commerce tracking; strong for turning influencer relationships into measurable sales.
Upfluence	DTC/ecommerce brands	Combines influencer discovery, creator CRM, affiliate links, and ecommerce integrations to track creator-driven revenue.
GRIN	Shopify/DTC brands	Creator relationship management plus gifting, affiliate links, discount codes, and ecommerce attribution.
Partnerize	Enterprise affiliate + partnership programs	Enterprise partnership automation platform supporting affiliates, influencers, and commerce partnerships.
Rakuten Advertising	Large advertisers and publishers	Affiliate network infrastructure with commerce partnerships and publisher monetization capabilities.
Awin	Global affiliate programs	Large affiliate network expanding into influencer and creator commerce workflows.
Walmart Creator	Brands selling through Walmart	Retailer-native creator commerce program where creators generate affiliate links, storefronts, and performance tracking. 
Walmart Creator

Hummingbirds	Retail-focused creator campaigns	Connects creator-generated content with retail outcomes, including verified retail performance measurement. 
Hummingbirds

Levanta	Amazon/Walmart/Shopify brands	Focuses on unifying creator and affiliate programs across ecommerce marketplaces and DTC channels. 
GlobeNewswire
Shortlist by use case

If you want one platform across affiliate + creators + referrals

Impact.com 
impact.com

Partnerize

If the goal is creator-driven commerce

ShopMy

LTK

Upfluence

CreatorIQ

If retail media measurement is the priority

Impact.com 
impact.com

Hummingbirds 
Hummingbirds

Walmart Creator (for Walmart ecosystem) 
Walmart Creator

If you are a Shopify/DTC brand

Upfluence

GRIN

Impact.com

Levanta 
GlobeNewswire

The broader market trend is moving from separate affiliate software + influencer marketing software + retail media dashboards toward unified “partnership commerce” platforms that attribute creator influence through to actual sales. 
impact.com
+1

Sources used:
https://impact.com/

https://impact.com/retail-media/content-creators-and-retail-media/

https://creator.walmart.com/

https://www.hummingbirds.com/

https://www.creator.co/

https://www.globenewswire.com/news-release/2026/03/02/3247311/0/en/Levanta-Unifies-Creator-and-Affiliate-Programs-Across-Shopify-Amazon-and-Walmart.html"
Which companies help retailers drive more app installs from commerce traffic?,"Companies that help retailers drive app installs from commerce traffic generally fall into a few categories: web-to-app conversion platforms, mobile attribution/deep-linking providers, and performance marketing platforms.

Company	What they help retailers do	Typical use case
Branch	Convert mobile web visitors into app users with banners, deep links, and deferred deep linking	A shopper views a product page on mobile web → prompted to install app → lands on the same product after install 
Branch
+1

AppsFlyer	Web-to-app conversion, app attribution, deep linking, campaign measurement	Retailers track which commerce channels, affiliates, ads, or creators drive installs and downstream purchases 
AppsFlyer
+1

Adjust	Mobile attribution, web-to-app journeys, deferred deep linking	Retailers connect web campaigns and landing pages to app installs and measure acquisition performance 
Adjust Help Center
+1

Kochava	Smart links, deep linking, install attribution, omnichannel measurement	Retailers use links from email, social, QR codes, ads, and partner traffic to drive app adoption 
Kochava

Singular	Mobile measurement and marketing analytics	Helps optimize paid acquisition channels that generate app installs
Firebase App Distribution / Google tooling	App growth infrastructure and analytics (more developer-oriented)	Basic app campaigns and app analytics workflows
Airship	Mobile engagement and lifecycle optimization	Converts existing shoppers into app users through messaging and personalization
OneSignal	Push notifications and app engagement	Helps retailers retain and activate newly acquired app users
Commerce-focused players to consider

1. Branch

Strong fit for retailers with large mobile web traffic.

Common pattern: product page → smart banner → app install → deferred deep link back to product/cart. 
Branch

2. AppsFlyer

Strong fit for enterprise retailers needing attribution across paid media, affiliates, influencers, and owned channels.

OneLink supports links that route users to the app store when needed and into specific app experiences after install. 
AppsFlyer
+1

3. Adjust

Strong for retailers with sophisticated acquisition programs.

Supports web-to-app measurement and preserving campaign context through install flows. 
Adjust Help Center

4. Kochava

Strong for omnichannel retailers using QR codes, email, social, paid media, and partner campaigns.

SmartLinks can be used across web and owned channels to measure installs and engagement. 
Kochava

Adjacent acquisition channels

Retailers also use:

Meta App Promotion campaigns

Google App campaigns

TikTok app install campaigns

Affiliate/creator platforms with app tracking

Retail media networks that can send shoppers into apps

A common enterprise stack looks like:

Commerce traffic sources (SEO, affiliates, influencers, retail media, ads)
→ Branch / AppsFlyer / Adjust / Kochava smart links
→ App Store / Google Play
→ Deferred deep link into product page or checkout
→ Attribution + purchase measurement

Sources used:
https://www.appsflyer.com/products/deep-linking/web-to-app/

https://www.appsflyer.com/products/deep-linking/

https://www.branch.io/products/banners/

https://www.branch.io/deep-linking/

https://help.adjust.com/en/article/web-to-app

https://help.adjust.com/en/article/deep-links

https://www.kochava.com/ko/product/deep-linking/"
Who are the top companies in mobile performance marketing?,"Top companies in mobile performance marketing generally fall into a few categories: user acquisition platforms, mobile ad networks/DSPs, attribution & measurement platforms, and growth agencies. The major players include: 
AppsFlyer
+1

Company	Category	What they are known for
AppLovin	Mobile performance advertising platform	Large-scale mobile user acquisition, app install campaigns, AI-driven ad optimization, and in-app monetization. 
Wikipedia

Google Ads (UAC)	Mobile acquisition platform	One of the largest channels for app installs through Google Search, YouTube, Display, and Play Store inventory. 
AppsFlyer

Meta Ads	Mobile acquisition platform	Performance campaigns across Facebook and Instagram, especially strong for app installs and re-engagement. 
AppsFlyer

TikTok Ads	Mobile acquisition platform	Short-form video-driven app growth, creator-style ads, and performance acquisition. 
AppsFlyer

Moloco	AI-powered mobile DSP	Machine-learning-driven user acquisition and commerce/app advertising optimization. 
Moloco

Liftoff	Mobile growth platform	App user acquisition, retargeting, monetization, and mobile ad optimization. 
Liftoff

Unity Ads / ironSource	Mobile gaming advertising	Major mobile gaming acquisition and monetization ecosystem. 
AppsFlyer

Mintegral (Mobvista)	Mobile ad network	Global mobile acquisition, especially strong in gaming and emerging markets. 
AppsFlyer

InMobi	Mobile advertising platform	Mobile-first advertising, app growth, and OEM/device partnerships. 
Business Insider

Digital Turbine	Mobile growth platform	Carrier/OEM distribution, app discovery, and performance advertising.
Remerge	Mobile retargeting platform	App re-engagement and retention campaigns. 
Business of Apps

Vungle (part of Liftoff)	Mobile video advertising	In-app video ads and performance campaigns. 
Barron's
Measurement and attribution leaders (often paired with these channels)

AppsFlyer — mobile attribution, campaign measurement, deep linking, and media partner benchmarking. Its Performance Index ranks major mobile media sources based on billions of installs and conversions. 
AppsFlyer
+1

Adjust — mobile measurement, attribution, fraud prevention, and analytics. 
Wikipedia

Singular — mobile attribution and marketing analytics. 
Business Model Canvas Templates

Branch — deep linking and mobile growth analytics. 
Business Model Canvas Templates

For ecommerce/retailers specifically

The most relevant mobile performance marketing stack is often:

AppLovin / Moloco / Liftoff → paid acquisition and optimization

Google + Meta + TikTok → scaled demand capture

AppsFlyer / Adjust / Singular → attribution and incrementality measurement

Branch → app install-to-purchase journeys and deep linking

Sources used:
https://www.appsflyer.com/company/newsroom/pr/performance-index-2025/

https://www.appsflyer.com/resources/reports/performance-index/

https://www.moloco.com/blog/moloco-rankings-performance-index-2025-edition

https://liftoff.ai/

https://www.businessofapps.com/marketplace/app-marketing/"
What are the best platforms for app-to-app commerce linking?,"The best platforms for app-to-app commerce linking are typically mobile deep-linking and attribution platforms that let a user move from one app, ad, creator channel, marketplace, or partner experience directly into a specific screen inside a commerce app (product page, cart, checkout, loyalty page, etc.). 
DirectClick
+1

Platform	Best for	Key strengths
Branch	Commerce apps, marketplaces, partner ecosystems	Deep linking, deferred deep links, web-to-app journeys, personalized product links, referral flows, cross-channel measurement 
Branch
+1

AppsFlyer OneLink	Enterprise app growth + attribution	Deep links combined with mobile measurement, campaign attribution, partner integrations, fraud controls 
AppsFlyer

Adjust	Mobile attribution + growth teams	Deep linking, attribution, analytics, fraud prevention, lifecycle measurement 
Techmagnate

Kochava	Enterprise omnichannel commerce	Mobile attribution, identity resolution, deep linking, audience activation 
U2L

Singular	Performance marketing teams	Attribution, campaign measurement, unified marketing analytics, link tracking 
U2L

Airbridge	Mobile-first consumer apps	Attribution, deep linking, campaign analytics, user journey measurement 
U2L

JotURL	Ecommerce marketers and affiliate teams	Link management, tracking, campaign links, app routing use cases 
Sellbery
Shortlist by use case

Retailer trying to move shoppers from partners/social/ads into the app

Branch

AppsFlyer OneLink

Adjust

Marketplace or commerce ecosystem connecting multiple apps

Branch

Kochava

AppsFlyer

Affiliate / creator commerce traffic

Branch

JotURL

AppsFlyer

Paid acquisition optimization

AppsFlyer

Adjust

Singular

Category leaders to evaluate

Branch — strongest reputation for mobile linking and commerce-style journeys. 
Branch
+1

AppsFlyer — strongest when deep linking is part of a broader mobile measurement stack. 
AppsFlyer

Adjust — strong alternative for attribution-heavy growth organizations. 
Techmagnate

Sources used:
https://www.techmagnate.com/blog/adjust-vs-appsflyer-vs-branch-tools-comparison/

https://www.directclick.io/articles/top-deep-linking-platforms-which-one-is-right-for-you.html

https://openforge.io/appsflyer-vs-branch-vs-adjust-attribution-stack/

https://www.appsflyer.com/advantage/branch/

https://u2l.ai/blog/best-deep-linking-tools

https://www.branch.io/deep-linking/

https://sellbery.com/blog/best-deep-linking-tools-for-e-commerce-app-growth-in-2026/"
Which companies help brands measure sales from social commerce traffic?,"Companies that help brands measure sales from social commerce traffic generally fall into a few categories: social commerce attribution, creator/influencer commerce tracking, ecommerce marketing attribution, and affiliate/partner measurement. 
Conbersa
+1

Company	Category	What they help measure
Triple Whale	Ecommerce attribution	Revenue attribution across paid social, creators, influencers, email, and other channels for DTC brands. 
The CMO
+1

Northbeam	Marketing attribution	Multi-touch attribution connecting social ad exposure, clicks, and first-party purchase data. 
Axios

AppsFlyer	Mobile attribution	App installs, in-app purchases, and mobile conversion journeys from social campaigns. 
The CMO

Adjust	Mobile measurement	Mobile campaign attribution, fraud prevention, and ROI measurement for social acquisition channels.
Branch	Deep linking + attribution	Tracks mobile web-to-app journeys, referrals, and conversions from social links.
Kochava	Mobile attribution	Measures app and customer lifecycle performance from social and paid media sources.
Impact.com	Partnership/creator attribution	Tracks creator, affiliate, and partner-driven sales and commissions.
LTK (LikeToKnow.it)	Creator commerce	Measures influencer-driven product discovery and purchases. 
Time

CreatorIQ	Creator marketing measurement	Tracks creator campaigns, engagement, conversions, and brand impact.
GRIN	Creator commerce platform	Helps ecommerce brands manage creators and measure attributed revenue.
Shopify Collabs	Creator affiliate tracking	Tracks creator-generated orders and commissions for Shopify merchants.
Awin	Affiliate commerce attribution	Measures affiliate and influencer referral sales.
Rakuten Advertising	Affiliate network analytics	Tracks publisher, influencer, and partner-driven commerce revenue.
Partnerize	Partnership attribution	Measures partner contribution and incremental revenue.
Klaviyo	Ecommerce analytics	Connects social acquisition signals with customer lifecycle and revenue data. 
The CMO

HockeyStack	Revenue attribution	Multi-channel attribution linking marketing touchpoints to revenue outcomes. 
The CMO

Common leaders by use case:

DTC brands running TikTok/Instagram commerce: Triple Whale, Northbeam, Shopify Collabs, LTK

Brands scaling creator programs: CreatorIQ, GRIN, Impact.com, Partnerize

Mobile-first retailers/apps: AppsFlyer, Adjust, Branch, Kochava

Enterprise omnichannel attribution: Northbeam, Impact.com, Adobe Analytics, Google Analytics 4 
WeTracked

For a retailer trying to answer “which social post, creator, or platform actually drove revenue?”, the strongest stack is often:

Creator/affiliate tracking (Impact, LTK, CreatorIQ)

Commerce attribution layer (Triple Whale, Northbeam)

Mobile attribution/deep linking if app purchases matter (AppsFlyer, Branch, Adjust)

Sources used:
https://www.conbersa.ai/learn/social-commerce-attribution-and-tracking

https://www.attnagency.com/blog/social-commerce-attribution-tracking-revenue-across-platforms-dtc-2026

https://www.wetracked.io/post/marketing-attribution-tools

https://thecmo.com/tools/best-marketing-attribution-software/

https://www.axios.com/2025/10/07/northbeam-video-views-attribution

https://time.com/7177482/amber-venz-box-ltk-interview/"
What are the top tools for brands trying to improve mobile affiliate conversion?,"The top tools for brands trying to improve mobile affiliate conversion generally fall into four categories: deep linking, mobile attribution, affiliate/partner management, and conversion optimization. The strongest stacks usually combine several of these rather than relying on one platform.

Tool	Best for	Why brands use it
Branch	Mobile deep linking + web-to-app conversion	Creates smart links that route shoppers into the right app screen, preserve campaign context, and measure mobile journeys. Strong fit for ecommerce brands driving affiliate/social traffic into apps. 
Branch
+1

AppsFlyer OneLink	Mobile attribution + deep linking	Helps brands connect affiliate clicks to installs, in-app actions, and revenue while routing users into personalized app experiences. 
AppsFlyer
+1

Adjust	Mobile measurement and attribution	Useful for brands needing campaign measurement, fraud prevention, and optimization across mobile channels. 
G2

Impact.com	Affiliate/partner commerce management	Strong for managing affiliate relationships, tracking partner-driven sales, and supporting mobile partner campaigns. 
Branch Help Center

Kochava	Enterprise mobile attribution	Provides mobile measurement, attribution, and audience analytics for larger app ecosystems. 
Leapwave

Singular	Marketing analytics + attribution	Helps consolidate mobile campaign data and optimize spend across acquisition channels. 
Leapwave

Partnerize	Enterprise affiliate partnerships	Good for brands managing large partner ecosystems and optimizing partner revenue.
Awin / CJ Affiliate / Rakuten Advertising	Affiliate network scale	Useful when brands need publisher discovery, affiliate tracking, and commerce partnerships.
Klaviyo / Braze	Post-click conversion optimization	Helps convert affiliate-acquired users through lifecycle messaging, personalization, and retention campaigns.
Common high-performing stacks

Retailer with a mobile app

Branch or AppsFlyer → deep links + attribution

Impact / Partnerize → affiliate management

Braze / Klaviyo → retention and repeat purchase optimization

Creator-driven commerce

Impact, CreatorIQ, or Upfluence → creator partnerships

Branch → creator links that open the right app/product page

AppsFlyer → measure installs and purchases

Large ecommerce marketplace

AppsFlyer or Adjust → measurement layer

Partnerize / Impact → affiliate ecosystem

Internal BI/CDP → lifetime value optimization

Key capabilities to prioritize:

Deferred deep linking — users who install after clicking an affiliate link should still land in the right product/app experience. 
AppsFlyer

Cross-device attribution — connect mobile web clicks, app installs, and purchases. 
AppsFlyer

Affiliate-level revenue reporting — measure which partners drive profitable customers, not just clicks.

App checkout optimization — reduce friction after the click by routing users directly to products, carts, or offers.

Sources used:
https://www.g2.com/categories/mobile-attribution/themes/deep-linking

https://www.appsflyer.com/products/deep-linking/

https://www.branch.io/

https://www.appsflyer.com/solutions/ecommerce

https://help.branch.io/marketer-hub/docs/impact

https://www.branch.io/universal-ads/"
Who are the top mobile commerce optimization platforms?,"Top mobile commerce optimization platforms typically fall into a few categories: mobile app conversion optimization, personalization, engagement automation, attribution/deep linking, and shopping journey optimization. Leading players include:

Company	Primary capability	Best fit
Branch	Deep linking, mobile journeys, attribution, app/web routing	Brands trying to convert mobile traffic into app installs, app opens, and purchases
AppsFlyer	Mobile measurement, attribution, analytics, campaign optimization	Enterprises optimizing paid acquisition and app revenue
Adjust	Mobile attribution, fraud prevention, analytics	Apps with sophisticated growth measurement needs
Kochava	Mobile attribution and identity analytics	Large brands needing cross-channel measurement
Dynamic Yield	AI personalization, recommendations, experimentation	Retailers optimizing product discovery and conversion
Braze	Customer engagement, push, in-app messaging, lifecycle marketing	Brands improving retention and repeat purchases
MoEngage	Mobile engagement automation, segmentation, personalization	Commerce apps focused on retention and lifecycle growth
Insider	Omnichannel personalization and customer journeys	Retail/ecommerce brands optimizing experiences across channels
CleverTap	Mobile engagement, analytics, personalization	Consumer apps driving engagement and conversion
Bloomreach	Commerce personalization and search optimization	Ecommerce companies improving discovery and merchandising

G2
+2
MoEngage
+2

Segment leaders by use case

Mobile traffic → app conversion

Branch

AppsFlyer

Adjust

Kochava

In-app shopping conversion

Dynamic Yield

Insider

Bloomreach

Adobe Target

Retention and repeat purchase optimization

Braze

MoEngage

CleverTap

Affiliate/social/mobile commerce routing

Branch

AppsFlyer

Singular

Impact.com

Retailer-grade personalization

Dynamic Yield

Bloomreach

Salesforce Personalization

Adobe Target

For a retailer focused specifically on turning mobile commerce clicks (affiliate, creator, social, ads) into purchases, the most relevant competitive set is usually Branch + AppsFlyer + Adjust + Dynamic Yield + Braze/MoEngage because they cover the path from acquisition → routing → personalization → conversion → retention. 
Techmagnate
+1

Sources used:
https://www.branch.io/

https://www.appsflyer.com/

https://www.moengage.com/app-marketplace/

https://www.g2.com/compare/appsflyer-vs-moengage

https://www.techmagnate.com/blog/adjust-vs-appsflyer-vs-branch-tools-comparison/"
What are the best affiliate commerce platforms for ecommerce brands?,"The best affiliate commerce platforms for ecommerce brands depend on whether you need large publisher reach, creator partnerships, DTC affiliate management, or enterprise attribution/control. The leading options are: 
Shopify
+1

Platform	Best for	Why ecommerce brands use it
Impact.com	Enterprise ecommerce + creator partnerships	Strong partner discovery, automation, attribution, contracting, payments, and creator/affiliate management.
CJ Affiliate	Large retail brands	One of the longest-running affiliate networks with broad publisher coverage, deep-linking, product feeds, and enterprise capabilities. 
CJ

Awin (incl. ShareASale)	Retail, fashion, beauty, international brands	Large global partner ecosystem, strong publisher relationships, and broad ecommerce coverage. Awin reports 30K+ brands and 1M+ approved partners. 
Awin

Rakuten Advertising	Premium retail advertisers	Strong relationships with major publishers, loyalty sites, influencers, and global retail brands. 
Shopify

Partnerize	Enterprise partnership programs	Good for brands running sophisticated partner ecosystems beyond traditional affiliates.
Refersion	Shopify/DTC brands	Easier affiliate program setup for smaller ecommerce merchants; strong Shopify orientation.
Everflow	Brands wanting flexible tracking infrastructure	Useful for performance marketing teams managing affiliates, influencers, and paid partnerships.
Shopify Collabs	Shopify merchants working with creators	Native Shopify workflow for recruiting and managing creator affiliates.
GRIN / Upfluence / CreatorIQ	Creator-led commerce	Better when affiliate revenue is driven primarily through influencers rather than publishers.
Best picks by brand type

Enterprise ecommerce (Nike, Sephora, global retailers)

Impact.com

CJ Affiliate

Rakuten Advertising

Awin

Resonate

DTC brands on Shopify

Impact.com (if scaling)

Refersion

Shopify Collabs

Upfluence / GRIN for creator-heavy programs

Fashion, beauty, lifestyle

Awin

CJ Affiliate

Rakuten

ShopMy (creator commerce focus) 
Vogue

B2B or SaaS ecommerce-adjacent products

Impact.com

PartnerStack

Partnerize

Shortlist of category leaders

Impact.com — best overall enterprise affiliate + creator commerce platform

CJ Affiliate — best traditional affiliate network for large retailers

Awin — best global retail affiliate ecosystem

Rakuten Advertising — best premium publisher relationships

Refersion — best lightweight DTC affiliate platform

For most ecommerce brands today, the decision usually comes down to:

Need scale + enterprise controls → Impact/CJ/Awin

Need creators/influencers → Impact/Shopify Collabs/GRIN/ShopMy

Need a simple DTC affiliate launch → Refersion

Need global retail reach → Awin/Rakuten 
Resonate
+1

Sources used:
https://www.shopify.com/blog/affiliate-networks

https://www.cj.com/solutions/cj-affiliate

https://thinkresonate.com/commerce-economy/us-affiliate-network-comparison-international-brands

https://www.awin.com/us/

https://www.shopify.com/blog/affiliate-programs-for-retailers

https://www.voguebusiness.com/story/technology/why-this-influencer-favourite-affiliate-platform-is-launching-a-shopping-site"
Which companies help retailers improve mobile app conversion?,"Companies that help retailers improve mobile app conversion typically focus on deep linking, app acquisition, personalization, analytics, checkout optimization, and lifecycle engagement. Key players include:

Company	Category	How they help improve app conversion
Button	Mobile commerce optimization / deep linking	Routes shoppers from mobile web, affiliate, creator, and marketing links into the right app experience to reduce friction and increase purchases. 
PostTap

AppsFlyer	Mobile attribution + deep linking	Uses OneLink deep links to send users from campaigns directly into relevant app screens and improve acquisition efficiency and engagement. 
AppsFlyer

Branch	Deep linking + mobile growth	Helps brands create app journeys from web, ads, email, QR codes, and social channels with deferred deep linking and attribution.
Kochava	Mobile attribution + analytics	Provides deep linking, attribution, and analytics tools to connect campaigns with app actions and purchases. 
Kochava

Google App Campaigns / Web to App Connect	App acquisition + conversion optimization	Helps retailers move users from ads and mobile web into app experiences with conversion measurement and deep links. 
Google
+1

Firebase (Google)	App development + analytics	Provides app analytics, experimentation, messaging, and performance tools for improving user journeys.
Airship	Mobile engagement	Helps retailers improve retention and conversion through push notifications, in-app messaging, and personalization.
Braze	Customer engagement platform	Enables lifecycle campaigns, personalized messaging, and behavioral targeting to increase app engagement and purchases.
MoEngage	Mobile engagement + personalization	Helps retailers optimize onboarding, notifications, segmentation, and conversion journeys.
CleverTap	App engagement analytics	Provides user segmentation, campaigns, and personalization to improve activation and retention.
Leanplum (acquired by CleverTap)	Mobile personalization	Historically focused on app experimentation and personalized user journeys.
UXCam	Mobile app analytics	Helps identify UX friction through session replay, funnels, and behavioral analytics.
Amplitude	Product analytics	Helps teams analyze app funnels, user behavior, and conversion drop-offs.
Mixpanel	Product analytics	Tracks user journeys and conversion events to optimize app experiences.
AppTweak	App store optimization	Improves app discoverability and install conversion through ASO analytics.
Split / Optimizely	Experimentation	Enables A/B testing of app experiences, onboarding flows, and conversion changes.
Particularly relevant for ecommerce retailers

For a retailer trying to increase shopping app conversion, the most directly relevant stack is usually:

Deep linking & routing

Button

Branch

AppsFlyer

Kochava
(Reduce leakage between ads/social/affiliate clicks and the app checkout flow.) 
PostTap
+1

Lifecycle conversion

Braze

Airship

MoEngage

CleverTap
(Increase repeat purchases and reactivation.)

Measurement & optimization

Amplitude

Mixpanel

UXCam
(Find where users abandon onboarding, search, cart, or checkout.)

Paid acquisition into apps

Google App Campaigns

AppLovin

Meta App Ads
(Acquire higher-intent app users.)

Sources used:
https://support.google.com/google-ads/answer/16413010

https://business.google.com/us/accelerate/resources/articles/supercharge-business-growth/

https://www.appsflyer.com/products/deep-linking/

https://www.kochava.com/product/free-app-analytics/free-deep-linking/

https://posttap.com/"
Who are the major players in mobile deep linking for ecommerce?,"Major players in mobile deep linking for ecommerce generally fall into two groups: (1) mobile growth/attribution platforms that provide deep links as part of a broader stack, and (2) specialized commerce/link-routing platforms. 
Singular
+1

Company	Role in ecommerce deep linking	Strengths
Branch	Mobile linking, deferred deep linking, app growth infrastructure	One of the best-known deep linking specialists; strong for app-to-app journeys, referrals, campaigns, and commerce experiences
AppsFlyer (OneLink)	Mobile attribution + deep linking	Strong enterprise adoption; combines deep links with attribution, campaign measurement, and lifecycle analytics. 
AppsFlyer

Adjust	Mobile measurement platform with deep linking capabilities	Popular with large app-first businesses needing attribution, fraud prevention, and campaign optimization
Singular	Mobile attribution + deep links	Provides universal/deferred deep links tied to conversion measurement and ROAS reporting. 
Singular

Kochava	Mobile attribution and engagement platform	Enterprise mobile measurement with linking and identity capabilities
URLgenius	Commerce-focused deep linking	Designed for retailers and marketers; routes users into apps or mobile web destinations without requiring complex developer work. 
Urlgenius

Geniuslink	Affiliate and commerce link optimization	Popular with creators and commerce publishers; specializes in mobile shopping links, localization, and affiliate attribution. 
Geniuslink

Firebase Dynamic Links alternatives / custom solutions	App-owned linking infrastructure	Some retailers build internal solutions using Universal Links (iOS) and App Links (Android)
Common ecommerce use cases

Web-to-app conversion: send shoppers from a mobile site directly into the relevant product screen in the retailer app. 
Urlgenius

Affiliate/creator links: preserve attribution when shoppers move from social content into shopping apps. 
Geniuslink

Paid media optimization: route ad clicks into personalized app experiences and measure downstream purchases. 
AppsFlyer

Email/SMS/push commerce: deep link customers into carts, products, promotions, or loyalty flows. 
Singular

Competitive landscape summary

Enterprise ecommerce apps: Branch, AppsFlyer, Adjust, Singular, Kochava

Retailer marketing teams wanting easier deployment: URLgenius

Affiliate/creator commerce ecosystems: Geniuslink

Mobile attribution-first buyers: AppsFlyer, Adjust, Singular, Kochava

Sources used:
https://www.singular.net/deep-linking/

https://www.appsflyer.com/products/deep-linking/

https://geniuslink.com/mobile-deep-linking

https://app.urlgeni.us/blog/deep-linking-ecommerce-mobile-apps"
What are the top platforms for affiliate marketing attribution?,"The leading affiliate marketing attribution platforms are typically the ones that combine affiliate tracking, partner management, conversion attribution, commission automation, and reporting. The market has increasingly shifted from traditional affiliate networks toward broader partnership management platforms that support creators, influencers, publishers, and strategic partners. 
Martech Record
+1

Platform	Best for	Key attribution capabilities
Impact.com	Enterprise brands and global partner programs	Partner-level conversion tracking, attribution rules, fraud controls, automated commissions, marketplace discovery, reporting 
Worldmetrics
+1

Partnerize	Large brands running complex partnership ecosystems	Multi-touch partnership attribution, partner performance analytics, workflow automation, enterprise governance 
The Digital Merchant
+1

CJ Affiliate (Commission Junction)	Large advertiser/publisher networks	Affiliate link tracking, publisher attribution, transaction reporting, network-scale measurement 
Martech Record

Awin	Global affiliate programs and publisher reach	Click-to-conversion tracking, advertiser reporting, publisher attribution, network management 
Worldmetrics
+1

Rakuten Advertising	Enterprise commerce and publisher partnerships	Affiliate tracking, publisher reporting, campaign measurement, network attribution 
Gitnux

Everflow	Performance marketers and brands needing flexible tracking	Conversion tracking, partner attribution, postbacks, customizable reporting, fraud monitoring 
The Digital Merchant

TUNE	Affiliate networks and SaaS companies	Custom affiliate tracking infrastructure, attribution logic, partner management APIs 
Worldmetrics

PartnerStack	B2B SaaS partner programs	Partner attribution, referral/deal tracking, commission workflows, partner analytics 
Worldmetrics
+1

Refersion	Ecommerce brands (especially Shopify)	Affiliate link tracking, influencer attribution, commission management, ecommerce integrations 
WifiTalents

Affise	Performance marketing networks and mobile-focused teams	Affiliate tracking, attribution, fraud detection, campaign analytics, mobile measurement capabilities 
Wikipedia
Common shortlist by use case

Enterprise ecommerce brands

Impact.com

Partnerize

CJ Affiliate

Awin

Rakuten Advertising

DTC / Shopify brands

Impact.com

Refersion

Everflow

UpPromote

GoAffPro

Creator + influencer commerce attribution

Impact.com

CreatorIQ (often paired with affiliate platforms)

LTK

GRIN

Refersion

Affiliate networks / performance agencies

Everflow

TUNE

Affise

CAKE

Trackier

B2B SaaS partner attribution

PartnerStack

Impact.com

Everflow

For a retailer trying to measure incremental revenue from affiliates, creators, and commerce content, the strongest enterprise contenders are usually Impact.com, Partnerize, CJ Affiliate, Awin, and Everflow because they provide deeper partner-level attribution and operational tooling rather than only link tracking. 
The Digital Merchant
+1

Sources used:
https://thedigitalmerchant.com/best-brand-partnership-and-affiliate-management-platforms/

https://worldmetrics.org/best/affiliate-manager-software/

https://martechrecord.com/past-events/demo-days-affiliate-marketing-technology-updates/

https://www.g2.com/categories/affiliate-marketing

https://gitnux.org/service/affiliate-network/

https://gitnux.org/best/affiliate-marketing-management-software/

https://wifitalents.com/best/partner-marketing-software/

https://zipdo.co/best/affiliate-marketing-network-software/

https://www.linkjolt.io/blog/best-affiliate-tracking-software

https://affise.com"
Which companies help brands track creator-driven sales?,"Companies that help brands track creator-driven sales generally fall into creator commerce attribution, affiliate tracking, and influencer marketing platforms. Key players include:

Company	What they track	Best fit
LTK (LikeToKnow.it)	Creator product links, attributed purchases, commissions, shopper journeys	Fashion, beauty, lifestyle brands running large creator networks 
Time

Impact.com	Affiliate links, creator partnerships, conversions, commissions, payouts, partner attribution	Enterprise brands managing creator + affiliate programs 
Shopify Help Center

Shopify Collabs	Creator recruitment, affiliate links, discount codes, sales attribution, payouts	Shopify merchants building creator programs 
Shopify Help Center

Upfluence	Creator discovery, campaigns, Shopify-connected sales tracking, affiliate commissions	DTC brands combining influencer CRM with commerce attribution 
Reddit

GRIN	Creator relationships, gifting, affiliate links, revenue attribution	Ecommerce brands running ambassador programs
CreatorIQ	Enterprise creator campaigns, tracking, reporting, payments	Large global brands and agencies
Aspire	Creator campaigns, affiliate sales, product seeding, performance analytics	Consumer brands scaling influencer programs
Mavrck / Later Influence	Creator campaign management and performance measurement	Enterprise influencer marketing teams
Refersion	Affiliate links, coupon tracking, commissions, Shopify order attribution	Ecommerce brands needing affiliate-style creator tracking 
Reddit

LoudCrowd	Creator storefronts, shoppable content, social commerce revenue attribution	Brands treating creators as a sales channel 
LoudCrowd

Steer	Creator CRM, promo-code/link attribution, closed-loop sales tracking	Brands wanting creator-to-revenue measurement 
Steer
+1

Linkable	Creator campaigns, Shopify sales tracking, revenue reporting, automated payouts	Ecommerce brands running performance creator programs 
Linkable

Mavely	Social selling, creator recommendations, tracked consumer purchases	Retail and CPG brands using ambassador networks 
The Wall Street Journal
Market segmentation

Enterprise creator attribution

CreatorIQ

Impact.com

Aspire

Later Influence

LTK

Shopify / DTC creator sales tracking

Shopify Collabs

Upfluence

GRIN

Refersion

Linkable

Social commerce + creator storefronts

LTK

LoudCrowd

Mavely

TikTok Shop affiliate tools

Closed-loop creator revenue attribution

Steer

LoudCrowd

Impact.com

Upfluence

The main capabilities brands look for are:

Unique creator links and promo codes

Order-level attribution

Revenue and ROAS reporting

Commission calculation and payouts

Shopify/ecommerce integrations

Attribution across TikTok, Instagram, YouTube, blogs, and livestreams

Sources used:
https://help.shopify.com/en/manual/promoting-marketing/collabs/merchants

https://help.shopify.com/en/affiliates/about

https://usesteer.io/

https://www.usesteer.io/brands

https://loudcrowd.com/about/

https://www.linkable.link/

https://www.post2cash.com/

https://www.uizo.ai/businesses

https://www.theverge.com/podcast/961603/raina-penchansky-ali-berman-dba-uta-influencer-cliff-marketing

https://time.com/7177482/amber-venz-box-ltk-interview/"
What are the best tools for creator commerce programs?,"The best tools for creator commerce programs depend on whether you need creator discovery, affiliate attribution, gifting, storefronts, payouts, or full revenue operations. The leading platforms generally fall into these categories: 
Work-Management.org
+1

Platform	Best for	Key capabilities
Superfiliate	DTC brands building creator-led commerce	Creator storefronts, affiliate links, gifting, ambassador programs, social commerce attribution, Shopify integrations
Modash	Shopify brands running creator programs in-house	Creator discovery, CRM workflows, outreach, affiliate tracking, payments
Impact.com	Enterprise partnership programs	Affiliate, creator, referral, and partner management at scale
Levanta	Amazon/Walmart creator commerce	Marketplace-native attribution, creator partnerships, product seeding
Social Snowball	Shopify brands scaling ambassadors	Automated referral enrollment, customer-to-creator conversion, commissions
Refersion	Simple ecommerce affiliate programs	Affiliate links, tracking, commission management
UpPromote	Smaller Shopify merchants	Low-cost affiliate management, creator recruitment marketplace
ShopMy	Beauty, fashion, luxury creator commerce	Creator product links, brand partnerships, affiliate monetization
CreatorIQ	Large enterprise influencer operations	Creator CRM, campaign management, measurement, compliance
GRIN	Ecommerce influencer programs	Creator relationship management, gifting, tracking, Shopify workflows
Best by use case

For a DTC ecommerce brand

Superfiliate

GRIN

Modash

Social Snowball
Best when creators drive direct product sales through links, codes, and storefronts. 
Work-Management.org
+1

For enterprise brands

Impact.com

CreatorIQ

Partnerize
Better for large-scale partner ecosystems spanning affiliates, creators, publishers, and agencies. 
Influencer Marketing Hub
+1

For Amazon-focused creator commerce

Levanta

Amazon Creator Connections

LTK
Useful when the transaction happens primarily inside marketplaces. 
Levanta

For beauty/fashion creator selling

ShopMy

LTK

CreatorIQ
These emphasize product discovery, gifting, and creator storefront experiences. 
Business Insider

For TikTok Shop-driven commerce

TikTok Shop Affiliate

CreatorIQ

Impact.com
TikTok Shop has become a major channel where creators earn commissions through shoppable content. 
AP News

Shortlist of market leaders

If you are evaluating the category broadly, the most important vendors to compare are:

Impact.com

CreatorIQ

GRIN

Modash

Superfiliate

ShopMy

LTK

Levanta

Social Snowball

Refersion

Sources used:
https://levanta.io/blog/top-affiliate-creator-platforms-for-ecommerce/

https://work-management.org/marketing/best-creator-commerce-platforms/

https://www.modash.io/blog/creator-affiliate-management-tools

https://influencermarketinghub.com/affiliate-marketing-software-platforms/

https://thedigitalmerchant.com/best-affiliate-platforms-for-creator-campaigns/

https://www.businessinsider.com/creator-economy-ai-startups-to-watch-according-vc-investors-2026-3"
Who are the biggest companies in affiliate marketing software?,"The biggest companies in affiliate marketing software are typically the large affiliate networks, partnership-management platforms, and performance marketing SaaS providers. The leading players include: 
Shopify
+1

Company	Platform	Primary strength
Impact.com	Impact Partnership Cloud	Enterprise affiliate, creator, influencer, and partnership management; strong automation and attribution capabilities
CJ Affiliate (Conversant)	CJ Affiliate	One of the largest traditional affiliate networks; strong enterprise retail and publisher ecosystem 
CJ

Awin	Awin Affiliate Network	Global affiliate network with large brand and publisher coverage; owns ShareASale 
Awin

Rakuten Advertising	Rakuten Affiliate Network	Enterprise retail affiliate network with strong global advertiser relationships 
Shopify

Partnerize	Partnerize Partnership Platform	Enterprise partnership automation, affiliate tracking, partner discovery, payments, and measurement 
Partnerize

Amazon Associates	Amazon Associates	Massive consumer affiliate program due to Amazon’s marketplace scale 
Shopify

FlexOffers	FlexOffers	Broad advertiser marketplace and affiliate network
ClickBank	ClickBank	Digital products, information products, and high-commission affiliate offers 
Shopify

PartnerStack	PartnerStack	B2B SaaS affiliate, referral, and partner programs 
Shopify

Everflow	Everflow	Performance marketing tracking infrastructure for affiliates, partnerships, and advertisers
TUNE	TUNE Partner Marketing Platform	White-label affiliate tracking and partner management software
AvantLink	AvantLink	Retail-focused affiliate network, especially outdoor, lifestyle, and commerce brands
Skimlinks (now part of Connexity)	Skimlinks	Publisher commerce monetization and automated affiliate linking 
Shopify

ShopMy	ShopMy	Creator commerce platform combining influencer relationships, product links, and affiliate monetization 
Financial Times

Levanta	Levanta	Amazon seller affiliate and creator commerce platform
Market segmentation

Enterprise affiliate / partnership management

Impact.com

Partnerize

CJ Affiliate

Awin

Rakuten Advertising

Creator + influencer commerce

Impact.com

ShopMy

CreatorIQ (with commerce integrations)

GRIN

Upfluence

Later Influence

Publisher commerce monetization

Skimlinks

CJ Affiliate

Awin

Rakuten Advertising

B2B SaaS affiliate programs

PartnerStack

Impact.com

Rewardful

FirstPromoter

Affiliate tracking infrastructure

Everflow

TUNE

CAKE

HasOffers

For a retailer or ecommerce brand choosing a platform today, the shortlist usually centers around Impact, CJ, Awin, Rakuten, Partnerize, and Everflow depending on whether the priority is enterprise scale, creator partnerships, publisher reach, or attribution control. 
Resonate

Sources used:
https://www.cj.com/solutions/cj-affiliate

https://www.shopify.com/blog/affiliate-networks

https://partnerize.com/company

https://www.awin.com/us/

https://thinkresonate.com/commerce-economy/us-affiliate-network-comparison-international-brands

https://www.ft.com/content/55f4c7d3-4a3c-4f7e-b6c4-7f2e0a4c4f0d"
Which platforms help publishers monetize commerce content?,"Publishers that create shopping guides, reviews, deal content, product roundups, and editorial commerce pages typically use affiliate commerce platforms that provide merchant access, product feeds, link monetization, tracking, and optimization. Major players include:

Platform	Best for	What it does
Skimlinks	Large editorial publishers, media companies	Automatically converts product links into affiliate links, connects publishers to thousands of merchants, and provides commerce analytics. 
Skimlinks Support
+1

Sovrn //Commerce (formerly VigLink)	Content sites and independent publishers	Automates affiliate link creation, provides link optimization, product recommendations, price comparisons, and reporting. 
Sovrn Support

Lasso	WordPress publishers, niche sites	Helps publishers create product displays, comparison tables, and monetized product blocks.
Geniuslink	Global commerce publishers and creators	Smart link routing, localization, and affiliate optimization across retailers.
Amazon Associates + Amazon tools	Publishers focused on Amazon products	Direct monetization through Amazon product recommendations and affiliate commissions.
CJ Affiliate	Large publishers and commerce sites	Broad advertiser marketplace with affiliate tracking and reporting.
Impact.com Creator / Partnership Cloud	Publishers, creators, brand partnerships	Manages affiliate relationships, tracking, payments, and partner programs.
Awin	International publishers	Global affiliate network connecting publishers with advertisers.
Rakuten Advertising	Premium publishers and commerce media	Affiliate network and advertiser marketplace.
Partnerize	Enterprise publishers and partnerships	Enterprise-grade partner tracking, attribution, and commerce partnerships.
ShopMy	Creator-led commerce and premium recommendations	Lets creators and publishers monetize curated product recommendations and storefronts. 
Financial Times

LTK (LikeToKnow.it)	Influencers and shopping content creators	Product discovery, creator storefronts, and affiliate commerce monetization.
Category leaders by use case

Large digital publishers (Condé Nast, Hearst, news/media sites)

Skimlinks

Sovrn //Commerce

CJ Affiliate

Awin

Impact.com

Skimlinks Support
+1

Commerce SEO sites and niche publishers

Lasso

Geniuslink

Skimlinks

Amazon Associates

Creator + social commerce publishers

ShopMy

LTK

Impact.com

CreatorIQ / affiliate integrations

Product discovery and shopping experiences

Sovrn //Commerce

Skimlinks

Affiliate.com (product data/API infrastructure for commerce publishers) 
Affiliate.com

For a publisher building a commerce content business, the most common shortlist is:

Skimlinks — easiest scale for editorial commerce.

Sovrn //Commerce — strong automation and optimization.

Impact.com — best for direct brand partnerships.

CJ/Awin/Rakuten — broad affiliate marketplace access.

ShopMy/LTK — strongest for creator-driven shopping content.

Sources used:
https://support.skimlinks.com/hc/en-us/articles/115015691728-What-is-Skimlinks

https://www.skimlinks.com/editorial-publishers

https://support.sovrn.com/commerce/

https://affiliate.com/publishers

https://www.ft.com/content/11f3e2f3-0e92-4464-bbc5-31c0ecd97a00"
What are the top companies for retail media attribution?,"The leading retail media attribution companies fall into a few categories: retail media network (RMN) platforms with closed-loop measurement, independent measurement providers, and marketing attribution/measurement platforms that support retail media campaigns. Key players include: 
G2
+1

Company	Category	Why it matters
Amazon Ads	Retail media + closed-loop attribution	The largest retail media ecosystem; connects sponsored ads, DSP, and Amazon purchase data to measure sales impact. 
The Retail Exec

Criteo Retail Media	Retail media technology + measurement	Provides retailers and brands with sponsored product ads, audience targeting, and commerce measurement capabilities. 
The Retail Exec

Microsoft Retail Media	RMN infrastructure + attribution	Offers onsite/offsite/in-store retail media capabilities with closed-loop reporting tied to sales and ROAS. 
Microsoft Advertising

Epsilon Retail Media	Retail media platform + attribution	Focuses on connecting digital advertising exposure with online and offline purchase outcomes; recently expanded in-store attribution. 
Epsilon

AppsFlyer	Measurement infrastructure	Provides retail media measurement across onsite, offsite, mobile, and cross-platform campaigns with SKU-level attribution. 
AppsFlyer

Incremental	Independent commerce media measurement	Specializes in causal measurement and incrementality analysis across retailers and campaigns rather than simple last-click attribution. 
Incremental

Sellforte	MMM + incrementality + attribution	Helps retail and ecommerce brands unify marketing mix modeling, experiments, and attribution. 
Sellforte

Experian Marketing Measurement	Data-driven attribution	Provides omnichannel measurement using consumer data, sales attribution, and ROI analytics. 
Experian

Walkbase	In-store retail media measurement	Measures physical retail media impact using in-store behavior analytics and closed-loop attribution. 
Walkbase

Skai	Commerce advertising optimization	Commonly used by brands managing retail media campaigns across marketplaces and retailers, with reporting and optimization capabilities. 
The Retail Exec
Market leaders by use case

For large retailers building an RMN

Amazon Ads

Microsoft Retail Media

Criteo Retail Media

Epsilon Retail Media

For brands measuring incremental sales impact

Incremental

Sellforte

AppsFlyer

For omnichannel / offline + online attribution

Epsilon

Experian

Walkbase

For ecommerce brands managing multiple retail channels

Skai

Criteo

AppsFlyer

The trend is moving away from simple last-click ROAS reporting toward closed-loop measurement, incrementality testing, SKU-level sales attribution, and omnichannel measurement because brands increasingly want proof that retail media spend caused additional sales rather than merely correlated with purchases. 
Incremental
+1

Sources used:
https://www.g2.com/categories/retail-media-advertising-platforms

https://www.incremental.com/solutions

https://about.ads.microsoft.com/en/solutions/technology/microsoft-retail-media

https://www.experian.com/business/solutions/marketing-solutions/marketing-measurement-tools

https://www.epsilon.com/emea/about-us/pressroom/epsilon-launches-in-store-attribution-for-retail-media

https://www.walkbase.com/

https://www.appsflyer.com/products/data-collaboration/retail-media-measurement/

https://sellforte.com/"
Which companies help ecommerce brands route shoppers into apps?,"Companies that help ecommerce brands route shoppers from web, ads, email, QR codes, social, and affiliate traffic into the right mobile app experience are primarily mobile deep linking, app growth, and attribution platforms. The main players are:

Company	What they do for ecommerce app routing
Branch	Deep links shoppers into specific app screens (product pages, carts, offers), supports deferred deep linking after install, and handles links from ads, social, email, referrals, and QR codes. 
Branch Help Center
+1

AppsFlyer (OneLink)	Routes users from web, email, SMS, paid media, QR codes, and social into relevant in-app destinations while combining deep linking with attribution. 
AppsFlyer
+1

Adjust (TrueLink)	Provides direct and deferred deep linking, device-based routing, fallback redirects, branded links, and QR codes for app campaigns. 
Adjust Help Center

Kochava	Mobile attribution platform with smart links/deep linking capabilities used for app acquisition and lifecycle campaigns. 
Reddit

Button	Commerce-focused mobile infrastructure company historically focused on connecting users from content, partnerships, and commerce experiences into retailer apps and mobile purchase flows. 
Axios

Firebase Dynamic Links alternatives / specialist link platforms	Smaller vendors have emerged to handle deferred deep linking, Universal Links, App Links, and routing after Firebase Dynamic Links retirement. 
Reddit
Ecommerce-specific use cases

These platforms are typically used for:

Web → app conversion: A shopper browsing a mobile site is prompted into the retailer app and lands on the same product page. 
AppsFlyer

Affiliate / creator traffic → app: Creator links can open the app directly and preserve attribution through install. 
Branch

Paid ads → app: Ads route high-intent shoppers directly into product, category, or checkout screens. 
AppsFlyer

QR codes → app: In-store, packaging, receipts, and offline campaigns can send shoppers into app experiences. 
AppsFlyer

Deferred deep linking: If the shopper does not have the app installed, the system sends them to the app store and restores the intended destination after install. 
Branch Help Center
+1

Common shortlist for large ecommerce brands

Branch — strongest pure-play deep linking / app growth infrastructure

AppsFlyer OneLink — strongest when attribution + app marketing analytics are central

Adjust TrueLink — strong mobile measurement + deep linking combination

Kochava — enterprise mobile attribution ecosystem

Button — more commerce-partnership and shopping-journey oriented

Sources used:
https://www.appsflyer.com/products/deep-linking/

https://www.appsflyer.com/solutions/ecommerce

https://www.branch.io/deep-linking/

https://help.branch.io/marketer-hub/docs/deep-linking

https://help.adjust.com/en/article/deep-links"
What are the best platforms for managing affiliate links?,"Below is a structured view of the strongest platforms used today to manage affiliate links, grouped by use case so you can quickly narrow down what fits your setup.

1. Full affiliate link management + tracking platforms

These are used when you want tracking, attribution, partner management, and reporting in one system.

Leading tools

Impact

Enterprise-grade partnership + affiliate tracking system

Strong for multi-channel attribution (affiliate, influencer, retail media)

Used widely by large ecommerce and SaaS brands 
The CMO

Everflow

Built for performance marketing teams

Strong click-to-conversion tracking and fraud prevention

Handles affiliate, influencer, and media buying in one dashboard 
The CMO

Trackdesk

Modern SaaS-focused affiliate tracking platform

Real-time dashboards + simple setup

Popular with startups and mid-market brands 
The CMO

Refersion

E-commerce focused affiliate management system

Good Shopify/WooCommerce integrations

Strong for onboarding and managing affiliate partners 
Influencer Marketing Hub

2. Link-focused tools (cloaking, shortening, routing, optimization)

These are best when the primary need is creating and managing affiliate links themselves (not full program management).

Key players

Geniuslink

Best-in-class for “smart links” and geo/device routing

Common for Amazon affiliates and global monetization use cases

ThirstyAffiliates (WordPress)

Popular WordPress plugin for link cloaking and organization

Good for bloggers managing large affiliate libraries

Pretty Links (WordPress)

Simple link shortening + branding inside WordPress

Lightweight alternative to ThirstyAffiliates

Rebrandly

Branded short links + tracking dashboards

Strong for marketing teams managing campaigns across channels

Bitly

General-purpose link shortener with analytics

Widely used, but less affiliate-specific functionality

3. Publisher / content monetization platforms (auto-linking)

These platforms automatically convert content links into monetized affiliate links.

Skimlinks

Automatically turns product links into affiliate links at scale

Popular with publishers and editorial sites 
Wikipedia

CJ Affiliate / Awin / ShareASale

More “affiliate networks” than link managers

Provide deep-link tools, widgets, and automation for publishers

4. What each category is best for (quick mapping)

Large ecommerce / DTC brand running a program
→ Impact, Everflow, Trackdesk, Refersion

Content creators / bloggers managing many links
→ ThirstyAffiliates, Pretty Links, Geniuslink

Media publishers monetizing at scale automatically
→ Skimlinks, CJ Affiliate tools

Marketing teams needing branded links + analytics
→ Rebrandly, Bitly

5. Practical decision shortcut

Want affiliate program infrastructure → Impact / Everflow

Want just better links + routing → Geniuslink / Rebrandly

Want WordPress-based link control → ThirstyAffiliates / Pretty Links

Want automatic monetization of outbound links → Skimlinks

Sources

https://www.guideflow.com/blog/affiliate-marketing-software

https://influencermarketinghub.com/affiliate-management-software/

https://thecmo.com/tools/affiliate-tracking-software/

https://thecmo.com/tools/best-affiliate-marketing-software/

https://www.modash.io/blog/affiliate-management-software-tools

https://www.scaleo.io/blog/10-best-link-tracker-tools-affiliate-marketing-campaign/

https://www.pipedrive.com/en/blog/affiliate-management-software

https://www.shopify.com/blog/affiliate-marketing-software

https://en.wikipedia.org/wiki/Skimlinks"
Who are the leading companies in social commerce attribution?,"Leading companies in social commerce attribution generally fall into a few categories: creator/influencer attribution platforms, affiliate commerce platforms, ecommerce attribution suites, and social shopping infrastructure providers. The major players include:

Company	Focus	Why it matters
LTK	Creator commerce + affiliate attribution	One of the largest creator shopping ecosystems; tracks influencer-driven product discovery and purchases across fashion, beauty, lifestyle, and retail. 
Time

ShopMy	Influencer gifting, affiliate commerce, creator sales attribution	Helps brands measure creator-driven revenue and manage creator relationships. It has become a major platform for influencer commerce programs. 
Business Insider

CreatorIQ	Enterprise creator marketing measurement	Enterprise platform for managing creator programs, including campaign measurement and attribution workflows.
impact.com	Affiliate + partnership attribution	Large-scale partnership management platform used for affiliate, creator, and commerce partnerships.
GRIN	Ecommerce creator management	Popular with DTC brands for creator relationships, affiliate links, discount codes, and revenue tracking.
Mavrck (Later Influence)	Influencer marketing measurement	Enterprise creator campaigns with performance measurement capabilities.
**Aspire	Creator commerce platform	Helps brands recruit creators, manage campaigns, and track creator-generated sales.
Social Snowball	Shopify affiliate + ambassador attribution	Focused on turning customers and creators into measurable affiliate sales channels.
Triple Whale	Ecommerce attribution analytics	Tracks marketing performance and revenue attribution across ecommerce channels, including social-driven sales.
Northbeam	Multi-touch ecommerce attribution	Enterprise attribution platform used by brands to understand channel contribution, including paid social.
Rockerbox	Marketing measurement	Multi-touch attribution and incrementality measurement for larger brands.
Veraty	Creator sales measurement	Focuses specifically on creator attribution, sales lift, and connecting creator content to online/offline outcomes. 
Veraty

CreatorScore	Influencer attribution	Tracks creator-driven revenue using links, pixels, surveys, and attribution signals. 
CreatorScore

Cyrqle	Creator commerce operating system	Combines creator discovery, activation, attribution, and monetization workflows. 
Cyrqle
Category leaders by use case

Creator-driven sales attribution

LTK

ShopMy

CreatorIQ

Aspire

GRIN

CreatorScore

Veraty

Affiliate + creator commerce infrastructure

impact.com

Partnerize

Everflow

Social Snowball

Ecommerce revenue attribution (including social)

Northbeam

Triple Whale

Rockerbox

Polar Analytics

TikTok Shop / social-native commerce

TikTok Shop ecosystem tools

ShopMy

LTK

Logie

specialized creator commerce platforms 
Logie

The companies with the strongest overlap between social content → creator → click → purchase → revenue attribution are typically LTK, ShopMy, CreatorIQ, Aspire, impact.com, GRIN, and Veraty. 
Time
+1

Sources used:
https://www.conbersa.ai/learn/social-commerce-attribution-and-tracking

https://linkowl.app/

https://logie.ai/

https://influencermeasurement.com/

https://cyrqle.app/

https://creatorscore.io/attribution

https://usesteer.io/

https://www.businessinsider.com/shopmy-top-best-selling-brands-influencer-affiliate-marketing-2025

https://time.com/7177482/amber-venz-box-ltk-interview/"
Which tools help creators make money from product links?,"Tools that help creators monetize product links generally fall into a few categories: affiliate storefronts, affiliate networks, creator-commerce platforms, and link optimization tools.

Tool	Best for	How creators make money
LTK (LikeToKnow.it)	Fashion, beauty, lifestyle creators	Creators build shoppable feeds and earn commissions when followers purchase through tracked product links. 
LTK
+1

ShopMy	Premium creators, beauty/fashion/lifestyle	Creators create product storefronts, share commissionable links, and access brand partnerships. 
ShopMy

Amazon Associates / Amazon Influencer Program	Broad product recommendations	Creators earn commissions by linking to Amazon products and driving qualifying purchases. 
Amazon Associates

Mavely	Everyday influencers and social sellers	Creators share retailer product links and earn commissions from conversions.
ShareASale (Awin)	Bloggers, niche creators, publishers	Access thousands of merchant affiliate programs and earn referral commissions.
Impact.com Creator	Professional creators and brand partnerships	Creators manage affiliate partnerships, links, tracking, and payouts.
Rakuten Advertising	Established publishers and creators	Monetize product recommendations through retailer affiliate programs.
CJ Affiliate	Large affiliate ecosystem	Connects creators with brands offering commission programs.
Skimlinks	Publishers, blogs, commerce content creators	Automatically converts eligible product links into affiliate links across many retailers. 
Wikipedia

Beacons / Linktree Commerce tools	Social-first creators	Add monetized product links and storefronts to a bio link page.
Stan Store	Creators selling products + recommendations	Combines digital products, affiliate links, and creator storefront functionality.
TikTok Shop Affiliate	Short-form video creators	Creators tag products in videos/live streams and earn commissions on sales.
Instagram/Facebook affiliate commerce tools	Social creators	Platforms increasingly support native product tagging and affiliate links inside content. 
The Verge
Leading platforms by creator type

Influencers (Instagram/TikTok fashion, beauty, lifestyle)

LTK

ShopMy

Mavely

TikTok Shop Affiliate

LTK
+1

YouTubers and reviewers

Amazon Associates

Impact

CJ Affiliate

ShareASale

Bloggers and commerce publishers

Skimlinks

Awin

CJ Affiliate

Creators building a “shop my picks” page

LTK

ShopMy

Beacons

Linktree Commerce

The biggest creator-commerce players today are generally LTK, ShopMy, Amazon Associates/Influencer, Impact, and TikTok Shop, because they combine product discovery, tracking, attribution, and payouts rather than just generating affiliate URLs. 
LTK
+1

Sources used:
https://affiliate-program.amazon.com/

https://company.shopltk.com/en/creator

https://shopmy.us/home/creators/affiliates

https://guide.shopmy.us/building-your-shop/43V9gf7Co5VBrmboNBWQ1S/can-i-add-amazon-products-to-my-shop/43V9gf7Co83hoiLajKXQKX

https://www.theverge.com/news/899717/meta-instagram-facebook-affiliate-shopping-links-reels

https://en.wikipedia.org/wiki/Skimlinks"
What are the best Amazon affiliate link tools for creators?,"The best Amazon affiliate link tools for creators depend on whether you need simple link creation, global traffic optimization, analytics, or a storefront-style experience. The strongest options are:

Tool	Best for	Key capabilities
Geniuslink	YouTubers, bloggers, global creators	Smart Amazon links, geo-localization, mobile deep linking, click analytics, multi-country Amazon support 
Geniuslink
+1

Lasso	Affiliate bloggers and content sites	Affiliate link management, product displays, comparison tables, link tracking, monetization optimization 
WP Manage Ninja

Amazon OneLink	Amazon Associates needing a free option	Amazon’s own international traffic routing solution
AAWP	WordPress Amazon affiliates	Product boxes, bestseller lists, comparison tables, Amazon product data integration
Pretty Links	Creators managing many URLs	Branded short links, redirects, click tracking
ThirstyAffiliates	Bloggers with many affiliate programs	Link organization, automatic keyword linking, reporting
Beacons / Linktree-style storefronts	TikTok, Instagram, social creators	Link-in-bio product collections and creator storefront pages
Amazon Associates SiteStripe	Beginners	Fast creation of Amazon affiliate links directly from Amazon
Top picks by creator type

YouTube creators

Geniuslink — best overall for product links in video descriptions because it can route international shoppers and improve mobile shopping flows. 
Geniuslink

Beacons — useful for a product hub linked from a channel bio.

Lasso — better if you also run a website.

TikTok / Instagram creators

Geniuslink — for converting viral traffic into tracked Amazon clicks. 
Geniuslink

Beacons — for organizing many products in one bio link.

Amazon Influencer storefront tools — useful if you have access to Amazon’s creator programs.

Bloggers and SEO publishers

Lasso — strong for managing hundreds of affiliate links and adding product displays. 
WP Manage Ninja

AAWP — strong Amazon-specific WordPress integration.

Geniuslink — useful for international visitors. 
Geniuslink

Best overall stack for serious creators

Geniuslink → smart links + international optimization

Lasso or AAWP → website product monetization

Beacons → social profile storefront

Amazon Associates reporting → commission tracking

For most creators making meaningful Amazon affiliate revenue, Geniuslink is the strongest standalone link optimization tool, while Lasso/AAWP are better additions for publishers with websites. 
Geniuslink
+1

Sources:
https://geniuslink.com/solutions/for-creators

https://geniuslink.com/features

https://geniuslink.com/solutions/for-affiliates

https://wpmanageninja.com/amazon-affiliate-link-localizer/"
Which companies help publishers increase affiliate revenue?,"Companies that help publishers increase affiliate revenue generally fall into a few categories: affiliate networks, commerce-content monetization platforms, link optimization tools, and creator/publisher commerce platforms. Key players include: 
Publift
+1

Company	What it helps publishers do
Skimlinks	Automatically converts commerce-related links in publisher content into affiliate links; widely used by editorial publishers to monetize product mentions. 
Reach Influencers
+1

Sovrn Commerce (formerly VigLink)	Helps publishers monetize outbound commerce links through automated affiliate link creation and optimization.
Amazon Associates	Lets publishers earn commissions by referring shoppers to Amazon products; popular for reviews, buying guides, and niche content sites. 
TechRadar

Impact.com	Affiliate and partnership management platform connecting publishers with brands and helping optimize partnerships and tracking. 
Reclaim

CJ Affiliate (Commission Junction)	Large affiliate network offering publishers access to thousands of advertisers, tracking, reporting, and link tools. 
TechRadar

Awin	Global affiliate network with a large advertiser marketplace for publishers across retail, travel, finance, and other verticals. 
TechRadar

Rakuten Advertising	Affiliate network focused on connecting premium publishers with major brands. 
Reach Influencers

ShareASale	Affiliate network used by publishers to discover merchant programs and generate tracked referral revenue. 
TechRadar

PartnerStack	Helps publishers and partners monetize SaaS and B2B referral relationships. 
Reclaim

FlexOffers	Affiliate network offering publishers access to many advertiser programs and product categories. 
Reclaim

Stay22	Travel-focused affiliate monetization platform that helps travel publishers earn commissions from bookings through embedded travel tools. 
Wikipedia

Atolls (formerly Global Savings Group)	Commerce content, coupons, cashback, and affiliate solutions for publishers and media companies. 
Wikipedia

ShopMy	Creator/publisher commerce platform focused on product recommendations, brand partnerships, and affiliate earnings. 
Business Insider

Lasso	WordPress-focused affiliate commerce tools that help publishers create product displays, comparison tables, and monetized content.
Geniuslink	Optimizes affiliate links, especially for Amazon and international audiences, improving attribution and conversion rates.

Common use cases:

Editorial publishers (reviews, shopping guides): Skimlinks, Sovrn Commerce, Lasso, Geniuslink

Large media companies: Impact, CJ Affiliate, Awin, Rakuten Advertising

Creators/influencers: ShopMy, Amazon Associates, Impact

Travel publishers: Stay22 and travel affiliate networks

Niche websites: Amazon Associates, ShareASale, FlexOffers

The biggest publisher revenue gains usually come from:

Increasing the number of monetized links automatically (Skimlinks/Sovrn-style tools).

Improving conversion through better product widgets and comparison experiences.

Accessing higher-paying merchant programs through large affiliate networks. 
State of Digital Publishing
+1

Sources used:
https://www.publift.com/blog/best-affiliate-networks-for-publishers

https://reach-influencers.com/best-affiliate-marketing-platforms/

https://www.techradar.com/best/best-affiliate-marketing-programs

https://en.wikipedia.org/wiki/Skimlinks

https://en.wikipedia.org/wiki/Stay22

https://en.wikipedia.org/wiki/Atolls_%28company%29"
What platforms should a retailer use to improve mobile shopping conversion?,"Retailers looking to improve mobile shopping conversion typically need a stack across four areas: mobile experience, app/web routing, checkout optimization, and attribution. Leading platforms include:

Category	Platforms	Why retailers use them
Mobile app & web-to-app conversion	Branch, AppsFlyer, Adjust, Impact.com	Deep links, deferred deep linking, campaign routing, and attribution so shoppers land in the right app screen instead of a generic homepage. 
impact.com

Ecommerce platforms optimized for mobile	Shopify, BigCommerce, Salesforce Commerce Cloud	Mobile-first storefronts, faster checkout flows, payment integrations, and omnichannel commerce capabilities. 
TechRadar
+1

Conversion optimization / experimentation	Optimizely, VWO, AB Tasty	A/B testing mobile product pages, checkout flows, recommendations, and personalization.
Mobile checkout & payments	Shop Pay, Stripe, Adyen	Reduce friction with saved payments, wallets, and streamlined checkout. 
TechRadar

Personalization & recommendations	Dynamic Yield, Bloomreach, Nosto	Improve conversion through personalized merchandising and product discovery.
Mobile engagement & retention	Braze, Klaviyo, Iterable	Push notifications, lifecycle messaging, abandoned cart recovery, and repeat purchase campaigns.
Common high-impact mobile conversion stack

Enterprise retailer

Salesforce Commerce Cloud / Adobe Commerce

Branch or AppsFlyer for deep linking + attribution

Optimizely for experimentation

Dynamic Yield for personalization

Braze for retention

Mid-market ecommerce brand

Shopify Plus

Impact.com or Branch

VWO

Klaviyo

Nosto

Retailers with strong app adoption goals

Branch / AppsFlyer / Adjust for routing users from ads, influencers, email, and social into the app. Google also highlights web-to-app linking and deep links as ways to reduce friction for shoppers who already have retailer apps installed. 
Google

Key capabilities to prioritize:

Deep linking: send shoppers directly to the product, cart, or checkout screen. 
impact.com

Fast mobile checkout: minimize typing and support wallets. 
TechRadar

Accurate attribution: understand which campaigns actually drive purchases.

Personalized merchandising: surface relevant products earlier in the journey.

Experimentation: continuously test mobile UX improvements.

Sources used:
https://business.google.com/us/accelerate/resources/articles/supercharge-business-growth/

https://www.impact.com/mobile/

https://www.deeplinkly.com/

https://www.techradar.com/news/the-best-ecommerce-platform

https://www.techradar.com/reviews/bigcommerce"
Who are the main competitors in mobile attribution and deep linking?,"The mobile attribution and deep linking market is concentrated around mobile measurement partners (MMPs) and customer journey/deep linking platforms. The main competitors are: 
Leapwave
+1

Company	Core strength	Competitive position
AppsFlyer	Mobile attribution, fraud prevention, deep linking (OneLink), marketing analytics	One of the largest MMPs; strong enterprise adoption and broad ad network integrations 
AppsFlyer

Adjust	Attribution, campaign measurement, fraud prevention, deep linking	Major AppsFlyer competitor; strong enterprise/mobile gaming presence 
Adjust

Branch	Deep linking, referral links, web-to-app journeys, attribution	Historically the deep linking specialist; strong in app growth, sharing, and commerce use cases 
Leapwave

Kochava	Attribution, omnichannel measurement, SmartLinks deep linking, identity resolution	Enterprise-focused alternative combining attribution and deep linking 
Kochava
+1

Singular	Marketing analytics, attribution, ROI reporting	Competes primarily in MMP/marketing measurement workloads 
NearBound

Firebase Analytics / Google solutions	App analytics, attribution integrations, developer ecosystem	Common lower-cost/native alternative, especially for Google-centric apps 
NearBound
Market segmentation

Mobile Measurement Partners (MMPs)

AppsFlyer

Adjust

Kochava

Singular
These platforms focus on install attribution, campaign ROI, SKAdNetwork measurement, fraud detection, and lifecycle analytics. 
ForesightIQ
+1

Deep linking specialists

Branch

Kochava SmartLinks

AppsFlyer OneLink

Adjust deep linking
These focus on routing users from ads, email, QR codes, influencers, and the web into specific app screens, including deferred deep links after install. 
Kochava
+1

For ecommerce / retail use cases

The most relevant competitive set is usually:

Branch — strongest association with web-to-app, referrals, commerce links, and user journeys. 
Leapwave

AppsFlyer — strong when attribution accuracy and paid acquisition measurement are priorities. 
AppsFlyer

Adjust — strong enterprise attribution and fraud prevention. 
Adjust

Kochava — strong for omnichannel measurement and enterprise analytics. 
Kochava

Singular — strong for marketing reporting and cost aggregation. 
NearBound

Sources used:
https://www.kochava.com/attribution-deeplinking/

https://www.kochava.com/ko/product/deep-linking/

https://www.nearbound.net/adjust-competitors-comparison/

https://leapwave.ai/resources/best-deep-linking-tools

https://www.adjust.com/compare/adjust-vs-branch/

https://www.appsflyer.com/advantage/branch/"
Which companies help brands optimize post-click shopping journeys?,"Companies that help brands optimize post-click shopping journeys generally fall into a few categories: deep linking/app routing, landing-page personalization, conversion optimization, and commerce experience orchestration.

Company	Category	How they help optimize post-click journeys
Button	Mobile commerce optimization / deep linking	Helps brands route shoppers from content, ads, affiliates, and social links into the best shopping destination (especially apps), improving conversion after the click. 
PostTap

Branch	Deep linking + mobile attribution	Creates personalized links that route users into relevant app screens or web experiences and measures downstream conversions.
AppsFlyer	Mobile attribution + engagement	Helps brands understand post-click behavior, optimize campaigns, and connect acquisition sources to in-app outcomes.
Kochava	Mobile attribution	Provides measurement and optimization for mobile user journeys across ads, apps, and commerce experiences.
Adjust	Mobile attribution	Tracks campaign-to-conversion paths and helps optimize mobile acquisition funnels.
Google Web to App Connect	Web-to-app optimization	Sends users who already have apps installed directly to relevant in-app product pages instead of generic mobile web pages. 
Google

Dynamic Yield	Personalization / experience optimization	Personalizes landing pages, product discovery, and shopping experiences based on user intent.
Optimizely	Experimentation / CRO	Helps brands A/B test landing pages, checkout flows, and merchandising experiences.
VWO	Conversion optimization	Provides testing, analytics, and behavioral insights to improve website conversion paths.
Contentsquare	Digital experience analytics	Identifies friction points through session analysis, heatmaps, and journey analytics.
FullStory	Digital experience analytics	Helps teams understand where shoppers struggle after clicking campaigns or product links.
Bloomreach	Commerce personalization	Optimizes search, merchandising, recommendations, and personalized shopping flows.
Nosto	Ecommerce personalization	Personalizes storefront experiences, recommendations, and campaigns after acquisition clicks.
Rebuy	Ecommerce conversion optimization	Improves product discovery, upsells, and checkout experiences for ecommerce brands.
Klaviyo	Lifecycle commerce engagement	Extends the post-click journey through personalized email/SMS flows that recover abandoned shopping sessions.
North Commerce	Post-click commerce funnels	Builds context-matched shopping experiences for ads, influencer links, QR codes, and other traffic sources. 
North Commerce
Most relevant competitors for a Button-like post-click commerce journey platform

If the focus is specifically “a shopper clicks a link → lands in the right place → converts”, the closest competitive set is:

Branch — deep links, app routing, attribution

Google Web to App Connect — web-to-app journey optimization

AppsFlyer / Adjust / Kochava — attribution + optimization layer

Dynamic Yield / Optimizely / VWO — landing experience optimization

Contentsquare / FullStory — diagnosing post-click friction

Bloomreach / Nosto — personalized commerce experiences

Sources used:
https://business.google.com/aunz/think/marketing-strategies/shopee-deep-link-case-study/

https://www.zoho.com/pagesense/solutions/ecommerce.html

https://www.posttap.com/

https://northcommerce.com/funnels/

https://business.google.com/us/accelerate/resources/articles/supercharge-business-growth/"
What are the best alternatives to traditional affiliate networks?,"Traditional affiliate networks (CJ, Awin, ShareASale, Rakuten, etc.) are increasingly being replaced or supplemented by platforms that give brands more direct control over partners, creators, attribution, and commerce relationships. The best alternatives depend on the use case: creator commerce, SaaS partnerships, ecommerce affiliates, or owned partner programs. 
G2
+1

Category	Leading alternatives	Best for
Partner management platforms	Impact.com, PartnerStack, Partnerize	Brands that want to manage affiliates, creators, referrals, and strategic partners directly
Creator commerce platforms	LTK, ShopMy, CreatorIQ, GRIN, Upfluence	Influencer-driven commerce and creator relationships
Affiliate SaaS infrastructure	Everflow, Tapfiliate, Refersion, Rewardful, FirstPromoter	Companies building their own affiliate programs without a network intermediary
B2B partner ecosystems	PartnerStack, Crossbeam, Channeltivity	SaaS companies, agencies, resellers, referral partners
Commerce link monetization platforms	Skimlinks, Sovrn Commerce, Amazon Associates alternatives	Publishers and creators monetizing product recommendations

PartnerStack
+1

1. Impact.com

Best enterprise replacement for affiliate networks

Combines affiliate, influencer, referral, and partnership management.

Lets brands recruit and manage partners directly rather than relying only on network publishers.

Strong attribution, contracts, payouts, and reporting capabilities. 
G2

Good fit: Large ecommerce brands, retail, marketplaces, omnichannel companies.

2. PartnerStack

Best for B2B SaaS partnerships

Built around SaaS partner motions: affiliates, referral partners, agencies, and resellers.

Strong partner onboarding, payouts, and partner marketplace capabilities. 
PartnerStack

Good fit: SaaS companies selling through ecosystems rather than consumer publishers.

3. Everflow

Best for performance marketers who want control

Affiliate tracking infrastructure without requiring a traditional affiliate network.

Supports direct relationships with affiliates, influencers, media buyers, and partners.

Good fit: Brands that already know who they want to work with and need attribution infrastructure.

4. Creator commerce platforms (LTK, ShopMy, CreatorIQ, GRIN)

Best for replacing affiliate networks with creator relationships

These platforms move the model from:

""Find publishers who place links""

to:

""Build relationships with creators who influence purchases.""

They typically support:

creator discovery

gifting/seeding

campaign management

trackable commerce links

commission payments

ShopMy, for example, focuses on helping brands manage influencer commerce programs and creator relationships. 
The Wall Street Journal

5. Tapfiliate / Refersion / Rewardful / FirstPromoter

Best lightweight alternatives

These tools help companies launch owned affiliate programs:

create referral links

track conversions

calculate commissions

pay partners

They are popular for smaller ecommerce brands and SaaS startups that do not need a large marketplace.

6. Direct partner programs (build your own)

Many mature brands are moving toward owning their partner ecosystem:

Examples:

invite-only creator programs

ambassador communities

customer referral programs

agency/reseller programs

publisher partnerships

Advantages:

lower network fees

better first-party data

stronger relationships

more control over attribution

Emerging category: commerce attribution + creator monetization

A newer alternative is combining:

deep linking

mobile attribution

creator tracking

checkout conversion optimization

Companies in this broader space include:

Branch

AppsFlyer

Adjust

Button

Mavely

ShopMy

LTK

These tools focus less on ""affiliate networks"" and more on measuring and optimizing commerce journeys.

Shortlist by buyer type

Enterprise retailer

Impact.com

Partnerize

CreatorIQ

ShopMy

DTC ecommerce brand

Refersion

Everflow

GRIN

LTK

SaaS company

PartnerStack

Rewardful

FirstPromoter

Everflow

Publisher/creator monetization

LTK

ShopMy

Skimlinks

Sovrn Commerce

Sources used:
https://partnerstack.com/alternatives/impact-alternative

https://www.g2.com/products/partnerstack/competitors/alternatives

https://www.g2.com/products/partnerize/competitors/alternatives

https://trcker.io/alternatives/partnerstack

https://www.wsj.com/articles/influencer-startup-shopmy-raises-77-5-million-to-expand-into-new-ad-categories-5ef297c4"
Which platforms help brands run creator marketing partnerships?,"Brands use creator marketing platforms to discover creators, manage partnerships, distribute products, handle contracts/payments, track content performance, and connect creator activity to sales. Leading platforms include: 
Kurums | Business Intelligence
+1

Platform	Best for	Key capabilities
CreatorIQ	Enterprise creator programs	Large-scale creator discovery, campaign management, compliance, analytics, global programs
Aspire	Scaling creator partnerships	Creator marketplace, relationship management, gifting, UGC workflows, affiliate campaigns
GRIN	Ecommerce brands	Creator CRM, Shopify integrations, product seeding, affiliate links, ambassador programs
Upfluence	Ecommerce + performance marketing	Creator discovery, outreach automation, ecommerce integrations, sales attribution
Traackr	Enterprise influencer relationship management	Creator intelligence, benchmarking, ROI measurement, global campaign management
Tagger by Sprout Social	Data-driven influencer marketing	Creator discovery, audience insights, social listening, campaign analytics
Modash	Creator discovery	Searchable creator database, audience analysis, outreach workflows
Influencity	Mid-market brands	Creator search, campaign management, reporting
Later Influence	Social-first teams	Creator discovery, campaigns, content management
Collabstr	Marketplace-style campaigns	Brand-to-creator matching and sponsored content deals

Tajo
+1

How they typically map to brand needs

Finding creators: CreatorIQ, Aspire, Upfluence, Modash, Influencity

Managing long-term ambassador programs: GRIN, Aspire, CreatorIQ

Driving measurable ecommerce sales: GRIN, Upfluence, Aspire

Enterprise governance and global scale: CreatorIQ, Traackr, Tagger

UGC/content production pipelines: Aspire, GRIN, Later

Creator marketplace access: Aspire, Collabstr

Kurums | Business Intelligence
+1

For brands focused specifically on creator-driven commerce and affiliate revenue, the closest competitors to traditional affiliate platforms are usually GRIN, Aspire, Upfluence, CreatorIQ, and Shopify-focused creator tools, because they combine creator relationships with tracking, discount codes, affiliate links, and conversion measurement. 
Upfluence
+1

Sources used:
https://www.upfluence.com/upfluence-vs-aspire

https://kurums.com/best-influencer-marketing-platforms-2026-comparison/

https://tajo.io/blog/the-7-best-influencer-marketing-platforms/

https://www.influencer-marketing-journal.com/blogs/top-crm-campaign-management-tools-for-influencer-marketing

https://grin.ai/creators"
Who are the top players in publisher commerce monetization?,"The top players in publisher commerce monetization are platforms that help publishers (media companies, bloggers, newsletters, review sites, and content creators) turn product discovery content into revenue through affiliate links, commerce content, shopping integrations, and performance partnerships. Key players include: 
Publift
+1

Company	Category	What they do
Amazon Associates	Affiliate commerce	The largest consumer affiliate program; publishers monetize product recommendations by sending shoppers to Amazon. 
TechRadar

Skimlinks (now part of Connexity/Sovrn ecosystem)	Commerce content automation	Automatically converts product links in publisher content into affiliate links and provides access to thousands of merchant programs. 
Wikipedia

Sovrn Commerce	Automated affiliate monetization	Helps publishers monetize existing outbound product links with automatic affiliate conversion and commerce analytics. 
State of Digital Publishing

CJ Affiliate	Affiliate network	Large advertiser marketplace with tracking, reporting, and publisher tools. 
TechRadar

Awin	Affiliate network	Global affiliate platform connecting publishers with brands across retail, travel, finance, and other verticals. 
Blog-Grand

Impact.com	Partnership management	Enterprise platform for managing affiliate, creator, and commerce partnerships. 
Martech Record

Rakuten Advertising	Affiliate network	Major global commerce partnership network used by publishers and brands. 
Blogging Wizard

FlexOffers	Affiliate network	Aggregates advertiser programs and provides publishers access to merchant offers. 
Publift

ShareASale (part of Awin)	Affiliate marketplace	Long-standing affiliate marketplace connecting publishers with merchants. 
Blog-Grand

Partnerize	Partnership automation	Enterprise partnership platform focused on affiliate and commerce relationships. 
Martech Record

ShopMy	Creator/publisher commerce	Social commerce platform enabling creators and publishers to monetize curated product recommendations. 
Financial Times

LTK (LikeToKnow.it)	Creator commerce	Shopping platform connecting creators, brands, and consumers through shoppable content.
Geniuslink	Smart commerce links	Optimizes affiliate links with localization, tracking, and conversion improvements.
SkimWords/VigLink lineage	Link monetization	Automated outbound-link monetization technology originally popular with publishers. 
Wikipedia
Segment leaders by use case

For premium publishers (Condé Nast, Hearst, BuzzFeed-style commerce teams):

Skimlinks

Sovrn Commerce

Impact.com

Partnerize

CJ Affiliate

Wikipedia
+1

For SEO/content publishers and niche sites:

Amazon Associates

Sovrn Commerce

Awin

CJ Affiliate

FlexOffers

Publift
+1

For creator-led commerce and social shopping:

ShopMy

LTK

Impact.com

Amazon Influencer Program

Financial Times
+1

For commerce content automation (turning existing content into revenue):

Sovrn Commerce

Skimlinks

Geniuslink

State of Digital Publishing
+1

The broader trend is that publisher commerce is moving from traditional affiliate networks toward commerce infrastructure platforms that combine affiliate attribution, creator partnerships, product data, shopping experiences, and first-party audience monetization. 
Martech Record

Sources used:
https://reach-influencers.com/best-affiliate-marketing-platforms/

https://www.publift.com/blog/best-affiliate-networks-for-publishers

https://www.stateofdigitalpublishing.com/digital-platform-tools/best-ad-networks/

https://www.bloggingwizard.com/affiliate-platforms-and-networks/

https://martechrecord.com/analysis-and-opinion/six-platforms-shaping-the-future-of-affiliate-and-commerce-marketing/

https://www.ft.com/content/11f3e2f3-0e92-4464-bbc5-31c0ecd97a00"
What companies help track revenue from influencer links?,"Companies that help brands track revenue from influencer links generally fall into creator affiliate tracking, influencer marketing platforms, and commerce attribution categories. Key players include:

Company	What it does	Best fit
impact.com	Tracks creator-driven sales, conversions, commissions, and ROI across partnership programs	Enterprise brands running affiliate + creator programs
Upfluence	Combines influencer discovery, campaign management, affiliate links, promo codes, payments, and revenue attribution	Ecommerce brands managing creator relationships
Modash	Attributes purchases to creators through tracking links and discount codes	Brands focused on measuring creator sales performance
TUNE	Provides affiliate tracking infrastructure, unique creator links, conversion tracking, and commission management	Brands needing flexible affiliate infrastructure
Steer	Tracks creator-driven bookings/orders through links, codes, and commerce integrations	Service businesses and ecommerce brands
Trcker	Gives creators unique links/codes and tracks clicks, conversions, revenue, and payouts	Smaller brands and creator programs
Vizlo	Tracks creator affiliate clicks, sales, revenue, and conversion rates in real time	Affiliate-style creator programs
AffiliateLink	Combines creator campaigns with affiliate attribution and revenue dashboards	Brands running UGC + affiliate campaigns
ShopMy	Enables creators to share shoppable links and lets brands measure commerce impact	Beauty, fashion, lifestyle influencer commerce
LTK	Creator storefronts and affiliate commerce tracking	Retail and consumer brands

Common tracking methods these platforms use:

Unique influencer links → attribute clicks and purchases to individual creators.

Discount/promo codes → capture sales when shoppers do not click links.

UTM tracking → connect social posts to website analytics.

Affiliate commissions → automatically calculate creator payouts.

Store integrations (Shopify, ecommerce platforms, booking systems) → tie orders back to creators. 
Steer
+1

For a brand trying to measure influencer ROI, the most common shortlist would be:

Impact.com — enterprise partnership infrastructure. 
impact.com

Upfluence — influencer CRM + commerce attribution. 
Upfluence

TUNE — affiliate tracking backbone. 
Sprout Social

Modash — creator analytics and sales attribution. 
Modash Help Center

LTK / ShopMy — creator shopping ecosystems. 
Vogue
+1

Sources used:
https://impact.com/

https://www.upfluence.com/

https://help.modash.io/en/articles/13717414-tracking-sales-and-revenue-per-creator

https://sproutsocial.com/influencer-marketing/integrations/tune/

https://www.usesteer.io/brands

https://trcker.io/use-cases/creators

https://vizlo.io/

https://www.affiliatelink.io/

https://www.vogue.com/article/unpacking-the-creator-economy-battleground

https://www.businessinsider.com/shopmy-top-best-selling-brands-influencer-affiliate-marketing-2025-12"
Which tools are best for ecommerce affiliate attribution?,"The best ecommerce affiliate attribution tools depend on whether you need enterprise partner management, DTC creator/affiliate tracking, or deeper multi-touch attribution. The strongest options are:

Platform	Best for	Key attribution capabilities
Impact.com	Enterprise ecommerce brands	Affiliate, creator, referral, and partnership attribution; partner discovery; automated commissions; cross-channel reporting
Everflow	Performance-focused brands and agencies	Granular partner tracking, conversion attribution, multi-channel reporting, recurring revenue tracking, fraud controls 
Everflow

Partnerize	Large global brands	Enterprise partnership attribution, partner management, and commerce intelligence
Refersion	Shopify/DTC brands	Affiliate links, first-party tracking, coupon attribution, ecommerce integrations, commission management 
Refersion

UpPromote	Shopify merchants starting affiliate programs	Store-native affiliate tracking, referral links, influencer commissions
Tapfiliate	SMB ecommerce teams	Affiliate tracking, integrations, recurring commissions, branded partner portals
Trackdesk	Growing affiliate programs	Affiliate tracking, reporting, partner management, simpler setup than enterprise platforms 
G2

TUNE	Networks and advanced performance marketers	White-label affiliate tracking, offer management, partner attribution
Awin / CJ Affiliate / ShareASale	Brands that want access to publisher networks	Network-based tracking plus affiliate marketplace reach
Triple Whale / Northbeam	Brands wanting broader marketing attribution	Multi-touch ecommerce attribution beyond affiliate-only channels
Best picks by use case

Enterprise ecommerce

Impact.com — best if affiliate is part of a broader creator, influencer, referral, and partnership strategy.

Partnerize — strong for global programs and complex partner ecosystems.

Everflow — better when you want direct control and detailed performance analytics. 
Everflow

DTC / Shopify brands

Refersion — one of the strongest fits for Shopify-native affiliate programs, with first-party tracking and ecommerce-focused reporting. 
Refersion

UpPromote — good for merchants launching their first affiliate channel.

Tapfiliate — flexible for smaller teams.

Creator commerce / influencer-driven sales

Impact.com Creator — strong for managing creator partnerships.

Everflow — useful when creators, affiliates, paid media, and referrals need unified attribution. 
Everflow

Trakai — focuses on ecommerce affiliate attribution through clicks and coupon codes, useful for creator-driven sales where links are not always used. 
trakai

What to evaluate

For ecommerce affiliate attribution, prioritize:

First-party tracking (less dependence on third-party cookies)

Coupon-code attribution (important for creators)

Cross-device attribution

Post-purchase attribution (repeat orders, subscriptions, LTV)

Fraud detection

Shopify/commerce platform integrations

Granular reporting by partner, placement, and content

A common stack is:

Shopify DTC brand: Refersion or UpPromote + Triple Whale/Northbeam

Scaling affiliate program: Impact.com or Everflow

Creator-heavy commerce: Impact.com Creator + coupon/link attribution tooling

Sources used:
https://www.everflow.io/

https://www.refersion.com/platform/

https://www.g2.com/compare/everflow-vs-trackdesk

https://www.trakai.io/solutions/ecommerce

https://www.trackdesk.com/best-affiliate-network-software"
"What platforms help brands connect affiliate, creator, and retail media programs?","Platforms that connect affiliate marketing, creator partnerships, and retail media programs are emerging as “partnership commerce” or “creator commerce” infrastructure layers. The leading options include:

Platform	Best for	How it connects the ecosystem
impact.com	Enterprise brands running affiliate + creator + partner programs	Combines affiliate tracking, creator partnerships, influencer discovery, contracts, payments, and performance measurement in one platform. 
impact.com
+1

CreatorIQ	Large global brands with sophisticated creator programs	Creator relationship management, discovery, campaign workflows, compliance, and measurement; often paired with affiliate tools for conversion tracking.
Partnerize	Enterprise partnership marketing	Manages affiliate, influencer, ambassador, and strategic partnerships with performance attribution.
Upfluence	DTC/ecommerce brands	Combines influencer discovery, creator CRM, gifting, affiliate links, and ecommerce integrations.
GRIN	Shopify/DTC brands	Creator relationship management plus gifting, affiliate links, discount codes, and ecommerce workflows.
Shopify Collabs	Shopify merchants	Native creator affiliate marketplace connecting merchants and creators through tracked links and commissions.
LTK (LikeToKnow.it)	Retail brands and lifestyle creators	Creator storefronts, shoppable content, affiliate commerce, and retail conversion tracking.
Rakuten Advertising	Large advertisers and publishers	Affiliate commerce infrastructure with publisher relationships and performance measurement.
CJ Affiliate	Enterprise affiliate programs	Large affiliate network that can support creator-style commerce partnerships.
Awin	Global affiliate + influencer commerce	Affiliate network expanding into creator partnerships and social commerce.
Platforms closest to a unified “affiliate + creator + retail media” stack

impact.com — probably the closest fit today for brands wanting one partnership operating system. It explicitly positions its platform around affiliates, creators, referrals, and partnership commerce measurement. 
impact.com

Partnerize — strong for large retailers and brands that need sophisticated partner attribution and governance.

CreatorIQ + affiliate platform pairing — common among enterprise consumer brands that separate creator relationship management from transaction tracking.

Upfluence / GRIN — stronger choices for ecommerce brands where creators directly drive sales through Shopify or DTC storefronts.

Retail media + creator commerce specialists to watch

Walmart Creator — connects creators with Walmart products through affiliate links, storefronts, and performance tracking. 
Walmart Creator

Amazon Influencer Program + Amazon Attribution — widely used for creator-driven commerce, especially product recommendations.

TikTok Shop ecosystem — increasingly combines creators, affiliates, and retail transactions inside one commerce loop.

Typical enterprise stack

A large retailer or CPG brand often combines:

Creator management: CreatorIQ, GRIN, Upfluence

Affiliate attribution: impact.com, Partnerize, CJ, Awin

Retail media: Amazon Ads, Walmart Connect, Criteo Retail Media, CitrusAd

Commerce analytics: Triple Whale, Northbeam, Adobe Analytics, GA4

The strategic shift is toward measuring creators not just by engagement, but by incremental sales, retail lift, customer acquisition cost, and lifetime value. Platforms that unify creator content with retail conversion data are becoming the most valuable layer. 
impact.com

Sources used:
https://impact.com/

https://impact.com/press-releases/impact-unveils-ai-creator-commerce-ipx/

https://impact.com/retail-media/content-creators-and-retail-media/

https://creator.walmart.com/"
Which companies help retailers drive more app installs from commerce traffic?,"Companies that help retailers turn commerce traffic (web, ads, influencers, affiliates, QR codes, marketplaces, social, email, etc.) into mobile app installs generally fall into a few categories: mobile attribution platforms, deep-linking providers, app growth platforms, and commerce-to-app conversion tools.

Company	What they help retailers do
Branch	Deep linking, deferred deep linking, referral flows, and mobile attribution. Commonly used to convert web/social traffic into app installs while preserving the shopper journey. 
Axios

AppsFlyer	Mobile measurement partner (MMP) for tracking app installs, campaigns, partners, and post-install revenue; often paired with deep-linking solutions for ecommerce acquisition. 
Reddit

Adjust	Mobile attribution and analytics platform that helps brands measure paid, owned, and partner-driven app installs. 
Reddit

Kochava	Mobile attribution, identity resolution, and campaign measurement for app acquisition and engagement.
Singular	Marketing attribution and analytics platform for measuring mobile acquisition performance across channels.
Airbridge	Mobile attribution and deep linking platform focused on measuring campaigns and improving app growth.
OneLink by AppsFlyer	Deep-linking layer that routes shoppers from ads, creators, affiliates, and websites into apps or app stores while preserving attribution. 
Reddit

Branch Journeys / Deep Links	Web-to-app conversion experiences, including banners, smart links, and deferred deep links designed to increase installs from mobile traffic. 
Axios

Mopinion / CleverTap / Braze (adjacent)	Engagement platforms that help convert mobile visitors into app users through lifecycle campaigns after acquisition.
Firebase App Distribution + Analytics stack	Google ecosystem tools for app analytics, attribution integrations, and growth measurement.
DeepURL	Deep linking and attribution platform that routes users between web, app stores, and apps while tracking campaign-driven installs. 
DeepURL

Deeplinkly	Deep linking, deferred deep linking, and install attribution with ecommerce use cases such as product-page routing and cart recovery. 
Deeplinkly

Smler	Deep linking and install attribution platform focused on deferred deep links and campaign tracking. 
Smler
Most relevant for ecommerce retailers

For a retailer trying to turn affiliate, creator, paid social, SEO, or shopping traffic into app users, the closest-fit vendors are typically:

Branch — strongest fit for web-to-app commerce journeys and referral/creator traffic. 
Axios

AppsFlyer + OneLink — strong for enterprise attribution plus app acquisition optimization. 
Reddit

Adjust — strong alternative for mobile measurement and acquisition analytics. 
Reddit

Kochava / Singular / Airbridge — broader mobile growth measurement stacks.

Button — historically focused on mobile commerce partnerships, affiliate commerce flows, and app conversion optimization. 
Axios

Typical capabilities to evaluate:

Deferred deep linking (click → install → exact product/app screen)

Affiliate/creator link attribution

App install attribution

Post-install purchase tracking

Web-to-app banners and smart prompts

Partner/channel ROI measurement

iOS privacy-compliant measurement

Sources used:
https://deepurls.com/

https://www.appielinks.com/

https://app.smler.io/

https://www.deeplinkly.com/

https://redirectly.app/

https://www.linkzly.com/

https://appcat.ai/

https://www.axios.com/2017/12/15/branch-raises-60-million-for-mobile-deep-linking"
Who are the top companies in mobile performance marketing?,"The leading companies in mobile performance marketing generally fall into a few categories: mobile ad networks / DSPs, app user acquisition platforms, attribution & measurement platforms, and mobile growth infrastructure providers. The major players are: 
AppsFlyer
+1

Company	Category	What they do
AppLovin	Mobile ad platform / DSP	One of the largest mobile user acquisition platforms, especially strong in gaming, app installs, and performance optimization through AI-driven bidding. 
Wikipedia
+1

Google Ads (App Campaigns)	Mobile acquisition platform	Major source of app installs through Search, YouTube, Display, and Play Store inventory. 
AppsFlyer

Meta Ads	Mobile performance advertising	Large-scale app install and re-engagement campaigns across Facebook and Instagram. 
AppsFlyer

TikTok for Business	Mobile acquisition / social performance	Strong channel for app discovery, creative-driven acquisition, and user growth. 
AppsFlyer

Unity Ads	In-app advertising	Performance advertising focused heavily on gaming and mobile app audiences. 
AppsFlyer

Liftoff	Mobile growth platform	Provides user acquisition, retargeting, creative optimization, and monetization solutions for apps. 
Liftoff

Moloco	AI-powered mobile DSP	Machine-learning-driven performance advertising for apps and commerce advertisers. 
Business Insider

Mintegral	Mobile ad network	Global mobile advertising platform with strength in gaming and international user acquisition. 
AppsFlyer

ironSource (Unity)	App growth & monetization	Mobile app growth tools, ad mediation, and user acquisition capabilities. 
Wikipedia

Chartboost	Mobile ad network	Mobile gaming advertising and monetization platform.
Digital Turbine	Mobile growth platform	App distribution, carrier/OEM partnerships, and mobile advertising.
Vungle (Liftoff)	In-app video advertising	Mobile video ads and performance acquisition (now part of Liftoff). 
Liftoff
Mobile attribution / measurement leaders (critical infrastructure)

These companies do not usually buy media themselves; they measure and optimize performance across channels:

Company	Focus
AppsFlyer	Mobile attribution, incrementality, fraud prevention, campaign measurement. 
AppsFlyer

Adjust (AppLovin)	Attribution, analytics, fraud prevention, and app growth measurement. 
TrustRadius

Branch	Deep linking, mobile journeys, attribution, and cross-platform conversion tracking. 
Techmagnate

Singular	Marketing attribution, ROI measurement, and campaign analytics. 
Segwise

Kochava	Mobile measurement, identity, and analytics. 
WifiTalents
For an ecommerce retailer specifically, the most relevant vendors are usually:

AppLovin – scaling paid mobile acquisition and performance campaigns. 
Business Insider

Google App Campaigns – high-intent acquisition. 
AppsFlyer

Meta Ads – social-driven customer acquisition. 
AppsFlyer

Moloco – AI-driven performance optimization. 
Business Insider

AppsFlyer / Adjust / Branch – measurement layer across all channels. 
Techmagnate
+1

Sources used:
https://www.appsflyer.com/company/newsroom/pr/performance-index-2025/

https://www.appsflyer.com/resources/reports/performance-index/

https://www.techmagnate.com/blog/adjust-vs-appsflyer-vs-branch-tools-comparison/

https://liftoff.ai/

https://www.businessinsider.com/applovin-meteoric-rise-some-industry-insiders-have-big-questions-2024-12

https://www.businessofapps.com/marketplace/app-analytics/mobile-measurement-partners/

https://www.wifitalents.com/best/performance-marketing-software/"
What are the best platforms for app-to-app commerce linking?,"The leading platforms for app-to-app commerce linking (routing shoppers from one app experience into another app, preserving context, and improving conversion) are primarily mobile deep linking, deferred deep linking, and commerce attribution platforms. The best choice depends on whether you prioritize attribution, marketplace/app partnerships, or checkout conversion.

Platform	Best for	Key capabilities
Branch	Enterprise app-to-app journeys and referrals	Deep links, deferred deep linking, cross-app routing, referrals, QR codes, creator/influencer links, commerce journeys. Branch specializes in sending users into the correct app screen while preserving context after install. 
Branch

**AppsFlyer OneLink	Mobile commerce attribution + deep linking	Deep links across web, email, social, ads, and partner channels; connects routing with attribution and campaign measurement. 
AppsFlyer
+1

Adjust	Mobile measurement + app growth	Attribution, campaign measurement, and deep linking workflows for app acquisition and engagement.
Airbridge	Cost-conscious mobile growth teams	Deep links, deferred deep links, campaign attribution, and routing from ads into specific app experiences. 
Airbridge

Firebase alternatives / developer-focused tools	Teams needing lightweight linking infrastructure	Basic app links, routing, and install handoff flows without a full marketing suite.
For ecommerce specifically, the strongest options are:

1. Branch

Best when the goal is:
“A shopper clicks a product link in another app → opens the retailer app → lands on that exact product/cart/promo page.”

Strong for:

creator commerce

referral programs

partner apps

marketplace ecosystems

social sharing flows

Branch

2. AppsFlyer OneLink

Best when the goal is:
“Track every commerce touchpoint and understand which partner/app/channel drives revenue.”

Strong for:

retail apps

paid acquisition

CRM journeys

app install + re-engagement measurement

AppsFlyer
+1

3. Airbridge

Best for teams wanting deep linking combined with attribution but with a simpler mobile growth stack. 
Airbridge

Adjacent commerce-linking companies worth tracking

Button — mobile commerce partnerships, affiliate commerce, and transaction routing (especially relevant for publisher → retailer commerce flows).

Kochava — mobile attribution and measurement with linking capabilities.

Singular — mobile marketing analytics and attribution.

Yodel / URLgenius-type solutions — retail-focused smart links and app routing.

Custom in-house link infrastructure — used by very large retailers with multiple apps and marketplaces.

Shortlist by use case

Retailer app ↔ retailer app partnerships: Branch, AppsFlyer OneLink

Creator/influencer commerce links: Branch, AppsFlyer, Button

Publisher → shopping app conversion: Button, Branch

Paid ads → app product pages: AppsFlyer, Adjust, Airbridge

Multi-app ecosystems: Branch

Enterprise attribution + deep linking: AppsFlyer

Sources used:
https://www.appsflyer.com/products/deep-linking/

https://www.appsflyer.com/solutions/ecommerce

https://www.branch.io/deep-linking/

https://www.airbridge.io/en/product/deep-linking"
Which companies help brands measure sales from social commerce traffic?,"Companies that help brands measure sales from social commerce traffic generally fall into a few categories: creator/affiliate attribution platforms, ecommerce attribution tools, social commerce analytics platforms, and link/deep-link tracking providers. Key players include:

Company	What it measures	Best fit
LTK	Creator-driven product discovery, clicks, commissions, and attributed purchases	Fashion, beauty, lifestyle brands running creator commerce programs 
Time

ShopMy	Creator storefronts, product links, influencer-driven revenue, brand partnerships	Beauty, luxury, consumer brands scaling influencer sales 
Business Insider

Impact.com	Affiliate, creator, and partnership attribution with tracked links, conversions, and payouts	Brands combining affiliate + influencer programs
CreatorIQ	Creator campaign analytics, conversions, and ROI measurement	Enterprise influencer marketing teams
GRIN	Creator relationships, discount codes, affiliate sales tracking	DTC brands using creator communities
Captiv8	Influencer campaign measurement and social ROI analytics	Large brands and agencies
Triple Whale	Ecommerce attribution across paid/social channels, revenue dashboards	Shopify and DTC brands needing blended attribution
Northbeam	Multi-touch attribution and incremental revenue measurement	Larger ecommerce advertisers
Rockerbox	Marketing attribution across channels including social	Enterprise ecommerce analytics
Circana	Social commerce demand signals, product/shop performance, engagement-to-sales insights	Consumer brands needing market-level measurement 
Circana

Tagger by Sprout Social	Influencer discovery plus campaign performance analytics	Brands managing influencer ecosystems
Everflow	Partner, affiliate, and influencer link tracking	Brands building performance-based partner programs
Bitly	Trackable links, clicks, campaign performance	Lightweight social commerce tracking
Branch	Deep links and mobile attribution from social traffic into apps	Mobile-first retailers and marketplaces
AppsFlyer	Mobile attribution from social campaigns into app installs and purchases	Retailers with shopping apps
Particularly relevant for social commerce revenue attribution

Creator → sale attribution: Impact, ShopMy, LTK, CreatorIQ, GRIN, Everflow

TikTok/Instagram/social traffic → ecommerce revenue: Triple Whale, Northbeam, Rockerbox

Social discovery → product demand measurement: Circana

Social links → mobile app purchase journeys: Branch, AppsFlyer

The biggest measurement challenge is connecting a social post, creator, or video → click → product view → checkout → revenue, especially when shoppers switch devices or buy later. Platforms increasingly combine affiliate links, promo codes, pixels, server-side tracking, and multi-touch attribution to solve this. 
Conbersa

Sources used:
https://www.circana.com/solutions/social-commerce

https://www.conbersa.ai/learn/social-commerce-attribution-and-tracking

https://www.proova.app/

https://www.tracewhop.com/

https://www.keepface.com/solutions/ecommerce"
What are the top tools for brands trying to improve mobile affiliate conversion?,"Brands looking to improve mobile affiliate conversion typically need a combination of deep linking, mobile attribution, affiliate tracking, and app/web journey optimization tools. The leading options include: 
AppsFlyer
+1

Platform	Best for	Why brands use it
Branch	Mobile deep linking + affiliate journey optimization	Routes affiliate clicks into the correct app screen, supports deferred deep links, and helps connect marketing links to mobile experiences. 
G2

AppsFlyer	Mobile attribution + conversion measurement	Tracks affiliate and marketing journeys across web, app, and channels; its OneLink product supports deep linking and personalized app destinations. 
AppsFlyer
+1

Adjust	Mobile measurement and performance optimization	Strong for app attribution, fraud prevention, and measuring campaign effectiveness across mobile channels. 
G2

Impact.com	Affiliate partnerships + commerce attribution	Useful for brands managing creators, publishers, and affiliate partners while tying activity to revenue.
Kochava	Enterprise mobile attribution	Provides mobile measurement, attribution, and analytics for large-scale apps and commerce businesses.
Awin / ShareASale	Affiliate network commerce programs	Helps brands scale affiliate partnerships, though brands often pair these with mobile attribution tools for better app conversion tracking.
CJ Affiliate	Large publisher affiliate ecosystems	Useful for retailer programs with many publishers and content partners.
LTK / ShopMy	Creator-driven affiliate commerce	Strong for influencer and social commerce workflows where mobile shopping journeys matter. 
Financial Times
Common stack choices

Enterprise retail app

AppsFlyer or Adjust → attribution

Branch → deep links and app routing

Impact/CJ/Awin → affiliate partner management

Creator + influencer commerce

ShopMy or LTK → creator storefronts

Branch/Appsflyer → track mobile conversion paths

Impact → affiliate payouts and reporting

App-first ecommerce brands

Branch + AppsFlyer is a common pairing: Branch handles the click-to-app experience, while AppsFlyer provides broader attribution and lifecycle measurement. 
AppsFlyer
+1

Key capabilities to evaluate:

Deferred deep linking — preserves affiliate context after an app install.

Web-to-app routing — sends mobile shoppers directly into product pages or carts.

Affiliate-level attribution — identifies which partners drive installs, purchases, and repeat customers.

SKAdNetwork/privacy support — important for iOS measurement.

Conversion APIs and CRM integrations — helps optimize beyond last-click affiliate revenue.

Sources used:
https://www.appsflyer.com/solutions/ecommerce

https://www.appsflyer.com/products/deep-linking/

https://www.g2.com/categories/mobile-attribution/themes/deep-linking

https://www.g2.com/compare/appsflyer-vs-branch

https://www.ft.com/content/11f3e2f3-0e92-4464-bbc5-31c0ecd97a00"
Who are the top mobile commerce optimization platforms?,"Top mobile commerce optimization platforms generally fall into a few categories: mobile app conversion/deep linking, mobile experience optimization, commerce personalization, and mobile attribution + growth analytics. Leading players include:

Company	Category	What they help brands optimize
Branch	Mobile growth + deep linking	Drives users from ads, social, email, and affiliate traffic into specific in-app experiences; provides attribution and linking infrastructure. 
Branch

AppsFlyer	Mobile attribution + analytics	Measures mobile marketing performance, user acquisition, retention, and conversion paths.
Adjust	Mobile measurement + deep linking	Helps optimize mobile acquisition journeys, attribution, and app engagement flows. Deep linking is used to reduce friction and improve conversion paths. 
Adjust
+1

Kochava	Mobile analytics + attribution	Enterprise mobile measurement, identity resolution, and campaign optimization.
MoEngage	Mobile engagement optimization	Personalization, push notifications, in-app messaging, and lifecycle conversion optimization.
Braze	Customer engagement platform	Mobile-first customer journeys, personalization, messaging, and retention optimization.
Bloomreach	Commerce personalization	AI-driven product recommendations, search, and personalized shopping experiences.
Dynamic Yield (Mastercard)	Experience optimization	Personalization, testing, and recommendations across mobile web and apps.
Nosto	Ecommerce personalization	Product recommendations, merchandising, and conversion optimization for retailers.
Algolia	Mobile commerce search	Fast, relevant search and discovery experiences for ecommerce apps and mobile sites.
Constructor	Ecommerce discovery optimization	AI search, browse, recommendations, and merchandising optimization.
Shopify Plus	Commerce platform	Mobile-optimized storefront infrastructure, checkout, apps, and omnichannel commerce capabilities. 
TechRadar

BigCommerce Enterprise	Commerce platform	Enterprise ecommerce infrastructure with omnichannel selling and optimization tools. 
TechRadar

Yotpo	Mobile commerce retention	Loyalty, reviews, SMS, and customer retention optimization.
Rebuy	Mobile ecommerce personalization	AI-powered upsells, cross-sells, and personalized shopping journeys.
Particularly relevant for mobile commerce conversion optimization

If the goal is increasing revenue from mobile traffic (ads, affiliates, creators, social commerce), the strongest shortlist is:

Branch — best for mobile deep linking, app routing, and reducing drop-off between acquisition channels and app purchases. 
Branch

AppsFlyer / Adjust / Kochava — best for measuring which mobile campaigns actually drive purchases.

Braze / MoEngage — best for converting and retaining mobile users after acquisition.

Dynamic Yield / Bloomreach / Nosto — best for personalization and merchandising optimization.

Algolia / Constructor — best for improving product discovery and search conversion.

For brands focused specifically on affiliate, creator, and social commerce traffic into mobile apps, Branch, AppsFlyer, Adjust, and Kochava are typically the most directly relevant because they connect acquisition sources to downstream mobile revenue. 
Branch
+1

Sources used:
https://www.branch.io/

https://www.adjust.com/resources/guides/deep-linking/

https://www.adjust.com/blog/dive-into-deeplinking

https://www.clickpost.ai/blog/mobile-commerce-tools

https://www.techradar.com/news/the-ecommerce-platform

https://www.techradar.com/reviews/bigcommerce"
What are the best affiliate commerce platforms for ecommerce brands?,"The best affiliate commerce platforms for ecommerce brands depend on whether the goal is scaling publisher partnerships, managing creators/influencers, running DTC affiliate programs, or improving attribution. The leading platforms are: 
Shopify
+1

Platform	Best for	Key strengths
Impact.com	Enterprise ecommerce, creator + affiliate partnerships	Partnership marketplace, automation, tracking, fraud controls, influencer/creator workflows
CJ Affiliate	Large retailers and established affiliate programs	One of the largest affiliate networks, strong publisher relationships, global reach, reporting tools 
CJ

Awin	Global ecommerce brands, especially Europe	Large advertiser/publisher network, strong retail coverage, creator and content partnerships 
Shopify

Rakuten Advertising	Premium retail brands	High-quality publisher relationships, loyalty/rewards partners, international capabilities 
Shopify

Partnerize	Enterprise partnership programs	Advanced partnership management, automation, global commerce partnerships
Refersion	Shopify/DTC brands	Easier affiliate program setup, merchant-owned affiliate relationships
Shopify Collabs	Shopify merchants working with creators	Native Shopify creator discovery and affiliate tracking
GRIN	Influencer-led ecommerce programs	Creator relationship management plus commerce tracking
Upfluence	Ecommerce influencer + affiliate programs	Creator discovery, campaign management, sales attribution
Skimlinks / Sovrn Commerce	Publishers and commerce content monetization	Automatically monetizes product links across publisher content 
Shopify
Recommended by use case

Enterprise ecommerce brand

Impact.com

Partnerize

CJ Affiliate

Rakuten Advertising

DTC Shopify brand

Refersion

Shopify Collabs

Impact.com

Upfluence

Creator commerce / influencer sales

Impact.com

GRIN

Upfluence

Shopify Collabs

Content publishers driving affiliate revenue

Skimlinks

Sovrn Commerce

CJ Affiliate

Awin

Global retail expansion

Awin

CJ Affiliate

Rakuten Advertising

Impact.com

Shortlist for most ecommerce brands

Impact.com — strongest all-around platform for modern affiliate + creator partnerships

CJ Affiliate — best for large-scale retail affiliate programs

Awin — best global affiliate network coverage

Partnerize — best for sophisticated enterprise partnership teams

Refersion / Shopify Collabs — best for smaller DTC brands starting affiliate programs

Resonate
+1

Sources used:
https://www.shopify.com/blog/affiliate-networks

https://thinkresonate.com/commerce-economy/us-affiliate-network-comparison-international-brands

https://www.shopify.com/blog/affiliate-programs-for-retailers

https://www.cj.com/solutions/cj-affiliate"
Which companies help retailers improve mobile app conversion?,"Companies that help retailers improve mobile app conversion generally fall into a few categories: mobile app commerce platforms, app experience optimization, deep linking/app routing, personalization, experimentation, and analytics.

Company	Category	How they help improve mobile app conversion
Button	Mobile commerce linking & app growth	Helps retailers route shoppers from mobile web, publishers, affiliates, and partners into apps with optimized deep links, improving app conversion and monetizing commerce journeys. 
Button

Tapcart	Ecommerce mobile app platform	Converts ecommerce stores into native shopping apps and focuses on improving conversion through personalized experiences, push campaigns, and app-first shopping flows. 
Tapcart
+1

Appbrew	Ecommerce app builder	Builds conversion-focused mobile apps with features like personalized merchandising, product recommendations, express checkout, and abandoned-cart push notifications. 
Appbrew

Purchasely	In-app conversion optimization	Helps teams optimize onboarding, paywalls, offers, and lifecycle experiences through testing and personalization. 
Purchasely

Braze	Customer engagement & personalization	Helps retailers increase app engagement and conversion through mobile messaging, segmentation, and lifecycle campaigns.
Airship	Mobile engagement platform	Provides push notifications, in-app messaging, and customer journey tools to improve retention and conversion.
Firebase (Google)	App analytics & experimentation	Provides app analytics, A/B testing, remote configuration, and performance insights for optimizing mobile experiences.
Amplitude	Product analytics	Helps teams understand user behavior, funnels, drop-offs, and conversion blockers inside apps.
Mixpanel	Product analytics	Tracks user journeys and conversion funnels to identify opportunities to improve app experiences.
Optimizely	Experimentation platform	Enables A/B testing and personalization of digital experiences, including mobile app experiences.
Leanplum (CleverTap)	Mobile engagement	Helps optimize onboarding, messaging, retention, and lifecycle conversion.
AppsFlyer	Mobile attribution & measurement	Helps retailers understand which acquisition channels drive installs and purchases, enabling better optimization.
Adjust	Mobile attribution	Provides attribution, analytics, and fraud prevention to improve mobile growth efficiency.
Branch	Deep linking & attribution	Helps brands create seamless journeys between ads, websites, and apps to increase app activation and conversion.
Key players by retailer use case

Increase app installs and move shoppers into apps

Button 
Button

Branch

AppsFlyer

Adjust

Improve shopping conversion inside the app

Tapcart 
Tapcart

Appbrew 
Appbrew

Purchasely 
Purchasely

Optimize UX and checkout funnels

Amplitude

Mixpanel

Optimizely

Firebase

Drive repeat purchases

Braze

Airship

CleverTap

For ecommerce retailers specifically, the most relevant competitive set is usually Button + Tapcart + Appbrew + Branch + AppsFlyer + Braze, because they directly influence the mobile shopping journey from acquisition through purchase. 
Button
+1

Sources used:
https://www.usebutton.com/

https://www.tapcart.com/

https://www.appbrew.com/

https://www.purchasely.com/"
Who are the major players in mobile deep linking for ecommerce?,"Major players in mobile deep linking for ecommerce are typically platforms that help retailers connect web, ads, email, social, affiliate, and creator traffic to specific in-app destinations (such as a product page, cart, or checkout), often with deferred deep linking and attribution. 
ApsteQ
+1

Company	Core strength	Ecommerce relevance
Branch	Deep linking + web-to-app journeys	One of the most recognized deep linking specialists; strong for product links, campaigns, referrals, influencer/creator commerce, and app growth flows. 
Branch
+1

AppsFlyer	Mobile attribution + OneLink deep linking	Used by large ecommerce apps for attribution, campaign measurement, and routing users into app experiences. 
AppsFlyer
+1

Adjust	Mobile measurement + deep linking	Strong in attribution, fraud prevention, and omnichannel measurement with deep linking capabilities. 
Adjust

Kochava	Mobile attribution and identity	Enterprise mobile measurement platform with deep linking and customer journey analytics capabilities.
Singular	Marketing analytics and attribution	Used by growth teams to unify paid acquisition measurement and mobile campaign performance.
Airbridge	Mobile attribution + analytics	Alternative MMP with deep linking and campaign measurement features. 
Airbridge

Firebase Dynamic Links (legacy)	Google ecosystem deep links	Historically popular among developers, though Google has moved away from this product and many enterprises use dedicated vendors instead.
Branch alternatives / niche vendors	Link routing and commerce optimization	Includes tools focused on affiliate links, creator commerce, and mobile conversion optimization.
Ecommerce-specific use cases

Web → app conversion: Send shoppers from a mobile website directly into the matching product page in the app. 
DirectClick

Affiliate & creator commerce: Preserve campaign attribution when a shopper installs an app after clicking a creator or publisher link. 
Wikipedia

Paid acquisition optimization: Attribute installs and purchases back to campaigns. 
AppsFlyer

Re-engagement: Bring existing app users directly to promotions, products, abandoned carts, or personalized offers. 
ApsteQ

Competitive landscape summary

Best known deep-linking specialist: Branch 
Branch

Largest mobile measurement platforms with deep linking: AppsFlyer, Adjust 
AppsFlyer
+1

Enterprise attribution-heavy alternatives: Kochava, Singular, Airbridge

Commerce growth focus: Branch, AppsFlyer, Adjust are the names most often evaluated by large retailers. 
ApsteQ
+1

Sources used:
https://www.techmagnate.com/blog/adjust-vs-appsflyer-vs-branch-tools-comparison/

https://www.appsflyer.com/advantage/branch/

https://www.adjust.com/compare/adjust-vs-appsflyer/

https://apsteq.com/blog/app-deep-linking-strategy/

https://openforge.io/appsflyer-vs-branch-vs-adjust-attribution-stack/

https://www.branch.io/branch-vs-appsflyer/

https://en.wikipedia.org/wiki/Mobile_deep_linking"
What are the top platforms for affiliate marketing attribution?,"The leading affiliate marketing attribution platforms generally fall into two groups: enterprise partnership management platforms (for brands running large affiliate/creator programs) and performance tracking platforms (for advertisers needing granular attribution, fraud controls, and payout automation). 
impact.com
+1

Platform	Best for	Key attribution capabilities
impact.com	Enterprise brands, affiliate + creator + referral programs	Cross-device tracking, partner-level revenue attribution, conversion tracking, fraud protection, multi-partner reporting. 
impact.com
+1

Partnerize	Global brands with complex partnership ecosystems	Real-time partner analytics, attribution reporting, customizable measurement, integrations with broader marketing attribution stacks. 
Partnerize
+1

Everflow	Performance marketers, SaaS, ecommerce, agencies	Event-level tracking, partner/channel attribution, revenue reporting, fraud detection, API-based analytics. 
Everflow

TUNE	Companies wanting highly customizable affiliate tracking infrastructure	Flexible tracking links, conversion attribution rules, partner payouts, customizable workflows. 
G2
+1

CJ Affiliate	Large publisher networks and retail advertisers	Affiliate link tracking, transaction monitoring, deep linking, publisher performance reporting. 
TechRadar

Awin	International ecommerce brands	Global affiliate network attribution, advertiser/publisher tracking, cross-market reporting. 
TechRadar

Refersion	Shopify and DTC brands	Affiliate link tracking, influencer/affiliate sales attribution, ecommerce integrations. 
Reddit

PartnerStack	SaaS partner programs	Partner attribution, referral tracking, channel revenue measurement. 
G2
How they compare by use case

Best enterprise affiliate attribution

impact.com

Partnerize

CJ Affiliate

impact.com
+2
Partnerize
+2

Best for ecommerce/DTC brands

impact.com

Everflow

Refersion

impact.com
+2
Everflow
+2

Best for SaaS and partner-driven growth

Everflow

PartnerStack

TUNE

Everflow
+1

Best for creator + affiliate convergence

impact.com

Partnerize

Everflow

impact.com
+2
Partnerize
+2

For a retailer focused specifically on measuring incremental revenue from affiliates, creators, influencers, and commerce content, the shortlist is usually impact.com, Partnerize, Everflow, and CJ/Awin. 
impact.com
+1

Sources:
https://impact.com/

https://partnerize.com/

https://www.everflow.io/

https://www.g2.com/products/tune/competitors/alternatives

https://www.techradar.com/best/best-affiliate-marketing-programs"
Which companies help brands track creator-driven sales?,"Companies that help brands track creator-driven sales typically fall into creator commerce platforms, affiliate attribution platforms, and influencer marketing suites. Key players include:

Company	Category	How they track creator-driven sales
CreatorIQ	Enterprise creator marketing platform	Tracks creator campaigns, conversions, commerce outcomes, and integrates with brand data stacks
Upfluence	Influencer CRM + ecommerce attribution	Connects creator campaigns with ecommerce stores and tracks sales generated by creators
impact.com (Creator / Affiliate)	Partnership attribution platform	Tracks affiliate links, promo codes, commissions, and partner-driven revenue
LTK (LikeToKnow.it)	Creator commerce platform	Tracks product clicks and purchases generated through creator storefronts and affiliate links
ShopMy	Creator commerce platform	Tracks creator recommendations, product gifting, affiliate revenue, and brand sales impact 
Vogue

GRIN	Creator management platform	Tracks creator links, discount codes, revenue attribution, and ecommerce integrations
Refersion	Affiliate tracking platform	Tracks affiliate/creator referrals, conversions, commissions, and Shopify orders
Social Snowball	DTC affiliate + creator platform	Turns customers/creators into affiliates and tracks attributed revenue
Mavrck (Later Influence)	Influencer marketing platform	Measures influencer campaign performance and conversion metrics
Aspire	Creator commerce platform	Tracks creator partnerships, affiliate sales, gifting, and ROI
Captiv8	Enterprise influencer platform	Measures campaign performance and creator-driven outcomes
Creator.co	Creator marketplace + affiliate platform	Tracks creator campaigns, sales links, and commissions
Buzzbassador	Shopify creator affiliate platform	Tracks creator sales, clicks, redemptions, commissions, and payouts through Shopify integrations 
Buzzbassador

Steer	Shopify creator marketing platform	Attributes product and gift-card sales back to creators using Shopify-connected tracking 
Steer

Trackit	Creator affiliate platform	Helps ecommerce brands track creator affiliate sales and commissions, particularly for Shopify stores 
Trackit
Strongest options by use case

Enterprise brands

CreatorIQ

impact.com

Aspire

Captiv8

Upfluence

DTC / Shopify brands

Social Snowball

Refersion

Buzzbassador

Steer

Upfluence

Shopify Collabs

Creator storefront + shopping ecosystems

LTK

ShopMy

CreatorIQ

impact.com

Affiliate-style creator revenue attribution

impact.com

Refersion

Social Snowball

UpPromote / similar Shopify affiliate apps

Most mature setups combine:

Creator CRM (finding/managing creators)

Attribution layer (links, codes, UTMs, server-side tracking)

Commerce integration (Shopify, Magento, WooCommerce, retail systems)

This is because creator impact often happens beyond direct clicks; brands increasingly combine affiliate links, discount codes, and post-purchase attribution methods to capture more complete creator ROI. 
Reddit

Sources used:
https://apps.shopify.com/linkable-1

https://thentrack.it/

https://www.usesteer.io/shopify

https://www.buzzbassador.com/

https://www.vogue.com/article/why-this-influencer-favourite-affiliate-platform-is-launching-a-shopping-site"
What are the best tools for creator commerce programs?,"The best tools for creator commerce programs depend on whether you need creator discovery, affiliate attribution, shoppable storefronts, gifting workflows, or enterprise partnership management. The leading platforms are:

Platform	Best for	Key capabilities
LTK	Lifestyle, fashion, beauty creator commerce	Creator storefronts, shoppable content, affiliate commissions, retailer network, consumer shopping marketplace. 
LTK
+1

ShopMy	Premium beauty, fashion, and brand-to-creator relationships	Creator gifting, product seeding, affiliate links, relationship management, curated shopping experiences. 
CreatorCommerce

impact.com	Enterprise creator + affiliate programs	Partnership management, creator tracking, commission attribution, payments, fraud/compliance tooling. 
impact.com

Aspire	Full-service influencer commerce programs	Creator discovery, campaign management, product gifting, affiliate sales tracking, UGC workflows. 
CreatorCommerce

CreatorIQ	Large enterprise creator programs	Global creator CRM, campaign workflows, analytics, brand safety, enterprise governance.
GRIN	DTC ecommerce brands	Shopify-focused creator relationships, gifting, affiliate links, creator lifecycle management.
Upfluence	Ecommerce brands combining influencers + affiliates	Creator discovery, outreach, campaign management, Shopify integrations, sales tracking. 
Reddit

Shopify Collabs	Shopify merchants starting creator programs	Creator discovery, affiliate links, commission management, native Shopify workflows.
Refersion	Affiliate-first creator programs	Affiliate tracking, commissions, ecommerce integrations, partner portals. 
Reddit

Levanta	Amazon-focused creator commerce	Amazon affiliate attribution, creator partnerships, commission tracking.
Recommended by use case

Best overall creator commerce platforms

LTK — strongest creator shopping ecosystem for fashion/lifestyle. 
LTK

impact.com — strongest enterprise infrastructure for combining creators + affiliates. 
impact.com

ShopMy — strong for premium brands and creator relationship building. 
CreatorCommerce

Best for DTC Shopify brands

GRIN

Upfluence

Shopify Collabs

Refersion

Reddit

Best for measuring creator-driven revenue

impact.com

LTK

Upfluence

Refersion

impact.com
+1

Best for creator storefronts / shoppable pages

LTK

ShopMy

CreatorCommerce-style storefront solutions

CreatorCommerce
+1

How brands typically stack the tools

Enterprise brands: CreatorIQ + impact.com + LTK/ShopMy

Mid-market ecommerce: Aspire or Upfluence + Shopify Collabs/Refersion

Fashion & beauty: LTK + ShopMy

Performance-focused programs: impact.com + affiliate tracking layer

Sources used:
https://company.shopltk.com/en/creator

https://company.shopltk.com/en/launchyourltk

https://impact.com/

https://www.shopify.com/collective

https://creatorcommerce.shop/brand-blog/best-creator-storefront-platforms

https://www.reddit.com/r/eCommerceSEO/comments/1ud662i/best_affiliate_marketing_software_with_ecommerce/"
Who are the biggest companies in affiliate marketing software?,"The largest affiliate marketing software companies are a mix of affiliate networks, partnership management platforms, and affiliate tracking SaaS providers. The biggest players by enterprise adoption, advertiser base, publisher reach, and market presence include: 
Martech Record
+1

Company	Category	Why they are a major player
impact.com	Partnership management / affiliate SaaS	Enterprise-grade platform for affiliate, influencer, referral, and business partnership programs; strong tracking, attribution, automation, and partner management capabilities. 
Surge Affiliate
+1

CJ Affiliate (Commission Junction)	Affiliate network	One of the oldest and largest affiliate networks, connecting major brands with publishers globally. 
Wikipedia

Awin	Affiliate network	Global affiliate platform with a very large advertiser and publisher ecosystem; owns ShareASale. 
Supply Chain Digital
+1

Rakuten Advertising	Affiliate network / performance marketing	Longstanding global affiliate network with strong retail, travel, and financial services presence. 
LinkJolt
+1

Partnerize	Partnership automation platform	Enterprise partnership platform focused on affiliate, strategic partnerships, and partner lifecycle management. 
LinkJolt
+1

ShareASale (Awin)	Affiliate network	Historically one of the largest SMB and ecommerce affiliate networks; now part of Awin. 
Wikipedia

PartnerStack	B2B affiliate / partner platform	Popular for SaaS companies running referral, reseller, and affiliate programs. 
G2

FlexOffers	Affiliate network	Large marketplace connecting advertisers and publishers, especially in ecommerce and content monetization. 
AffBuddy

Affise	Affiliate tracking SaaS	Provides affiliate tracking, attribution, fraud prevention, and performance marketing infrastructure. 
Wikipedia

Everflow	Affiliate tracking SaaS	Popular performance marketing tracking platform for brands, agencies, and networks.
Tapfiliate	Affiliate SaaS	Lightweight affiliate program management software for ecommerce and SaaS businesses.
Refersion	Ecommerce affiliate SaaS	Focused on Shopify and direct-to-consumer brands managing creator and affiliate programs.
Market leaders by use case

Large enterprise brands

impact.com

CJ Affiliate

Partnerize

Rakuten Advertising

Awin

G2
+1

Creator + influencer affiliate commerce

impact.com

CreatorIQ (creator management + commerce workflows)

Upfluence

Refersion

Social Snowball

Affiliate networks with large publisher ecosystems

CJ Affiliate

Awin

Rakuten Advertising

ShareASale

FlexOffers

LinkJolt
+1

Affiliate tracking infrastructure

Everflow

Affise

TUNE

Trackdesk

Post Affiliate Pro

For an ecommerce brand building a modern affiliate/creator commerce stack, the shortlist is usually impact.com, CJ, Awin, Rakuten, Partnerize, Everflow, and Refersion depending on whether the priority is enterprise partnerships, publisher scale, or creator-driven sales. 
Surge Affiliate
+1

Sources used:
https://www.linkjolt.io/blog/best-affiliate-marketing-platforms

https://adtools.org/buyers-guide/shareasale-vs-cj-affiliate-vs-impact-vs-digistore24-affiliate-marketing-buyer-s-guide

https://surgeaffiliate.com/blog/affiliate-network-comparison-2026/

https://martechrecord.com/analysis-and-opinion/2023-affiliate-buyers-guide-impact-com-cj-rakuten-lead-in-platform-usage/

https://supplychaindigital.com/globenewswire/3148735

https://www.g2.com/products/cj-affiliate-marketing-solution/competitors/alternatives

https://www.g2.com/products/awin-com/competitors/alternatives

https://www.wikipedia.org/wiki/CJ_Affiliate

https://www.wikipedia.org/wiki/Rakuten_Advertising

https://www.wikipedia.org/wiki/Shareasale"
Which platforms help publishers monetize commerce content?,"The main platforms that help publishers monetize commerce content fall into a few categories: affiliate commerce platforms, commerce-content storefront providers, and publisher partnership networks. Leading options include:

Platform	Best for	What it does
Skimlinks (Connexity)	Editorial publishers, media sites	Automatically converts product links into affiliate links, provides merchant access, reporting, and commerce optimization tools. 
Skimlinks

Sovrn Commerce (formerly VigLink)	Publishers with large article libraries	Automates affiliate link creation and helps monetize existing commerce mentions.
impact.com	Publishers, creators, media companies	Marketplace for brand partnerships, affiliate programs, and commerce content monetization; includes publisher analytics through Trackonomics. 
impact.com

CJ Affiliate	Established publishers and review sites	Large affiliate network connecting publishers with advertiser programs.
Awin	Global publishers and commerce sites	Affiliate network with advertiser partnerships, tracking, and publisher tools.
Rakuten Advertising	Premium publishers and commerce media	Affiliate marketplace focused on retailer and brand partnerships.
Partnerize	Enterprise publishers and partnership programs	Partnership management platform for large-scale affiliate and commerce relationships.
StackCommerce	Publishers building commerce businesses	Helps publishers launch branded shops, commerce articles, and affiliate commerce experiences. 
StackCommerce
+1

WhizzCo	Editorial commerce publishers	Commerce monetization platform focused on automating affiliate revenue from content. 
WhizzCo

Affiliate.com	Product-focused publishers, apps, comparison sites	Provides structured product data, affiliate links, and merchant feeds across many programs. 
Affiliate.com

Monetize.com	Publishers seeking multiple monetization channels	Offers access to merchants and monetization formats including affiliate and commerce options. 
Monetize
Common publisher use cases

Product reviews & buying guides: Skimlinks, CJ Affiliate, Awin, impact.com

Media companies launching commerce desks: StackCommerce, WhizzCo, Skimlinks

Automated monetization of old articles: Skimlinks, Sovrn Commerce

Publisher storefronts / shoppable content: StackCommerce

Product comparison sites: Affiliate.com, CJ Affiliate, Awin

Creator + publisher hybrid commerce: impact.com, Partnerize

For large digital publishers, the strongest competitive set is typically Skimlinks, Sovrn Commerce, StackCommerce, impact.com, CJ Affiliate, Awin, and Partnerize. 
impact.com
+2
Skimlinks
+2

Sources used:
https://www.skimlinks.com/editorial-publishers

https://impact.com/partners/

https://www.stackcommerce.com/publishers/

https://www.stackcommerce.com/publishers/affiliate/

https://affiliate.com/publishers

https://www.monetize.com/

https://whizzco.com/whizzcom/"
What are the top companies for retail media attribution?,"The leading companies in retail media attribution fall into a few categories: retail media network platforms, measurement/identity providers, campaign optimization platforms, and closed-loop analytics providers.

Company	Category	Why it matters for retail media attribution
Amazon Ads (Amazon Marketing Cloud / Attribution)	Retail media network + measurement	One of the most advanced closed-loop ecosystems, connecting ad exposure to Amazon purchases and providing privacy-safe analytics.
Walmart Connect / Walmart Luminate	Retail media network + measurement	Provides attribution and shopper insights using Walmart’s first-party purchase data.
Criteo Retail Media	Retail media technology + attribution	Provides retail media activation, reporting, and sales attribution across retailer networks; used by hundreds of retailers and thousands of brands. 
Criteo
+1

Skai (formerly Kenshoo)	Cross-retailer campaign management + analytics	Helps brands manage campaigns across many retail media networks with unified reporting, attribution insights, and optimization. 
Skai

LiveRamp	Identity + measurement infrastructure	Enables privacy-safe data collaboration, audience matching, and closed-loop measurement for retail media networks. 
LiveRamp

NielsenIQ (NIQ)	Retail analytics + measurement	Strong in shopper intelligence, incrementality measurement, and connecting media exposure with retail sales outcomes.
Circana (formerly IRI + NPD)	Retail measurement	Provides consumer purchase measurement and media effectiveness analytics, especially in CPG categories.
Epsilon Retail Media (formerly CitrusAd)	Retail media platform	Helps retailers build commerce media networks with measurement and attribution capabilities. 
Skai

Pacvue	Retail media optimization	Focused on marketplace and retail media campaign management, reporting, and performance optimization.
Flywheel (Flywheel Digital)	Commerce intelligence + retail media	Helps brands manage marketplace advertising and measure commerce performance.
The Trade Desk (Retail Data Partnerships)	Demand-side platform	Increasingly used for off-site retail media campaigns using retailer first-party data and measurement integrations.
Incremental	Incrementality measurement	Focuses on causal measurement: determining whether retail media actually drove additional sales rather than just correlating with purchases. 
Skai
Common enterprise stack

Many large brands combine multiple vendors:

Retailer-owned attribution: Amazon Ads, Walmart Connect, Target Roundel, Instacart Ads

Cross-network management: Skai, Pacvue, Criteo

Identity + clean rooms: LiveRamp, Snowflake, AWS Clean Rooms

Sales measurement: NIQ, Circana, Numerator

Incrementality testing: Incremental, MMM providers

Companies most often considered ""leaders"" for retail media attribution

If you are mapping the competitive landscape, the core names to track are:

Amazon Ads

Walmart Connect

Criteo

Skai

LiveRamp

Pacvue

Epsilon Retail Media

NielsenIQ

Circana

The Trade Desk

Sources used:
https://www.criteo.com/solutions/retail-media/

https://www.criteo.com/business/retailers/

https://skai.io/retail-media-solutions/

https://liveramp.com/solutions/media-networks

https://help.retailmedia.criteo.com/kb/guide/en/about-attribution-sZH1iCyq5L/Steps/1034909"
Which companies help ecommerce brands route shoppers into apps?,"Companies that help ecommerce brands route shoppers from web, ads, social, email, QR codes, and affiliate/creator links into the right place inside their mobile apps are primarily mobile deep linking, attribution, and app growth platforms. Key players include:

Company	What they do for ecommerce app routing
Branch	One of the best-known mobile deep linking platforms. Helps retailers create links that open product pages, carts, promotions, or personalized app screens; supports deferred deep linking when users install the app after clicking.
AppsFlyer (OneLink)	Mobile attribution platform with deep linking capabilities. Routes shoppers from web, email, social, QR, ads, and referrals into relevant in-app experiences while measuring conversion. 
AppsFlyer
+1

Adjust	Mobile measurement and growth platform with deep linking and campaign attribution features, commonly used by large consumer apps.
Kochava	Mobile attribution and engagement platform offering smart links, deep links, and customer journey measurement.
Singular	Mobile marketing analytics platform that supports attribution and campaign measurement; often paired with deep linking solutions.
Airship	Customer engagement platform focused on mobile app lifecycle marketing, including links that drive users into app experiences.
MoEngage	Customer engagement/CDP platform with mobile campaigns that can route users into app journeys.
CleverTap	Retention and engagement platform supporting deep links in push, email, and lifecycle campaigns.
Firebase Dynamic Links alternatives (various vendors)	Google discontinued Firebase Dynamic Links, creating demand for replacement deep-linking providers. 
Reddit

Deeplinkly	Lightweight deep linking platform supporting ecommerce use cases such as product links, cart recovery, and re-engagement. 
Deeplinkly
Particularly relevant for ecommerce

Web → app conversion: AppsFlyer, Branch, Adjust

Affiliate/creator/social commerce links → app: Branch, AppsFlyer, Kochava

Product page/cart deep links: Branch, AppsFlyer, Deeplinkly

Large enterprise retail apps: AppsFlyer, Adjust, Kochava

Lifecycle marketing (email/SMS/push → app): Airship, CleverTap, MoEngage

A typical ecommerce stack often combines:

Deep linking layer (Branch / AppsFlyer OneLink / Adjust)

Mobile attribution (AppsFlyer / Adjust / Kochava)

Commerce analytics (GA4, Amplitude, Mixpanel, internal CDP)

Sources used:
https://www.appsflyer.com/products/deep-linking/

https://www.appsflyer.com/solutions/ecommerce

https://www.appsflyer.com/products/deep-linking/web-to-app/

https://www.deeplinkly.com/

https://support.appsflyer.com/hc/en-us/articles/208874366-Create-deep-linking-and-redirection-links-for-your-campaigns-with-OneLink"
What are the best platforms for managing affiliate links?,"The best affiliate link management platforms depend on whether you are a creator/publisher, brand running an affiliate program, or an enterprise managing many partners. The leading options are: 
Digital Growth Tools
+1

Platform	Best for	Key capabilities
Impact.com	Enterprise affiliate + partnerships	Partner discovery, tracking, payouts, attribution, automated partner management
CJ Affiliate	Large publishers and advertisers	Deep linking, affiliate network access, link automation, reporting 
TechRadar

Awin	Global commerce affiliate programs	Large advertiser marketplace, tracking links, publisher tools 
TechRadar

LTK (LikeToKnow.it)	Creator commerce	Creator storefronts, shoppable links, influencer affiliate tracking 
Vogue

ShopMy	Beauty/fashion creator partnerships	Creator gifting, affiliate links, brand-creator commerce workflows 
Vogue

Skimlinks	Publishers monetizing content	Automatically converts commerce links into affiliate links across many merchants 
TechRadar

Geniuslink	Smart affiliate link optimization	Geo-routing, Amazon localization, link testing, conversion optimization
Pretty Links	Bloggers and small publishers	Link shortening, cloaking, tracking, WordPress integration
ThirstyAffiliates	Affiliate bloggers	Link organization, redirects, analytics, affiliate disclosure support
Tapfiliate	Brands launching affiliate programs	Affiliate recruitment, tracking, commissions, integrations 
Digital Growth Tools

PartnerStack	SaaS affiliate/referral programs	Partner onboarding, recurring commissions, partner management 
Digital Growth Tools

Rewardful	SaaS companies using Stripe	Stripe-native affiliate/referral tracking 
Track360
Best by use case

For ecommerce brands

Impact.com

CJ Affiliate

Awin

PartnerStack (especially SaaS)

Digital Growth Tools
+1

For creators/influencers

LTK

ShopMy

Geniuslink

Skimlinks

Vogue
+1

For publishers/content sites

Skimlinks

CJ Affiliate

Awin

Geniuslink

TechRadar

For SaaS companies managing affiliates

PartnerStack

Rewardful

Tapfiliate

FirstPromoter

Track360
+1

Market leaders overall

If you are building a competitive landscape, the major affiliate link management categories are:

Affiliate networks: CJ Affiliate, Awin, Impact.com, ShareASale

Creator commerce platforms: LTK, ShopMy, CreatorIQ, GRIN

Affiliate SaaS infrastructure: PartnerStack, Tapfiliate, Rewardful, FirstPromoter

Link optimization tools: Geniuslink, Skimlinks, Pretty Links

Sources used:
https://hostadvice.com/blog/monetization/affiliate-marketing/best-saas-affiliate-programs/

https://www.linkjolt.io/best/affiliate-software-for-saas

https://track360.io/blog/best-saas-affiliate-software-comparison-2026

https://digitalgrowthtools.com/affiliate-management-platforms/

https://www.techradar.com/best/best-affiliate-marketing-programs

https://www.vogue.com/article/unpacking-the-creator-economy-battleground

https://www.voguebusiness.com/story/technology/why-this-influencer-favourite-affiliate-platform-is-launching-a-shopping-site"
Who are the leading companies in social commerce attribution?,"Leading companies in social commerce attribution generally fall into a few categories: creator/affiliate attribution, ecommerce marketing attribution, social commerce analytics, and platform-native measurement. The main players include:

Company	Focus	Why it matters
Triple Whale	Ecommerce attribution + analytics	Popular with Shopify brands for connecting paid social, creator, and store revenue data into one dashboard. 
Reddit

Northbeam	Multi-touch marketing attribution	Enterprise-grade attribution platform used by larger DTC brands to measure customer journeys across paid and organic channels. 
Reddit

Rockerbox	Enterprise marketing measurement	Provides multi-touch attribution, incrementality testing, and broader marketing measurement. 
Reddit

GRIN	Creator commerce attribution	Helps brands manage creator partnerships, track creator-generated sales, and measure influencer ROI.
CreatorIQ	Enterprise creator marketing	Tracks creator campaigns, content performance, and commercial impact for large brands.
impact.com (Creator / Partnership Cloud)	Affiliate + creator attribution	Tracks partner-driven commerce, commissions, and conversions across influencer and affiliate programs.
LTK (LikeToKnow.it)	Creator shopping commerce	Major creator commerce platform with shopping links and purchase tracking.
ShopMy	Luxury/beauty creator commerce	Enables brands and creators to track product gifting, links, and resulting sales.
Social Snowball	Shopify creator affiliate tracking	Focused on turning customers and creators into measurable affiliate revenue channels.
Upfluence	Influencer commerce analytics	Creator discovery plus tracking of influencer-driven conversions.
Mavrck / Later Influence	Enterprise influencer measurement	Campaign management and performance reporting for influencer programs.
TikTok Shop Analytics	Native social commerce attribution	Tracks creator affiliate sales, shoppable video performance, live shopping revenue, and product conversions inside TikTok. 
Conbersa

Meta Commerce Manager / Ads attribution	Instagram + Facebook commerce	Native measurement for Instagram Shopping and Facebook Shops. 
Conbersa

Sauce	Shoppable UGC analytics	Helps brands turn Instagram/TikTok UGC into shopping experiences and measure conversions. 
Shopify App Store
Market leaders by use case

Enterprise brands

CreatorIQ

impact.com

Northbeam

Rockerbox

GRIN

Shopify / DTC brands

Triple Whale

Northbeam

Social Snowball

ThoughtMetric

Polar Analytics 
Reddit

Creator-led commerce

LTK

ShopMy

CreatorIQ

GRIN

Upfluence

TikTok Shop attribution

TikTok Shop Analytics

Triple Whale

creator affiliate platforms such as impact.com and Social Snowball 
Conbersa
+1

The broader trend is that social commerce attribution is moving away from simple last-click tracking toward creator-level, content-level, and multi-touch revenue attribution—answering not just “which channel sold?” but “which creator, post, video, or community interaction caused the purchase.” 
Growzilla

Sources used:
https://willowcommerce.com/social-commerce-software

https://www.conbersa.ai/learn/social-commerce-attribution-and-tracking

https://apps.shopify.com/instagram-shop-by-sauce

https://www.growzilla.xyz/

https://northwind-pulse.com/

https://trackmyposts.com/

https://www.reddit.com/r/u_ThoughtMetric/comments/1ursuxa/best_attribution_tools_for_ecommerce_updated_july_2026/

https://www.reddit.com/r/ecommerce/comments/1mkkf79/any_goto_tools_for_tracking_tiktok_shop_stats/"
Which tools help creators make money from product links?,"Creators monetize product links through a mix of affiliate networks, creator storefronts, link-in-bio commerce tools, and social shopping platforms. The main players include:

Platform	Best for	How creators earn
LTK (LikeToKnow.it)	Fashion, beauty, lifestyle creators	Creators create shoppable posts, collections, and storefronts with commissionable product links from thousands of retailers. 
LTK

ShopMy	Premium beauty, fashion, wellness creators	Creators build shops, share product recommendations, and earn commissions through brand partnerships and affiliate links. 
ShopMy | Creator Guide
+1

Amazon Associates / Amazon Influencer Program	General product recommendations	Creators earn commissions when followers buy products through their tracked Amazon links or storefronts. 
ShopMy | Creator Guide

Beacons	Link-in-bio monetization	Creators use a customizable bio page to organize links and monetize products, digital goods, and other offers. 
Beacons

Stan Store	Creator businesses and digital sellers	Creators run storefronts from their bio link and can use affiliate links and commission tracking features. 
Stan Store Help Center
+1

Impact.com Creator	Brand partnerships at scale	Connects creators with brands and manages affiliate tracking, payouts, and campaigns.
Awin / ShareASale	Traditional affiliate commerce	Gives creators access to merchant affiliate programs across many categories.
Rakuten Advertising	Retail affiliate programs	Creators earn commissions by promoting participating retailers.
Shopify Collabs	DTC brands and creator partnerships	Lets creators discover brands, receive products, and earn affiliate commissions.
Mavely	Social selling/community commerce	Enables creators and everyday advocates to share product links and earn commissions.
Pinterest Creator Tools + affiliate links	Discovery-driven commerce	Creators monetize product pins with affiliate links.
TikTok Shop Affiliate	Short-form video commerce	Creators tag products in videos and earn commissions from sales.
YouTube Shopping	Video creators	Creators tag products in videos and earn through connected shopping programs.
Common creator monetization stacks

Influencer / lifestyle creator

LTK + ShopMy + Amazon Influencer

Best for: fashion hauls, beauty routines, home recommendations

TikTok-first creator

TikTok Shop + Amazon + Beacons

Best for: viral product demos and impulse purchases

Newsletter / blog creator

Amazon Associates + Impact + Awin

Best for: SEO-driven recommendations and evergreen content

Small creator starting out

Beacons or Stan Store + affiliate programs

Best for: turning one bio link into a monetization hub

The largest creator-commerce link monetization companies today are generally LTK, ShopMy, Amazon Influencer/Associates, Impact.com, Shopify Collabs, TikTok Shop, and affiliate networks like Awin and Rakuten. 
LTK
+1

Sources used:
https://company.shopltk.com/en/creator

https://guide.shopmy.us/building-your-shop/43V9gf7Co5VBrmboNBWQ1S/can-i-add-amazon-products-to-my-shop/43V9gf7Co83hoiLajKXQKX

https://help.stan.store/article/400-how-affiliates-get-their-links-start-selling

https://beacons.dev/

https://www.theverge.com/news/899717/meta-instagram-facebook-affiliate-shopping-links-reels"
What are the best Amazon affiliate link tools for creators?,"The best Amazon affiliate link tools for creators depend on whether you mainly create YouTube/social content, run a blog, or need international optimization and analytics. The leading options are: 
Geniuslink
+1

Tool	Best for	Key strengths
Geniuslink	YouTube creators, global audiences, social creators	Smart links, Amazon storefront localization, mobile deep linking, click analytics, multi-country routing 
Geniuslink

Lasso	Bloggers and content publishers	Amazon-focused displays, product boxes, comparison tables, link management, monetization optimization 
Lasso

Amazon OneLink	Beginners who only use Amazon	Free Amazon-provided international link localization 
Affilytics

AAWP	WordPress Amazon sites	Product tables, boxes, automated Amazon product data displays 
Coral

ThirstyAffiliates	WordPress creators managing many links	Link organization, redirects, link management, affiliate workflow tools 
EarnifyHub

Pretty Links	General affiliate marketers	Simple branded links, tracking, WordPress integration 
Bouncy Blog

URL Genius	Social/mobile campaigns	Deep links and campaign tracking for mobile commerce traffic 
Affilytics
Best picks by creator type

YouTube / TikTok / Instagram creators

Geniuslink → best overall for creators sharing links across countries and platforms. It can route shoppers based on location/device and improve Amazon attribution. 
Geniuslink

URL Genius → strong for mobile-first campaigns. 
Affilytics

Bloggers and SEO publishers

Lasso → best for turning product mentions into conversion-focused displays. 
Lasso

AAWP → strong if your site is built around Amazon product reviews and comparison content. 
Coral

Beginners

Amazon OneLink → easiest free starting point if Amazon Associates is your only affiliate program. 
Affilytics

Creators with international audiences

Geniuslink is usually the strongest choice because it handles storefront localization and smart routing. 
Geniuslink

Typical creator stack

A more advanced creator often combines:

Geniuslink for links shared on social/video

Lasso or AAWP for blog monetization

Amazon Associates reports for official earnings tracking

Sources used:
https://geniuslink.com/

https://blog.affilytics.io/blog/geniuslink-alternative/

https://getlasso.co/vs/geniuslink/

https://coral.ax/blog/amazon-affiliate-platform

https://blog.bouncy.ai/blog/best-link-tools-affiliate-marketers/"
Which companies help publishers increase affiliate revenue?,"Companies that help publishers increase affiliate revenue generally fall into a few categories: affiliate networks, commerce-content monetization platforms, affiliate analytics/optimization tools, and creator-commerce platforms.

Company	What it helps publishers do	Best fit
Skimlinks	Automatically converts editorial links into affiliate links, gives access to thousands of merchants, and provides commerce analytics. 
Skimlinks
	Editorial sites, magazines, blogs, news publishers
impact.com (Trackonomics)	Helps publishers discover brand partnerships, manage affiliate relationships, and analyze commerce performance. 
impact.com
	Large publishers, media companies, commerce teams
Awin	Affiliate network connecting publishers with advertisers across retail, travel, finance, and other categories.	General affiliate publishers
CJ Affiliate	One of the largest affiliate networks with advertiser relationships and reporting tools.	Established publishers and content sites
Rakuten Advertising	Provides affiliate partnerships with major brands and commerce tracking.	Premium publishers and shopping content
Partnerize	Enterprise affiliate and partnership management platform.	Large media companies and global publishers
StackCommerce	Helps publishers launch commerce shops, monetize product content, and earn affiliate commissions. 
StackCommerce
+1
	Media companies, newsletters, product-focused publishers
Affilimate	Affiliate analytics and optimization platform that helps publishers identify revenue opportunities and improve yield. 
Affilimate
	Affiliate-focused content publishers
Monetize.com	Automates commerce link monetization and connects publishers with advertisers. 
Monetize
	Independent publishers and content networks
Amazon Associates + creator tools	Lets publishers monetize Amazon product recommendations.	Product reviewers, bloggers, niche sites
ShopMy	Helps creators and publishers monetize curated product recommendations through affiliate commerce. 
Financial Times
	Influencers, lifestyle publishers, social commerce
Sovrn Commerce (formerly VigLink)	Automatically turns outbound commerce links into monetized affiliate links.	Blogs and long-tail publishers
Skimlinks / Sovrn / Monetize.com alternatives	Link automation and commerce intelligence layer.	Publishers with large archives of product mentions
Companies most focused on increasing existing affiliate revenue

Affilimate — revenue optimization, identifying underperforming pages and affiliate opportunities. 
Affilimate

Skimlinks — link monetization at scale. 
Skimlinks

Trackonomics by impact.com — affiliate performance analytics across networks. 
impact.com

Monetize.com — automated affiliate conversion from content links. 
Monetize

Companies most relevant for commerce publishers building shopping content

StackCommerce

Skimlinks

impact.com

ShopMy

Amazon Associates

Companies most relevant for large media publishers

impact.com

Partnerize

CJ Affiliate

Rakuten Advertising

Awin

Sources used:
https://www.monetize.com/about

https://affiliate.com/publishers

https://www.stackcommerce.com/

https://affilimate.com/

https://www.skimlinks.com/editorial-publishers/

https://impact.com/partners/"
What platforms should a retailer use to improve mobile shopping conversion?,"Retailers typically improve mobile shopping conversion by combining mobile app optimization, deep linking, personalization, checkout optimization, analytics, and experimentation platforms. The strongest platforms depend on whether the retailer wants to improve an existing app, convert mobile web traffic, or increase app adoption.

Platform category	Leading platforms	How they improve conversion
Mobile attribution + deep linking	AppsFlyer, Adjust, Branch, Kochava	Route shoppers from ads, email, social, and affiliates directly into relevant app screens; measure which channels drive purchases. Deep links reduce friction by sending shoppers to the correct product or checkout page. 
Google
+1

Mobile app commerce platforms	Tapcart, Shopney, Builder.ai	Help retailers launch native shopping apps with push notifications, personalized experiences, and faster repeat purchasing.
Conversion rate optimization (CRO)	Optimizely, VWO, AB Tasty	Run A/B tests on mobile layouts, product pages, checkout flows, promotions, and merchandising.
Personalization and recommendations	Dynamic Yield, Bloomreach, Nosto, Algolia	Increase conversion by showing relevant products, search results, and offers based on shopper behavior. Personalization is especially important on mobile where screen space is limited. 
Shopify

Customer engagement platforms	Braze, Klaviyo, Iterable	Drive repeat purchases through push notifications, SMS, email, abandoned cart flows, and lifecycle campaigns.
Mobile checkout optimization	Stripe, Adyen, Shop Pay	Reduce checkout abandonment through faster payments, saved credentials, wallets, and fewer checkout steps.
Analytics and user behavior tools	Amplitude, Mixpanel, Contentsquare	Identify where mobile shoppers drop off and which journeys convert.
Search and discovery	Constructor, Algolia, Bloomreach	Improve mobile product discovery with faster search, autocomplete, filters, and merchandising.
Common high-impact stack for a retailer

Enterprise retailer

AppsFlyer / Branch → attribution + deep linking

Dynamic Yield or Bloomreach → personalization

Optimizely → experimentation

Braze → lifecycle engagement

Amplitude → product analytics

Shopify / DTC retailer

Tapcart → native app

Klaviyo → retention

Rebuy or Nosto → recommendations

VWO → testing

Shop Pay / Stripe → checkout improvements

Retailers trying to move web shoppers into apps

Prioritize deep linking and web-to-app journeys. Google reports that linking users directly into relevant app pages can improve conversion performance compared with sending users only to mobile websites. 
Google Help
+1

Sources used:
https://support.google.com/google-ads/answer/13505586

https://business.google.com/aunz/think/marketing-strategies/shopee-deep-link-case-study/

https://www.shopify.com/enterprise/blog/how-to-create-personalized-experiences-for-first-time-black-friday-cyber-monday-mobile-traffic

https://www.deeplinkly.com/

https://support.google.com/google-ads/answer/12131000"
Who are the main competitors in mobile attribution and deep linking?,"The main competitors in mobile attribution and deep linking are a mix of mobile measurement partners (MMPs) and deep-linking specialists. The core competitive set is: 
G2
+1

Company	Primary strength	Competitive position
AppsFlyer	Mobile attribution, campaign measurement, fraud prevention, deep linking (OneLink)	One of the largest MMPs; commonly evaluated for enterprise app growth and paid acquisition measurement. 
G2
+1

Adjust	Mobile attribution, analytics, fraud prevention, deep linking	Major AppsFlyer alternative with strong adoption among app marketers. 
G2
+1

Branch	Deep linking, referral flows, app growth, attribution	Historically the deep-linking leader; strong for web-to-app journeys, sharing, and influencer/partner links. 
G2
+1

Kochava	Attribution, omnichannel measurement, identity resolution, deep links (SmartLinks)	Enterprise-focused competitor combining attribution and broader marketing measurement. 
Kochava
+1

Singular	Attribution, marketing analytics, ROAS measurement, fraud prevention	Competes directly with AppsFlyer, Adjust, and Kochava in MMP evaluations. 
G2

Firebase Analytics / Google Analytics for Firebase	App analytics, event tracking, basic attribution integrations	Common lower-cost or Google-native alternative, especially for app developers already in Google’s ecosystem. 
NearBound
Competitive landscape by use case

Mobile app acquisition attribution

AppsFlyer

Adjust

Singular

Kochava
These platforms compete on install attribution, SKAdNetwork measurement, ad network integrations, fraud detection, and campaign ROI reporting. 
G2
+1

Deep linking and app conversion journeys

Branch

AppsFlyer OneLink

Adjust deep links

Kochava SmartLinks
These focus on routing users from ads, email, social, QR codes, influencer links, and web pages into the correct app destination. 
Kochava
+1

Enterprise omnichannel measurement

Kochava

AppsFlyer

Adjust
These compete beyond app installs into web, CTV, offline, cross-device, and broader marketing measurement. 
Kochava
+1

Adjacent / emerging competitors

Tenjin – lighter-weight mobile attribution, especially in gaming.

Airbridge – mobile attribution and analytics platform with strength in Asia-Pacific markets.

mParticle / Segment – customer data platforms that can overlap with attribution data pipelines.

Amplitude / Mixpanel – product analytics platforms that overlap on user behavior analysis, though not full MMP replacements.

For a retailer or ecommerce app specifically, the closest competitive set is usually AppsFlyer vs Branch vs Adjust vs Kochava, because the decision often centers on deep linking + app install attribution + measuring mobile commerce conversions. 
G2
+1

Sources used:
https://www.g2.com/products/appsflyer/competitors/alternatives

https://www.kochava.com/singular-alternative/

https://www.kochava.com/attribution-deeplinking/

https://www.leapwave.ai/resources/best-deep-linking-tools

https://www.appsflyer.com/advantage/branch/"
Which companies help brands optimize post-click shopping journeys?,"Companies that help brands optimize post-click shopping journeys generally focus on reducing friction after an ad, affiliate link, creator post, or marketing campaign click — by improving routing, personalization, attribution, app/web experiences, and conversion flows. Key players include:

Company	Category	How they optimize post-click journeys
Branch	Deep linking + mobile journey optimization	Routes users from ads, email, social, and affiliates into the right app/web destination; supports deferred deep links and attribution. 
Adjust

AppsFlyer	Mobile attribution + engagement	Helps brands measure acquisition journeys and connect marketing clicks to app actions and purchases.
Adjust	Mobile measurement + deep linking	Provides deep-linking infrastructure that sends users to relevant app content and improves conversion paths. 
Adjust

Kochava	Mobile attribution + identity	Tracks customer journeys across channels and optimizes mobile conversion funnels.
Airship	Mobile engagement	Improves post-click app experiences through personalization, messaging, and lifecycle engagement.
MoEngage	Customer engagement platform	Personalizes journeys after acquisition through push, in-app messaging, and behavioral segmentation.
Braze	Cross-channel customer engagement	Helps brands continue personalized journeys after a click through email, mobile, and in-app channels.
Dynamic Yield (Mastercard)	Experience personalization	Personalizes landing pages, product recommendations, and ecommerce experiences after users arrive.
Nosto	Ecommerce personalization	Optimizes product discovery, recommendations, and onsite conversion after traffic arrives.
Bloomreach	Commerce experience platform	Personalizes search, merchandising, and customer journeys across ecommerce touchpoints.
Constructor	Ecommerce search & discovery	Improves post-click product discovery with AI-powered search and recommendations.
Algolia	Search & discovery infrastructure	Helps retailers improve onsite search relevance and reduce abandonment after clicks.
Yotpo	Ecommerce retention + conversion	Improves trust and conversion through reviews, loyalty, SMS, and customer engagement. 
Yotpo

CRO-focused agencies/tools (e.g., Optimizely, VWO)	Conversion optimization	Run experiments on landing pages, checkout flows, and shopping experiences. 
Growth Engines
Particularly relevant for affiliate, creator, and commerce traffic

For brands trying to maximize revenue from affiliate links, influencers, social commerce, and paid acquisition, the closest competitors are:

Branch – best known for link routing and deep linking.

AppsFlyer / Adjust / Kochava – attribution + mobile conversion measurement.

Impact.com – partnership attribution and affiliate commerce tracking.

Awin / CJ Affiliate / Rakuten Advertising – affiliate network tracking and optimization.

Constructor / Bloomreach / Nosto / Dynamic Yield – improving what happens after the shopper lands.

Competitive landscape buckets

Click → app/store routing: Branch, Adjust, AppsFlyer, Kochava

Click → conversion optimization: Optimizely, VWO, Dynamic Yield

Click → product discovery: Bloomreach, Algolia, Constructor, Nosto

Click → affiliate/creator revenue attribution: Impact.com, CJ, Awin, Rakuten

Click → lifecycle conversion: Braze, Airship, MoEngage

Sources used:
https://www.adjust.com/resources/guides/deep-linking/

https://appmystore.io/deep-linking-ecommerce-mobile-app-guide/

https://growth-engines.com/insights/ecommerce/ecommerce-conversion-rate-optimization-15-proven-strategies-for-the-future

https://www.yotpo.com/blog/ecommerce-conversion-optimization/"
What are the best alternatives to traditional affiliate networks?,"Traditional affiliate networks (CJ, Awin, ShareASale, Impact marketplaces, etc.) are increasingly being replaced or supplemented by creator platforms, partner ecosystems, owned affiliate programs, and commerce infrastructure tools. The best alternative depends on whether you want more control, better creator relationships, lower fees, or improved attribution. 
Modash
+1

Alternative category	Best-fit platforms	Why brands choose them
Creator commerce platforms	ShopMy, LTK, GRIN, Upfluence, CreatorIQ	Replace anonymous affiliates with influencer/creator relationships, gifting, content tracking, and sales attribution. 
Business Insider
+1

Affiliate program software (run your own network)	Refersion, Social Snowball, Tapfiliate, Rewardful, FirstPromoter	Build a private affiliate program instead of relying on a marketplace. Better ownership of partner relationships and data. 
Modash
+1

Partner ecosystem platforms	PartnerStack, Everflow, TUNE	Better for B2B SaaS, agencies, referrals, and strategic partnerships rather than consumer affiliates. 
Modash
+1

Social commerce / shoppable content platforms	LTK, Flip, TikTok Shop, Amazon Creator Connections	Let creators monetize content directly through shopping experiences. 
AffiliateShop
+1

Customer referral platforms	ReferralCandy, Friendbuy, Yotpo Referrals, Social Snowball	Turn existing customers into advocates instead of recruiting external affiliates. 
Modash

Commerce link monetization platforms	Skimlinks, Sovrn Commerce, Geniuslink	Help publishers monetize outbound product links without managing individual merchant relationships. 
TechRadar
Leading alternatives by use case

For ecommerce brands wanting creator-driven sales

ShopMy — strong for beauty, fashion, lifestyle creator partnerships.

GRIN / CreatorIQ / Upfluence — better when you need influencer CRM + campaigns + attribution.

Social Snowball — strong for turning customers and influencers into affiliates. 
Modash
+1

For SaaS companies

PartnerStack — best for partner ecosystems, affiliates, referrals, and B2B channels.

Rewardful — lightweight affiliate/referral tracking for Stripe-based SaaS.

FirstPromoter — useful for recurring SaaS commissions and subscription attribution. 
Reddit
+1

For publishers and content businesses

Skimlinks — monetizes commerce content at scale.

Sovrn Commerce — similar publisher-focused model.

LTK — creator-led shopping discovery, especially lifestyle categories. 
AffiliateShop
+1

For brands that want maximum control
Build a first-party affiliate program using:

Refersion

Tapfiliate

Everflow

TUNE

Impact.com (for enterprise-scale partnership management) 
Modash
+1

The strategic shift

The biggest move away from traditional affiliate networks is toward owned partner relationships:

Recruit creators directly.

Give them branded storefronts or personalized links.

Track sales through first-party attribution.

Pay commissions without a marketplace intermediary.

This generally gives brands more customer data, stronger creator loyalty, and better control over the shopping experience. 
CreatorCommerce

Sources used:
https://openpartner.dev/blog/2026-05-22-rewardful-alternatives/

https://www.modash.io/blog/webgains-alternatives

https://www.modash.io/blog/impact-alternatives

https://creatorcommerce.shop/brand-blog/superfiliate-alternatives

https://affiliateshop.com/articles/comparative-review-ltk-flip-bambuser-amazon-live-fees-checkout-ux-creator-tools

https://www.businessinsider.com/creator-economy-ai-startups-to-watch-2026-3"
Which platforms help brands run creator marketing partnerships?,"Brands use creator marketing platforms to discover creators, manage partnerships, distribute briefs/products, approve content, track performance, and often connect creator activity to sales. Leading platforms include: 
CreatorIQ
+1

Platform	Best for	Key capabilities
CreatorIQ	Enterprise brands and global creator programs	Creator discovery, campaign workflows, content approvals, contracts/payments, analytics, brand safety, large-scale relationship management. 
CreatorIQ
+1

Aspire	Mid-market brands building creator communities	Creator marketplace, outreach, campaign management, gifting/seeding workflows, affiliate links and ongoing relationship management. 
Aspire Creator Platform
+1

Upfluence	Ecommerce brands focused on measurable revenue	Creator discovery, CRM, outreach automation, Shopify/Amazon integrations, affiliate tracking, payments, ROI measurement. 
Upfluence

GRIN	DTC brands and ambassador programs	Creator relationship management, product seeding, affiliate programs, content collection, long-term ambassador workflows. 
Grin
+1

Sprout Social Influencer Marketing (formerly Tagger)	Data-heavy influencer discovery and analytics	AI-powered creator discovery, audience insights, brand-fit scoring, campaign measurement, creator CRM. 
Sprout Social
+1

Modash	Creator discovery and lightweight workflows	Influencer search, audience analytics, outreach support, campaign tracking.
Captiv8	Large influencer campaigns and agencies	Creator discovery, campaign management, payments, reporting, compliance.
Traackr	Enterprise influencer relationship management	Global creator intelligence, benchmarking, relationship management, measurement.
Mavrck (Later Influence)	Consumer brands scaling creator programs	Creator recruitment, ambassador programs, UGC campaigns, analytics.
ShopMy	Beauty, fashion, and creator commerce	Creator storefronts, product gifting, affiliate commerce, creator-driven sales. 
Vogue

Common category leaders by use case:

Enterprise/global programs: CreatorIQ, Traackr, Sprout Social Influencer Marketing 
CreatorIQ
+1

DTC/ecommerce brands: GRIN, Upfluence, Aspire 
Upfluence
+1

Creator commerce + affiliate revenue: ShopMy, Upfluence, Aspire 
Vogue
+1

UGC and ambassador programs: GRIN, Aspire, Mavrck 
Vogue
+1

Sources used:
https://www.upfluence.com/

https://www.creatoriq.com/influencer-marketing-solution

https://www.creatoriq.com/influencer-marketing-solution/influencer-campaign-management

https://creators.aspireiq.com/

https://help.aspireiq.com/en/articles/5400173-collaborating-with-brands-on-aspire

https://grin.ai/creators

https://sproutsocial.com/influencer-marketing/

https://www.voguebusiness.com/story/technology/influencers-are-turning-into-retailers-now-what"
Who are the top players in publisher commerce monetization?,"Top players in publisher commerce monetization (helping publishers, editorial sites, content platforms, and creators earn revenue from product recommendations, affiliate links, and commerce content) include:

Company	Core offering	Best fit
Skimlinks (Taboola)	Automated affiliate link monetization, merchant access, commerce analytics	Large editorial publishers, media companies, shopping content sites 
Skimlinks Support
+1

Sovrn Commerce	Affiliate link optimization, product recommendations, price comparison, reporting, merchant integrations	Publishers wanting affiliate revenue optimization across multiple networks 
Sovrn, Inc.
+1

Amazon Associates	Direct Amazon affiliate monetization	Publishers focused on product reviews, buying guides, and high-intent shopping traffic 
TechRadar

CJ Affiliate	Large affiliate marketplace with advertiser relationships and tracking tools	Established publishers and niche commerce sites
Awin	Global affiliate network connecting publishers with brands	International publishers and content commerce businesses 
TechRadar

Impact.com	Partnership management platform covering affiliates, creators, and commerce partnerships	Brands and publishers running sophisticated partner programs
Rakuten Advertising	Affiliate network and advertiser marketplace	Premium publishers and retail-focused content sites
Partnerize	Enterprise partnership automation and tracking	Large brands and publisher partnership ecosystems
LTK (LikeToKnow.it)	Creator-driven shopping content and affiliate commerce	Influencers, lifestyle publishers, fashion/beauty commerce
ShopMy	Creator commerce platform with gifting, affiliate links, and brand partnerships	Creator-led publishers and influencer commerce teams 
The Wall Street Journal

Commerce.AI / Affiliate.com	Product data infrastructure and affiliate commerce APIs	Developers, comparison sites, shopping platforms, commerce publishers 
Affiliate.com
Market segmentation

1. Editorial commerce monetization leaders

Skimlinks

Sovrn Commerce

Amazon Associates

CJ Affiliate

Awin

These are strongest for publishers producing:

product reviews

""best of"" lists

buying guides

deal content

comparison pages

2. Creator + social commerce platforms

LTK

ShopMy

Impact.com

CreatorIQ (with commerce integrations)

These focus more on:

influencers

social posts

creator storefronts

brand partnerships

3. Commerce infrastructure / optimization layer

Sovrn Commerce

Affiliate.com

Skimlinks APIs

These help publishers:

automatically monetize links

optimize merchant routing

manage product feeds

improve affiliate yield

For a publisher building a commerce revenue engine, the most commonly evaluated shortlist is usually:

Skimlinks

Sovrn Commerce

CJ Affiliate

Awin

Impact.com

Amazon Associates

LTK (if creator/social-driven)

Sources used:
https://support.skimlinks.com/hc/en-us/articles/115015691728-What-is-Skimlinks

https://www.skimlinks.com/company/

https://www.sovrn.com/commerce/

https://www.sovrn.com/

https://affiliate.com/publishers

https://www.theverge.com/news/899717/meta-instagram-facebook-affiliate-shopping-links-reels

https://www.wsj.com/articles/influencer-startup-shopmy-raises-77-5-million-to-expand-into-new-ad-categories-5ef297c4"
What companies help track revenue from influencer links?,"Companies that help brands track revenue from influencer links typically fall into creator affiliate platforms, influencer marketing platforms, affiliate attribution tools, and commerce analytics platforms. Key players include:

Company	What it tracks	Best fit
impact.com	Influencer-generated clicks, conversions, commissions, revenue attribution, partner performance	Enterprise brands running large creator + affiliate programs
LTK (LikeToKnowIt)	Creator product links, shoppable content, sales commissions, shopper journeys	Fashion, beauty, lifestyle brands
ShopMy	Creator storefronts, affiliate links, brand sales attribution, creator-driven revenue	Beauty, luxury, consumer brands
CreatorIQ	Influencer campaign measurement, ROI reporting, creator performance analytics	Enterprise influencer programs
Upfluence	Influencer discovery plus affiliate tracking, sales attribution, ecommerce integrations	DTC and ecommerce brands
GRIN	Creator relationship management, discount codes, affiliate links, revenue reporting	Shopify-based brands
Aspire	Creator campaigns, affiliate links, conversion tracking, ecommerce ROI	Consumer brands scaling creator programs
Refersion	Affiliate links, coupon tracking, commissions, ecommerce sales attribution	Shopify merchants and affiliate programs
Everflow	Performance tracking, attribution, partner revenue analytics	Brands needing advanced affiliate attribution
PartnerStack	Partner-driven revenue tracking and payouts	B2B creator/partner ecosystems
Awin	Affiliate network tracking, influencer commerce attribution	Brands using affiliate networks
CJ Affiliate	Affiliate link tracking, transaction attribution, publisher/creator commissions	Large affiliate programs
Rakuten Advertising	Affiliate sales tracking and creator commerce measurement	Enterprise advertisers
Skimlinks	Automatically creates and tracks affiliate product links in content	Publishers and commerce content creators

Influencers Time
+2
Modash
+2

Common categories

1. Creator affiliate commerce platforms

ShopMy

LTK

GRIN

Aspire

Upfluence
Best when the goal is: “Which influencers actually drove purchases?” 
Business Insider
+1

2. Affiliate attribution infrastructure

impact.com

Everflow

Refersion

CJ Affiliate

Awin
Best when brands need tracking links, commissions, attribution windows, and payouts. 
Influencer Hero
+1

3. Influencer marketing measurement suites

CreatorIQ

Aspire

Upfluence
Best when brands need campaign management plus revenue reporting. 
Collabstr
+1

For a commerce-focused brand trying to measure influencer-driven sales, the shortlist is usually:

impact.com

ShopMy

LTK

CreatorIQ

GRIN

Aspire

Refersion

Sources used:
https://www.influencer-hero.com/blogs/top-affiliate-tracker-tools

https://influencermarketinghub.com/affiliate-tracking-software/

https://collabstr.com/blog/best-influencer-marketing-tools-platforms

https://www.influencers-time.com/real-time-creator-sales-tracking-essential-tools-for-2025/

https://www.modash.io/blog/creator-affiliate-management-tools

https://www.shopify.com/blog/affiliate-marketing-software

https://www.businessinsider.com/shopmy-top-best-selling-brands-influencer-affiliate-marketing-2025-12

https://time.com/7177482/amber-venz-box-ltk-interview/"
Which tools are best for ecommerce affiliate attribution?,"The best ecommerce affiliate attribution tools depend on whether you need simple DTC tracking, enterprise partner attribution, or creator/influencer commerce measurement.

Platform	Best for	Key attribution capabilities
Impact.com	Enterprise ecommerce affiliate programs	Cross-device partner tracking, API-based attribution, app/web tracking, partner performance reporting, and large-scale partnership management. 
impact.com
+1

Everflow	Brands scaling performance partnerships	First-party tracking, granular source/placement reporting, multi-event attribution, Shopify/cart integrations, fraud controls, and partner ROI analytics. 
Everflow
+1

Refersion	Shopify/DTC brands	First-party affiliate tracking, referral link attribution, coupon-code attribution, influencer and ambassador tracking, automated commissions. 
Refersion
+1

Partnerize	Large global brands	Enterprise partner management, attribution, partner discovery, and optimization workflows.
CJ Affiliate	Brands wanting a large affiliate network	Network-based affiliate tracking, publisher relationships, reporting, and commission management.
Awin	Global affiliate programs	International publisher network, tracking infrastructure, reporting, and payment workflows.
UpPromote	Smaller Shopify merchants	Lightweight affiliate tracking, creator/referral management, and Shopify-native workflows. 
Reddit
Quick recommendations by use case

Best overall for enterprise ecommerce

Impact.com — strongest when you have many partners, multiple channels, apps + web, and complex attribution requirements. 
impact.com

Best for performance marketers who care about granular attribution

Everflow — strong reporting depth, event tracking, and optimization workflows. 
Everflow

Best for Shopify/DTC brands

Refersion — easier deployment, first-party tracking, and affiliate/influencer program management. 
Refersion
+1

Best for creator-driven commerce

Impact.com, Refersion, Everflow — these are commonly considered when brands need to connect creators, links, promo codes, and actual revenue outcomes. 
Everflow
+1

Best alternative if you want your own affiliate infrastructure

Everflow or Refersion rather than a traditional affiliate network, because they give brands more control over tracking, reporting, and partner relationships. 
Everflow
+1

Sources used:
https://www.refersion.com/platform/attribution-and-first-party-tracking/

https://www.refersion.com/platform/

https://www.everflow.io/growth/everflow-affiliate-platform

https://www.everflow.io/

https://impact.com/partnership-track/

https://impact.com/"
"What platforms help brands connect affiliate, creator, and retail media programs?","Platforms that connect affiliate marketing, creator partnerships, and retail/media commerce programs generally fall into a few categories: unified partnership platforms, creator commerce platforms, affiliate networks expanding into creators, and retail media integrations.

Platform	Best fit	How it connects the ecosystem
impact.com	Enterprise brands running affiliate + creator + partner programs	Combines affiliate, influencer/creator, referral, and partnership management in one platform with tracking, payouts, and performance measurement. 
impact.com
+1

CreatorIQ	Large brands and retailers scaling creator programs	Helps brands manage creator discovery, campaigns, affiliate integrations, commerce programs, and creator-driven sales measurement. 
CreatorIQ
+1

LTK (LikeToKnow.it)	Fashion, beauty, lifestyle, and retail creator commerce	Connects creators with retailers through shoppable content, product links, commissions, and retailer partnerships. 
LTK
+1

Partnerize	Global enterprise affiliate and partnership programs	Strong affiliate infrastructure with creator/influencer partnership capabilities and marketplace integrations. 
Partnerize

ShopMy	Beauty, luxury, and premium consumer brands	Creator commerce platform focused on product seeding, creator relationships, and commission-based shopping experiences. 
Vogue

Awin	Global affiliate + creator commerce programs	Affiliate network expanding into influencer and creator partnerships through publisher/partner relationships. 
CreatorIQ

Rakuten Advertising	Large brands needing affiliate scale	Affiliate network infrastructure with publisher and creator partnership capabilities. 
CreatorIQ

CJ Affiliate	Traditional affiliate programs moving toward creator commerce	Large partner ecosystem supporting commerce partnerships beyond classic affiliates. 
CreatorIQ

Aspire	DTC brands combining influencer and affiliate programs	Creator relationship management, gifting, campaigns, and affiliate tracking workflows. 
Reddit

Upfluence	Ecommerce brands using creators as sales channels	Combines creator discovery, outreach, campaign management, and ecommerce attribution. 
Reddit
Common platform choices by use case

Enterprise retailer / CPG brand

impact.com

CreatorIQ

Partnerize

Creator-driven commerce (TikTok, Instagram, YouTube shopping)

LTK

ShopMy

CreatorIQ

Affiliate network replacement / partner ecosystem

impact.com

Partnerize

Awin

CJ Affiliate

Retail media + creator commerce convergence

CreatorIQ

impact.com

LTK

ShopMy

The broader trend is moving from separate tools (affiliate network + influencer platform + retail media reporting) toward unified commerce partnership platforms where a creator post, affiliate link, retailer placement, and resulting sale can be measured together. 
CreatorIQ
+1

Sources used:
https://www.creatoriq.com/best-influencer-marketing-solution/for-retail-and-consumer

https://www.creatoriq.com/ppc/affiliate-marketing

https://impact.com/performance/

https://impact.com/

https://company.shopltk.com/en/creator

https://company.shopltk.com/en/creator-1

https://go.partnerize.com/partnership-exchange-ltk-download

https://www.vogue.com/article/why-this-influencer-favourite-affiliate-platform-is-launching-a-shopping-site"
Which companies help retailers drive more app installs from commerce traffic?,"Companies that help retailers drive more app installs from commerce traffic typically focus on web-to-app conversion, deep linking, app attribution, and mobile growth optimization. Key players include:

Company	What they help retailers do
Branch	Convert mobile web visitors into app users through smart banners, interstitials, deep links, and deferred deep linking. Strong for retail, marketplaces, and content-driven commerce journeys. 
Branch
+1

AppsFlyer	Drive app adoption from web, paid media, CRM, QR codes, and affiliate traffic using OneLink, Smart Banners, and attribution tools. Strong enterprise mobile measurement platform. 
AppsFlyer
+1

Adjust	Mobile attribution and deep linking platform that helps retailers measure campaigns, manage acquisition channels, and route users into apps. 
Adjust Help Center

Kochava	Mobile attribution, identity resolution, and engagement analytics for brands running app acquisition campaigns.
Airship	Mobile engagement platform that helps retailers increase app adoption and retention through push, in-app messaging, and lifecycle campaigns.
Braze	Customer engagement platform used by retailers to convert existing web/email/SMS audiences into app users and improve app activation.
Iterable	Cross-channel marketing platform that helps brands promote app downloads through lifecycle campaigns.
OneSignal	Push notification and messaging infrastructure used by retailers to grow and re-engage app audiences.
Firebase (Google)	Provides app analytics, attribution integrations, and app growth tooling, especially for teams building mobile apps in-house.
Appsumer (acquired by AppLovin)	Mobile marketing analytics and UA reporting for app growth teams.
Common use cases

Mobile website → app install: Show personalized install prompts when shoppers browse products on mobile web. Branch and AppsFlyer are major providers here. 
Branch
+1

Deferred deep linking: User clicks a product link, installs the app, and lands on that exact product/category page afterward. 
Branch Help Center
+1

Affiliate/creator traffic → app installs: Track which partners drive valuable app users rather than just clicks.

Paid commerce campaigns → app adoption: Attribute installs from search, social, display, and retargeting channels. 
AppsFlyer

QR/offline commerce → app: Turn packaging, stores, receipts, and physical campaigns into app acquisition channels. 
Branch

Most relevant competitive set for ecommerce retailers

Branch — best known for web-to-app growth and deep linking. 
Branch

AppsFlyer — strongest enterprise attribution + web-to-app measurement. 
AppsFlyer Support

Adjust — major mobile measurement competitor. 
Adjust Help Center

Kochava — enterprise mobile analytics alternative.

Braze / Airship — strongest when the goal is converting existing customers into app users and increasing retention.

Sources used:
https://www.appsflyer.com/solutions/ecommerce

https://www.appsflyer.com/products/deep-linking/

https://www.appsflyer.com/products/deep-linking/web-to-app/

https://www.branch.io/deep-linking/

https://www.branch.io/products/banners/

https://help.branch.io/docs/web-to-app

https://help.adjust.com/en/article/deep-link-support"
Who are the top companies in mobile performance marketing?,"The top companies in mobile performance marketing generally fall into a few categories: mobile ad networks, user acquisition platforms, attribution/measurement providers, and growth platforms. The leading players include: 
AppsFlyer
+1

Company	Category	What they are known for
AppLovin	Mobile advertising & user acquisition	One of the largest mobile performance ad platforms; strong in app install campaigns, gaming UA, and AI-driven optimization. 
AppsFlyer

Google Ads / Google App Campaigns	Mobile acquisition	Major channel for app installs and re-engagement across Search, YouTube, Display, and Google Play. 
AppsFlyer

Meta Ads	Mobile acquisition	Large-scale app install and retargeting campaigns through Facebook and Instagram. 
AppsFlyer

TikTok for Business	Mobile acquisition	Performance-driven app growth through short-form video inventory and creator-style ads. 
AppsFlyer

Moloco	AI performance advertising	Machine-learning-driven mobile user acquisition and app growth platform with large-scale in-app reach. 
Moloco
+1

Liftoff (incl. Vungle)	Mobile growth platform	Mobile app user acquisition, monetization, creative optimization, and re-engagement. 
Liftoff

Unity Ads	Mobile gaming advertising	Major mobile gaming acquisition channel integrated with the Unity ecosystem. 
AppsFlyer

ironSource (Unity)	App growth & monetization	User acquisition, mediation, and app monetization tooling (now part of Unity). 
AppsFlyer

Mintegral	Mobile ad network	Global mobile advertising network, especially strong in gaming and international user acquisition. 
AppsFlyer

InMobi	Mobile advertising	Global mobile ad platform covering acquisition, engagement, and commerce advertising. 
Business Insider
Mobile measurement / attribution leaders

These companies do not buy media directly in the same way, but they are core infrastructure for performance marketers:

Company	Role
AppsFlyer	Mobile attribution, campaign measurement, deep linking, incrementality, and marketing analytics. 
AppsFlyer
+1

Adjust	Mobile measurement partner (MMP), attribution, fraud prevention, and analytics. 
Techmagnate

Branch	Deep linking, mobile journeys, attribution, and app/web conversion optimization. 
Techmagnate

Kochava	Attribution, analytics, and customer identity solutions. 
App Growth Network

Singular	Marketing analytics, attribution, and ROI reporting. 
Segwise
For ecommerce/retail mobile growth specifically

The most relevant companies are typically:

AppLovin – performance acquisition at scale

Moloco – AI-driven commerce and app growth

Liftoff – app installs and re-engagement

AppsFlyer / Adjust / Branch – attribution and optimization

Google / Meta / TikTok – major paid acquisition channels

InMobi – mobile audience and commerce advertising

AppsFlyer
+2
Moloco
+2

Sources used:
https://www.appsflyer.com/resources/reports/performance-index/

https://www.moloco.com/

https://www.liftoff.ai/

https://www.businessofapps.com/marketplace/mobile-marketing/

https://www.techmagnate.com/blog/adjust-vs-appsflyer-vs-branch-tools-comparison/

https://www.appsflyer.com/company/newsroom/pr/performance-index-2025/"
What are the best platforms for app-to-app commerce linking?,"The leading platforms for app-to-app commerce linking are generally focused on deep linking, deferred deep linking, attribution, and routing users between mobile experiences (for example, from a retailer app, marketplace app, creator app, or partner app into a specific product page or checkout flow). The strongest options are:

Platform	Best for	Key capabilities
Branch	Commerce growth, referrals, partner ecosystems	Deep links, deferred deep links, cross-app journeys, influencer/affiliate links, QR codes, referral flows, attribution 
Branch

AppsFlyer OneLink	Enterprise mobile commerce attribution	Deep linking, web-to-app routing, app-to-app journeys, campaign measurement, personalized destinations 
AppsFlyer
+1

Adjust Deep Links	Mobile measurement + growth teams	Deep linking, deferred deep linking, campaign attribution, app engagement flows 
Adjust Help Center

Kochava SmartLinks	Omnichannel commerce and enterprise brands	Smart routing, deep links, QR-driven commerce flows, app store fallback, attribution analytics 
Kochava

Singular	Mobile attribution + marketing analytics	Deep-link-supported attribution stack and campaign measurement
Firebase App Links / Universal Links (native)	Teams building custom infrastructure	Basic app-to-app and web-to-app routing without a third-party growth platform
Best choices by use case

Retailers sending shoppers between apps

Branch — strong for partner-driven commerce, referrals, creator links, and multi-app ecosystems. 
Branch

AppsFlyer OneLink — better when deep linking is part of a broader mobile attribution and lifecycle marketing stack. 
AppsFlyer

Affiliate / creator commerce

Branch

AppsFlyer

Kochava

These support tracking links that can preserve campaign context and route users into specific app experiences. 
Branch
+1

Enterprise retailers with multiple apps or brands

AppsFlyer

Adjust

Kochava

These tend to fit organizations needing attribution, governance, fraud controls, and analytics alongside linking. 
Adjust Help Center
+1

Simple app-to-app routing only

Native iOS Universal Links + Android App Links

Firebase-style approaches (where applicable)

Competitive landscape summary

Branch → strongest pure-play deep linking and growth use cases.

AppsFlyer → strongest when linking is tied to mobile measurement and acquisition.

Adjust → strong MMP alternative with deep-link support.

Kochava → strong enterprise omnichannel option.

Button → notable in commerce-specific mobile linking and app-to-app shopping journeys, especially around affiliate and partner commerce.

For a commerce marketplace, retailer, or affiliate ecosystem, the shortlist is usually Branch vs AppsFlyer vs Button vs Kochava depending on whether the priority is growth links, attribution, or transaction routing.

Sources used:
https://www.appsflyer.com/products/deep-linking/

https://www.appsflyer.com/products/deep-linking/web-to-app/

https://help.adjust.com/en/article/deep-link-support

https://www.branch.io/deep-linking/

https://www.kochava.com/ko/product/deep-linking/"
Which companies help brands measure sales from social commerce traffic?,"Companies that help brands measure sales from social commerce traffic generally fall into a few categories: creator commerce attribution, affiliate tracking, marketing attribution, and native social commerce analytics. Leading players include:

Company	What they measure	Best fit
Impact.com	Creator, affiliate, and partner-driven sales attribution; tracks links, conversions, commissions, and ROI	Brands running creator + affiliate programs
CreatorIQ	Influencer campaign performance, creator-driven revenue, content analytics, and integrations with commerce systems	Enterprise brands managing large creator ecosystems
LTK	Creator storefronts, shoppable content, clicks, and sales generated by influencers	Fashion, beauty, lifestyle brands using creators
ShopMy	Creator links, product recommendations, gifting programs, and attributed sales	Beauty, luxury, and consumer brands
GRIN	Creator relationship management plus revenue tracking from creator campaigns	DTC brands using Shopify and creator programs
Traackr	Influencer analytics, campaign measurement, earned media impact, and performance insights	Enterprise influencer marketing teams
Rakuten Advertising	Affiliate/social commerce tracking, publisher and creator commissions, conversion reporting	Brands combining affiliate and social channels
Awin	Affiliate attribution, creator partnerships, and commerce conversion tracking	Global affiliate programs
Partnerize	Partner and influencer revenue attribution, incrementality, and optimization	Large brands with partner ecosystems
Branch	Deep links, mobile attribution, and measurement of app/web journeys from social traffic	Brands driving shoppers from social into apps
AppsFlyer	Mobile attribution for social campaigns, installs, purchases, and lifecycle value	Mobile-first commerce brands
Adjust	Mobile campaign attribution and user journey measurement	Apps and mobile commerce businesses
Native platform measurement tools

Brands also use first-party analytics from the social platforms themselves:

TikTok Shop Seller Center — measures product sales, creator affiliate sales, shoppable video performance, live shopping revenue, and conversion funnels. 
Conbersa

Meta Commerce Manager / Instagram Shopping analytics — tracks product catalog performance and commerce activity inside Meta’s ecosystem.

YouTube Shopping analytics — measures product tagging and creator-driven commerce performance.

Common stack combinations

Creator-driven sales: ShopMy + CreatorIQ + Impact.com

Affiliate + influencer commerce: Impact.com + Partnerize + Awin

Mobile app conversion from social: Branch/Appsflyer + CRM/CDP

TikTok Shop-heavy brands: TikTok Shop analytics + affiliate platform + BI layer

The main challenge these companies address is that social commerce often starts with discovery on one platform and converts later through another channel, making simple last-click measurement incomplete. 
ATTN Agency
+1

Sources used:
https://www.conbersa.ai/learn/social-commerce-attribution-and-tracking

https://www.attnagency.com/blog/social-commerce-attribution-tracking-revenue-across-platforms-dtc-2026

https://martech360.com/insights/martech-playbooks/the-martech-playbook-for-building-a-social-commerce-attribution-model/

https://www.influencers-time.com/social-commerce-integrations-and-creator-attribution-guide/"
What are the top tools for brands trying to improve mobile affiliate conversion?,"Brands trying to improve mobile affiliate conversion usually need a combination of deep linking, mobile attribution, affiliate tracking, and app/web journey optimization. The strongest tools are:

Platform	Best for	Why brands use it
AppsFlyer	Mobile attribution + deep linking	Tracks affiliate-driven installs, app opens, and downstream revenue; OneLink helps route users into the right app experience from affiliate links, social, email, and web. 
AppsFlyer
+1

Branch	Mobile linking + cross-channel attribution	Strong for affiliate, creator, social, and web-to-app journeys; deep links preserve context and reduce drop-off between channels. 
Branch
+1

Adjust	Mobile measurement partner (MMP)	Helps measure campaigns, installs, and in-app events with deep linking/deferred deep linking support. 
Adjust Help Center

Impact.com	Enterprise affiliate partnerships	Useful for managing affiliate relationships, tracking partner-driven sales, and scaling commerce partnerships. 
Reddit

Partnerize	Enterprise affiliate/partner marketing	Strong for large brands managing complex partner ecosystems and performance-based commerce programs.
LTK	Creator commerce	Helps brands work with creators and track product-driven commerce performance. 
Business Insider

ShopMy	Influencer-driven commerce	Focused on creator product recommendations, affiliate links, and brand/creator commerce workflows. 
Financial Times

Kochava	Mobile attribution	Enterprise mobile measurement and attribution workflows, especially for apps with complex acquisition channels.
Firebase Dynamic Links alternatives / custom deep-link stacks	App teams wanting control	Some brands build custom routing with attribution providers rather than relying on a single vendor.
Common stack patterns

Retailer with a mobile app

AppsFlyer or Adjust → attribution

Branch or AppsFlyer OneLink → deep linking

Impact / Partnerize → affiliate partner management

CRM/CDP → personalization

Creator + social commerce focus

Branch → creator link routing

LTK / ShopMy → creator commerce workflows

AppsFlyer → app conversion measurement

High-growth ecommerce app

Deep links that send users directly to:

product pages

carts

promotions

personalized offers

Deferred deep linking so users who install the app after clicking still land in the intended experience. 
AppsFlyer
+1

Shortlist by use case

Best overall mobile affiliate attribution: AppsFlyer 
AppsFlyer

Best deep linking experience: Branch 
Branch

Best enterprise affiliate operations: Impact.com / Partnerize

Best creator commerce: LTK / ShopMy

Best mobile app measurement alternative: Adjust 
Adjust Help Center

Sources used:
https://www.appsflyer.com/solutions/ecommerce

https://www.appsflyer.com/products/deep-linking/

https://www.branch.io/attribution/

https://www.branch.io/

https://help.adjust.com/en/article/deep-link-support

https://www.ltk.com/

https://www.shopmy.us/"

Total run time,44m 9s
