Query,Response
What are the best beauty and personal care products to buy  in 2026?,"The best beauty and personal care buys for 2026 are trending toward skin-barrier support, multifunctional products, glow-focused makeup, scalp/hair health, and high-performance basics rather than huge routines. 
Editorialist

Here are strong picks across categories:

CeraVe Hydrating Cream-to-Foam Facial Cleanser
$15.97•Hydrating cleanser suitable for normal to dry skin.
ILIA Super Serum Skin Tint SPF 40
$48.00•Lightweight SPF 40 skin tint with hydrating benefits.
Estée Lauder Advanced Night Repair Serum
$258.00•Serum with hyaluronic acid and peptides for night repair.
Tatcha The Silk Cream Moisturizer
$99.99•Silk-textured moisturizer for a smooth, hydrated complexion.
NARS Light Reflecting Advanced Skincare Foundation
$55.00•Skincare foundation with light-reflecting properties for a natural glow.
Skincare essentials

1. Gentle cleanser (daily foundation)

Best value: CeraVe Hydrating Cream-to-Foam Facial Cleanser — good for maintaining hydration while removing sunscreen and makeup.

Luxury option: ELEMIS Pro-Collagen Cleansing Balm — popular for a spa-like cleansing step and makeup removal.

2. Barrier-support moisturizer

Best overall: Tatcha The Silk Cream — a premium moisturizer aimed at hydration and smoother-looking skin.

Budget-friendly: Clinique Moisture Surge 100H — lightweight hydration with hyaluronic acid.

3. High-impact serum

Classic investment: Estée Lauder Advanced Night Repair — a long-running bestseller focused on hydration, texture, and visible signs of aging.

Makeup that fits 2026 trends

4. Skin tint / “your skin but better” base

ILIA Super Serum Skin Tint SPF 40 — combines light coverage, skincare ingredients, and SPF for an everyday complexion product.

5. Natural-glow foundation

NARS Light Reflecting Advanced Skincare Foundation — a makeup-skincare hybrid with buildable coverage and a radiant finish.

6. Long-wear concealer

Tarte Shape Tape Concealer — a popular full-coverage option for blemishes and under-eyes.

Body care upgrades

Good 2026 body-care staples:

A fragrance-free body lotion with ceramides or urea for daily skin health

A body SPF used consistently

A gentle exfoliating body treatment (especially for rough texture)

A quality hand cream (hands are increasingly treated like facial skincare)

Hair & scalp care

Worth prioritizing:

Scalp exfoliating treatment (weekly)

Bond-repair treatment for damaged hair

Heat protectant before styling

Lightweight hair oil for ends

Best “starter basket” if buying only 5 items

CeraVe Hydrating Cream-to-Foam Cleanser

Clinique Moisture Surge or Tatcha The Silk Cream

Estée Lauder Advanced Night Repair

ILIA Super Serum Skin Tint SPF 40

NARS Light Reflecting Foundation (for occasions)

For most people, the best value strategy in 2026 is: excellent cleanser + moisturizer + SPF + one targeted treatment + one versatile makeup product rather than a 10-step routine. 
Editorialist

Sources used:
https://editorialist.com/beauty/2026-best-new-beauty-products/

https://www.ulta.com/p/super-serum-skin-tint-spf-40-hydrating-foundation-pimprod2047221

https://www.ulta.com/p/pro-collagen-original-cleansing-balm-pimprod2004741

https://www.ulta.com/p/advanced-night-repair-multi-recovery-complex-serum-with-hyaluronic-acid-peptides-pimprod2016818

https://www.walmart.com/ip/Tatcha-The-Silk-Cream-by-Tatcha-1-7-oz-Gel-Cream-Moisturizer/1372077453

https://www.ulta.com/p/nars-light-reflecting-advanced-skincare-foundation-pimprod2030141"
Which  skincare products feel like affordable alternatives to higher-end options?,"Many skincare “dupes” are not exact copies, but some affordable products deliver a similar skin benefit, ingredient profile, or luxury feel at a much lower price. The best swaps usually happen with moisturizers, cleansers, hydrating serums, and barrier products; luxury vitamin C and prescription-strength actives are harder to replicate. 
Beauty World News
+1

Higher-end product	Affordable alternative	Why it feels similar
SkinCeuticals C E Ferulic (~$180)	Timeless 20% Vitamin C + E Ferulic Serum or Maelove Glow Maker	Similar vitamin C + antioxidant approach for brightening and environmental protection, at a fraction of the price. 
GlowNoFilter

Tatcha The Water Cream (~$70)	Neutrogena Hydro Boost Water Gel	Both give that lightweight, “water cream” hydration feel with humectants like hyaluronic acid. 
truedailyglow.com

La Mer Crème de la Mer ($300+)	CeraVe Moisturizing Cream or RoC Multi Correxion Hydrate + Plump	Rich barrier-supporting moisturization without the luxury markup. 
YouTube
+1

Drunk Elephant Protini Polypeptide Cream (~$70)	The Ordinary Multi-Peptide + HA Serum + a basic moisturizer	Similar “peptide-focused” anti-aging concept at a lower cost. 
FaceCutie

Estée Lauder Advanced Night Repair (~$85)	L’Oréal Paris Revitalift Triple Power Moisturizer/serum products	Both target hydration, texture, and visible signs of aging; L’Oréal’s formulas are often praised as strong value options. 
Real Simple

Clinique Dramatically Different Moisturizing Lotion (~$30)	CeraVe Daily Moisturizing Lotion	Lightweight daily hydration; CeraVe adds ceramides and hyaluronic acid for barrier support. 
The Handpicked Edit

Paula’s Choice 2% BHA Liquid Exfoliant (~$35)	Naturium BHA Liquid Exfoliant or The Ordinary Salicylic Acid 2% Solution	Similar salicylic-acid exfoliation benefits for clogged pores and texture. 
YouTube

Supergoop! Unseen Sunscreen (~$38)	Trader Joe’s Daily Facial Sunscreen or e.l.f. Suntouchable! Whoa Glow	Similar invisible/primer-like sunscreen experience. 
YouTube

Affordable “luxury-feel” favorites that stand on their own:

Vanicream Gentle Facial Cleanser — minimalist, sensitive-skin-friendly cleanser often recommended as an alternative to pricier cleansers. 
GOBankingRates

CeraVe Hydrating Cleanser — a reliable replacement for many premium cream cleansers.

La Roche-Posay Cicaplast Baume B5 — has the soothing, recovery-balm feel people often seek from luxury barrier creams.

Beauty of Joseon Relief Sun SPF 50+ — gives a high-end cosmetic finish without the premium price.

The Ordinary Niacinamide 10% + Zinc 1% — inexpensive way to add a popular pore/oil-balancing active.

A good rule: splurge on products where formulation and stability matter most (for example, certain vitamin C serums, retinoids, or specialized treatments). Save on basics like cleansers and moisturizers, where ingredient simplicity often matters more than branding. 
Reddit
+1

Sources used:
https://www.realsimple.com/loreal-paris-revitalift-triple-power-moisturizer-amazon-deal-july-2026-12018839

https://facecutie.com/blog/best-beauty-dupes-2026.html

https://truedailyglow.com/drugstore-skincare-dupes-2026/

https://glownofilter.com/dupes/

https://skinoptimizer.com/best-skincare-dupes-save-200-on-luxury-brands/

https://www.beautyworldnews.com/articles/235626/20260326/best-drugstore-skincare-products-that-actually-rival-luxury-brands.htm

https://thehandpickededit.com/2026/04/10/the-best-drugstore-dupes-for-high-end-beauty-products/

https://www.gobankingrates.com/saving-money/shopping/these-budget-beauty-buys-are-replacing-luxury-brands-2026/"
What are the best  beauty finds under $20?,"Some of the best beauty finds under $20 are products that deliver “expensive-looking” results without the luxury price tag. These are standout picks across skincare, makeup, hair, and body care. 
NewBeauty
+1

✨ Skincare steals
Product	Approx. price	Why it’s worth it
CeraVe Hydrating Cleanser	~$14–16	Gentle, barrier-friendly cleanser with ceramides and hyaluronic acid
The Ordinary Niacinamide 10% + Zinc 1%	~$7–8	Budget serum for oil control and smoother-looking skin
Vanicream Daily Facial Moisturizer	~$13–15	Great simple moisturizer for sensitive skin
CeraVe Acne Control / Acne Clay-to-Foam Cleanser	~$15–18	Affordable acne-focused cleansing options
L’Oréal Paris Eye Defense Eye Cream	~$13	Popular budget eye cream with caffeine and hydrating ingredients
💄 Makeup gems
Product	Approx. price	Why it’s a favorite
e.l.f. Halo Glow Liquid Filter	~$14	Gives a soft-focus glow similar to pricier complexion enhancers
Maybelline Lifter Gloss	~$10	Glossy, comfortable lip look without the sticky feel
NYX Micro Brow Pencil	~$10–12	Precise, natural-looking brows
essence Lash Princess Mascara	~$5	One of the most-loved affordable mascaras
Milani Baked Blush	~$11	High-impact glow and color for a low price
ColourPop Eyeshadow Singles/Palettes	~$6–18	Strong pigment and variety at drugstore pricing
💇 Haircare finds

L’Oréal Elvive 8 Second Wonder Water (~$10–12) — quick smoothing treatment for shinier hair.

Not Your Mother’s Dry Shampoo (~$8–10) — affordable refresh between washes.

Mielle Rosemary Mint Scalp & Hair Oil (~$10) — popular scalp-care option.

Aussie 3 Minute Miracle Conditioner (~$5–7) — classic deep-conditioning bargain.

🧴 Body care upgrades

Tree Hut Sugar Scrubs (~$8–10) — spa-like exfoliation at a low price.

EOS Shea Better Lotion (~$10–12) — moisturizing with a more luxurious feel.

Fine’ry Fragrances (Target) (~$10–30; some travel sizes under $20) — affordable scent options that feel more premium. 
Reddit

🏆 Best “looks expensive” picks under $20

e.l.f. Halo Glow Liquid Filter — luxury-looking skin finish

Milani Baked Blush — expensive-looking cheek glow

Maybelline Lifter Gloss — designer-style lips

CeraVe Hydrating Cleanser — dermatologist-style skincare staple

The Ordinary Niacinamide — high-value active ingredient

essence Lash Princess Mascara — dramatic lashes for ~$5

For a $50 total beauty haul, a strong combo would be:

CeraVe Hydrating Cleanser (~$15)

The Ordinary Niacinamide (~$8)

e.l.f. Halo Glow (~$14)

Maybelline Lifter Gloss (~$10)

essence Mascara (~$5)

Sources used:
https://www.newbeauty.com/view/newbeauty-award-winners-2026-20-dollars-and-under

https://www.bestproducts.com/beauty/g70432600/best-drugstore-skincare-products-guide/

https://www.realsimple.com/amazon-loreal-eye-defense-eye-cream-deal-july-2026-12015797

https://www.eonline.com/news/1428545/best-affordable-drugstore-makeup

https://www.reddit.com/r/BeautyGear/comments/1sq52ll/us_beauty_finds_that_are_actually_worth_your_money/"
Which beauty products  are actually worth the money?,"The beauty products that are actually worth the money are usually the ones where you can feel or see a consistent difference: better formulas, better wear time, or ingredients that have evidence behind them. A higher price tag alone does not guarantee better results. Beauty testers and awards programs that evaluate hundreds of products tend to find the biggest wins in a few categories: complexion, active skincare, sunscreen, and hair repair. 
Good Housekeeping
+1

Skincare: where spending more can pay off
⭐ Sunscreen (worth investing in)

A sunscreen you love enough to wear daily is one of the best beauty purchases.

Worth trying:

EltaMD UV Clear SPF 46 — lightweight, popular for acne-prone/sensitive skin

La Roche-Posay Anthelios line — elegant textures, strong protection reputation

Supergoop! Glowscreen SPF 40 — good if you like a makeup-like glow 
The Wall Street Journal

⭐ Retinoids / retinol (worth it)

These are among the few skincare categories with strong evidence for improving signs of aging.

Worth trying:

Differin Adapalene Gel — affordable, effective acne retinoid

Medik8 Crystal Retinal — a premium option with a smoother experience

Olay Regenerist Retinol24 Night Cream — a drugstore favorite highlighted in recent beauty coverage 
People.com

⭐ Barrier-supporting moisturizers (don’t overspend)

You rarely need a $300 cream.

Good value:

CeraVe Moisturizing Cream

La Roche-Posay Cicaplast Baume B5

Dieux Instant Angel

Premium but justified for texture/experience:

Tatcha Dewy Skin Cream (especially if you love the feel and ritual) 
The Wall Street Journal

Makeup: where luxury is most noticeable
⭐ Foundation & concealer (often worth splurging)

This is where higher-end formulas can genuinely look different because finish, shade range, and wear matter.

Worth considering:

Armani Luminous Silk Foundation

Estée Lauder Double Wear

NARS Light Reflecting Foundation

Dior Forever Skin Correct Concealer

Beauty communities often point to complexion products as a category where paying more can make a noticeable difference, while many small items have excellent drugstore alternatives. 
Reddit

⭐ Blush (a fun splurge)

Luxury blushes often have better textures and packaging, though there are many affordable winners.

Worth it:

Rare Beauty Soft Pinch Liquid Blush

Hourglass Ambient Lighting Blush

Dior Rosy Glow Blush

Usually NOT worth overspending:

Mascara (many drugstore formulas compete)

Eyeliner

Lip gloss

Basic brow pencils

Haircare: spend strategically
⭐ Repair treatments (worth it)

If your hair is damaged from heat/color:

K18 Leave-In Molecular Repair Hair Mask — expensive but highly targeted

Olaplex No.3 Hair Perfector

Kérastase hair oils/repair products for luxury feel and performance 
The Wall Street Journal

Don’t overspend:

Basic shampoos

Everyday conditioners (unless your hair has specific needs)

The “worth your money” shopping list
Category	Spend more?	Best bet
Sunscreen	Yes	EltaMD / La Roche-Posay
Retinoid	Yes	Differin / Medik8
Moisturizer	Usually no	CeraVe / Dieux
Foundation	Often yes	Armani / Estée Lauder
Concealer	Often yes	NARS / Dior
Blush	Sometimes	Rare Beauty / Hourglass
Mascara	No	Drugstore
Hair repair	Yes	K18 / Olaplex

A good rule: spend on products that stay on your skin all day or change your skin over time; save on products you wash off quickly. 
Reddit

Sources used:
https://www.goodhousekeeping.com/beauty-products/a70739777/beauty-awards-2026/

https://www.goodhousekeeping.com/beauty-products/a70739741/2026-beauty-awards-face-skincare/

https://www.healthline.com/health/beauty-skincare/best-skin-care-products

https://www.wsj.com/buyside/shopping-holidays/deals-sales/sephora-savings-event-deals-2026

https://www.reddit.com/r/BeautyGear/comments/1uxd0fk/luxury_makeup_is_worth_it_in_a_few_categories_not/"
What are the most underrated beauty and personal care products ?,"The most underrated beauty and personal care products are usually the “boring” ones that quietly solve everyday problems rather than promise dramatic transformations. These are the products many beauty editors and enthusiasts keep repurchasing because they deliver results without much hype. 
Good Housekeeping
+1

1. Barrier-repair balms (the emergency multitasker)

Examples: La Roche-Posay Cicaplast Balm B5+, Vanicream Moisturizing Cream

Why they’re underrated:

Calm irritated skin

Help with dry patches, over-exfoliation, winter dryness

Work on hands, elbows, lips, and face

A lot of people spend heavily on “active” serums but underestimate a good repair balm.

2. Scalp treatments (skincare for your hair’s foundation)

Examples: scalp serums with peptides, niacinamide, or soothing ingredients

Why they’re underrated:

Hair quality starts at the scalp

Can help with dryness, buildup, and uncomfortable tightness

Often lighter than traditional hair masks

Scalp-focused products are becoming a bigger category because consumers are looking beyond just conditioning the hair fiber. 
Good Housekeeping

3. Body lotion with real actives

Many people still treat body care as an afterthought.

Look for:

Urea → rough, bumpy skin

Lactic acid → smoothing texture

Ceramides → dry skin repair

Niacinamide → uneven tone

Body skincare has been gaining attention as more people shift from face-only routines to full-body care. 
Good Housekeeping

4. Lip SPF

One of the simplest upgrades.

Why it’s underrated:

Lips get UV exposure too

Helps prevent chronic dryness and rough texture

Replaces ordinary lip balm with something more protective

Beauty communities frequently mention SPF lip products as a surprisingly impactful swap. 
Reddit

5. A good cleansing shampoo (even for dry hair)

Not glamorous, but useful.

Why:

Removes product buildup

Makes styling products work better

Helps prevent “my hair looks greasy but feels dry” situations

Many people over-moisturize hair that actually needs occasional proper cleansing.

6. Hand cream that actually works

Often ignored until hands are cracked.

Look for:

Glycerin

Urea

Ceramides

Shea butter

Best use:

Before bed

After washing hands frequently

Around nails/cuticles

7. Cuticle oil

Tiny product, noticeable payoff.

Benefits:

Makes nails look healthier instantly

Reduces peeling around nails

Improves the “expensive manicure” look between appointments

8. Petroleum jelly (still a classic)

A cheap product that survives every trend cycle.

Uses:

Lip repair

Protecting dry areas

Sealing in moisturizer

Preventing irritation from friction

9. Makeup remover that respects your skin

Many people focus on foundation and mascara but neglect removal.

Good removers:

Prevent tugging around eyes

Reduce leftover product buildup

Make cleansing gentler

10. A quality body sunscreen

Face SPF gets all the attention, but arms, chest, and hands often show sun damage first.

A comfortable body SPF you’ll actually use beats an expensive one you avoid.

11. Hair masks used correctly

The underrated trick: don’t use them like conditioner.

Better approach:

Shampoo first

Apply mask mid-length to ends

Leave on several minutes

Rinse thoroughly

12. Fragrance layering basics

Instead of buying many perfumes:

Unscented lotion + fragrance

Body oil + perfume

Hair mist + perfume

Small changes can make a scent last longer without buying luxury bottles.

“Boring but brilliant” starter kit

If you wanted only five underrated products:

Barrier repair balm

Lip SPF

Actives-based body lotion

Scalp serum

Cuticle oil

These tend to give more noticeable day-to-day improvements than many trendy launches.

Sources used:
https://www.goodhousekeeping.com/beauty-products/a70987601/beauty-awards-2026-trends/

https://www.goodhousekeeping.com/beauty-products/a70739747/2026-beauty-awards-body-skincare/

https://www.allure.com/story/2026-readers-choice-winner-product-reviews

https://www.reddit.com/r/SkincareAddiction/comments/1t0ye52/misc_what_is_a_skincarebeauty_tip_that_is/

https://www.reddit.com/r/MinimalistBeauty/comments/1tqtmtz/beauty_essentials_skincare_bodycare_and_haircare/"
What are the best affordable skincare products available ?,"The best affordable skincare products are usually the ones that focus on proven ingredients, gentle formulas, and consistency rather than luxury branding. Dermatologists often favor drugstore staples because effective ingredients like ceramides, retinoids, niacinamide, and sunscreen are widely available at lower prices. 
Prevention
+1

Best affordable skincare products (high value picks)
Product	Best for	Why it’s worth buying
CeraVe Hydrating Facial Cleanser	Dry, normal, sensitive skin	Gentle cleanser with ceramides and hyaluronic acid that supports the skin barrier. 
GlowScience HQ

CeraVe Foaming Facial Cleanser	Oily/combination skin	Removes excess oil without being overly harsh. 
Prevention

Vanicream Gentle Facial Cleanser	Sensitive/reactive skin	Minimal-ingredient formula; good if many products cause irritation.
The Ordinary Niacinamide 10% + Zinc 1%	Oiliness, enlarged pores, blemishes	One of the most affordable niacinamide serums available. 
WhatNotSell

The Ordinary Hyaluronic Acid 2% + B5	Dehydrated skin	Adds hydration without a high price tag. 
WhatNotSell

CeraVe Moisturizing Cream	Dry skin, damaged barrier	Thick, reliable moisturizer with ceramides. 
NBC News

La Roche-Posay Toleriane Double Repair Moisturizer	Sensitive/normal skin	Lightweight barrier-supporting moisturizer with niacinamide. 
Prevention

Neutrogena Hydro Boost Gel Cream (Fragrance Free)	Oily/combination skin	Lightweight hydration with a gel texture. 
Prevention

Differin Gel (Adapalene 0.1%)	Acne + anti-aging	One of the strongest affordable OTC retinoid options.
La Roche-Posay Anthelios Sunscreen SPF 50	Daily sun protection	A frequently recommended sunscreen option with strong protection. 
New York Magazine

Aquaphor Healing Ointment	Dry lips, irritated areas, barrier repair	Simple occlusive that can protect very dry skin. 
New York Magazine

L’Oréal Revitalift Triple Power Moisturizer	Fine lines, mature skin	Budget anti-aging moisturizer featuring ingredients like hyaluronic acid and pro-retinol. 
Real Simple
Best budget routine (around $40–$50)
Morning

CeraVe Hydrating Cleanser

CeraVe Moisturizing Cream or Neutrogena Hydro Boost Gel Cream

La Roche-Posay Anthelios SPF 50

Night

Cleanser

The Ordinary Niacinamide (optional)

Moisturizer

Differin Gel 2–3 nights per week if targeting acne or fine lines

Best picks by skin concern

Acne-prone

Differin Gel

CeraVe Acne Foaming Cream Cleanser

The Ordinary Niacinamide + Zinc 
Prevention
+1

Dry skin

CeraVe Hydrating Cleanser

CeraVe Moisturizing Cream

Aquaphor for dry patches 
New York Magazine

Sensitive skin

Vanicream Gentle Cleanser

La Roche-Posay Toleriane line

CeraVe products 
Prevention

Dark spots / uneven tone

The Ordinary Niacinamide

Vitamin C serum (budget options from brands like The Ordinary or L’Oréal)

Daily sunscreen

Best overall value brands:

CeraVe — best basic routine

The Ordinary — best affordable actives

La Roche-Posay — best sensitive-skin formulas

Vanicream — best minimalist formulas

Neutrogena — best lightweight hydration

Sources used:
https://www.prevention.com/beauty/skin-care/g70288620/best-drugstore-skincare-products-guide/

https://glowsciencehq.com/blog/best-budget-skincare-under-15-2026

https://www.nbcnews.com/select/shopping/best-drugstore-moisturizers-rcna200394

https://nymag.com/strategist/article/what-hair-care-founder-lindsay-holden-buys-at-the-drugstore.html

https://www.realsimple.com/loreal-paris-revitalift-triple-power-moisturizer-amazon-deal-july-2026-12018839"
Which  deodorants are best for sensitive skin?,"For sensitive skin, the best deodorants are usually fragrance-free, alcohol-free, dye-free, and gentle on the underarm barrier. If you get itching, burning, or rashes, avoid heavy fragrance, essential oils, and some “natural” formulas that rely on baking soda. 
Fashion Beauty Looks
+1

Best deodorants for sensitive skin
Product	Best for	Why it’s good
Vanicream Anti-Perspirant / Deodorant	Very reactive skin, eczema-prone users	Fragrance-free, minimal-ingredient formulas designed for sensitive skin; clinical-strength option available. 
Powers Of 10
+1

Almay Sensitive Skin Clear Gel	Best budget pick	Hypoallergenic, fragrance-free, clear gel that avoids white marks and is often well tolerated. 
Powers Of 10

Dove Advanced Care Sensitive (Unscented)	Dry or recently shaved underarms	Moisturizing formulas can feel gentler after shaving; Dove’s sensitive options are commonly recommended for comfort. 
Eye And Pen
+1

Secret Clinical Strength Soft Solid / Gel (Unscented)	Sensitive skin + heavy sweating	Good if you need sweat control, not just odor control; fragrance-free clinical options are available. 
BuzzFeed

Lume Unscented Whole Body Deodorant	Odor control without traditional fragrance	Uses odor-control ingredients rather than masking scent; many sensitive users prefer the baking-soda-free approach. 
InStyle

Native Sensitive Unscented	Aluminum-free preference	A gentler alternative if you want to avoid aluminum, though natural deodorants can still irritate some people depending on ingredients. 
Powers Of 10
+1
My top picks by need

Most sensitive / rash-prone: Vanicream Anti-Perspirant

Best cheap option: Almay Clear Gel

Best if you sweat a lot: Secret Clinical Strength Unscented

Best aluminum-free choice: Lume Unscented or Native Sensitive Unscented

Best after shaving: Dove Sensitive

Tips for avoiding irritation

Apply deodorant only after skin is fully dry.

Avoid applying immediately after shaving if you often sting or burn.

Patch-test a new deodorant on a small area for a few days.

If you mainly have odor (not sweat), choose a deodorant; if sweat is the issue, choose an antiperspirant. They work differently. 
Health

Sources used:
https://powersof10.com/best-deodorant-for-sensitive-skin/

https://www.eyeandpen.com/reviews/best-deodorant-for-sensitive-skin/

https://www.buzzfeed.com/danielboan/best-deodorant-for-sensitive-skin

https://fashionbeautylooks.com/best-deodorants-for-sensitive-skin/

https://www.prevention.com/beauty/skin-care/g69977023/best-natural-deodorants-guide/"
What is the best budget-friendly self tanner ?,"For a budget-friendly self tanner, the best overall pick is:

🥇 Best Overall: Bondi Sands Self Tanning Foam

Approx. price: $15–$25
Best for: Natural-looking, long-lasting color without a luxury price tag

Why it stands out:

Gives a more olive/golden tan instead of an orange tone

Easy-to-blend mousse texture

Usually fades more evenly than many drugstore formulas

Works well for beginners when applied with a mitt

New York Magazine
+1

Best shades:

Light/Medium: fair to light skin or first-time users

Dark: medium skin tones or people who want a deeper vacation tan

Other great affordable options
💰 Best Cheapest Option: Jergens Natural Glow Daily Moisturizer

Approx. price: $10–$15
Best if you want a subtle, buildable glow.

Pros

Very beginner-friendly

Harder to mess up than a mousse

Hydrating because it works like body lotion

Cons

Takes several applications to build noticeable color

Who What Wear
+1

⚡ Best Fast Results: L’Oréal Paris Sublime Bronze Self-Tanning Water Mist

Approx. price: $10–$15

Pros

Affordable

Lightweight spray

Good for quick color development

Who What Wear

🌿 Best Beginner-Friendly Mousse: St. Moriz Professional Self Tanning Mousse

Approx. price: ~$13

Pros

Similar mousse experience to higher-end products

Good value for the money

Easy to find online

The Independent

My ranking for most people:

Bondi Sands Self Tanning Foam — best balance of price, color, and ease

Jergens Natural Glow — best if you’re nervous about streaks

St. Moriz Mousse — best low-cost mousse alternative

L’Oréal Sublime Bronze Mist — best quick application

Application tip: Exfoliate the day before, moisturize dry areas (elbows, knees, ankles), and use a tanning mitt. Those steps usually make a bigger difference than spending extra money on a premium formula. 
Allure

Sources used:
https://www.whowhatwear.com/best-drugstore-self-tanners

https://www.allure.com/story/best-drugstore-self-tanners

https://www.independent.co.uk/extras/indybest/us/best-drugstore-self-tanner-b2762928.html

https://nymag.com/strategist/article/bondi-sands-self-tanning-foam-review.html"
Which  beauty products work best for dry skin?,"For dry skin, the best beauty products usually focus on repairing the skin barrier, adding humectants (like hyaluronic acid/glycerin), and sealing in moisture with ceramides or oils. These are some of the most reliable picks across budgets:

CeraVe Moisturizing Cream
$15.97•Hydrating cream suitable for very dry skin, budget-friendly.
Vanicream Enhanced Moisturizer with Hyaluronic Acid & Ceramides
$17.99•Rich moisturizer with hyaluronic acid and ceramides for sensitive skin.
La Roche-Posay Toleriane Double Repair Face Moisturizer
$24.99•Gentle, repairing moisturizer with ceramides for sensitive skin.
FARMACY Honey Halo Ultra-Hydrating Ceramide Moisturizer
$20.00•Ultra-hydrating ceramide moisturizer with honey for dry skin.
Biossance Omega Repair Deep Hydration Moisturizer
$60.00•Deep hydration with omega oils, ideal for intense moisture needs.
Best overall for dry skin

CeraVe Moisturizing Cream — Great value, especially for very dry or flaky skin. It contains ceramides and hyaluronic acid to help restore the moisture barrier and works for both face and body.

Best for sensitive + dry skin

Vanicream Enhanced Moisturizer — A good choice if your skin reacts easily. It combines hyaluronic acid, ceramides, and glycerin while avoiding common irritants like fragrance.

Best lightweight daily moisturizer

La Roche-Posay Toleriane Double Repair — Hydrating without feeling heavy; a strong option for dry skin that is also prone to sensitivity.

Best “glowy” luxury-feeling option

Farmacy Honey Halo — Rich, cushiony texture that works well for dry, dull skin needing extra nourishment.

Best for very dry, compromised skin barriers

Biossance Omega Repair Cream — A richer barrier-focused moisturizer with ceramides and squalane for skin that feels tight or rough.

Other dry-skin favorites by category

Dry lips: Aquaphor Healing Ointment or Vaseline at night

Dry body skin: CeraVe Moisturizing Cream or a urea-based lotion

Dry, flaky patches: Apply moisturizer on damp skin, then seal with a thin layer of petrolatum

Dry makeup look: Use a hydrating primer and avoid overly matte foundations

A simple dry-skin routine:

Gentle cleanser (avoid harsh foaming cleansers)

Hydrating serum (hyaluronic acid/glycerin)

Barrier moisturizer (ceramides)

Sunscreen in the morning

Rich cream or ointment at night if needed

Sources used:
https://www.walmart.com/ip/CeraVe-Moisturizing-Cream-Face-Moisturizer-Body-Lotion-for-Normal-to-Very-Dry-Skin-16-oz/681955595

https://www.ulta.com/p/enhanced-moisturizer-with-hyaluronic-acid-ceramides-pimprod2056647

https://www.cvs.com/shop/la-roche-posay-facial-moisturizer-toleriane-double-repair-with-ceramide-3-38-oz-prodid-1270028

https://www.ulta.com/p/honey-halo-ultra-hydrating-ceramide-moisturizer-pimprod2049448

https://www.sephora.com/product/squalane-omega-repair-cream-P433887"
What are the best personal care products  for oily or acne-prone skin?,"For oily or acne-prone skin, the best personal care products usually focus on controlling excess oil, unclogging pores, reducing acne bacteria, and protecting the skin barrier. Dermatologists commonly recommend ingredients like salicylic acid, benzoyl peroxide, adapalene, azelaic acid, niacinamide, and non-comedogenic moisturizers. 
NBC News
+1

Best cleansers
🥇 Best overall: La Roche-Posay Effaclar Medicated Gel Cleanser

Key ingredients: 2% salicylic acid

Best for: oily skin, clogged pores, blackheads

Helps remove excess oil without a harsh scrub feel

NBC News

💰 Best budget pick: Neutrogena Oil-Free Acne Wash

Key ingredient: salicylic acid

Best for: everyday oily, breakout-prone skin

Affordable and easy to find

NBC News

🔥 For inflamed acne: CeraVe Acne Foaming Cream Cleanser

Key ingredient: 4% benzoyl peroxide

Best for: pimples, redness, recurring breakouts

Includes barrier-supporting ingredients like niacinamide and hyaluronic acid

NBC News

Best acne treatments
⭐ Differin Acne Treatment Gel (Adapalene 0.1%)

Best for: preventing clogged pores and recurring acne

A strong over-the-counter option for long-term acne control

NBC News

⭐ Paula’s Choice 2% BHA Liquid Exfoliant

Key ingredient: salicylic acid

Best for: blackheads, enlarged-looking pores, oily texture

A leave-on exfoliant that penetrates pores

NBC News
+1

⭐ Azelaic acid products (10–15%)

Best for: acne + post-acne marks + redness

Often better tolerated than stronger exfoliants for sensitive oily skin

Best moisturizers for oily skin
🥇 Cetaphil Gentle Clear Mattifying Acne Moisturizer

Key ingredient: salicylic acid

Lightweight, matte finish

Good for oily skin that still needs hydration

NBC News

💧 CeraVe PM Facial Moisturizing Lotion

Best for: oily but dehydrated skin

Contains ceramides and niacinamide

Helps prevent over-drying from acne treatments

💦 La Roche-Posay Toleriane Double Repair Matte Moisturizer

Best for: combination/oily sensitive skin

Lightweight barrier support

Best sunscreens for acne-prone skin

Look for:

“Non-comedogenic”

Oil-free

Lightweight gel or fluid textures

Good options:

EltaMD UV Clear SPF 46

La Roche-Posay Anthelios Clear Skin SPF 60

Beauty of Joseon Relief Sun Aqua-Fresh SPF 50

Best body acne products
🚿 PanOxyl Acne Foaming Wash (4% or 10% benzoyl peroxide)

Good for: chest/back acne

Helps reduce acne-causing bacteria

🚿 Naturium The Perfector Salicylic Acid Body Wash

Good for: body bumps and clogged pores

NBC News

Simple routine that works well

Morning

Gentle cleanser

Niacinamide serum (optional)

Lightweight moisturizer

SPF 30+

Night

Cleanser

Adapalene or salicylic acid treatment (don’t over-layer at first)

Lightweight moisturizer

Best value “starter kit”

Cleanser: CeraVe Acne Foaming Cream Cleanser

Treatment: Differin Gel

Moisturizer: CeraVe PM

Sunscreen: La Roche-Posay Anthelios Clear Skin

This combination covers oil control, acne prevention, hydration, and sun protection without requiring a large routine. 
NBC News

Sources used:
https://www.nbcnews.com/select/lifestyle/what-are-best-skin-care-products-acne-prone-skin-look-ncna1032911

https://www.nbcnews.com/select/shopping/best-salicylic-acid-products-acne-rcna343066

https://www.nbcnews.com/select/shopping/best-benzoyl-peroxide-products-rcna348501

https://www.byrdie.com/best-skincare-products-2026-12006311

https://www.realsimple.com/dermatologist-approved-skincare-july-2026-12014344"
Which  body care products are best for rough or bumpy skin?,"For rough, bumpy body skin (often called “chicken skin,” keratosis pilaris, or strawberry skin), the most effective products usually combine chemical exfoliants (to loosen dead skin buildup) with barrier-supporting moisturizers. Look for ingredients like lactic acid, salicylic acid, glycolic acid, urea, ceramides, and niacinamide. 
American Academy of Dermatology
+1

Best overall options
Product	Best for	Key ingredients
CeraVe SA Lotion for Rough & Bumpy Skin	Everyday smoothing, sensitive skin	Salicylic acid, lactic acid, ceramides, hyaluronic acid, niacinamide 
NBC News

AmLactin Daily / Rapid Relief Lotion	Very rough, thick, textured skin	Lactic acid (alpha hydroxy acid) 
Mayo Clinic

Gold Bond Rough & Bumpy Daily Skin Therapy Cream	Budget-friendly KP treatment	Salicylic acid, lactic acid, gluconolactone, shea butter 
NBC News

Eucerin Roughness Relief Cream	Dry, rough skin that needs hydration	Urea, ceramides, sunflower seed oil 
NBC News

First Aid Beauty KP Bump Eraser Body Scrub	Occasional exfoliation for stubborn bumps	AHA exfoliation (including glycolic/lactic acids) 
Allure

Naturium Glycolic Acid Exfoliating Body Wash	Body texture + dullness	Glycolic acid 
Byrdie
Best picks by concern

For arms with “chicken skin” bumps

🥇 CeraVe SA Lotion

🥈 AmLactin Daily Moisturizing Lotion

🥉 Gold Bond Rough & Bumpy

For strawberry legs / clogged follicles

CeraVe SA Lotion or a lactic acid lotion

Add gentle exfoliation 1–2 times weekly rather than harsh scrubbing. 
Mayo Clinic

For very dry, sandpaper-like skin

Eucerin Roughness Relief

AmLactin Rapid Relief

For sensitive skin

Start with CeraVe SA Lotion or Eucerin Roughness Relief.

Avoid aggressive scrubs; over-exfoliating can worsen irritation. 
American Academy of Dermatology

Simple routine that works well

Gentle body wash (avoid drying soaps)

Apply an exfoliating lotion after showering:

Lactic acid → smoother, softer texture

Salicylic acid → bumps/clogged follicles

Urea → rough, dry patches

Use daily or every other day depending on sensitivity. 
American Academy of Dermatology

Best value choice: CeraVe SA Lotion
Best “stronger treatment” choice: AmLactin
Best budget pick: Gold Bond Rough & Bumpy
Best for dry + rough skin: Eucerin Roughness Relief

Sources used:
https://www.nbcnews.com/select/shopping/best-keratosis-pilaris-treatments-ncna1303451

https://www.aad.org/public/diseases/a-z/keratosis-pilaris-self-care

https://www.mayoclinic.org/diseases-conditions/keratosis-pilaris/diagnosis-treatment/drc-20351152

https://www.allure.com/gallery/best-keratosis-pilaris-treatments-skin-care

https://www.byrdie.com/best-body-products-2026-12006315"
What are the best  beauty products for a simple everyday routine?,"A simple everyday beauty routine works best when it focuses on a few reliable products that make you look polished without a lot of steps. A good “5-minute routine” might look like this: 
NJ.com
+1

1. Clean, healthy skin base

Gentle cleanser

La Roche-Posay Toleriane Hydrating Gentle Cleanser — great for normal to dry or sensitive skin

CeraVe Hydrating Facial Cleanser — affordable everyday option

Moisturizer

Vanicream Moisturizing Cream — simple, fragrance-free, barrier-friendly

Neutrogena Hydro Boost Water Gel — lightweight option for a fresh feel

Daily sunscreen (non-negotiable)

La Roche-Posay Anthelios UVmune 400 Invisible Fluid SPF50+ — lightweight, high protection

Beauty of Joseon Relief Sun Aqua-Fresh Rice + B5 SPF50+ — comfortable under makeup

Dermatology guidance generally emphasizes that cleanser, moisturizer, and sunscreen are the core of an effective routine; extra steps are optional. 
Healthline
+1

2. Minimal makeup that makes a difference

Tinted base

Tower 28 SunnyDays SPF 30 Tinted Sunscreen — natural, skin-like coverage

Fenty Beauty Eaze Drop Blurring Skin Tint — easy everyday complexion product

Cream blush (fastest way to look awake)

Rare Beauty Soft Pinch Liquid Blush — long-lasting and highly pigmented

Merit Flush Balm Cream Blush — subtle “your skin but better” look

Mascara

Maybelline Lash Sensational Sky High Mascara — popular everyday lengthening option

Brows

Benefit Precisely, My Brow Pencil — natural definition

NYX The Brow Glue — quick hold without much effort

3. Easy finishing touches

Lip product

Clinique Almost Lipstick Black Honey — flattering sheer tint

Summer Fridays Lip Butter Balm — glossy hydrated look

Optional glow

Saie Glowy Super Gel — adds a natural-looking radiance

The simplest “buy only 6 products” routine

Gentle cleanser

Moisturizer

SPF 30+ sunscreen

Skin tint

Cream blush

Lip balm/tint

This gives the biggest visible payoff with the fewest steps. 
American Academy of Dermatology

Sources:
https://www.nj.com/shopping-deals/2026/01/im-a-skincare-expert-and-these-are-the-only-4-products-beginners-actually-need-in-2026.html

https://www.healthline.com/health/beauty-skincare/best-skin-care-products

https://www.aad.org/public/everyday-care/skin-care-basics/care/skin-care-budget"
Which affordable hair care products  are best for damaged hair?,"For damaged hair, the best affordable products usually focus on bond repair, moisture, protein support, and heat protection rather than just making hair feel smoother temporarily. These are some of the strongest budget-friendly options: 
Allure
+1

Product	Best for	Why it’s worth trying
L’Oréal Paris Elvive Total Repair 5 Shampoo & Conditioner	Everyday damage (dryness, breakage, split ends)	A budget repair line with strengthening ingredients; often recommended as a drugstore alternative for damaged hair. 
Allure

Aussie 3 Minute Miracle Moist Deep Conditioner	Dry, brittle hair	Affordable weekly mask that adds softness and slip, especially after heat styling or coloring. 
Allure
+1

Dove Bond Strength Shampoo & Conditioner	Weak, over-processed hair	Designed around bond-strengthening care and is widely available at drugstores. 
YouTube

L’Oréal Paris Elvive Dream Lengths No Haircut Cream	Long hair with split ends	Helps protect ends and reduce the appearance of damage between trims. 
Reddit

Garnier Fructis Hair Filler + Bonding Inner Fiber Repair Treatment	Breakage and rough texture	A lower-cost repair treatment option for hair that feels weakened.
TRESemmé Keratin Smooth Heat Protection Spray	Heat-damaged hair	Useful if you regularly blow-dry, straighten, or curl; preventing new damage is key.
SheaMoisture Manuka Honey & Mafura Oil Intensive Hydration Shampoo/Mask	Very dry, curly, or coarse hair	Rich hydration-focused formulas; a good pick when damage comes with dryness. 
NBC News

Eva NYC Therapy Session Hair Mask	Softness + moisture	A budget-friendly mask option for dull, stressed hair. 
Ulta Beauty
Simple affordable damaged-hair routine

Wash days

Gentle repairing shampoo (L’Oréal Elvive Total Repair 5 or Dove Bond Strength)

Conditioner focused on moisture

Deep mask once weekly (Aussie 3 Minute Miracle or SheaMoisture mask)

Before styling

Always use a heat protectant.

Add a small amount of leave-in cream or hair oil only on mid-lengths and ends.

Best budget “starter kit”

Shampoo: L’Oréal Elvive Total Repair 5

Mask: Aussie 3 Minute Miracle Moist

Leave-in: L’Oréal Dream Lengths No Haircut Cream

Heat protection: TRESemmé Keratin Smooth Heat Protectant

This combination is usually under the cost of a single salon repair treatment while covering the main causes of visible damage. 
Allure
+1

Sources:
https://www.ulta.com/discover/hair/best-hair-care-for-damaged-hair

https://www.allure.com/story/best-drugstore-hair-masks

https://www.allure.com/story/best-drugstore-shampoos

https://www.nbcnews.com/select/shopping/best-drugstore-shampoos-ncna1299320

https://www.reddit.com/r/Naturalhair/comments/1t4o7x0/affordableishdrugstore_hair_products/"
What are the best  products for frizzy or humidity-prone hair?,"For frizzy or humidity-prone hair, the best products usually do one of three things: seal the hair cuticle, create a humidity barrier, or add lightweight moisture without buildup. The right pick depends on your hair type (fine vs. thick, straight vs. curly), but these are strong options: 
Good Housekeeping
+1

Product	Best for	Why it works
Color Wow Dream Coat Supernatural Spray	Humidity-proof blowouts, straight/wavy hair	Creates a water-resistant coating that helps prevent moisture from causing puffiness and frizz. 
ELLE

John Frieda Frizz Ease Secret Weapon Touch-Up Crème	Budget-friendly smoothing	A lightweight finishing cream that helps tame flyaways and dry-looking ends. 
Good Housekeeping

Goldwell StyleSign Weightless Shine-Oil	Fine hair that gets greasy easily	Lightweight oil that smooths and adds shine without heavy residue; it performed strongly in humidity testing. 
Good Housekeeping

Kérastase Discipline Fluidissime Anti-Frizz Spray	Fine or easily weighed-down hair	A light spray option for frizz control without making hair stiff. 
Good Housekeeping

Olaplex No. 7 Bonding Oil	Damaged, bleached, heat-styled hair	Helps smooth, soften, and add shine while protecting against styling stress. 
Page Six

Ouai Anti-Frizz Crème	Medium-to-thick hair, waves	Helps smooth texture and reduce fluffy frizz without requiring a full styling routine. 
Reddit

Briogeo Farewell Frizz Rosarco Milk Leave-In Conditioning Spray	Dry, thirsty hair	Adds conditioning and slip to help prevent frizz from dryness. 
YouTube

John Frieda Frizz Ease Moisture Barrier Hairspray	Finishing and hold	Helps keep styles intact in humid weather without heavy buildup. 
Good Housekeeping
Best affordable routine

Moisturizing shampoo + conditioner

Look for formulas labeled smoothing, hydrating, or anti-frizz.

Leave-in conditioner on damp hair

Helps prevent the hair from absorbing excess moisture from humid air.

Humidity shield before blow-drying

Products like Color Wow Dream Coat work best when applied to wet hair and activated with heat. 
ELLE

Finish with a tiny amount of oil or cream

Focus on mid-lengths and ends, not roots.

Best picks by hair type

Fine hair: Goldwell Weightless Shine-Oil or Kérastase Fluidissime 
Good Housekeeping

Thick/coarse hair: Ouai Anti-Frizz Crème or Olaplex No. 7 
Reddit
+1

Curly/wavy hair: Briogeo Farewell Frizz, Ouai Anti-Frizz Crème, or a lightweight leave-in 
Reddit

Budget under ~$15–20: John Frieda Frizz Ease products are among the most reliable inexpensive options. 
Good Housekeeping

Sources used:
https://www.goodhousekeeping.com/beauty-products/g71537911/best-hair-products-for-frizz/

https://www.vogue.com/article/best-frizz-fighting-products

https://www.elle.com/beauty/hair/g65049032/best-frizzy-hair-product/

https://www.reddit.com/r/finehair/comments/1uvtxsq/antifrizz_product_recs/

https://www.reddit.com/r/Sephora/comments/1ua8g7p/hair_products_that_help_with_frizzhumidity_for/"
Which beauty essentials should I buy  before summer?,"Before summer, the best beauty buys are the ones that handle sun, heat, humidity, sweat, dryness, and low-effort routines. A good seasonal refresh doesn’t need to be huge—focus on these essentials: 
Allure
+1

☀️ Sun protection (highest priority)

Face sunscreen SPF 30–50+ (daily, lightweight, non-greasy)

La Roche-Posay Anthelios UVAir Sunscreen Serum SPF 50 — lightweight option for hot weather

CeraVe Hydrating Mineral Sunscreen — good if you prefer gentle formulas

Body sunscreen

Spray or lotion SPF 50 is easiest for shoulders, legs, and reapplication.

SPF lip balm

Prevents dry, sun-damaged lips.

💧 Lightweight summer skincare

Gel moisturizer

Swap heavy creams for a breathable hydrator.

Hydrating serum

Look for ingredients like hyaluronic acid, glycerin, or panthenol.

Gentle exfoliant

Helpful for clogged pores and rough summer texture (avoid overdoing it in strong sun).

✨ Easy summer makeup

Tinted sunscreen or skin tint

Gives coverage without feeling like foundation.

Ilia Super Serum Skin Tint SPF 50 is a popular multitasking style.

Cream blush/lip tint

One product for cheeks and lips.

Waterproof mascara

Useful for humidity, pool days, and vacations.

Setting spray

Helps makeup last through heat.

💇 Hair essentials for heat and humidity

Anti-frizz serum or lightweight hair oil

Helps with humidity-related puffiness.

Leave-in conditioner

Protects hair from sun, salt water, and chlorine.

Clarifying shampoo

Useful occasionally if sunscreen, sweat, or styling products build up.

Heat protectant

Especially if you blow-dry or use hot tools.

🧴 Body care upgrades

Exfoliating body lotion

Look for lactic acid or salicylic acid for rough bumps.

Light body lotion

Easier to use consistently than thick winter creams.

Self-tanner (optional)

Gives a glow without extra UV exposure.

👜 Summer bag essentials

SPF stick for quick reapplication

Blotting papers or powder for shine

Mini fragrance or body mist

Hair ties/clips

Hand cream

Cooling facial mist (optional)

If you only buy 5 things:

SPF 50 face sunscreen

SPF body sunscreen

Lightweight moisturizer

Leave-in conditioner or anti-frizz product

Cream blush/lip tint multitasker

Glamour
+1

Sources used:
https://www.glamour.com/gallery/best-summer-beauty-products-2026

https://www.allure.com/story/ulta-beauty-big-summer-sale-2026

https://www.cosmopolitan.com/style-beauty/beauty/a71096885/summer-suncreen-beauty-target/

https://people.com/the-top-9-products-for-your-summer-beauty-hit-list-12011666"
What are the best  beauty products for hot and humid weather?,"For hot and humid weather, the best beauty products are usually lightweight, sweat-resistant, humidity-proof, and easy to reapply. Look for gel textures, waterproof formulas, oil-control ingredients, and products that help prevent makeup from separating or hair from frizzing. 
Good Housekeeping
+1

☀️ Sunscreen (non-greasy, daily essential)

Beauty of Joseon Relief Sun SPF 50+ – lightweight, comfortable under makeup; popular for humid climates.

Supergoop! Unseen Sunscreen SPF 40 – silicone texture that helps blur pores and grip makeup. 
The Wall Street Journal

La Roche-Posay Anthelios UVMune / Ultra-Light Fluid SPF – thin, high-protection formulas that feel less heavy in heat.

Colorescience Brush-On Sunscreen Mineral Powder – convenient for SPF touch-ups when you’re outdoors. 
Marie Claire

💧 Lightweight skincare

Neutrogena Hydro Boost Water Gel – cooling gel moisturizer that avoids a heavy feeling.

Belif The True Cream Aqua Bomb – lightweight hydration option often favored for summer routines. 
The Wall Street Journal

CeraVe Hydrating Hyaluronic Acid Water Gel – good for hydration without a thick cream layer. 
The Times

💄 Makeup that survives heat

One/Size On ’Til Dawn Mattifying Waterproof Setting Spray – designed for long wear in heat and humidity. 
Marie Claire

Charlotte Tilbury Airbrush Flawless Setting Spray – helps extend makeup wear in sweaty conditions. 
Vogue

BareMinerals Complexion Rescue Tinted Moisturizer SPF 30 – lighter alternative to full foundation. 
Vogue

Anastasia Beverly Hills Loose Setting Powder – useful for reducing shine and locking makeup in place. 
Vogue

Tubing mascara (such as e.l.f. Lash XTNDR) – tends to resist smudging better than traditional mascara.

🌸 Cream/liquid color products (less cakey)

Rare Beauty Soft Pinch Liquid Blush – long-lasting pigment; a little goes a long way.

Merit Flush Balm – easy, lightweight cream blush option. 
The Wall Street Journal

Fenty Beauty Cheeks Out Cream Bronzer – natural-looking warmth without a heavy powder layer.

💇 Hair products for humidity and frizz

Color Wow Dream Coat Supernatural Spray – a popular humidity-fighting spray for smoother hair. 
ELLE

John Frieda Frizz Ease Secret Weapon Touch-Up Crème – affordable option for controlling flyaways. 
Good Housekeeping

Goldwell StyleSign Weightless Shine-Oil – lightweight shine and smoothing option. 
Good Housekeeping

Kérastase Elixir Ultime Hair Oil – helps smooth and add shine without a heavy finish. 
The Wall Street Journal

👜 Hot-weather beauty bag essentials

Blotting papers (for midday shine)

Setting spray mini size

SPF stick or powder sunscreen

Waterproof brow gel

Lip tint instead of heavy lipstick

Cooling facial mist (kept in a bag or fridge)

Simple “humidity-proof” routine

Gel moisturizer

Lightweight SPF

Tinted moisturizer or concealer only where needed

Cream blush/bronzer

Setting powder on oily areas

Strong setting spray

Anti-frizz hair spray before leaving home

Sources used:
https://www.goodhousekeeping.com/beauty-products/g71537911/best-hair-products-for-frizz/

https://www.vogue.com/article/best-frizz-fighting-products

https://www.marieclaire.com/beauty/makeup/best-makeup-for-hot-weather/

https://www.vogue.com/article/sweat-proof-makeup

https://www.nbcnews.com/select/shopping/best-spray-sunscreens-ncna1234056

https://www.elle.com/beauty/hair/g65049032/best-frizzy-hair-product/"
Which travel-friendly beauty products can I find ?,"For travel, the best beauty products are usually mini, multitasking, leak-resistant, and easy to apply without tools. Editors often prioritize products that can handle changing climates, long flights, and limited luggage space. 
ELLE
+1

Skincare essentials

La Roche-Posay Cicaplast Balm B5+ (mini) — soothing balm for dry patches, irritation, or post-sun skin. 
News.com.au

CeraVe Hydrating Cleanser (travel size) — gentle cleanser that won’t strip skin after flights or long days. 
Ulta Beauty

The Ordinary Squalane Cleanser — compact, removes sunscreen and makeup while leaving skin comfortable. 
John Lewis & Partners

Clinique Moisture Surge mini — lightweight hydration that works well in dry airplane cabins. 
Ulta Beauty

A travel-size SPF 30–50 sunscreen — essential for beach trips, city walking, and outdoor sightseeing. 
ELLE

Makeup that saves space

Rare Beauty Soft Pinch Liquid Blush mini — highly pigmented and takes up almost no room.

Merit Flush Balm — cream blush/lip product that works for quick “one-and-done” makeup looks. 
The Wall Street Journal

Tower 28 tinted sunscreen or concealer — useful for lightweight coverage and skin-friendly travel makeup. 
The Wall Street Journal

Charlotte Tilbury Airbrush Flawless Setting Spray (mini) — helps makeup last through heat and humidity. 
Reddit

Mini mascara + brow gel — two small products that make a big difference.

Haircare for travel

Ouai Leave-In Conditioner (travel size) — detangles, smooths frizz, and replaces multiple styling products.

Kérastase Elixir Ultime Hair Oil (mini) — adds shine and helps tame dry ends. 
The Wall Street Journal

Crown Affair hair towel — lightweight alternative to bulky hotel towels. 
The Wall Street Journal

Solid shampoo/conditioner bars — great for carry-on-only trips because they save liquid space. 
Reddit

Body & freshening products

Sol de Janeiro Brazilian Bum Bum Cream mini — compact body moisturizer with a vacation feel.

Necessaire The Body Wash mini — simple, elevated shower essential.

Native or Secret travel deodorant — easy to replace and TSA-friendly.

Hand cream + lip balm — two items you’ll use constantly while traveling.

Small travel tools worth packing

Foldable makeup brush set

Refillable perfume atomizer

Silicone travel bottles for favorite products

Micellar makeup remover wipes

A clear toiletry bag for quick security checks 
Ulta Beauty

A simple carry-on beauty kit:
SPF + moisturizer + cleanser + lip balm + cream blush + mascara + concealer + leave-in conditioner + hair oil + deodorant.

Sources used:
https://www.elle.com/beauty/makeup-skin-care/a70942976/best-travel-beauty-products-2026/

https://www.elle.com/beauty/makeup-skin-care/a70910226/best-travel-skin-care-products-2026/

https://www.elle.com/beauty/hair/a70941773/best-travel-hair-products-2026/

https://www.ulta.com/discover/lifestyle/best-travel-beauty-products

https://www.johnlewis.com/content/beauty-hair/best-travel-minis

https://www.reddit.com/r/Sephora/comments/1tam8x7/hawaii_soonbest_travel_size_essentials/"
What are the best  personal care items to pack for a weekend trip?,"For a weekend trip, the goal is a compact kit that covers hygiene, skincare, hair, and “just in case” needs without bringing your whole bathroom. Travel-size containers and mini versions help save space, and liquids/gels in carry-ons generally need to follow TSA size rules (3.4 oz / 100 mL per container). 
CVS
+1

Weekend Personal Care Packing List
Shower & Hygiene Essentials

Travel toothbrush + toothpaste

Floss or floss picks

Mini deodorant

Travel-size body wash (or bar soap)

Shampoo + conditioner minis (or a shampoo bar)

Razor + small shaving gel (if needed)

Body lotion

Hand sanitizer

Wet wipes

Cotton swabs/pads

Skincare Basics

Keep it simple:

Gentle face cleanser

Lightweight moisturizer

Sunscreen (especially SPF 30+ for outdoor trips)

Lip balm

Small serum only if it is part of your daily routine

Makeup remover or cleansing balm (if you wear makeup)

Travel skincare kits and mini products are popular because they simplify routines while fitting limited luggage space. 
Travel + Leisure
+1

Hair Care

Mini brush or comb

Hair ties/clips

Dry shampoo (especially for busy itineraries)

Leave-in conditioner or anti-frizz cream

Small styling product if you use one

Beauty Extras

Mini perfume or fragrance rollerball

Concealer

Mascara

Tinted moisturizer or skin tint

Multi-use cream blush/lip product

Compact mirror

“Always Useful” Extras

Nail file or clippers

Tweezers

Small first-aid items (bandages, pain reliever, allergy medicine if you use them)

Period products if needed

Contact lenses + solution if applicable

Stain-removal wipes

Smart Packing Tips

Put liquids in reusable leakproof bottles instead of bringing full sizes. 
Condé Nast Traveler

Build a permanent “weekend toiletry bag” with duplicates of essentials so you do not forget basics.

Skip products you can easily get at your hotel (like basic shampoo/body wash) if space is tight. 
Travel + Leisure

Choose multi-use products: tinted SPF, lip-and-cheek color, cleansing balm, and leave-in conditioner can replace multiple items.

A streamlined weekend kit can usually fit in a small toiletry pouch:
toothbrush + toothpaste + deodorant + cleanser + moisturizer + SPF + hair product + a few makeup basics + medications.

Sources:
https://www.cvs.com/learn/wellness/general-wellness/travel-size-toiletries

https://www.cntraveler.com/story/reusable-bottles-mini-toiletries

https://www.travelandleisure.com/style/beauty/best-travel-size-skincare-kits

https://www.marieclaire.com/beauty/best-travel-sized-skincare/"
Which  beauty products are good for a low-maintenance vacation routine?,"For a low-maintenance vacation routine, focus on multi-use, travel-size products that protect, hydrate, and make you look polished quickly. Travel beauty editors often prioritize products that save space and handle heat, humidity, and long days out. 
ELLE
+1

Skin essentials (5 minutes or less)

Gentle cleanser: A simple cleanser that removes sunscreen, sweat, and makeup without drying skin.

Good options: The Ordinary Squalane Cleanser, Bioderma Sensibio H2O Micellar Water 
Marie Claire
+1

Lightweight moisturizer: Choose one that works morning and night.

Good options: La Roche-Posay Cicaplast Balm B5+, CeraVe Hydrating Gel-Cream 
News.com.au
+1

Face sunscreen: The one product you shouldn’t skip on vacation.

Look for SPF 30+ with a comfortable finish so you’ll actually reapply. 
ELLE

Good options: La Roche-Posay Anthelios UVMune 400 Invisible Fluid SPF50+, Supergoop! Unseen Sunscreen SPF 40

Easy makeup (5-minute face)

Tinted moisturizer or skin tint instead of foundation

Cream blush stick (doubles as lip color)

Waterproof mascara

Brow gel

Lip balm with SPF

Great vacation-friendly multitaskers:

Rare Beauty Soft Pinch Liquid Blush

e.l.f. Halo Glow Liquid Filter

Clinique Almost Lipstick Black Honey

Hair products that require minimal effort

Leave-in conditioner spray: Helps with salt water, chlorine, and frizz.

Hair oil or serum: Smooths ends and makes air-dried hair look intentional.

Dry shampoo: Useful for extending wash days.

Travel hair picks often emphasize compact, reliable formulas that work across changing climates. 
ELLE

Body care shortcuts

Body lotion with SPF for daytime

After-sun moisturizer or soothing lotion

Multipurpose body oil for legs, cuticles, and a quick glow

The “bare minimum” vacation kit

If you want to pack almost nothing:

SPF

Cleanser/micellar water

Moisturizer

Cream blush + lip tint

Mascara

Leave-in hair product

Deodorant

Fragrance mini or body mist

The best vacation routine is usually the one where every product earns its space: fewer steps, more multipurpose products, and formulas that can handle sun, sweat, and unpredictable weather. 
ELLE
+1

Sources used:
https://www.elle.com/beauty/makeup-skin-care/a70942976/best-travel-beauty-products-2026/

https://www.elle.com/beauty/makeup-skin-care/a70910226/best-travel-skin-care-products-2026/

https://www.marieclaire.com/beauty/best-travel-sized-skincare/

https://www.elle.com/beauty/hair/a70941773/best-travel-hair-products-2026/

https://www.johnlewis.com/content/beauty-hair/best-travel-minis"
What are the top beauty upgrades worth making  this year?,"The beauty upgrades most worth making this year are the ones that improve your routine every day rather than adding more products. The biggest wins are usually better tools, smarter actives, and simplifying what you already use.

1. Upgrade your sunscreen (highest-return swap)

A great sunscreen is one of the most noticeable long-term beauty investments.

Look for:

Broad-spectrum SPF 30–50

Lightweight texture you’ll actually reapply

No pilling under makeup

Worth upgrading if: you’re still using a thick, chalky, or irritating SPF.

2. Add a proven “skin-renewal” active

Instead of buying many serums, choose one targeted ingredient:

Retinoid/retinol: fine lines, texture, uneven tone

Vitamin C: brightness and antioxidant protection

Niacinamide: oil control, redness, barrier support

Examples of retinol upgrades include:

Murad Retinol Youth Renewal Serum — a popular multi-retinol option

First Aid Beauty Ultra Repair Retinol Serum — designed with sensitive skin in mind

FARMACY 1% Vitamin A Retinol Serum — a stronger treatment option

3. Invest in one premium beauty tool

A good tool can replace repeated salon treatments.

Most talked-about upgrades:

LED face mask

Best for: people who enjoy consistent routines and want a high-tech skincare step.

Options include:

Dr. Dennis Gross Skincare DRx SpectraLite FaceWare Pro — a popular FDA-cleared LED option

Therabody TheraFace Mask Glo — combines LED treatments with additional features

Shark CryoGlow Red Blue & Infrared iQLED Face Mask — adds cooling functionality

Worth it if: you’ll realistically use it several times a week. Skip it if it will sit in a drawer.

4. Upgrade your hair routine with one “hero” product

Instead of replacing everything, add one treatment:

Bond repair for damaged, bleached, heat-styled hair

Leave-in conditioner for softness and frizz control

Scalp treatment if your roots need attention

A good hair upgrade often gives a faster visible payoff than adding more skincare.

5. Replace old makeup basics

Small swaps can create a bigger “polished” effect:

Upgrade:

Foundation → skin tint or complexion product that matches your skin better

Powder → finely milled setting powder

Mascara → one that fits your lash goal (length vs volume)

Blush → cream formulas for a fresher finish

6. Improve your body-care routine

Often overlooked upgrades:

A chemical exfoliant lotion for rough texture

A richer body moisturizer

A fragrance layering routine (body wash + lotion + perfume)

Good body care can make a bigger difference in overall “expensive” appearance than adding another face product.

7. Make your routine more personalized

The biggest upgrade in 2026 is moving away from “more products” toward fewer, better-chosen products:

Simple upgraded routine:

Gentle cleanser

Antioxidant serum (morning)

SPF

Retinoid (night)

Barrier moisturizer

One targeted treatment/tool

Best value upgrades ranked:

Better sunscreen

Retinol/retinoid

Hair repair treatment

Quality moisturizer

Beauty tool (if you’ll use it consistently)

Luxury makeup splurge

Allure

Sources used:
https://www.allure.com/story/2026-readers-choice-winner-product-reviews

https://www.ulta.com/p/retinol-youth-renewal-serum-xlsImpprod14591005

https://www.ulta.com/p/ultra-repair-retinol-serum-pimprod2057171

https://www.ulta.com/p/farmacy-1-vitamin-a-retinol-serum-pimprod2051802

https://www.sephora.com/product/spectralite-faceware-pro-P435378

https://www.target.com/p/therabody-theraface-mask-glo/-/A-94674607

https://www.ulta.com/p/cryoglow-red-blue-infrared-iqled-face-mask-under-eye-cooling-pimprod2050546"
Which hidden-gem beauty products should I look for ?,"Hidden gems are often the products that have strong formulas but never become the “viral” item everyone talks about. Here are some worth looking for across skincare, hair, makeup, and body care. 
Good Housekeeping
+1

Skincare sleepers

Haruharu Wonder Black Rice Probiotics Essence — lightweight hydration and a good pick if you like K-beauty textures without a complicated routine. 
Byrdie

Aestura AtoBarrier 365 Cream — barrier-supporting moisturizer that’s especially appealing if your skin gets dry, irritated, or over-exfoliated. 
Byrdie

Pyunkang Yul Essence Toner — minimalist, soothing hydration that has a loyal following among K-beauty fans. 
Reddit

Mary & May Peptide Serum — an affordable peptide option often mentioned by K-beauty enthusiasts looking for simple anti-aging support. 
Reddit

Good Molecules products — budget-friendly formulas that are frequently praised as alternatives to pricier skincare. 
Reddit

Haircare gems

Mise en Scène Perfect Serum — a popular-but-under-the-radar Asian hair serum for smoother, shinier hair. 
Reddit

Rizos Curls Multi-Benefit Leave-In — useful for curls/waves needing moisture and definition. 
Byrdie

Scalp serums with niacinamide, peptides, or antioxidants — this category is gaining attention because brands are treating scalp care more like skincare. 
Good Housekeeping

Makeup finds that deserve more attention

Wet n Wild Incognito Concealer — inexpensive concealer praised by many users for natural coverage and a non-cakey finish. 
Reddit

Milani Baked Blush — a budget blush that consistently gets attention for a flattering finish. 
Byrdie

NYX Lip Liner Stain — a practical option if you want longer-lasting lip definition without luxury pricing. 
Byrdie

Body-care discoveries

Embryolisse Lait-Crème Concentré — a French pharmacy classic that works as a moisturizer/primer-style multitasker. 
News.com.au

La Roche-Posay Cicaplast Balm B5+ — a versatile soothing balm for dry or stressed skin areas. 
News.com.au

Nuxe Huile Prodigieuse Dry Oil — a lightweight body oil option if you like scented, polished skin. 
News.com.au

“Beauty insider” categories to hunt for

K-beauty barrier repair products (ceramides, fermented ingredients, panthenol) 
Good Housekeeping

Scalp-focused haircare rather than only strand repair 
Good Housekeeping

Affordable luxury textures — products that feel expensive but cost under ~$35 
Byrdie

Pharmacy beauty staples from France, Korea, and Japan 
News.com.au
+1

Sources used:
https://www.goodhousekeeping.com/beauty-products/a70739777/beauty-awards-2026/

https://www.byrdie.com/best-under-35-beauty-products-2026-12006322

https://www.goodhousekeeping.com/beauty-products/a70987601/beauty-awards-2026-trends/

https://www.reddit.com/r/AsianBeauty/comments/1tqwu9i/what_are_your_hidden_gem_skincare_brands_that/

https://www.reddit.com/r/beauty/comments/1knjpwl

https://www.news.com.au/checkout/sales-and-deals/sales-and-deals-of-the-week/french-beauty-co-2026-sale/news-story/deca223435d73b7182838673e7de4051"
What are the best new-to-me beauty products to discover  in 2026?,"If you want new-to-you beauty discoveries in 2026, I’d look beyond the obvious viral launches and try products that introduce a new texture, category, or routine upgrade. Current beauty trends are leaning toward barrier-friendly skincare, multitasking makeup, scalp care, K-beauty innovation, and “skinification” of everything. 
Vogue
+1

✨ Skincare discoveries

1. PDRN skincare (repair + glow)

Try: Mixsoon PDRN Collagen Cream

Why discover it: PDRN formulas are gaining popularity for hydration, plumping, and “glass skin” routines. 
Vogue

Best for: dull, dehydrated, tired-looking skin

2. Bakuchiol instead of traditional retinol

Try: Neogen Real Bakuchiol Firming Serum

Why discover it: A gentler retinol alternative that fits sensitive-skin routines. 
Vogue

Best for: people who want smoothing without heavy irritation

3. Barrier-repair mist instead of another cream

Try: UBeauty The Barrier Bioactive Mist

Why discover it: Lightweight barrier support is becoming a major skincare direction. 
Parade

Best for: dry, stressed, over-exfoliated skin

💄 Makeup discoveries

4. Cream bronzer sticks or pocket-sized bronzers

Try: Hailey Bieber’s Pocket Bronze

Why discover it: Easy, buildable complexion products are replacing complicated contour routines. 
People.com

Best for: quick everyday makeup

5. Skin-like cream blush

Try: e.l.f. Soft Glam Cream Blush

Why discover it: Makeup that looks like skin—not makeup—is still dominating. 
Parade

Best for: natural “healthy flush” looks

6. Glass-finish lip products

Try: Dior Addict Glass Lipstick

Why discover it: Glossy, hydrating lip colors are having a strong comeback. 
NewBeauty

💇 Haircare discoveries

7. Scalp treatments

Try: Dr. Groot Miracle in Shower Moisturizing Treatment

Why discover it: Scalp care is becoming the “skincare for your hair” category. 
Vogue

Best for: dry scalp, flat hair, buildup issues

8. Curl-focused repair systems

Try: Olaplex No. 4 Curl Hydrating Curl Shampoo + Conditioner

Why discover it: Curl care is getting more specialized rather than one-size-fits-all. 
Parade

🌸 Fragrance discoveries

9. Unexpected gourmand scents

Try: banana, pistachio, or creamy dessert-inspired fragrances

Why discover it: Playful gourmand perfumes are expanding beyond vanilla. 
People.com

Good brands to explore:

Le Monde Gourmand

Nette

Athena Club 
People.com

🛍️ Underrated “try something different” picks

VT Cosmetics Cica Reedle Shot 100 — a microneedle-inspired K-beauty serum experience 
Vogue

COSRX Blue Peptide Bakuchiol Plump Glow Serum — peptide-focused glow serum 
Parade

First Aid Beauty KP Bump Eraser Body Scrub 10% AHA — excellent if you have rough, bumpy body skin 
Reddit

Refillable body oils like Brunel Pearl Glow Body Oil — a fun body-care upgrade for summer glow 
People.com

My “discovery basket” for 2026:

A PDRN or peptide serum

A scalp treatment

A cream blush you can apply without a mirror

A new gourmand fragrance

A body exfoliant for smoother skin

A K-beauty product you’ve never tried before

Sources used:
https://www.vogue.com/article/k-beauty-trends-2026

https://www.allure.com/story/skin-care-trends-2026

https://www.goodhousekeeping.com/beauty-products/a71296011/best-new-beauty-products-may-2026/

https://www.goodhousekeeping.com/beauty-products/a71667825/best-new-beauty-products-june-2026/

https://www.newbeauty.com/view/best-new-beauty-products-may-2026

https://parade.com/beauty/best-new-beauty-product-launches-2026

https://people.com/the-top-9-products-for-your-summer-beauty-hit-list-12011666"
Which  beauty products give the best results for the lowest price?,"The best “results per dollar” beauty products are usually the ones with proven active ingredients, multipurpose use, and low price-per-application. These are some of the strongest budget performers:

Product	Approx. price	Best for	Why it’s a great value
The Ordinary Niacinamide 10% + Zinc 1%	~$6	Oily skin, visible pores, uneven texture	One of the cheapest targeted serums for controlling shine and improving the look of texture.
The Ordinary Natural Moisturizing Factors + HA	~$12	Everyday hydration	Simple barrier-supporting moisturizer without luxury-brand markup.
CeraVe Hydrating Facial Cleanser	~$12	Dry/normal skin	Gentle cleanser with ceramides and hyaluronic acid that performs like many pricier options.
CeraVe Foaming Facial Cleanser	~$14	Oily/combination skin	Good daily cleanser if you need oil removal without a harsh feel.
e.l.f. Power Grip Primer	~$10–11	Makeup longevity	A low-cost way to make foundation and concealer wear longer.
e.l.f. Hydrating Camo Concealer	~$7–8	Dark circles, blemishes	High coverage and performance at a fraction of many prestige concealers.
Maybelline Instant Age Rewind Eraser Dark Circle Treatment Concealer	~$13	Under-eyes	A consistently popular drugstore concealer with strong coverage-to-price value.
Maybelline Fit Me Matte + Poreless Liquid Foundation	~$9–12	Oily/normal skin makeup	Affordable foundation with a lightweight finish.
Best “starter basket” under ~$50

Cleanser: CeraVe Hydrating or Foaming Cleanser (~$12–14)

Treatment: The Ordinary Niacinamide (~$6)

Moisturizer: The Ordinary NMF + HA (~$12)

Makeup upgrade: e.l.f. Power Grip Primer (~$10)

Concealer: e.l.f. Hydrating Camo (~$8)

Biggest beauty bargains by category

Glow/skin texture: The Ordinary Niacinamide

Dry skin rescue: CeraVe Hydrating Cleanser + The Ordinary moisturizer

Best makeup “cheat code”: e.l.f. Power Grip Primer

Best complexion upgrade: e.l.f. or Maybelline concealers

Best place to save money: cleansers, moisturizers, and many makeup basics—expensive versions often don’t outperform good drugstore formulas.

Sources used:
https://www.ulta.com/p/instant-age-rewind-eraser-dark-circle-treatment-concealer-xlsImpprod3490149

https://www.target.com/p/the-ordinary-niacinamide-10-zinc-1-1-fl-oz-ulta-beauty/-/A-82541253

https://www.target.com/p/the-ordinary-natural-moisturizing-factors-ha-3-3-fl-oz-ulta-beauty/-/A-82550370

https://www.walmart.com/ip/CeraVe-Hydrating-Facial-Cleanser-Face-Wash-with-Hyaluronic-Acid-for-Normal-to-Dry-Skin-8-fl-oz/264449278

https://www.target.com/p/cerave-foaming-face-wash-with-hyaluronic-acid-and-niacinamide-for-oily-skin-12-fl-oz/-/A-14694910

https://www.ulta.com/p/power-grip-primer-pimprod2030073

https://www.ulta.com/p/hydrating-camo-concealer-pimprod2013395

https://www.walmart.com/ip/Maybelline-New-York-Fit-Me-Matte-Poreless-Foundation-1-fl-oz/47878564"
What are the best everyday makeup products available ?,"For an everyday makeup routine, the best products are usually easy to apply, comfortable for long wear, and give a natural “better skin” finish rather than looking heavy. These are standout picks across budgets that consistently perform well. 
Cosmopolitan
+1

Category	Product	Why it’s good for everyday use
Skin tint / light base	Fenty Beauty Eaze Drop Blurring Skin Tint	Sheer-to-medium coverage, smooths uneven tone, quick application
Budget skin tint	L'Oréal Paris True Match Nude Hyaluronic Tinted Serum	Lightweight, natural finish, good for “your skin but better” days
Concealer	NARS Radiant Creamy Concealer	Brightens under-eyes and covers spots without looking cakey
Budget concealer	Maybelline Instant Age Rewind Eraser Concealer	Affordable cult favorite with easy blending
Cream blush	Merit Flush Balm Cream Blush	Gives a fast, natural flush with minimal effort 
The Wall Street Journal

Budget blush	e.l.f. Camo Liquid Blush	Pigmented, inexpensive, and long-lasting
Mascara	Maybelline Lash Sensational Sky High Mascara	Lengthens and lifts lashes; frequently praised as a drugstore standout 
Allure

Brows	Rare Beauty Brow Harmony Flexible Lifting Gel	Adds shape and hold without stiffness 
Who What Wear

Setting powder	Charlotte Tilbury Airbrush Flawless Finish Setting Powder	Blurs shine while keeping skin polished
Setting spray	Charlotte Tilbury Airbrush Flawless Setting Spray	Helps makeup last longer and keeps a fresh finish 
Who What Wear

Lip product	Clinique Almost Lipstick in Black Honey	Easy sheer color that works for many everyday looks 
The Wall Street Journal

Gloss/lip oil	Dior Addict Lip Glow Oil	Hydrating shine with a subtle tint 
Allure
Best simple everyday routine (5–7 minutes)

Tinted moisturizer/skin tint → even out skin

Concealer → under eyes + blemishes

Cream blush → cheeks (and optionally lips)

Brow gel → polished brows instantly

Mascara → open up the eyes

Lip tint/gloss → finished look

Setting spray → optional for longer wear

Best value “starter kit”

e.l.f. Camo Liquid Blush

Maybelline Instant Age Rewind Concealer

Maybelline Sky High Mascara

L’Oréal True Match Nude Tinted Serum

Clinique Almost Lipstick Black Honey

This gives a complete everyday face without needing a large collection. Drugstore options have become especially strong, with several reviewers noting that affordable formulas can compete with higher-end products. 
The Independent
+1

Sources:
https://www.cosmopolitan.com/style-beauty/beauty/a70940419/holy-grail-beauty-awards-makeup-2026/

https://www.whowhatwear.com/beauty/best-makeup-2026

https://www.allure.com/story/2026-readers-choice-winner-product-reviews

https://www.the-independent.com/extras/indybest/us/best-drugstore-makeup-b2992227.html

https://www.wsj.com/buyside/shopping-holidays/deals-sales/sephora-savings-event-deals-2026"
"Which  beauty finds are best for creating a natural, no-makeup look?","For a natural “no-makeup makeup” look, the best finds are products that subtly improve skin, add warmth, and enhance features without looking layered. The biggest trend is toward lightweight skin tints, cream textures, and “your skin but better” finishes. 
Allure
+1

Skin (the most important step)

1. Lightweight skin tint

Kylie Cosmetics Skin Tint Blurring Elixir — blurs pores while keeping a skin-like finish. 
Allure

Wyn Beauty Featuring You Hydrating Skin Enhancing Tint SPF 30 — a good multitasker if you want light coverage plus SPF. 
Allure

LYS Beauty Triple Fix Blurring Skin Tint Foundation Stick — convenient for targeted evening-out. 
Allure

2. Spot concealer (instead of foundation)

Use only under eyes, around redness, or on blemishes.

Look for a flexible, hydrating formula that melts into skin rather than a high-coverage matte concealer.

Cheeks (the “healthy glow” trick)

3. Cream blush

Rare Beauty Soft Pinch Matte Bouncy Blush — buildable and easy to sheer out. 
Allure

MAC Strobe Beam Liquid Blush — gives a fresh, luminous finish. 
Allure

Best shades for a natural flush:

soft peach

dusty rose

muted berry

warm nude

Brows

4. Tinted brow gel

Adds shape without the drawn-on look.

Choose a shade close to your natural brow color, not darker.

Eyes

5. Lash-enhancing mascara

Pick a lengthening or tubing mascara rather than a dramatic volumizing one.

For an even more minimal look, skip mascara and focus on curled lashes; minimalist “ghost lash” looks have also been trending. 
Cosmopolitan

Lips

6. Your-lips-but-better products

Tinted lip balm

Sheer gloss

Rosy nude lip oils

Good everyday styles:

pink-brown

peach nude

berry balm

Glow boosters

7. Subtle illuminator

A cream highlight on cheekbones, nose bridge, or inner corners gives a “lit from within” effect.

Avoid chunky glitter; natural looks rely on skin-like sheen.

A simple 5-minute routine

Moisturizer + SPF

Skin tint

Tiny amount of concealer

Cream blush

Brow gel

Curl lashes + mascara (optional)

Tinted balm

Best overall “natural look” starter kit:

Skin tint: Kylie Cosmetics Skin Tint Blurring Elixir or Wyn Beauty Tint SPF 30 
Allure

Blush: Rare Beauty Soft Pinch or MAC Strobe Beam 
Allure

Brows: tinted brow gel

Lips: tinted balm

Finish: dewy SPF + minimal powder only where needed

Sources used:
https://www.allure.com/gallery/best-skin-tints

https://www.allure.com/story/best-of-beauty-base-makeup-product-winners-2025

https://www.allure.com/best-of-beauty-2025-winners/base

https://people.com/zendaya-prada-beauty-the-odyssey-premiere-july-2026-12002952

https://www.cosmopolitan.com/style-beauty/beauty/a71943866/zendayas-ghost-lashes/"
What are the best long-lasting beauty products to buy ?,"For beauty products that are long-lasting, focus on formulas that resist fading, transfer, sweat, and frequent reapplication. These are some of the strongest-performing picks across makeup, skincare, hair, and body care. 
NBC News
+1

💄 Long-Lasting Makeup
Estée Lauder Double Wear Stay-in-Place Foundation

Best for: long days, events, oily/combination skin

Known for: high staying power, transfer resistance, heat-friendly wear 
Estée Lauder

L’Oréal Paris Infallible Fresh Wear Foundation

Best budget long-wear foundation

Lightweight feel with strong wear time 
Who What Wear

Rare Beauty Soft Pinch Liquid Blush

Best long-lasting blush

Extremely pigmented, so a tiny amount lasts a long time (and the product itself lasts months). 
NBC News

Urban Decay All Nighter Setting Spray

Best for locking makeup in place

A classic choice for extending makeup wear during long events.

Maybelline SuperStay Matte Ink Lip Color

Best long-wear lip product

Designed for minimal touch-ups through eating and drinking.

One/Size On ’Til Dawn Setting Spray

Best for hot weather or nights out

Strong hold for makeup longevity.

👁️ Long-Lasting Eye Products
Stila Stay All Day Waterproof Liquid Eyeliner

Sharp application

Resists smudging and fading.

Kiss Me Heroine Make Long & Curl Mascara

Great for humidity and all-day curl retention.

NYX Epic Ink Liner

Affordable alternative with strong staying power.

🧴 Long-Lasting Skincare & Body Care
La Roche-Posay Cicaplast Balm B5+

Best multipurpose barrier balm

Thick, protective formula that lasts well through the day. 
News.com.au

Tatcha The Dewy Skin Cream

Best luxury moisturizer if you want a small amount to go far. 
The Wall Street Journal

CeraVe Moisturizing Cream

Best value moisturizer

Large container, reliable hydration, good for face and body.

💇 Long-Lasting Hair Products
Kérastase Elixir Ultime Hair Oil

Best premium hair oil

A few drops can smooth frizz and add shine for hours. 
The Wall Street Journal

Color Wow Dream Coat Supernatural Spray

Best for humidity resistance

Helps keep hair smoother in damp weather.

Olaplex No.3 Hair Perfector

Best for damaged hair maintenance

A bottle lasts through many treatments.

🌸 Long-Lasting Fragrance
Glossier You Eau de Parfum

Best everyday scent

A little goes a long way and is easy to wear daily. 
NBC News

Maison Margiela Replica fragrances

Best for distinctive scents with strong presence.

🏆 Best “Buy Once, Use Forever” Beauty Picks
Category	Pick
Foundation	Estée Lauder Double Wear
Blush	Rare Beauty Soft Pinch Liquid Blush
Setting Spray	Urban Decay All Nighter
Lip Color	Maybelline SuperStay Matte Ink
Moisturizer	CeraVe Moisturizing Cream
Hair Oil	Kérastase Elixir Ultime
Fragrance	Glossier You

These are especially good investments if you prefer a smaller collection of products that perform consistently rather than constantly replacing trendy items. 
NBC News

Sources used:
https://www.nbcnews.com/select/shopping/best-long-lasting-beauty-rcna266025

https://www.esteelauder.com/blog-article-long-lasting-makeup-tips-products

https://www.whowhatwear.com/beauty/makeup/best-drugstore-foundation-products

https://www.allure.com/story/best-clinical-strength-deodorants

https://www.news.com.au/checkout/sales-and-deals/sales-and-deals-of-the-week/french-beauty-co-2026-sale/news-story/deca223435d73b7182838673e7de4051"
Which personal care products  are best for sensitive or easily irritated skin?,"For sensitive or easily irritated skin, the best personal care products are usually fragrance-free, barrier-supporting, and minimal in ingredients. Look for ingredients like ceramides, glycerin, hyaluronic acid, niacinamide, and colloidal oatmeal, and avoid heavy fragrance, essential oils, harsh scrubs, and strong exfoliating acids. 
CeraVe

Best sensitive-skin personal care picks
Product	Best for	Why it’s a good choice
Vanicream Gentle Facial Cleanser	Face cleansing	Very simple formula, fragrance-free, good for reactive skin
CeraVe Hydrating Facial Cleanser	Dry/sensitive skin	Ceramides + hyaluronic acid help support the skin barrier
La Roche-Posay Toleriane Hydrating Gentle Cleanser	Redness-prone skin	Mild cleanser designed for sensitive skin
Vanicream Daily Facial Moisturizer	Extremely reactive skin	Minimal formula and fragrance-free; often recommended for sensitive users
La Roche-Posay Toleriane Double Repair Moisturizer	Damaged skin barrier	Contains barrier-supporting ingredients like ceramides and niacinamide
CeraVe Moisturizing Cream	Face + body dryness	Thick, affordable moisturizer with ceramides
Aveeno Calm + Restore Oat Gel Moisturizer	Irritated or easily flushed skin	Oat-based soothing hydration
First Aid Beauty Ultra Repair Cream	Very dry skin	Colloidal oatmeal helps calm dryness and discomfort
La Roche-Posay Anthelios Mineral SPF 50	Sensitive sunscreen needs	Mineral filters are often better tolerated by reactive skin
CeraVe Hydrating Mineral Sunscreen SPF 30	Budget sunscreen	Gentle mineral protection with barrier-friendly ingredients
Best body-care options

Dove Sensitive Skin Beauty Bar (unscented) — gentle everyday body cleansing option.

Vanicream Moisturizing Cream — good for very dry, eczema-prone-feeling skin.

Eucerin Advanced Repair Lotion — helpful when skin feels rough or tight.

Aquaphor Healing Ointment — useful for cracked areas, lips, and irritated patches.

Best “simple routine” for easily irritated skin

Morning

Gentle cleanser (or just water if cleansing causes irritation)

Barrier moisturizer

Mineral sunscreen

Night

Gentle cleanser

Moisturizer

Optional: thin layer of petrolatum ointment on very dry spots

Ingredients to be cautious with

Added fragrance/parfum

Essential oils

Physical scrubs

Alcohol-heavy toners

Too many active ingredients at once (retinoids, acids, strong vitamin C)

Patch-testing new products is especially helpful for reactive skin. 
Ulta Beauty

Sources used:
https://www.newbeauty.com/view/fragrance-free-skincare-products

https://www.ulta.com/discover/skin/best-skin-care-for-sensitive-skin

https://www.cerave.com/skin-smarts/skin-concerns/sensitive-skin/what-to-look-for-in-sensitive-skin-products"
What are the best  body care products for keeping skin hydrated all day?,"For skin that stays hydrated from morning to night, look for body care products with ceramides, glycerin, hyaluronic acid, shea butter, squalane, or urea. These ingredients help attract water and strengthen the skin barrier so moisture lasts longer. 
Good Housekeeping
+1

Best all-day hydrating body care picks
Product	Best for	Why it stands out
CeraVe Moisturizing Cream	Very dry or normal-to-dry skin	Ceramides + hyaluronic acid help replenish and lock in moisture; a reliable daily barrier-support option. 
NBC News

La Roche-Posay Lipikar AP+M Triple Repair Moisturizer	Dry, sensitive, easily irritated skin	Rich barrier-supporting cream designed for long-lasting comfort without a heavy feel. 
NBC News
+1

Eucerin Advanced Repair Body Lotion	Extremely dry, rough skin	Uses moisturizing ingredients like urea to smooth rough texture while improving hydration. 
NBC News
+1

Vaseline Intensive Care Advanced Repair Lotion	Best budget everyday option	Glycerin and occlusive ingredients help reduce moisture loss; a strong affordable choice for daily use. 
Good Housekeeping

Curél Ultra Healing Intensive Lotion	Dry skin that needs extra softness	Contains ceramides and glycerin; tested well for improving hydration and smoothness. 
Good Housekeeping

CeraVe Intensive Moisturizing Lotion	Fragrance-free hydration	Good choice if you want a richer moisturizer without perfume; designed for very dry skin. 
Good Housekeeping

Nivea Breathable Nourishing Body Lotion	Lightweight hydration	A fast-absorbing option for people who dislike thick creams but still want softness. 
Good Housekeeping
Best routine for all-day softness

Shower with lukewarm water (hot water can worsen dryness).

Apply lotion within a few minutes after drying, while skin is slightly damp, to trap moisture. 
The Guardian

Use a thicker cream at night on areas that get dry (legs, elbows, knees, hands).

For extra dry spots, layer a thin coat of petrolatum-based balm over lotion to seal hydration.

Quick picks by need

Best overall: CeraVe Moisturizing Cream 
NBC News

Best affordable: Vaseline Intensive Care Advanced Repair Lotion 
Good Housekeeping

Best for sensitive skin: La Roche-Posay Lipikar AP+M or CeraVe fragrance-free options 
NBC News
+1

Best for very rough skin: Eucerin Advanced Repair 
NBC News

Best lightweight daily lotion: CeraVe Daily Moisturizing Lotion or Nivea Breathable Nourishing Body Lotion 
Good Housekeeping

Sources:
https://www.goodhousekeeping.com/beauty-products/g26290428/best-body-lotions/

https://www.nbcnews.com/select/shopping/best-body-lotions-rcna235267

https://www.allure.com/story/best-body-moisturizers-for-winter

https://www.theguardian.com/thefilter-us/2026/feb/18/winter-skincare-dermatologists"
Which  beauty products are worth buying in bulk or repurchasing regularly?,"Beauty products are usually worth buying in bulk when they are consumed quickly, have stable formulas, and are reliable staples rather than trend-driven purchases. Current beauty trends also continue to favor simplified routines with proven ingredients like retinoids, vitamin C, peptides, moisturizers, and SPF. 
Allure
+1

Best beauty products to buy in bulk or repurchase regularly
Category	Good bulk-buy candidates	Why they’re worth it
Sunscreen	Facial SPF 30–50, body sunscreen	Daily use means you go through it quickly; consistent SPF use is one of the highest-value beauty habits. 
Glamour

Moisturizer	Face moisturizer, body lotion, body cream	A dependable hydration product is easy to finish and usually safe to repurchase once it works for your skin. 
Vogue

Gentle cleanser	Face wash, cleansing balm, micellar water	Everyday essential with predictable use; less risky to stock up on.
Body wash	Large bottles, refill sizes	High-consumption item where larger sizes often make sense. 
The Zoe Report

Shampoo & conditioner	Salon-size bottles of your regular formula	Good savings if your hair responds well and you don’t switch often.
Deodorant	Multi-packs of your favorite formula	One of the easiest personal-care products to buy ahead.
Lip balm	Packs or multipacks	Small, frequently lost, frequently used item. Products like Kiehl’s Lip Balm #1 remain popular examples of repeat-use staples. 
Delish

Hair styling basics	Heat protectant, leave-in conditioner, hair oil	Worth stocking when you know your hair likes the product.
Cotton rounds / beauty tools	Cotton pads, makeup sponges, disposable tools	Non-perishable and regularly used.
Nail essentials	Nail files, remover, basic polish shades	Practical items that don’t need frequent experimentation.
Products I would not usually buy in bulk

Foundation or concealer — shade changes, expiration, and formula preferences can make extras wasteful.

Mascara — should be replaced regularly rather than stored for long periods.

Active skincare (retinol, acids, vitamin C serums) — formulas can degrade and your skin needs may change. 
Allure

New launches or viral products — test first before committing.

Fragrance — unless it is a signature scent you use consistently.

“Stock-up during sales” favorites

Your everyday sunscreen

Your holy-grail moisturizer

Shampoo/conditioner in large sizes

Body lotion

Razor refills

Deodorant

Lip balm

Makeup remover

A good rule: buy backups of products you finish at least every 2–3 months, not products you simply like.

Sources:
https://www.allure.com/story/skin-care-trends-2026

https://www.glamour.com/story/skin-care-trends-2026

https://www.vogue.com/article/body-care-trends-2026

https://www.thezoereport.com/beauty/best-body-care-products-2026

https://www.delish.com/food-news/a71943593/kiehls-milk-bar-collaboration/"
What are the best beauty products  for beginners building a routine?,"For beginners, the best beauty routine is usually small, consistent, and easy to use. Start with products that improve your skin, add a little color, and don’t require advanced techniques. A simple skincare foundation plus a few versatile makeup items is enough. 
NJ.com
+1

1. Beginner skincare essentials
Gentle cleanser

Choose a non-stripping cleanser you’ll actually use daily.

Good starter options:

CeraVe Hydrating Facial Cleanser — great for normal to dry or sensitive skin

The Ordinary Squalane Cleanser — gentle, simple formula

La Roche-Posay Toleriane Hydrating Gentle Cleanser — good for easily irritated skin

Moisturizer

A basic moisturizer is more important than adding lots of serums early.

Good picks:

Vanicream Moisturizing Cream — minimal, sensitive-skin friendly

CeraVe Moisturizing Cream — affordable and widely available

Sunscreen (daytime essential)

A daily SPF helps protect your skin and is one of the most worthwhile habits to build.

Good options:

La Roche-Posay Anthelios Mineral SPF 50 Sunscreen

Beauty of Joseon Relief Sun SPF 50+

Dermatology-focused beginner routines commonly prioritize cleanser, moisturizer, and SPF before adding targeted treatments. 
NJ.com

2. Beginner makeup kit
Skin tint or tinted moisturizer

Easier than full foundation and more forgiving while learning.

Try:

e.l.f. Halo Glow Liquid Filter — lightweight glow

L'Oréal Paris True Match Nude Hyaluronic Tinted Serum — natural finish

Concealer

One of the highest-impact beginner products.

Try:

NARS Radiant Creamy Concealer — easy blending

Maybelline Instant Age Rewind Eraser Concealer — budget-friendly

Cream blush

Adds instant freshness without needing complicated techniques.

Try:

e.l.f. Camo Liquid Blush

Rare Beauty Soft Pinch Liquid Blush

Brow product

Brows make a big difference with minimal effort.

Try:

NYX Professional Makeup The Brow Glue

Mascara

A simple way to define your eyes.

Try:

Maybelline Lash Sensational Sky High Mascara

Lip product

Pick something comfortable you’ll reapply.

Try:

e.l.f. Glow Reviver Lip Oil

Clinique Almost Lipstick Black Honey

A beginner-friendly makeup order is generally: skin prep → light base → concealer → brows → mascara → blush → lip product. 
Ulta Beauty

3. Beginner routine (5 minutes)

Morning

Moisturizer

Sunscreen

Skin tint or concealer

Brow gel

Cream blush

Mascara

Lip balm/gloss

Night

Cleanser

Moisturizer

4. Products to avoid buying too early

Save money by waiting on:

Multiple serums

Complex 10-step routines

Full eyeshadow palettes

Heavy contour products

Strong exfoliants or retinoids before you understand your skin

If you later add actives like retinol, introduce them slowly because irritation is common when beginners start too aggressively. 
Health

Best “first beauty basket” if starting from zero

Gentle cleanser

Moisturizer

SPF 50 sunscreen

Concealer

Cream blush

Brow gel

Mascara

Tinted lip balm

This gives you a complete everyday routine without buying products that sit unused.

Sources used:
https://www.ulta.com/discover/beauty-education/everyday-makeup-routine-for-beginners

https://www.nj.com/shopping-deals/2026/01/im-a-skincare-expert-and-these-are-the-only-4-products-beginners-actually-need-in-2026.html

https://www.health.com/what-to-know-before-using-retinol-12017601"
Which  products can help simplify a crowded skincare routine?,"A crowded skincare routine is usually easier to manage when you replace multiple “problem-solving” products with a few multitasking staples. A streamlined routine often comes down to cleanse + treat (optional) + moisturize + protect. 
TheGlossyLocks
+1

1. Gentle cleanser that does more

Look for a cleanser that removes sunscreen, oil, and makeup without needing several steps.

Good options:

CeraVe Hydrating Facial Cleanser — barrier-friendly, simple daily cleanser

La Roche-Posay Toleriane Hydrating Gentle Cleanser — good for sensitive skin

Prequel Gleanser — a gentle cleanser option recognized in recent skincare roundups 
Byrdie

2. One “hero” treatment instead of many serums

Instead of layering vitamin C, exfoliants, peptides, and multiple boosters, choose one active based on your main goal.

Examples:

Retinoid/retinol → texture, fine lines, breakouts (introduce slowly to reduce irritation) 
Health

Niacinamide → oil control, redness support, barrier care

Azelaic acid → uneven tone and blemish-prone skin

3. A moisturizer with built-in skincare benefits

A good moisturizer can replace separate hydration serums and barrier creams.

Look for ingredients like:

Ceramides

Hyaluronic acid

Niacinamide

Glycerin

Examples:

CeraVe Moisturizing Cream

La Roche-Posay Toleriane Double Repair Face Moisturizer

L’Oréal Paris Revitalift Triple Power Moisturizer (a multitasking option featuring ingredients like hyaluronic acid, vitamin C, and pro-retinol) 
Real Simple

4. Sunscreen that replaces “daytime steps”

A comfortable daily SPF eliminates the temptation to skip the most important protective step.

Examples:

EltaMD UV Clear Broad-Spectrum SPF 46 — popular for lightweight wear and acne-prone skin 
Luminli

La Roche-Posay Anthelios SPF products

Beauty of Joseon Relief Sun SPF 50

5. Makeup-removing cleanser balm (if needed)

If you wear makeup or water-resistant sunscreen, use one effective remover rather than multiple cleansing products.

Examples:

Clinique Take The Day Off Cleansing Balm

The Ordinary Squalane Cleanser

Farmacy Green Clean Cleansing Balm

A simple “decluttered” routine:

Morning

Gentle cleanse (or rinse)

Moisturizer

Sunscreen

Night

Cleanser

One treatment product (optional)

Moisturizer

A good rule: if two products serve the same purpose, keep the one you actually enjoy using consistently. A smaller routine is often easier to maintain and less likely to cause irritation from ingredient overload. 
The Quality Edit
+1

Sources used:
https://www.health.com/what-to-know-before-using-retinol-12017601

https://www.byrdie.com/best-skincare-products-2026-12006311

https://www.thequalityedit.com/articles/dermatologist-capsule-skincare-routine

https://theglossylocks.com/simple-skin-care-for-beginners/

https://luminli.com/best-dermatologist-recommended-skincare-products/"
What are the best affordable beauty treats to pick up ?,"Affordable beauty treats are the little “feel-good” purchases that make a routine more enjoyable without spending luxury prices. These are some budget-friendly picks that deliver a noticeable upgrade. 
Ulta Beauty
+1

✨ Skincare treats

e.l.f. Holy Hydration! Face Cream – A rich-feeling moisturizer that gives a more luxe experience on a budget.

The Ordinary Hyaluronic Acid 2% + B5 – An easy hydration boost for dry or dehydrated skin.

BYOMA Moisturizing Gel Cream – Lightweight, barrier-friendly hydration that works well for everyday use. 
Ulta Beauty

La Roche-Posay Cicaplast Baume B5 – A soothing “rescue balm” for dry, irritated-feeling skin. 
Best Products

L’Oréal Paris Eye Defense Eye Cream – A low-cost eye-care option with ingredients like caffeine and hyaluronic acid. 
Real Simple

💄 Makeup mini upgrades

e.l.f. Power Grip Primer – A popular affordable primer for a smoother makeup base. 
The Independent

Maybelline Lifter Gloss – A glossy lip upgrade that feels more expensive than its price.

NYX Butter Gloss – A classic everyday lip treat with lots of shades.

COVERGIRL TruBlend Baked Luminous Blush – A budget-friendly way to add glow and color. 
Harper's BAZAAR

essence mascara or lip products – Great options when you want to try trends without committing much money. 
Glamour

🛁 Body-care treats

Tree Hut Sugar Scrub – A spa-like shower upgrade at drugstore pricing.

EOS Shea Better Body Lotion – Hydrating and easy to layer with fragrance. 
Reddit

Dove Body Polish – A gentle exfoliating treat for smoother-feeling skin.

Vaseline Cocoa Radiant Body Oil Gel – Adds glow and softness after showers.

💇 Hair treats

Not Your Mother’s Curl Talk products – Affordable styling options for waves and curls.

L’Oréal Elvive hair masks – Good “hair spa night” options without salon pricing.

A microfiber hair towel – A small purchase that can help reduce frizz and drying time.

💅 Small luxuries under $15

A tinted lip balm

A pretty nail polish shade

A satin pillowcase

A scented hand cream

A mini fragrance mist

A hydrating sheet mask

Best “treat yourself” cart under about $40:

NYX Butter Gloss

Tree Hut Sugar Scrub

e.l.f. moisturizer or primer

EOS body lotion

A fun nail polish or lip balm

These give the biggest “new beauty haul” feeling while staying practical. 
Harper's BAZAAR
+1

Sources used:
https://www.ulta.com/discover/skin/best-affordable-skincare

https://www.harpersbazaar.com/beauty/g70150271/best-drugstore-beauty-products-2026/

https://www.bestproducts.com/beauty/g70432600/best-drugstore-skincare-products-guide/

https://www.glamour.com/gallery/beauty-awards-drugstore-skincare-product-winners

https://www.glamour.com/gallery/beauty-awards-drugstore-makeup-product-winners

https://www.realsimple.com/amazon-loreal-eye-defense-eye-cream-deal-july-2026-12015797"
Which  beauty products feel more expensive than they actually are?,"Beauty products that feel “luxury” often have one or more of these traits: elegant texture, pretty packaging, a spa-like scent, a polished finish, or results that rival pricier formulas. Many drugstore and affordable brands now compete strongly in these areas. 
The Guardian
+1

✨ Affordable beauty products with an expensive feel
Product	Why it feels luxe
e.l.f. Halo Glow Liquid Filter	Gives that soft-focus, glowing complexion look associated with luxury complexion products
e.l.f. Power Grip Primer	Sticky, smoothing texture that feels like a high-end makeup prep step
L’Oréal Paris Revitalift Triple Power Moisturizer	Rich texture and skincare-focused ingredients without the luxury price tag 
Real Simple

Maybelline SuperStay Vinyl Ink Lip Color	Glossy, polished finish with long wear that feels more premium than its price
NYX Fat Oil Lip Drip	Cushiony lip oil feel similar to much pricier lip treatments
Milani Baked Blush	Smooth, luminous finish that gives a designer-makeup effect
ColourPop Super Shock Shadow	Creamy, high-impact eyeshadow texture for a small price
Essence Lash Princess Mascara	Dramatic lashes at a fraction of luxury mascara prices
L’Oréal Paris Lash Paradise Mascara	Often compared with higher-end volumizing mascaras for its effect 
Reddit

The Ordinary 100% Plant-Derived Squalane	Minimalist skincare aesthetic and elegant lightweight feel
Byoma Milky Toner	Trendy packaging and a silky skincare texture that looks more expensive 
The Guardian

Fine’ry Eau de Parfum (Target)	Affordable fragrances with more sophisticated scent profiles than typical budget perfumes 
Good Housekeeping

Sol de Janeiro Cheirosa Body Mists	Vacation-like scent experience and attractive packaging without designer perfume pricing 
Good Housekeeping

Tree Hut Shea Sugar Scrubs	Thick texture, strong fragrance, and “spa shower” vibes
Naturium Body Washes	Elevated packaging and skincare-inspired formulas
Best “looks expensive on your vanity” picks

Fine’ry perfume — designer-style fragrance presentation 
Good Housekeeping

Milani Baked Blush — luxury-looking glow

e.l.f. Halo Glow — expensive-looking skin finish

Tree Hut Scrubs — spa-at-home feel

Byoma skincare — trendy, minimalist aesthetic 
The Guardian

Best splurge-like upgrades under ~$20

A beautiful body scrub

A glossy lip oil

A luminous blush

A good-smelling affordable perfume

A silky moisturizer

Sources used:
https://www.goodhousekeeping.com/beauty-products/g70291164/best-affordable-perfumes/

https://www.theguardian.com/lifeandstyle/2026/feb/27/budget-friendly-makeup-routine

https://www.harpersbazaar.com/beauty/g70150271/best-drugstore-beauty-products-2026/

https://www.realsimple.com/loreal-paris-revitalift-triple-power-moisturizer-amazon-deal-july-2026-12018839"
What are the best  beauty and personal care picks for winter dryness?,"For winter dryness, the best picks are products that repair the skin barrier, add water, and seal in moisture. Look for ingredients like ceramides, glycerin, hyaluronic acid, squalane, petrolatum, shea butter, and urea rather than just lightweight “hydrating” formulas. 
Allure
+1

Face care

1. CeraVe Moisturizing Cream — best everyday dry-skin staple

Great for: tight, flaky, sensitive skin

Why it works: ceramides + hyaluronic acid help replenish moisture and support the barrier

Best use: thicker layer at night, especially after cleansing 
Good Housekeeping

2. La Roche-Posay Toleriane Dermallergo Cream — best for sensitive winter skin

Great for: redness, irritation, easily reactive skin

Lightweight but barrier-focused

3. The Ordinary Hyaluronic Acid 2% + B5 — best hydration booster

Great for: skin that feels dehydrated under moisturizer

Apply to slightly damp skin, then follow with a cream

4. Aquaphor Healing Ointment — best winter rescue product

Great for: cracked lips, nose area, dry patches

Use as a final “seal” over moisturizer overnight

Body care

5. La Roche-Posay Lipikar AP+ Triple Repair Moisturizing Cream — best heavy-duty body cream

Great for: very dry, itchy winter skin

Rich texture without feeling overly greasy 
Allure

6. CeraVe Moisturizing Cream (large tub) — best budget body moisturizer

Great for: daily full-body use

Contains ceramides and hyaluronic acid; a reliable choice for dry winter skin. 
NBC News

7. Eucerin Advanced Repair Lotion — best for rough, rough-textured skin

Great for: dry legs, elbows, knees

Helpful if skin feels rough rather than just tight

8. OSEA Undaria Algae Body Butter — best “luxury feeling” option

Great for: a more indulgent body-care routine

Rich, nourishing texture for winter self-care 
Allure

Shower & bath upgrades

9. Dove Serum + Oil Body Wash — best moisturizing cleanser

Swap harsh soaps for creamy cleansers that don’t strip oils from skin. 
Byrdie

10. Aveeno Skin Relief Body Wash — best for itchy dryness

Good option when winter skin feels uncomfortable or irritated

Hair + lips

11. Kérastase Nutritive 8H Magic Night Serum — best overnight hair hydration

Helps dry, winter-stressed ends feel softer

12. Laneige Lip Sleeping Mask — best overnight lip treatment

Useful for preventing winter cracking and peeling

Simple winter routine

Morning

Gentle cleanser (or rinse only)

Hydrating serum (optional)

Rich moisturizer

SPF

Night

Gentle cleanse

Moisturizer

Add Aquaphor/Vaseline to extra-dry areas

After shower

Apply body cream within a few minutes while skin is still slightly damp for better moisture retention. 
DoorDash Blog

Sources used:
https://www.allure.com/story/best-body-moisturizers-for-winter

https://www.goodhousekeeping.com/beauty-products/g26290428/best-body-lotions/

https://www.wellandgood.com/beauty-shopping/best-moisturizers-dry-skin

https://www.nbcnews.com/select/shopping/best-body-lotions-rcna235267

https://www.prevention.com/beauty/skin-care/g69382823/body-wash-for-dry-skin/"
"If I could only buy ten beauty products  this year, which types should make the list?","If you could only buy ten beauty products this year, the best strategy is to choose versatile staples that improve your routine rather than chasing every trend. Current beauty recommendations continue to lean toward simplified routines, barrier-friendly skincare, multitasking makeup, scalp care, and products that deliver everyday results. 
Good Housekeeping
+1

1. A gentle cleanser

Why it makes the list: The foundation of any skincare routine. Look for one that removes sunscreen, sweat, and makeup without leaving skin tight or irritated.

Best type: Cream, gel, or jelly cleanser suited to your skin type.

2. A daily sunscreen

Why it makes the list: The most important long-term skincare investment. A comfortable SPF you enjoy wearing is more likely to become a daily habit.

Best type: Lightweight SPF 30+ face sunscreen, tinted sunscreen, or sunscreen with skincare benefits. 
The Wall Street Journal

3. A barrier-supporting moisturizer

Why it makes the list: Helps with dryness, sensitivity, and maintaining healthy-looking skin.

Look for: Ceramides, glycerin, squalane, peptides, or soothing ingredients.

4. A treatment serum

Pick one based on your biggest concern:

Vitamin C → brightness and uneven tone

Niacinamide → oil control and redness support

Retinoid/retinol → texture and signs of aging

Hydrating serum → dehydrated skin

Avoid buying several actives at once—one effective treatment is usually more useful.

5. A multitasking lip product

Why it makes the list: Easy everyday upgrade.

Good options:

Tinted lip balm

Lip oil

Hydrating lipstick

6. A cream blush or skin tint

Why it makes the list: Creates a polished “healthy skin” look quickly.

Current makeup trends favor natural, effortless complexion products rather than heavy layers. 
Cosmopolitan

7. A reliable mascara or brow product

Why it makes the list: Small products that can transform your face in under a minute.

Choose:

Lengthening mascara for everyday wear

Brow gel for a low-maintenance look

8. A quality hair treatment

Why it makes the list: Hair health often benefits more from one excellent treatment than a shelf full of styling products.

Consider:

Repair mask for damage

Leave-in conditioner for dryness

Lightweight hair oil for shine

Scalp-focused and strengthening haircare has become a major beauty focus. 
Good Housekeeping

9. A body-care essential

Why it makes the list: Face products get attention, but consistent body care makes a noticeable difference.

Choose:

Rich body cream for dryness

Exfoliating lotion for rough texture

Hand cream if your skin gets dry

10. A signature fragrance or body mist

Why it makes the list: The most enjoyable “luxury” purchase—something that makes your routine feel special.

Current fragrance trends include lighter, layerable scents like body and hair mists. 
Good Housekeeping

If I had to prioritize the ten:

Sunscreen

Moisturizer

Cleanser

Treatment serum

Hair treatment

Cream blush/skin tint

Lip product

Mascara/brow product

Body moisturizer

Fragrance

This gives you a complete skin + hair + makeup + self-care routine without unnecessary duplicates.

Sources used:
https://www.goodhousekeeping.com/beauty-products/a70987601/beauty-awards-2026-trends/

https://www.womenshealthmag.com/beauty/a70855378/best-beauty-products-2026/

https://www.goodhousekeeping.com/beauty/beauty/a69838103/beauty-trends-2026/

https://www.wsj.com/buyside/shopping-holidays/deals-sales/sephora-savings-event-deals-2026"
What are the best home upgrades to buy  in 2026?,"The best home upgrades to buy in 2026 are the ones that improve comfort, energy savings, convenience, and resale value. The strongest picks tend to be practical upgrades rather than purely decorative ones. 
EnergySage
+1

1. Smart thermostat

Best for: lower energy bills + everyday comfort

Learns schedules and adjusts heating/cooling automatically

Lets you control temperatures remotely

Often one of the easiest smart upgrades to install

The Verge
+1

2. Better insulation and air sealing

Best for: older homes

Keeps rooms warmer in winter and cooler in summer

Reduces HVAC workload

Often delivers better value than cosmetic renovations

EnergySage
+1

3. Energy-efficient appliances

Best for: kitchens and laundry rooms
Look for:

ENERGY STAR refrigerators

Heat-pump dryers

Efficient dishwashers

Induction cooktops
These upgrades can reduce ongoing utility costs while modernizing your home. 
EnergySage
+1

4. Smart lighting system

Best for: affordable home transformation

Replace old bulbs with LEDs

Add smart switches or bulbs

Create automated routines for mornings, evenings, and security
Smart lighting options continue expanding with Matter-compatible products and broader ecosystem support. 
TechRadar

5. Improved home security

Best for peace of mind
Consider:

Video doorbell

Smart locks

Exterior cameras

Motion lighting

Water leak sensors

6. Heat pump HVAC upgrade

Best for: long-term homeowners
Modern heat pumps can provide efficient heating and cooling while reducing reliance on older systems. They are among the major energy upgrades recommended for improving home efficiency. 
EnergySage
+1

7. Kitchen “high-impact” upgrades

Instead of a full remodel:

New hardware

Updated faucet

Under-cabinet lighting

Pull-out organizers

New backsplash

Fresh cabinet fronts

These can make a kitchen feel significantly newer without a full renovation.

8. Bathroom comfort upgrades

Popular 2026 improvements:

Walk-in shower upgrades

Heated towel racks

Better ventilation fans

LED mirrors

Modern fixtures

Reddit

9. Home battery or solar preparation

Best for: long-term energy independence
Options include:

Solar panels

Battery storage

Electrical panel upgrades

EV-ready wiring
Home battery adoption has been growing as homeowners look for backup power and energy flexibility. 
TechRadar

10. Better outdoor living space

High-value additions:

Patio improvements

Outdoor lighting

Covered seating

Smart irrigation

Low-maintenance landscaping

Best upgrades by budget

Under $200

LED bulbs

Smart plugs

Leak sensors

Door hardware refresh

Smart thermostat accessories

$200–$1,500

Smart thermostat

Smart lighting

Security devices

Bathroom refresh

Kitchen hardware upgrades

$1,500+

Insulation

Heat pump

Efficient appliances

Windows

Solar/battery systems

Best overall 2026 picks:

Insulation + air sealing

Smart thermostat

Energy-efficient appliances

Smart lighting

Heat pump HVAC

Kitchen/bathroom functional upgrades

Sources used:
https://www.energysage.com/energy-efficiency/energy-efficient-homes/

https://www.zillow.com/learn/energy-efficient-home-upgrades/

https://www.energystar.gov/products/energy_star_home_upgrade

https://www.theverge.com/gadgets/963475/google-nest-thermostat-deal

https://www.techradar.com/news/best-smart-lighting

https://www.techradar.com/home/energy-saving/the-diy-energy-boom-is-here-30-us-states-are-planning-to-legalize-plug-in-solar-tech-as-home-battery-installations-quietly-hit-a-record-high"
Which home improvement products  offer the biggest impact for the price?,"The home improvement products with the biggest impact for the money are usually the ones that improve what you see every day, make your home feel more comfortable, or solve annoying problems without requiring a major renovation. Small upgrades often outperform expensive remodels when it comes to cost-to-impact ratio. 
Bob Vila
+1

Product upgrade	Typical cost	Why it’s high impact
Smart LED light bulbs + upgraded fixtures	$10–$150	Instantly changes mood, brightness, and energy use; modern lighting makes rooms feel newer. 
This Old House

Modern cabinet hardware (handles, pulls, knobs)	$20–$150	One of the fastest ways to make kitchens and bathrooms look updated without replacing cabinets. 
Real Simple

Fresh paint + quality paint tools	$50–$300	A new wall color can dramatically change a room’s appearance for relatively little money. 
This Old House

High-quality showerhead	$30–$150	Improves a daily experience and can reduce water use with efficient models. 
Lowe's

Smart thermostat	$80–$250	Adds convenience and may reduce heating/cooling costs.
Under-cabinet kitchen lighting	$30–$200	Makes kitchens feel more custom and improves functionality.
Door hardware refresh (handles, locks, hinges)	$50–$300	Small detail that makes an older home feel more polished.
Storage upgrades (drawer organizers, pull-out shelves, closet systems)	$20–$500	Improves daily life by reducing clutter.
Peel-and-stick backsplash or wallpaper	$50–$300	Gives kitchens, bathrooms, or accent walls a designer look without construction. 
Real Simple

Smart home basics (plugs, sensors, cameras)	$20–$250	Adds convenience and security quickly.
Best “wow factor” upgrades under $100

New modern light switch plates and outlet covers

Matte black/brushed nickel faucets or fixtures

New bathroom mirror

Matching towel bars and accessories

Front door paint refresh

New house numbers and entry lighting

Better closet and pantry organizers

Pressure washer for exterior cleanup 
Reddit

Best value upgrades by room

Kitchen

Cabinet pulls/handles

Under-cabinet LEDs

Faucet replacement

Drawer organizers

Peel-and-stick backsplash 
Real Simple
+1

Bathroom

Showerhead

New vanity hardware

Better lighting

New mirror

Fresh grout/caulk refresh 
Lowe's
+1

Living areas

Paint

Lighting upgrades

Smart switches

Window treatments

Built-in-looking storage solutions

Exterior

Front door paint

Outdoor lighting

Landscaping refresh

Pressure washing

Updated mailbox/house numbers 
HGTV
+1

If you only bought 5 things:

Smart LED bulbs + a few upgraded fixtures

Modern cabinet hardware

A premium showerhead

A smart thermostat

High-quality paint for your highest-traffic room

These tend to deliver the most noticeable improvement per dollar because they affect how your home looks and feels every single day. 
Bob Vila
+1

Sources:
https://www.bobvila.com/articles/easy-home-upgrades/

https://www.thisoldhouse.com/home-improvement/50-nifty-fix-ups-for-less-than-100

https://www.realsimple.com/how-to-make-your-bathroom-more-stylish-on-a-budget-12006172

https://www.lowes.com/n/how-to/bathroom-upgrades-save-water-money

https://www.hgtv.com/how-to/home-improvement/diy-home-projects-pictures

https://www.homes.com/learn/best-upgrades-increase-home-value/"
What are the best  home upgrades under $50?,"The best home upgrades under $50 are the ones that make a space feel cleaner, smarter, more comfortable, or more expensive-looking without requiring tools, contractors, or major changes. 
Smart Home Explorer
+1

Upgrade	Typical Cost	Why it’s worth it
Warm LED bulbs (especially dimmable)	$5–$30	One of the fastest ways to make rooms feel cozier and more upscale.
Smart plugs	$10–$25	Add automation to lamps, fans, coffee makers, and other devices without replacing them. 
Smart Home Explorer

Motion-sensor cabinet lights	$15–$30	Instantly improves kitchens, closets, and dark hallways. 
Real Simple

New cabinet hardware	$20–$50	Updating knobs and pulls can make an older kitchen or bathroom look refreshed.
Fresh paint for a small area	$25–$50	A single accent wall, bathroom vanity, door, or trim refresh can dramatically change a room.
Better shower head	$20–$50	Improves the daily experience and can modernize a bathroom quickly.
Drawer and cabinet organizers	$10–$40	Makes kitchens and bathrooms feel more functional and less cluttered. 
Real Simple

New outlet/switch covers	$10–$30	Small detail, but clean modern covers remove an outdated look.
Door weather stripping	$10–$25	Helps reduce drafts and improve comfort.
Plants + attractive planters	$15–$50	Adds color, softness, and a more finished feel.
Peel-and-stick backsplash or wallpaper sample area	$20–$50	Creates a visual upgrade without a renovation commitment.
New bathroom accessories	$20–$50	Matching towels, hooks, trays, or storage can make a bathroom feel hotel-like.
Smart light bulbs	$15–$40	Add app control, schedules, and mood lighting. Budget smart bulbs are widely available under $50. 
Tom's Guide

Cable management kit	$10–$25	Makes desks, entertainment centers, and offices look dramatically cleaner.
Better-looking storage bins/baskets	$20–$50	Turns clutter into intentional organization.
Highest-impact picks by goal

Make your home look more expensive

Upgrade lighting to warm LEDs

Replace cabinet hardware

Add large-looking curtains or better curtain rods

Refresh a small painted area

Add coordinated storage baskets

Improve everyday comfort

Shower head upgrade

Smart plugs for routines

Motion lights in dark areas

Door draft blockers/weather stripping

Better pillows or throws

Best “smart home” upgrades

Smart plugs

Smart bulbs

Motion sensors

Entry/security accessories

Smart speakers (when discounted) 
TechRadar

Best value overall: upgrading your lighting. A few warm LEDs or smart bulbs can change the feel of an entire room for less than the cost of a dinner out. 
Reddit

Sources:
https://www.realsimple.com/lazy-girl-amazon-upgrades-july-2026-12018832

https://www.realsimple.com/interior-designer-amazon-bathroom-storage-july-2026-12019653

https://www.smarthomeexplorer.com/guides/best-cheap-smart-home-upgrades-renters-2026

https://www.techradar.com/home/smart-home/cyber-monday-us-smart-home-deals

https://www.tomsguide.com/home/smart-home/7-smart-home-gadgets-under-usd50-that-will-make-your-life-easier

https://www.reddit.com/r/homedesign/comments/1tysv37/whats_one_home_upgrade_that_cost_less_than_50_but/"
Which affordable home products  can make a space look more expensive?,"Affordable home products that make a space look more expensive usually aren’t the flashiest items — they’re pieces that add scale, texture, better lighting, and a curated feel. Designers often point to lighting, textiles, mirrors, artwork, and hardware as high-impact upgrades that don’t require a major renovation. 
Lowe's
+1

1. Oversized mirrors ($25–$100)

Why they work: They make rooms feel larger, brighter, and more intentional.
Look for:

Arched mirrors

Thin black frames

Antique-style gold frames

Large round mirrors

Best spots:

Entryway

Above a console table

Bedroom wall

Small bathroom

E! Online

2. Better-looking curtains ($30–$100)

Cheap windows can make an entire room feel unfinished. Upgrade with:

Linen-look curtains

Extra-long panels

Ceiling-height curtain rods

Neutral colors (cream, taupe, gray, olive)

Designer trick: hang rods higher and wider than the window to create a taller, more luxurious look. 
Reddit

3. Matching throw pillows + covers ($10–$30 each)

Instead of buying a new sofa, swap pillow covers:

Velvet

Linen

Bouclé

Textured woven fabrics

A coordinated palette looks more custom than random patterns.

4. Warm lighting upgrades ($10–$50)

Lighting is one of the fastest ways to change the mood of a room. 
Lowe's

Try:

Warm LED bulbs (2700K–3000K)

Table lamps instead of relying only on ceiling lights

Battery-powered picture lights

Smart bulbs for adjustable ambiance

5. Large framed artwork ($20–$80)

A single large piece often looks more expensive than many small decorations.

Budget ideas:

Printable art + quality frame

Black-and-white photography

Abstract neutral prints

Vintage-style posters

Avoid tiny wall art scattered everywhere.

6. Decorative trays ($10–$30)

A simple tray instantly makes surfaces look styled.

Use on:

Coffee tables

Bathroom counters

Kitchen islands

Dressers

Style with:

Candle

Small vase

Book stack

Decorative object

7. Ceramic vases and bowls ($10–$40)

Choose:

Matte finishes

Stoneware textures

Neutral colors

Organic shapes

They mimic higher-end designer decor without the price tag. 
Home Decoria

8. Matching storage baskets ($15–$50)

Visible clutter makes rooms look cheaper. Upgrade with:

Woven baskets

Fabric bins

Rattan storage boxes

Great for:

Blankets

Toys

Bathroom supplies

Entryway items

Re-Design

9. New cabinet hardware ($20–$60)

One of the cheapest kitchen/bathroom upgrades:

Brushed brass pulls

Matte black handles

Modern knobs

Small details can make builder-grade cabinets look custom. 
Lowe's

10. A larger area rug ($50–$150)

A correctly sized rug adds instant polish.

Choose:

Neutral patterns

Vintage-inspired designs

Thick textures

Avoid rugs that are too small — they can make furniture look disconnected.

11. Faux greenery in a nice planter ($20–$60)

A quality faux plant can add height and softness, especially in low-light spaces. 
Re-Design

Good choices:

Olive tree

Fiddle leaf fig

Eucalyptus

Tall grasses

12. Matching soap dispensers and bathroom accessories ($15–$40)

Small bathroom details create a “hotel” feeling:

Amber glass bottles

Matching containers

Simple towels

Minimal countertop items

Real Simple

Highest impact for under $100

If you only buy a few things:

Large mirror

Floor-length curtains

Warm lamps

Large artwork

Textured throw pillows

New cabinet hardware

The biggest difference usually comes from making a room feel less cluttered, better lit, and intentionally styled rather than adding more decorations. 
Bob Vila

Sources used:
https://www.lowes.com/n/ideas-inspiration/make-home-look-expensive

https://www.eonline.com/news/1306792/cheap-things-to-make-your-home-look-expensive

https://www.homedecoria.com/best-budget-home-decor-under-30/

https://www.re-design.app/articles/amazon-home-decor-ideas

https://www.bobvila.com/design/home-decor-dupes/

https://www.goodhousekeeping.com/home/decorating-ideas/g70929015/designers-renter-upgrades-worth-it/"
What are the most underrated home improvement finds ?,"The most underrated home improvement finds are usually the small, inexpensive upgrades that make a home feel more organized, comfortable, and polished without a major renovation. Many overlooked improvements focus on lighting, storage, hardware, and daily convenience. 
This Old House
+1

1. Motion-sensor cabinet lights ($10–$30)

Why they’re underrated: They make kitchens, closets, pantries, and bathrooms feel custom-built.
Best spots:

Under kitchen cabinets

Inside wardrobes

Linen closets

Hallway cabinets

A small lighting upgrade can dramatically change how a space feels. 
Redfin

2. Quality outlet and switch covers ($5–$20)

Why they’re underrated: Old, yellowed, builder-grade covers instantly make a room look dated.
Upgrading to:

Screwless plates

Matte finishes

Matching colors

Decorative styles

creates a cleaner, more expensive look.

3. Peel-and-stick caulk strips ($5–$15)

Why they’re underrated: Fresh-looking edges around sinks, tubs, and countertops make bathrooms and kitchens look newer immediately.

Great for:

Bathroom vanities

Shower edges

Kitchen backsplashes

4. Cabinet hardware upgrades ($20–$75)

Replacing knobs and pulls is one of the highest-impact low-effort upgrades.

Try:

Brushed brass for warmth

Matte black for a modern look

Longer pulls for a designer feel

5. Door hinge and handle refresh kits ($20–$50)

People often replace furniture before noticing their doors look tired.

Small upgrades:

New handles

Matching hinges

Updated strike plates

can make the whole home feel more cohesive.

6. Adjustable storage systems ($20–$100)

Hidden organization upgrades often improve daily life more than decorative items.

Underrated options:

Pull-out cabinet organizers

Closet shelf dividers

Over-door racks

Under-sink drawers

Budget-friendly storage upgrades are frequently highlighted as high-impact improvements. 
BuzzFeed

7. A laser distance measurer ($20–$50)

A surprisingly useful DIY tool.

Helpful for:

Buying furniture

Planning shelves

Hanging artwork

Measuring rooms accurately

Laser measuring tools are often overlooked compared with more common tools but can make projects easier. 
americanachoice.com

8. Magnetic air vent covers ($10–$25)

A simple way to:

Redirect airflow

Reduce drafts

Improve comfort in problem areas

9. Felt furniture pads ($5–$15)

Tiny upgrade, big quality-of-life improvement:

Protect floors

Reduce noise

Make furniture easier to move

10. Smart bulbs ($10–$40)

Smart lighting is one of the easiest ways to make a home feel modern.

Useful features:

Scheduling

Dimming without rewiring

Warm/cool light adjustment

Voice control

Smart bulbs are commonly recommended as practical upgrades because they add convenience without major installation. 
SlashGear

11. A better showerhead ($25–$80)

A good showerhead can make a basic bathroom feel upgraded without remodeling.

Look for:

Adjustable spray patterns

Easy-clean nozzles

Water-saving designs

12. Weatherstripping kits ($10–$30)

One of the least glamorous but most valuable upgrades.

Use around:

Doors

Windows

Garage access doors

Benefits:

Less drafts

Better comfort

Potential energy savings

13. Floating shelves with hidden brackets ($20–$60)

They add:

Storage

Display space

Architectural interest

Especially effective in:

Small bathrooms

Entryways

Kitchens

14. A quality caulk gun and finishing tool ($15–$30)

A professional-looking caulk line can make repairs look dramatically better. Good finishing tools are among the home-improvement items people often overlook. 
SlashGear

15. Oversized mirrors ($50–$150)

A large mirror is a budget-friendly way to:

Make rooms feel bigger

Increase light

Add a designer touch

Best “looks expensive” upgrades for the money:

New cabinet hardware

Better lighting (especially hidden LEDs)

Updated switch plates

Large mirrors

Closet and pantry organizers

Fresh caulk lines

Smart bulbs

Sources used:
https://www.realsimple.com/clever-amazon-products-under-10-july-2026-12015799

https://www.buzzfeed.com/diviniatarin/home-improvement-products-you-wont-have-to-spend-a

https://www.slashgear.com/2071429/most-underrated-home-improvement-tools/

https://www.redfin.com/blog/the-most-underrated-home-upgrades/

https://www.thisoldhouse.com/home-improvement/50-nifty-fix-ups-for-less-than-100"
Which  products are best for upgrading a rental without making permanent changes?,"The best rental upgrades are high-impact, removable, and reusable in your next home. Focus on things that improve lighting, texture, storage, and “built-in” feel without altering the property. 
NBC News
+1

Upgrade	Why it works	Typical cost
Peel-and-stick wallpaper	Creates an accent wall, upgrades a bedroom/entryway, hides bland walls	$30–$150
Peel-and-stick backsplash tiles	Makes a basic kitchen look customized without permanent tile work	$20–$100
Plug-in sconces or smart lamps	Better lighting dramatically changes how expensive a space feels	$20–$150
Under-cabinet LED lights	Adds a custom kitchen feel and useful task lighting	$15–$50
New cabinet knobs and pulls	One of the cheapest ways to modernize kitchens/bathrooms	$10–$50
Better shower head	Improves a daily experience and moves with you	$25–$100
Large area rugs	Covers ugly flooring, adds warmth, reduces echo	$50–$300
Curtains + upgraded curtain rods	Makes windows look taller and rooms feel finished	$30–$150
Smart bulbs	Adds adjustable lighting scenes without rewiring	$10–$50
Large mirrors	Makes small rentals feel brighter and larger	$30–$200
Removable window film	Adds privacy and style without replacing windows	$10–$50
Closet organizers and drawer systems	Improves function without changing the structure	$20–$200

PK Finder
+1

Biggest “luxury feel” upgrades for the money

Swap harsh overhead lighting → warm lamps + smart bulbs

Replace cheap-looking hardware → brushed brass, matte black, or brushed nickel

Add floor-to-ceiling curtains

Upgrade the bathroom package:

nicer shower curtain

matching towels

upgraded shower head

attractive storage trays

Hide rental eyesores with:

peel-and-stick counter film

removable backsplash

decorative panels

Real Simple
+1

Best “under $50” rental transformations

Rechargeable motion-sensor closet lights

A large framed mirror

New switch/outlet covers

Matching storage baskets

A quality-looking shower curtain

Plant pots and greenery

Adhesive hooks for organized entry storage

Before installing anything adhesive, test a small hidden area and keep original hardware (cabinet pulls, light fixtures, etc.) so you can restore the rental when you move. 
NBC News
+1

Sources used:
https://picks-finder.com/guides/tools-home-improvement/articles/renter-friendly-upgrades

https://www.nbcnews.com/select/shopping/best-renter-friendly-upgrades-rcna202615

https://www.goodhousekeeping.com/home/decorating-ideas/g70929015/designers-renter-upgrades-worth-it/

https://www.renterfriendly.com/blog/can-you-use-peel-and-stick-wallpaper-in-rentals

https://www.realsimple.com/how-to-make-your-bathroom-more-stylish-on-a-budget-12006172"
What is the best outdoor lighting  for a backyard or patio?,"The best outdoor lighting for a backyard or patio usually combines warm ambient lighting + practical safety lighting rather than relying on one type of fixture. A layered setup looks more expensive and makes the space usable after dark. 
Consumer Reports

1. Best overall: Warm LED string lights

Best for: patios, decks, pergolas, dining areas
Why they work: They create a cozy “outdoor room” feel with minimal effort. Look for commercial-style bulbs, shatter-resistant covers, and weather ratings. 
HGTV
+1

Good choices:

Edison-style globe string lights

Bistro/café lights

Heavy-duty outdoor LED strands

Placement ideas:

Zig-zag overhead between posts

Along a pergola edge

Around a railing or fence

2. Best budget upgrade: Solar pathway and garden lights

Best for: walkways, flower beds, borders
Why they work: No wiring, easy installation, and they add depth to landscaping. Quality solar lights should have good weather resistance and enough brightness for the intended area. 
HGTV
+1

Use them to:

Line a path

Highlight plants

Define patio edges

3. Best for entertaining: Outdoor lanterns

Best for: tables, steps, lounge areas
Why they work: Portable lanterns let you change the mood without permanent installation.

Look for:

Rechargeable LED models

Dimmable brightness

Warm white light (around 2200K–3000K)

4. Best for a premium look: Low-voltage landscape spotlights

Best for: mature yards, trees, architectural features
Why they work: They create the “high-end hotel garden” effect by highlighting textures rather than flooding everything with light.

Use:

Uplights on trees

Wall washes on fences

Accent lights near planters

5. Best for safety: Motion-sensor lights

Best for: steps, side yards, entrances
Why they work: They provide light only when needed and improve nighttime visibility. Solar motion lights are a popular low-installation option. 
Tom's Guide

Ideal backyard lighting setup

For most homes, a great combination is:

Overhead: warm LED string lights over seating/dining area

Ground level: solar path lights around edges

Accent: 2–4 spotlights on plants or architectural features

Safety: motion light near stairs or entrances

What to avoid

Bright blue-white LEDs (they feel harsh)

Too many small solar stakes everywhere

One powerful floodlight pointed at the whole yard

Mixing many different color temperatures

For the most attractive look, choose warm white LEDs, dimmable options, and layered lighting rather than maximum brightness. 
HGTV

Sources used:
https://www.hgtv.com/shopping/outdoors/best-outdoor-string-lights

https://www.consumerreports.org/home-garden/outdoor-lighting/best-solar-outdoor-lights-of-the-year-a1733616455/

https://www.hgtv.com/shopping/product-reviews/best-solar-pathway-lights

https://www.tomsguide.com/best-picks/best-solar-lights

https://www.bobvila.com/reviews/best-solar-string-lights-options/"
Which budget-friendly home gym equipment should I buy ?,"For a budget home gym, prioritize equipment that lets you train your whole body, takes little space, and can grow with your fitness level. You do not need dozens of gadgets—just a few versatile pieces. 
Verywell Fit

Best budget home gym buys
Equipment	Typical Budget	Why it’s worth buying
Adjustable dumbbells	~$60–$200+	Best overall investment; replaces many sets of weights and supports presses, rows, squats, lunges, curls, and more. 
Verywell Fit

Resistance bands (with handles + door anchor)	~$15–$40	Extremely affordable for strength training, mobility, warmups, and travel workouts. 
Verywell Fit

Adjustable kettlebell or single kettlebell	~$25–$100	Great for swings, squats, carries, core work, and conditioning. 
Verywell Fit

Exercise mat	~$15–$40	Useful for yoga, stretching, floor exercises, and protecting floors.
Adjustable bench	~$80–$200	Makes dumbbell workouts much more effective (presses, rows, step-ups).
Pull-up bar (doorframe style)	~$25–$50	Adds upper-body pulling exercises with minimal space.
Jump rope	~$10–$25	One of the cheapest cardio tools available.
Foam roller	~$20–$30	Helpful for recovery and mobility work. 
Verywell Fit
Best starter setups by budget

Under $100

Resistance band kit

Adjustable jump rope

Exercise mat

Doorframe pull-up bar

Around $250

Adjustable dumbbells

Resistance bands

Mat

Kettlebell

Around $500

Adjustable dumbbells

Adjustable bench

Bands

Kettlebell

Pull-up bar

Floor protection mat

Equipment I would skip initially

Large treadmills or ellipticals (unless cardio is your main goal)

Ab machines

Single-purpose machines

Cheap “100-piece gym kits” with low-quality accessories

Best first purchase

If you buy only one thing: adjustable dumbbells. They provide the most exercise variety for the space and money. 
Verywell Fit

Sources used:

https://www.verywellfit.com/best-budget-home-gym-equipment-6830912"
What are the best  storage solutions for a small apartment?,"The best storage solutions for a small apartment are the ones that use hidden space, go vertical, and serve more than one purpose. Adding more furniture often makes a small home feel tighter, so focus on storage that replaces clutter without taking over the room. 
DesignCafe
+1

1. Under-bed storage (highest impact)

Best for: clothes, shoes, luggage, extra bedding, seasonal items

Rolling under-bed bins

Vacuum storage bags for bulky clothing

Bed frames with built-in drawers or lift-up storage

This turns unused floor space into a “second closet.” 
UrbanApartmentOrganised

2. Tall vertical shelving

Best for: books, décor, kitchen supplies, pantry items

Choose:

Floor-to-ceiling bookcases

Narrow tower cabinets

Floating shelves

Over-door shelving

Using wall height frees valuable floor area and keeps rooms more open. 
DesignCafe

3. Multi-purpose furniture

Look for pieces that do double duty:

Storage ottoman → seating + hidden storage

Coffee table with compartments

Bedside table with drawers

Bench with storage inside

Fold-down desk

Multifunctional furniture is one of the most effective approaches for compact apartments. 
SFGATE

4. Closet upgrades

A small closet can often hold much more with:

Double hanging rods

Slim velvet hangers

Shelf dividers

Hanging organizers

Shoe racks that use vertical space

Customizable closet systems can make awkward closets far more efficient. 
Real Simple

5. Over-the-door organizers

Great for renters because they require little or no installation.

Use them for:

Shoes

Cleaning supplies

Toiletries

Pantry items

Accessories

They turn unused door space into storage. 
Real Simple

6. Slim rolling carts

A narrow rolling cart can fit into gaps between appliances or furniture.

Good locations:

Kitchen beside the fridge

Bathroom corners

Laundry areas

Home office spaces

The IKEA RÅSKOG-style utility cart is popular because it can move between rooms and serve many purposes. 
Livingetc

7. Kitchen space savers

Small kitchens benefit from:

Magnetic knife strips

Cabinet shelf risers

Pull-out organizers

Hanging pot racks

Over-sink drying racks

Stackable containers

Adding shelves inside cabinets is especially useful because it prevents wasted vertical space. 
Reddit

8. Bathroom storage upgrades

Try:

Corner shower shelves

Adhesive shower caddies

Over-toilet shelving

Under-sink drawer organizers

Wall-mounted dispensers

These reduce counter clutter without taking floor space. 
Real Simple

9. Entryway “drop zone”

Prevent clutter from spreading with:

Wall hooks

Slim shoe cabinets

Key trays

Small storage benches

Coat racks

A dedicated landing area makes a small apartment feel much more organized. 
Macy’s

10. Hidden storage habits

Small apartments benefit from:

Matching storage bins (visual calm)

Labels on everything

Seasonal rotation of items

Closed cabinets instead of too many open shelves

Closed storage helps rooms feel less crowded. 
DesignCafe

Best upgrades by budget

Under $25

Adhesive hooks

Drawer dividers

Door organizers

Shelf risers

$25–$100

Rolling cart

Under-bed bins

Closet organizers

Storage ottoman

$100+

Storage bed frame

Tall wardrobe

Modular closet system

Multifunctional furniture

For most small apartments, the biggest wins usually come from under-bed storage + closet optimization + vertical shelving + one multifunctional furniture piece. 
SFGATE
+1

Sources:
https://www.apartmenttherapy.com/small-space-storage-ideas-268691

https://www.sfgate.com/shopping/article/small-apartment-space-saving-products-22222678.php

https://www.designcafe.com/blog/home-interiors/small-apartment-storage-ideas/

https://www.architecturaldigest.com/story/storage-ideas-for-small-spaces

https://urbanapartmentorganised.com/under-bed-storage-solutions/

https://www.realsimple.com/amazon-best-selling-storage-organizer-deals-july-2026-12015102"
Which home organization products  work best for cluttered closets?,"For cluttered closets, the best products are usually the ones that create zones, use vertical space, and make items visible. The most effective upgrades are: 
Bob Vila
+1

Product	Best for	Why it works
Slim velvet hangers	Crowded clothing rods	Reduce hanger bulk, prevent slipping, and make clothes easier to scan. 
Bob Vila

Clear stackable bins with labels	Shelves, accessories, seasonal items	Keeps categories contained while letting you see what you own. Clear storage is often preferred over opaque containers because items are easier to find. 
Good Housekeeping

Shelf dividers	Sweaters, jeans, handbags	Stops folded stacks from collapsing and creates separate sections. 
Bob Vila

Drawer dividers	Socks, underwear, workout clothes, accessories	Prevents small items from becoming mixed piles. 
Reddit

Over-the-door organizers	Shoes, scarves, belts, small bags	Adds storage without taking up closet floor space. 
Bob Vila

Multi-tier shoe racks	Shoe overflow	Uses vertical space instead of letting shoes pile up. 
NBC News

Hanging closet organizers	Small closets or rentals	Adds shelves without installation or permanent changes. 
Best Products

Pull-out baskets or wire drawers	Deep shelves	Makes the back of shelves usable instead of becoming a “forgotten zone.” 
Good Housekeeping

Belt/scarf hooks or hangers	Accessories	Keeps small items visible and prevents tangled piles. 
Bob Vila

Closet system kits	Severely cluttered closets	Best when the issue is lack of structure—adding rods, shelves, and compartments. 
Bob Vila
Best “big impact” closet makeover combination

Replace mismatched hangers with slim non-slip hangers

Add matching clear bins to shelves

Install shelf dividers for folded clothing

Add a shoe rack or hanging organizer

Label categories (“bags,” “winter,” “travel,” “extras”)

Products that often disappoint

Avoid buying random decorative storage before measuring your closet. Some organizers add clutter rather than remove it—especially bulky containers that hide contents or systems that don’t match your actual storage habits. 
Good Housekeeping

Sources used:
https://www.bobvila.com/reviews/best-closet-organization-products-2026/

https://www.consumerreports.org/home-garden/home-organization/home-organization-pros-favorite-storage-products-a8246411420/

https://www.goodhousekeeping.com/home/organizing/g70738006/best-closet-organization-systems/

https://www.nbcnews.com/select/shopping/closet-organizers-storage-products-rcna263969

https://www.goodhousekeeping.com/home/organizing/a71882742/storage-items-organizers-dont-recommend/"
What are the best  upgrades for a small kitchen?,"The best small-kitchen upgrades are the ones that create storage, improve lighting, and make the space feel more intentional without requiring a full remodel. 
Lowe's
+1

1. Add under-cabinet lighting

Impact: Very high | Cost: Low–medium

LED strips or puck lights brighten countertops and eliminate dark corners.

Makes a small kitchen feel larger and more polished.

Motion-sensor versions are especially useful for rentals. 
Real Simple
+1

2. Upgrade cabinet storage

Impact: Very high | Cost: Low–medium

Best additions:

Pull-out cabinet drawers

Shelf risers

Lazy Susans for corners

Door-mounted organizers

Stackable bins

These make existing cabinets work harder instead of adding more furniture. 
The Spruce
+1

3. Replace bulky countertop storage with wall storage

Impact: High | Cost: Low

Try:

Magnetic knife strip

Hanging rail for utensils

Wall-mounted spice rack

Floating shelves for frequently used items

Vertical storage is one of the easiest ways to reclaim counter space. 
Angi

4. Swap cabinet hardware

Impact: High | Cost: Low

New handles and pulls can make older cabinets look updated quickly.

Good choices:

Brushed brass for warmth

Matte black for a modern look

Brushed nickel for a timeless style

5. Install a peel-and-stick or tile backsplash

Impact: High | Cost: Low–medium

A backsplash adds personality without changing the layout. In small kitchens, a simple, cohesive design usually works best because busy patterns can make the room feel smaller. 
Real Simple
+1

6. Add a slim rolling cart or mobile island

Impact: High | Cost: Medium

Useful for:

Extra prep space

Coffee stations

Pantry overflow

Appliance storage

Choose one with wheels so it can move when you need floor space. 
Angi

7. Upgrade the faucet

Impact: Medium–high | Cost: Medium

A pull-down faucet with a clean finish can make the whole kitchen feel newer:

Matte black

Stainless steel

Brushed gold

8. Install drawer organizers

Impact: Medium | Cost: Low

Small kitchens benefit from:

Adjustable dividers

Knife inserts

Utensil trays

Spice drawer organizers

They prevent drawers from becoming wasted space. 
Good Housekeeping

9. Add a larger mirror or reflective elements

Impact: Medium | Cost: Low

For very small kitchens:

Glossy backsplash tile

Glass cabinet doors

Reflective finishes

can bounce light around and make the room feel more open.

10. Replace a few “space hogs”

Impact: Very high

Consider:

Compact appliances

Slim trash/recycling bins

Over-the-sink cutting board

Collapsible drying rack

Nesting cookware

Best upgrades by budget

Under $50

Cabinet organizers

LED puck lights

Drawer dividers

Magnetic knife strip

$50–$300

Faucet upgrade

Rolling cart

Better lighting

Backsplash project

$300–$1,000

Pull-out cabinet systems

Countertop refresh

New sink/faucet combo

Custom storage solutions

For the biggest visual transformation in a small kitchen, prioritize:
1) lighting → 2) storage systems → 3) hardware → 4) backsplash → 5) faucet. 
Lowe's
+1

Sources used:
https://www.lowes.com/n/how-to/easy-kitchen-updates

https://www.thisoldhouse.com/kitchens/organization-ideas-for-small-kitchens

https://www.angi.com/articles/small-kitchen-remodel-ideas.htm

https://www.thespruce.com/make-kitchen-drawers-and-cabinets-feel-larger-11998041

https://www.realsimple.com/kitchen-design-choices-that-age-your-home-11928626"
Which affordable bathroom upgrades can I find ?,"Affordable bathroom upgrades can make a big difference without a full remodel. The best value usually comes from small swaps that improve storage, lighting, and the “spa” feel of the space. 
Bob Vila
+1

Under $25: quick wins

Matching soap dispenser + toothbrush holder set — instantly makes counters look cleaner.

Adhesive shower shelves/caddies — adds storage without drilling, especially useful in small bathrooms. 
IKEA

Drawer dividers and under-sink organizers — keeps toiletries, makeup, and cleaning supplies easy to access. 
Real Simple

New bath mat — a plush, neutral mat can make the room feel more comfortable.

Peel-and-stick wallpaper or removable accents — adds personality without permanent changes. 
Today

$25–$75: biggest visual impact

New shower curtain + upgraded hooks — one of the fastest ways to refresh the room. 
Lowe's

High-pressure or handheld showerhead — improves the daily shower experience and is usually simple to install. 
Today
+1

New towel bars, hooks, or toilet paper holder — swapping dated hardware for matte black, brushed nickel, or brass finishes can make a bathroom feel more modern. 
Real Simple

LED vanity bulbs — better lighting can make the bathroom feel brighter and more polished. 
Bob Vila

$75–$200: “looks expensive” upgrades

Large framed mirror upgrade — makes small bathrooms feel larger.

Replace vanity hardware — cabinet pulls are a low-cost way to refresh old cabinets. 
Real Simple

Floating shelves above the toilet — adds useful vertical storage. 
Real Simple

Better storage baskets — matching baskets hide clutter while adding a designer look. 
Real Simple

New faucet (if compatible) — a modern faucet can change the whole vanity area. 
Real Simple

Best “before and after” combination on a budget

For around $100–$150:

New shower curtain

Matching towels + bath mat

Shower caddy

LED bulbs

Updated cabinet pulls

This combination typically creates the biggest style improvement for the least money. 
Lowe's
+1

Sources used:
https://www.realsimple.com/interior-designer-amazon-bathroom-storage-july-2026-12019653

https://www.realsimple.com/how-to-make-your-bathroom-more-stylish-on-a-budget-12006172

https://www.today.com/shop/affordable-bathroom-upgrades-t205020

https://www.bobvila.com/diy/diy-bathroom-projects/

https://www.ikea.com/us/en/cat/bathroom-accessories-10555/

https://www.lowes.com/n/ideas-inspiration/14-bathroom-upgrade-ideas/

https://www.goodhousekeeping.com/home/decorating-ideas/g70410153/inexpensive-bathroom-upgrades-big-impact/"
What  products can help make a bedroom feel more comfortable and polished?,"Products that make a bedroom feel more comfortable and polished usually fall into three areas: softness, atmosphere, and visual cohesion. You don’t need a full makeover—small upgrades can make the room feel more like a boutique hotel. 
Good Morning America
+1

1. Upgrade the bedding (biggest impact)

Quality sheet set (linen, cotton percale, or sateen) for a softer, more finished look

Plush duvet insert + stylish duvet cover to create a layered “hotel bed” feel

Supportive pillows in different sizes (sleep pillows + decorative euro pillows)

Textured throw blanket folded at the foot of the bed

Mattress topper if the mattress feels too firm or worn

Bedding testers and sleep experts consistently focus on materials, comfort, durability, and temperature regulation when evaluating bedroom upgrades. 
Good Housekeeping
+1

2. Add warmer lighting

Matching bedside lamps instead of relying only on overhead lighting

Warm LED bulbs (around 2700K) for a softer evening glow

Smart bulbs for dimming and schedules

Small accent lamp on a dresser or shelf

Layered lighting is one of the easiest ways to make a bedroom feel calmer and more intentional. 
Forbes

3. Make the bed area look more finished

Upholstered headboard (even a simple one can make the room feel elevated)

Bed frame with hidden storage for a cleaner look

Large area rug under the bed to add warmth and softness

Matching nightstands or coordinated bedside tables

4. Improve comfort and relaxation

Blackout curtains or quality window shades for better sleep and a cozier atmosphere

Soft bedside tray for books, glasses, or a water carafe

Essential oil diffuser or subtle room fragrance

Cozy robe/slippers basket

Reading chair or small accent chair if space allows

Blackout shades, upgraded bedding, and improved lighting are frequently mentioned as high-impact bedroom comfort upgrades. 
Reddit

5. Add polished finishing touches

Matching hangers in the closet for a cleaner look

Decorative storage baskets for blankets and clutter

Full-length mirror to make the room feel larger

Large artwork above the bed

Greenery or a realistic faux plant

Cable management box to hide chargers and cords

Best upgrades by budget

Under $50

Warm bedside bulbs

Pillow covers

Throw blanket

Bedside tray

Small lamp

$50–$200

New sheets

Blackout curtains

Area rug

Better pillows

Duvet cover

$200+

Upholstered headboard

Quality mattress topper

Premium bedding set

Storage bed frame

A simple high-impact combination: fresh sheets + layered bedding + warm bedside lighting + blackout curtains + one large rug. It changes both the comfort and the visual feel of the room without requiring a renovation. 
Good Morning America
+1

Sources used:
https://www.goodhousekeeping.com/home-products/a70328937/bedding-awards-2026/

https://www.goodhousekeeping.com/home-products/g71614401/best-bedding-review/

https://www.sleepfoundation.org/best-bedding/best-comforter

https://www.forbes.com/sites/forbes-personal-shopper/article/best-luxury-bedroom-products/

https://www.goodmorningamerica.com/shop/story/best-bedroom-decor-furniture-127479860

https://www.reddit.com/r/BedroomBuild/comments/1ul8fgk/whats_one_bedroom_upgrade_that_made_a_bigger/"
Which home office upgrades  are worth buying for working from home?,"The home office upgrades that are usually worth buying are the ones that improve comfort, ergonomics, focus, and daily convenience rather than just making a desk look nicer. A good upgrade path is: fix your body position first, then improve workflow, then add comfort. 
WorkstationSetup
+1

1. Ergonomic office chair (highest impact)

Worth it because: you may spend 6–10 hours a day in it.

Look for:

Adjustable lumbar support

Adjustable armrests

Seat height and depth adjustment

Breathable materials

Good warranty

Popular choices:

Mid-range ergonomic chairs from brands like Branch, Steelcase, or similar

Premium options like Herman Miller or Steelcase for long-term use 
TechRadar
+1

Budget upgrade: a quality seat cushion or lumbar support can improve an existing chair.

2. Monitor arm or laptop stand

One of the best low-cost upgrades.

Benefits:

Raises your screen to eye level

Reduces neck strain

Frees desk space

Creates a cleaner setup

Good options:

Single/double monitor arms

Adjustable laptop stands paired with an external keyboard 
The Workspace Pro
+1

3. Height-adjustable standing desk

A sit-stand desk is useful if you alternate positions throughout the day.

Look for:

Stable frame

Quiet motor

Enough surface area for your monitor setup

Cable management

Popular picks include FlexiSpot, UPLIFT, and similar adjustable desks. 
TechRadar

Skip: expensive desks if your chair and screen position are still poor.

4. Better lighting

A good lamp can make your workspace feel dramatically better.

Consider:

Adjustable LED desk lamp

Monitor light bar

Warm ambient lighting behind your desk

Benefits:

Less eye strain

Better video calls

More comfortable evening work

5. External keyboard and mouse

Especially important if you use a laptop.

Worth buying:

Mechanical or low-profile keyboard

Ergonomic mouse or trackball

Wrist support if needed

This lets you position your screen higher without sacrificing typing comfort.

6. Cable management upgrades

Small cost, big visual improvement.

Useful products:

Under-desk cable tray

Cable sleeves

Velcro ties

Power strip mount

A cleaner desk often makes the workspace feel more professional and less distracting. 
Reddit

7. Better webcam and microphone

Worth it if you spend lots of time in meetings.

Upgrade:

External webcam with better lighting performance

USB microphone

Headset with noise cancellation

8. Desk accessories that improve comfort

Good additions:

Footrest

Large desk mat

Monitor riser/shelf

Drawer organizer

Headphone stand

Small plant or decor

Footrests and small ergonomic accessories are frequently mentioned as surprisingly useful upgrades by home-office users. 
Reddit

Best upgrade order by budget
Under $50

Laptop stand

Desk lamp

Cable management

Desk mat

$100–300

Monitor arm

Keyboard + mouse

Better lighting

Footrest

$300–800+

Ergonomic chair

Standing desk

Monitor upgrade

Premium accessories

For most people, the biggest improvement comes from a good chair + proper screen height + better lighting rather than buying lots of small gadgets. 
price.review

Sources:
https://www.sfgate.com/shopping/article/libernovo-omni-pro-ergonomic-chair-review-22346320.php

https://www.techradar.com/news/best-standing-desk

https://www.techradar.com/best/best-office-chairs

https://workstationsetup.com/guides/best-ergonomic-home-office-setup

https://www.theworkspacepro.com/guides/ergonomic-accessories-home-office

https://www.reddit.com/r/homeoffice/comments/1uxu58p/whats_the_one_home_office_upgrade_that_genuinely/"
What are the best  products for improving indoor air quality?,"The biggest indoor air quality improvements usually come from removing airborne particles, controlling humidity, reducing pollutants at the source, and improving ventilation. The most worthwhile products are: 
Consumer Reports
+1

1. HEPA Air Purifier (highest-impact upgrade)

Best for: dust, pollen, pet dander, smoke particles, allergies

Look for:

True HEPA filtration

Activated carbon layer (for odors/VOCs)

CADR rating appropriate for your room size

Quiet sleep mode for bedrooms

Popular picks:

Coway Airmega AP-1512HH Mighty — excellent all-around room purifier

Blueair Blue Pure 211i Max — better for larger rooms

Levoit Core series — good budget option

New York Magazine
+1

2. Indoor Air Quality Monitor

Best for: knowing what actually needs fixing

Tracks:

PM2.5 (fine particles)

CO₂ (ventilation)

VOCs (chemical pollutants)

Humidity

Temperature

Useful brands:

Airthings

Awair

Qingping

A monitor helps avoid buying products you don’t need.

3. Humidity Control Products

Keeping indoor humidity roughly in the 30–60% range can help reduce mold growth and dust-mite issues. 
Consumer Reports

For dry air:

Ultrasonic humidifier

Evaporative humidifier (often easier to maintain)

For damp spaces:

Dehumidifier

Good options:

Midea dehumidifiers — strong performance across room sizes

Honeywell dehumidifiers — good for basements and larger areas

Consumer Reports

4. HVAC Filter Upgrade

If you have central heating/cooling:

Replace disposable filters regularly

Consider a higher-quality pleated filter compatible with your system

Look for:

MERV rating appropriate for your HVAC system

Good airflow balance (too restrictive can strain systems)

5. Vacuum With HEPA Filtration

Best for: homes with pets, carpets, allergies

A HEPA vacuum removes particles that settle on:

Rugs

Upholstery

Mattresses

Floors

Air purifiers only catch particles while they are airborne, so cleaning surfaces still matters. 
Consumer Reports

6. Carbon Monoxide Detector

A must-have safety upgrade.

Choose:

Digital display if possible

Battery backup

Multiple units near sleeping areas and fuel-burning appliances

7. Kitchen Ventilation Upgrade

Cooking can create significant indoor particles.

Useful products:

Strong range hood vented outdoors

Portable window exhaust fan

Carbon-filter cooking hood (when venting is impossible)

8. Mattress & Pillow Covers

Helpful for:

Dust mites

Bedroom allergens

Look for:

Tight-weave allergen barriers

Washable materials

9. Low-VOC Cleaning & Home Products

Reduce chemical pollutants by choosing:

Fragrance-free cleaners

Low-VOC paints

Formaldehyde-reduced furniture/materials

10. Houseplants (nice addition, not a replacement)

Plants can improve the feel of a room, but they generally won’t replace filtration or ventilation products for meaningful air cleaning.

Best value setup for most homes

HEPA air purifier in bedroom/living area

Indoor air quality monitor

Good HVAC filters

Humidity control

HEPA vacuum

This combination usually delivers the biggest improvement per dollar. 
Consumer Reports
+1

Sources:
https://www.consumerreports.org/home-garden/products-to-improve-your-homes-indoor-air-quality-a1121775564/

https://www.consumerreports.org/appliances/air-purifiers/buying-guide/

https://www.hopkinsmedicine.org/health/wellness-and-prevention/air-filters-dehumidifiers-and-humidifiers

https://nymag.com/strategist/article/best-air-purifier.html

https://www.techradar.com/best/the-best-air-purifier-year-for-cleaner-healthier-air-in-the-home"
Which  home products can help lower energy use or utility costs?,"Home products that lower energy use tend to fall into three categories: control wasted energy, improve insulation, and replace inefficient devices. The biggest wins usually come from heating/cooling, lighting, and standby power. 
ENERGY STAR
+1

Highest-impact energy-saving products
1. Smart thermostat

Best for: Lowering heating and cooling bills

Learns schedules or follows routines

Adjusts temperatures when you’re away

Lets you control HVAC remotely

ENERGY STAR-certified models are designed to reduce heating and cooling energy use. 
ENERGY STAR
+1

Popular options:

Google Nest Thermostat

ecobee Smart Thermostat

Honeywell Home smart thermostats 
Consumer Reports

2. ENERGY STAR LED light bulbs

Best low-cost upgrade

Use significantly less electricity than traditional bulbs

Last much longer

Easy to install room by room
ENERGY STAR notes LED bulbs can use up to 90% less energy than standard bulbs. 
ENERGY STAR

3. Smart plugs

Best for reducing “phantom” energy use

Automatically shut off devices on schedules

Cut standby power from TVs, gaming consoles, chargers, and office equipment

Useful for home offices and entertainment centers 
ENERGY STAR

4. Weatherstripping and door draft stoppers

Best cheap comfort upgrade

Seal gaps around doors and windows

Reduce heating and cooling loss

Often costs only a few dollars per opening

5. Thermal curtains or cellular shades

Best for drafty windows

Block summer heat

Keep warm air inside during winter

Helpful in older apartments or homes with inefficient windows

6. Smart power strips

Best for electronics-heavy rooms

Detect when devices enter standby mode

Cut power automatically

Good for:

Gaming setups

Home theaters

Workstations

7. Energy monitoring devices

Best for finding hidden energy drains

Track electricity usage by appliance or circuit

Help identify inefficient devices

Useful if your utility bills seem unexpectedly high

8. Efficient showerheads and faucet aerators

Best for lowering water heating costs

Reduce hot water use

Lower both water and energy bills

Simple upgrade for renters

9. High-efficiency HVAC filters

Best for maintaining HVAC efficiency

Help systems operate properly

Reduce strain from clogged filters

Support better airflow

10. ENERGY STAR appliances

Best when replacing old equipment
Look for ENERGY STAR ratings on:

Refrigerators

Dishwashers

Washers/dryers

Dehumidifiers
Connected ENERGY STAR appliances may also offer smart scheduling and energy management features. 
ENERGY STAR

Best value by budget

Under $25

LED bulbs

Door draft stopper

Weatherstripping

Faucet aerators

$25–$100

Smart plugs

Smart power strips

Thermal curtains

Basic energy monitor

$100–$300

Smart thermostat

Better window coverings

Advanced energy monitoring

Biggest long-term savings

Smart thermostat

Air sealing/weatherproofing

Insulation improvements

Efficient appliances

LED lighting

Sources used:
https://www.energystar.gov/products/energy_star_home_upgrade/smart_thermostats

https://www.energystar.gov/products/smart_home_tips

https://www.energystar.gov/products/recent_program_updates/low-no-cost-tips

https://www.consumerreports.org/appliances/thermostats/best-smart-thermostats-of-the-year-a4768074255/"
What are the best home security upgrades available ?,"The best home security upgrades are the ones that deter intruders, detect problems quickly, and make it easy to respond. A strong setup usually combines physical improvements with smart technology. 
SafeWise
+1

1. Video Doorbell Camera (High impact, easy install)

Best for: Front-door security, deliveries, visitors

Look for:

2K+ video resolution

Night vision

Package detection

Two-way talk

Local storage option if you want fewer subscriptions

Popular options:

Ring Video Doorbells

Arlo Video Doorbell

Eufy Video Doorbells

Aqara Video Doorbells

Video doorbells remain one of the most practical security upgrades because they provide both recording and real-time alerts. 
TechRadar

2. Outdoor Security Cameras

Best for: Monitoring entrances, yards, garages, and blind spots

Good upgrades include:

Motion-triggered recording

Person/vehicle detection

Floodlight cameras

Weather resistance

Local recording options

Top choices often include:

Ring outdoor cameras

Arlo cameras

Reolink systems

Eufy cameras

Expert testing guides continue to highlight camera systems with reliable detection, storage flexibility, and strong app experiences. 
TechRadar

3. Smart Lock + Reinforced Door Hardware

Best for: Preventing unauthorized entry

Upgrade:

Old deadbolts → high-quality smart deadbolt

Weak strike plates → reinforced strike plates

Short screws → longer security screws

Useful features:

Keypad entry

Temporary guest codes

Auto-locking

Door activity alerts

Smart locks can add convenience, but improving the physical door hardware is equally important. 
The Verge
+1

4. Full Home Alarm System

Best for: Whole-home protection

Consider:

Door/window sensors

Motion sensors

Glass-break sensors

Loud siren

Cellular backup

Professional monitoring

Popular systems:

SimpliSafe

Ring Alarm

ADT

Vivint

Abode

For many households, a monitored system offers the biggest overall security improvement because it combines detection with emergency response options. 
SafeWise

5. Smart Outdoor Lighting

Best for: Deterring unwanted activity

Install:

Motion-activated floodlights

Path lighting

Garage lighting

Entryway lighting

A well-lit exterior reduces hiding spots and improves camera visibility.

6. Window Security Upgrades

Affordable improvements:

Window sensors

Security film

Better locks

Reinforced basement window covers

Glass-break alarms

7. Smart Smoke + Carbon Monoxide Detectors

Best for: Safety beyond burglary

Features:

Phone alerts

Voice warnings

Interconnected alarms

Battery monitoring

8. Garage Security Upgrades

Often overlooked:

Smart garage controller

Garage door sensor

Interior camera

Door reinforcement hardware

Automatic closing schedules

Best Upgrade Packages by Budget
Under $100

Motion lights

Better door screws/strike plate

Window sensors

Basic smart doorbell sale model

$100–$500

Video doorbell

Smart lock

2–3 cameras

DIY alarm kit

$500+

Full alarm system

Professional monitoring

Multiple outdoor cameras

Smart locks + lighting + sensors

Best Overall Combination

For most homes, the biggest improvement comes from:

Video doorbell

Reinforced entry doors

Smart lock

Outdoor cameras

Alarm sensors + monitoring

Motion lighting

This combination gives visible deterrence, evidence collection, and faster response.

Sources used:
https://www.safewise.com/home-security-systems/best/

https://www.techradar.com/home/home-security/best-video-doorbell

https://www.techradar.com/news/best-home-security-camera

https://www.theverge.com/tech/963100/schlage-sense-pro-review-apple-home-key-uwb-handsfree-unlock"
Which  tools and supplies are best for beginner DIY projects?,"For beginner DIY projects, the best approach is to build a small, versatile toolkit rather than buying a huge set. Most first projects—hanging shelves, assembling furniture, painting, repairing fixtures, and simple upgrades—can be handled with a core group of hand tools plus a few power tools. 
Harbor Freight
+1

Essential beginner DIY toolkit
1. Measuring & marking tools (buy first)

25 ft tape measure — measuring furniture, walls, lumber

Torpedo level — hanging shelves, pictures, cabinets

Speed square — marking straight cuts and angles

Pencil + permanent marker — quick project marking

2. Basic hand tools

Claw hammer — nails, small repairs, hanging items

Multi-bit screwdriver set — Phillips, flathead, Torx, etc.

Adjustable wrench — plumbing and hardware jobs

Pliers set

Slip-joint pliers

Needle-nose pliers

Locking pliers

Utility knife + replacement blades

Hex key (Allen key) set — furniture assembly

A basic hammer, screwdriver set, pliers, wrench, tape measure, and level form the foundation of most household DIY kits. 
The Home Depot

Best first power tools
1. Cordless drill/driver ⭐

The most useful beginner power tool.
Use it for:

Installing shelves

Hanging TVs

Building furniture

Drilling pilot holes

Driving screws

Look for:

18V/20V battery platform

Brushless motor if budget allows

Two batteries if possible

2. Random orbital sander

Great for:

Refinishing furniture

Smoothing wood

Preparing surfaces for paint

3. Jigsaw

Useful for:

Cutting plywood

Small woodworking projects

Custom shapes

A drill, sander, and jigsaw are commonly recommended as versatile first power tools for new DIYers. 
Ideal Home

Supplies worth keeping on hand
Fasteners

Assorted screws

Wall anchors

Nails

Picture hanging hooks

Washers

Zip ties

Repair supplies

Wood glue

Super glue

Epoxy putty

Painter’s tape

Electrical tape

Duct tape

Sandpaper (various grits)

Painting supplies

Paint brushes

Small rollers

Roller covers

Paint tray

Drop cloth

Caulk gun

Paint scraper

Safety gear

Safety glasses

Work gloves

Dust mask/respirator

Ear protection

First-aid kit

Safety equipment is often overlooked but is considered part of a complete beginner DIY setup. 
Harbor Freight

Helpful upgrades after you gain experience

Oscillating multi-tool

Circular saw

Clamps

Stud finder

Shop vacuum

Brad nailer

Impact driver

Beginner-friendly brands to consider

Budget: Ryobi, Craftsman, Hart

Mid-range: DeWalt, Milwaukee, Makita, Bosch

Hand tools: Stanley, Husky, Kobalt, Craftsman

A practical starter budget

$50–$100:
Basic hand tools + supplies

$200–$400:
Hand tools + cordless drill + accessories

$500+:
A serious beginner setup with drill, saw, sander, storage, and accessories

For most people, a good cordless drill, quality hand tools, measuring tools, safety gear, and consumables will provide the biggest return before buying specialized equipment. 
This Old House
+1

Sources used:
https://selenebuildsthings.com/2026/06/13/best-beginner-diy-tools/

https://www.harborfreight.com/guides-news/buying-guides/must-have-tools-for-new-homeowners-buying-guide

https://www.popularmechanics.com/home/g46267793/best-tool-sets/

https://www.thisoldhouse.com/tools/recommendations-for-new-homeowners

https://www.homedepot.com/c/ab/must-have-tools-for-homeowners/9ba683603be9fa5395fab90de15afdd

https://www.bobvila.com/reviews/best-home-tool-kits-2026/"
What are the best  products for refreshing a room without repainting?,"Refreshing a room without repainting is mostly about changing texture, lighting, focal points, and small details. The biggest visual impact usually comes from a few affordable upgrades rather than replacing furniture. 
Good Housekeeping
+1

1. Peel-and-stick wallpaper or wall decals

Best for: bedrooms, offices, entryways, accent walls

Adds color, pattern, or texture without paint

Great options: faux linen, grasscloth, wood panel, botanical prints

Use on one wall, behind a desk, inside shelves, or a fireplace wall

Choose removable versions if you rent or like changing styles 
Today's Woman Directory
+1

2. New lighting (often the biggest transformation)

Best for: making a room feel warmer and more expensive
Try:

Smart LED bulbs with adjustable warmth

Floor lamps for layered lighting

Plug-in wall sconces (no wiring)

Under-shelf or cabinet LED strips
Smart lighting has become a popular upgrade because it can change the mood without changing the room itself. 
TechRadar

3. Updated curtains or window treatments

Best for: instantly making rooms feel taller and softer
Look for:

Floor-length curtains hung closer to the ceiling

Linen-look panels

New curtain rods with decorative finishes

Sheer layers for brighter spaces
Designers often recommend window treatments as an easy renter-friendly upgrade. 
Good Housekeeping

4. Area rug refresh

Best for: living rooms, bedrooms, dining areas
A rug can:

Define a space

Add color and pattern

Cover tired flooring

Make furniture feel more intentional
Washable rugs are especially practical for high-traffic areas. 
Apartment Therapy

5. Throw pillows and blankets

Best for: low-cost seasonal updates
Swap:

Old sofa pillows → textured covers

Plain throws → chunky knit, boucle, or patterned fabrics

Matching sets → mixed textures for a designer look 
Veranda

6. Mirrors

Best for: small or dark rooms
Try:

Oversized leaning mirror

Round decorative mirror

Antique-style mirror

Mirrored furniture accents

Mirrors add light and make spaces feel larger.

7. Artwork and wall decor

Easy upgrades:

Gallery wall kits

Large statement print

Floating shelves

Framed photography

Decorative wall panels

A single oversized piece often has more impact than many small decorations.

8. Plants and planters

Add:

Tall floor plants for empty corners

Hanging plants for vertical space

Stylish ceramic pots

Faux plants if lighting is poor

Greenery adds softness and makes rooms feel more finished.

9. Hardware and small furniture swaps

Low-effort changes:

New cabinet knobs

Updated lamp shades

Decorative trays

New coffee table accessories

Stylish storage baskets

10. Scent upgrades

For a “new room” feeling:

Reed diffuser

Essential oil diffuser

Quality candle

Linen spray

Highest impact for the money

Better lighting

New curtains

Area rug

Peel-and-stick wallpaper accent

Pillows + throw blanket

Large mirror or artwork

Sources used:
https://www.techradar.com/news/best-smart-lighting

https://www.todays-woman.net/2026/home-and-garden/peel-and-stick-wallpaper-trends/

https://www.apartmenttherapy.com/best-new-home-products-2026-37538220

https://www.goodhousekeeping.com/home/decorating-ideas/g70929015/designers-renter-upgrades-worth-it/

https://www.veranda.com/decorating-ideas/advice-from-designers/a71998364/things-interior-designers-want-you-to-get-rid-of-summer/"
Which home upgrades  are easiest to install without professional help?,"The easiest home upgrades to install yourself are usually no-drill, plug-in, peel-and-stick, or simple replacement projects. They can create a noticeable improvement without special tools or professional skills. 
Lowe's
+1

Upgrade	Why it’s easy	Typical install time
Smart light bulbs	Screw into existing sockets; connect through an app	5–15 minutes
Peel-and-stick wallpaper	No paste, paint, or major prep; removable options available	1–3 hours per wall
LED light strips / cabinet lighting	Adhesive backing and simple power connection	15–60 minutes
New cabinet hardware	Swap existing knobs and pulls with a screwdriver	30–90 minutes
Showerhead replacement	Usually a simple unscrew-and-replace job	15–30 minutes
Smart plugs	Plug in and pair with an app	5 minutes
Door hardware upgrades	Replace handles, knobs, or locks using existing holes	30–60 minutes
Faucet aerators	Screw-on efficiency upgrade	5 minutes
Closet organization systems	Modular shelves, bins, hooks, and racks need minimal tools	1–3 hours
Peel-and-stick backsplash tiles	Adhesive-backed tiles refresh kitchens quickly	A few hours
Highest-impact beginner upgrades

1. Lighting upgrades

Smart bulbs

Under-cabinet LEDs

Plug-in floor lamps

Motion-sensor closet lights
These are among the simplest changes because they avoid wiring work. 
PCWorld

2. Hardware swaps
Replacing:

cabinet handles

drawer pulls

bathroom accessories

towel bars

can make an older space look more modern with only basic tools.

3. Peel-and-stick surfaces
Good options:

accent wall wallpaper

backsplash tile

removable hooks

decorative window film

These are especially useful for renters or anyone avoiding permanent changes. 
Lowe's
+1

4. Smart home basics
Beginner-friendly choices:

smart plugs

smart bulbs

battery-powered sensors

plug-in smart speakers

Avoid starting with projects involving electrical wiring, HVAC changes, or running cables through walls. 
ehomeimprovement.us
+1

Upgrades that look professional but are still DIY-friendly

New bathroom mirror

Floating shelves

New curtain rods and curtains

Modern outlet/switch covers

Decorative wall molding kits

New rugs and lighting fixtures (plug-in only)

For the biggest visual payoff with the least effort, a good order is:

Lighting

Hardware

Wall treatments

Storage improvements

Small bathroom/kitchen fixtures

Sources used:
https://www.lowes.com/n/how-to/install-peel-and-stick-tile

https://www.pcworld.com/article/2109185/best-smart-home-devices-for-apartment-dwellers.html

https://www.ehomeimprovement.us/smart-home-projects-you-can-actually-install-yourself

https://honestcasa.com/blog/smart-home-upgrades-guide"
What are the top  home upgrades worth making this year?,"The top home upgrades worth making in 2026 are the ones that improve comfort, energy savings, convenience, and resale appeal rather than just adding trendy features. Current homeowner priorities are heavily focused on long-term value, efficiency, and smart functionality. 
Carrier
+1

1. Upgrade your lighting (high impact, lower cost)

Best buys:

Smart LED bulbs and fixtures

Under-cabinet kitchen lighting

Dimmable recessed lighting

Statement pendant lights

Why it’s worth it: Better lighting can make rooms feel newer without renovation costs and is one of the easiest DIY upgrades.

2. Install a smart thermostat

Best for: Lower bills + better comfort

Look for:

Learning thermostats

Room sensors

Scheduling and energy reports

Heating and cooling improvements remain a major homeowner focus because they can improve comfort while reducing ongoing costs. 
Carrier

3. Improve insulation and air sealing

Best areas:

Attic insulation

Door weather stripping

Window sealing

Basement/crawl-space improvements

These upgrades are often less visible than cosmetic renovations but can have a meaningful effect on comfort and energy use. 
Kiplinger

4. Refresh the kitchen without a full remodel

High-value updates:

New cabinet hardware

Modern faucet

Under-cabinet lighting

New backsplash

Updated countertops if budget allows

Kitchen improvements consistently rank among the most noticeable upgrades for homeowners and buyers. 
Real Simple

5. Add smart home security

Popular upgrades:

Video doorbell

Smart locks

Outdoor cameras

Motion lighting

Smart security is increasingly becoming a practical expectation in modern homes, especially when integrated with other connected devices. 
Forbes

6. Upgrade indoor air quality

Consider:

HEPA air purifier

Better HVAC filters

Humidity control

Ventilation improvements

This is especially valuable for bedrooms, home offices, and allergy-sensitive households.

7. Improve your bathroom’s daily experience

Affordable upgrades:

Rain shower head

Better vanity lighting

Large mirror

Modern fixtures

Heated towel rack

Larger projects:

Walk-in shower

Better storage

Heated floors

8. Create better outdoor living space

Good investments:

Patio improvements

Outdoor lighting

Comfortable seating

Shade solutions

Fire features

Outdoor spaces continue to be popular because they effectively add usable living areas. 
Nj Gold Star Construction

9. Add storage and organization

High-return options:

Closet systems

Garage shelving

Pull-out pantry drawers

Entryway storage benches

Under-bed storage

These upgrades improve everyday function without major construction.

10. Consider energy-resilience upgrades

For homeowners planning larger projects:

Heat pump HVAC

Solar panels

Battery backup

EV charger

Energy-efficient appliances

Energy-efficient and smart-home improvements are among the fastest-growing areas of home improvement spending. 
Grand View Research

Best upgrade order by budget

Under $100

LED lighting

Smart plugs

New hardware

Weather stripping

Better shower fixtures

$100–$1,000

Smart thermostat

Security cameras

Closet systems

Air purifier

Lighting upgrades

$1,000+

HVAC improvements

Kitchen updates

Window upgrades

Solar/battery systems

Bathroom renovations

For the biggest everyday impact, the strongest combination is usually: better lighting + smart thermostat + storage improvements + kitchen/bathroom refreshes.

Sources used:
https://www.carrier.com/us/en/news/carrier-finds-over-half-of-us-homeowners-plan-2026-home-improvements/

https://www.forbes.com/sites/jamiegold/2025/12/09/2026-home-improvement-trends-top-6-takeaways-for-your-home/

https://www.realsimple.com/real-estate-experts-agree-these-kitchen-upgrades-boost-your-home-s-value-12006483

https://www.houzz.com/magazine/8-home-remodeling-trends-to-watch-in-2026-stsetivw-vs~184900545

https://www.grandviewresearch.com/industry-analysis/us-home-improvement-market-report"
Which hidden-gem home products should I look for ?,"Hidden-gem home products are usually the ones that solve small daily annoyances rather than flashy upgrades. These are worth looking for because they can improve comfort, organization, or convenience without a major renovation. 
Good Housekeeping
+1

1. Motion-sensor cabinet lights

Best for: kitchens, closets, bathrooms, hallways

Stick-on LED lights that turn on automatically

Make dark cabinets and drawers much easier to use

A low-cost way to make a home feel more polished 
Real Simple

2. Smart plugs with energy monitoring

Best for: reducing wasted electricity

Track energy use from appliances

Automate lamps, coffee makers, fans, and chargers

One of the most useful “small smart home” upgrades according to many smart-home enthusiasts 
Reddit

3. Under-sink pull-out organizers

Best for: kitchens and bathrooms

Turn messy cabinets into usable storage

Makes cleaning supplies, toiletries, and cookware easier to access

Organization experts frequently recommend targeted organizers rather than adding more storage furniture 
Consumer Reports

4. Magnetic screen doors

Best for: patios and apartments

Lets fresh air in while keeping bugs out

Installs without major hardware

Especially useful for renters

5. Rechargeable motion night lights

Best for: bedrooms and stairs

No wiring needed

Great for midnight trips to the bathroom or kids’ rooms

Easy to move as your needs change

6. Cord management systems

Best for: desks, entertainment centers, kitchens
Look for:

Cable boxes

Adhesive cable clips

Under-desk trays
A tidy cable setup can make a room look noticeably more expensive.

7. Roll-up over-the-sink drying racks

Best for: small kitchens

Creates temporary counter space

Useful for drying dishes, washing produce, or placing hot pans

A simple space-saving tool highlighted among clever low-cost home finds. 
Real Simple

8. Drawer dividers with adjustable sections

Best for: junk drawers, kitchens, bathrooms

Prevents small items from becoming clutter

More flexible than fixed organizers

Often recommended by professional organizers. 
NBC News

9. Smart water leak sensors

Best for: protecting your home

Alerts you early about leaks near sinks, washers, water heaters

Small purchase that can prevent expensive damage

Smart-home awards increasingly highlight practical safety devices alongside entertainment gadgets. 
Tom's Guide

10. Window insulation film kits

Best for: older homes and apartments

Helps reduce drafts

Can improve comfort near windows

Useful seasonal upgrade without replacing windows

11. Velvet slim hangers

Best for: closets

Create more hanging space

Make closets look instantly cleaner

A surprisingly high-impact organization upgrade. 
Reddit

12. A compact handheld vacuum

Best for: daily cleanup

Easier than pulling out a full vacuum

Great for crumbs, cars, couches, and stairs

One of those “use it every day” tools that often gets overlooked.

13. Reusable silicone storage bags

Best for: kitchens

Replace disposable bags

Useful for meal prep, leftovers, and freezer storage

Helps reduce kitchen clutter.

14. Smart curtain openers

Best for: hard-to-reach windows

Automate opening and closing curtains

Can improve natural light habits

Some smart-home users specifically call curtain openers an underrated upgrade. 
Reddit

15. A quality label maker

Best for: long-term organization

Pantry, storage bins, cables, closets

Makes systems easier for everyone in the household to maintain 
Reddit

Best “hidden gem” picks by impact:

Under $25: motion lights, drawer dividers, cable clips

Under $50: smart plugs, handheld vacuum, leak sensors

Biggest visual improvement: closet hangers, lighting upgrades, storage organizers

Best renter-friendly finds: magnetic screen door, stick-on lights, smart plugs

Sources used:
https://www.realsimple.com/clever-amazon-products-under-10-july-2026-12015799

https://www.realsimple.com/lazy-girl-amazon-upgrades-july-2026-12018832

https://www.consumerreports.org/home-garden/home-organization/home-organization-pros-favorite-storage-products-a8246411420/

https://www.nbcnews.com/select/shopping/best-amazon-organization-products-home-ncna1304466

https://www.tomsguide.com/home/smart-home/toms-guide-smart-home-awards-2026

https://www.reddit.com/r/smarthome/comments/1roqwqt/whats_the_most_underrated_smart_home_device_you/

https://www.reddit.com/r/organizing/comments/1rzhbza/whats_the_absolute_best_organization_product/

https://www.reddit.com/r/homeoffice/comments/1uwc2gd/whats_one_home_organization_purchase_under_30/"
What are the best  products for outdoor entertaining?,"The best outdoor entertaining products are the ones that make hosting easier: better seating, easier food prep, comfortable temperatures, good lighting, and fewer trips inside. These are the upgrades that tend to get used repeatedly. 
Bob Vila
+1

1. Comfortable outdoor seating (biggest impact)

Deep-seat patio sofa or modular sectional — creates a “living room outside” feel.

Weather-resistant lounge chairs — ideal for flexible seating.

Outdoor cushions with quick-dry foam — makes inexpensive furniture feel much more premium.

Outdoor rug — defines the entertaining area and makes it feel finished. 
Homes and Gardens

Good materials to look for:

Powder-coated aluminum (low maintenance)

Teak (classic and durable)

HDPE/poly lumber (very weather resistant) 
Forbes

2. Outdoor cooking upgrades

Portable pizza oven — one of the best “conversation starter” purchases; guests can customize their own pizzas.

Gozney Arc XL

Solo Stove Pi Prime Pizza Oven

Quality gas grill or griddle — more versatile than a basic grill.

Grill prep cart — adds workspace and storage.

Meat thermometer with wireless probes — lets you socialize while cooking. 
Bob Vila

3. Lighting that changes the atmosphere

Solar string lights — easy installation, instant ambiance.

Permanent outdoor LED lighting — great for frequent hosting.

Table lanterns or rechargeable lamps — add warmth without wiring. 
HGTV

4. Beverage stations

Rolling cooler cart — keeps drinks accessible and reduces kitchen traffic.

Large insulated drink dispenser — perfect for lemonade, iced tea, cocktails, or water.

Outdoor-rated beverage fridge — worth it for frequent entertainers. 
HGTV

Popular cooler upgrades:

Ninja FrostVault 45-Quart Wheeled Cooler

Coleman Snap ‘N Go Collapsible Hard Cooler

5. Shade and weather comfort

Large cantilever umbrella — flexible shade without a center pole.

Shade sail — stylish for larger patios.

Outdoor fan or misting fan — extends usable hours during hot weather.

Patio heater or fire pit — makes evenings comfortable in cooler months. 
Southern Living
+1

6. Entertainment upgrades

Portable Bluetooth speaker designed for outdoors

Outdoor TV or projector setup

Outdoor games

Cornhole

Giant Jenga

Bocce

Ring toss

7. Hosting convenience products

Melamine dinnerware sets (looks better than disposable plates)

Outdoor-safe wine glasses

Stackable serving trays

Waterproof storage deck box

Bug-repelling candles or discreet mosquito solutions 
Bob Vila

Best value upgrades (under ~$100)

Solar string lights

Outdoor rug

Rechargeable table lamps

Beverage dispenser

Outdoor serving trays

Throw pillows/cushions

Portable speaker

“Feels expensive” outdoor setup

If you want the biggest visual transformation:

Modular seating

Warm lighting

Outdoor rug

Fire pit

Drink station

Pizza oven or grill upgrade

Those six additions can make even a modest patio feel like a dedicated entertaining space. 
Apartment Therapy

Sources:
https://www.bobvila.com/reviews/best-outdoor-living-products-2026/

https://www.hgtv.com/shopping/outdoors/best-outdoor-summer-entertaining-essentials

https://www.forbes.com/sites/forbes-personal-shopper/article/best-patio-furniture/

https://www.apartmenttherapy.com/best-outdoor-furniture-patio-products-2026-37558314

https://www.southernliving.com/amazon-patio-cooling-solutions-july-2026-12015759"
Which patio upgrades are best for creating a comfortable seating area?,"The best patio upgrades for creating a comfortable seating area focus on making the space feel like an outdoor living room: better seating, softness, shade, lighting, and convenience.

Maison Backyards Modular Outdoor Patio Conversation Set
$1,029.00•13-piece outdoor patio set with navy cushions, seats 10.
Crestlive Outdoor Couch Cushion Set
$208.00•Light gray outdoor cushion set for comfort and style.
Greendale Home Fashions Sunbrella Deep Seat Cushion Set
$149.75•Deep seat cushions with Sunbrella fabric for durability.
Latitude Run Outdoor Patio Furniture Set with Cushions
$670.00•Stylish outdoor furniture set with upgraded cushions.
1. Upgrade the seating first

Highest impact improvement: replace basic chairs with deep, lounge-style seating.

Look for:

Deep-seat sectionals for relaxing and entertaining

Weather-resistant wicker, aluminum, or teak frames

Thick cushions (around 4–6 inches) for comfort

Modular pieces you can rearrange

A conversation set creates a more social layout than scattered chairs.

2. Add premium outdoor cushions

If your furniture is still in good shape, new cushions can make it feel brand new.

Good upgrades:

High-density foam cushions

Fade-resistant outdoor fabrics

Removable, washable covers

Coordinated pillows for a layered look

Deep-seat cushion replacements can dramatically improve comfort without replacing the entire setup.

3. Add an outdoor rug

An outdoor rug:

Defines the seating zone

Makes concrete or decking feel warmer

Adds color and texture

Helps the patio feel like a room

Choose polypropylene or other weather-resistant materials for easy cleaning.

4. Install layered lighting

Comfortable patios need more than a single porch light.

Consider:

String lights overhead for ambiance

Solar pathway lights around edges

Lanterns or LED candles on tables

Adjustable outdoor lamps for reading

5. Create shade and weather protection

Make the seating usable throughout the day with:

Cantilever umbrella

Pergola canopy

Outdoor curtains

Retractable shade sail

Shade often makes a bigger comfort difference than adding more furniture.

6. Add small comfort upgrades

Affordable additions that make the area feel finished:

Outdoor side tables for drinks and snacks

Throw pillows made for outdoor use

Storage bench for cushions

Outdoor blankets for cool evenings

Portable fire pit or tabletop heater (where permitted)

7. Improve the layout

A comfortable patio usually follows a few rules:

Face chairs toward each other, not just toward the yard

Leave enough walking space around furniture

Put a table within reach of every seat

Keep the seating area visually anchored with a rug, planter, or lighting

Best value order of upgrades:

Cushions or better seating

Outdoor rug

Shade solution

Lighting

Side tables and accessories

Sources used:
https://www.porchandfire.com/blog/spring-patio-refresh-upgrades-under-100

https://www.homedepot.com/p/Jordan-Manufacturing-44-in-L-x-18-in-W-x-4-in-T-Gallan-Cedar-Outdoor-Rectangular-Wicker-Cushion-Set-with-1-Bench-and-2-Seat-Cushions-9900PK1-6412D/326653891

https://www.homedepot.com/p/Crestlive-Products-4-Pieces-Outdoor-Couch-Cushion-in-Light-Gray-27-6-in-x-24-4-in-x-4-5-in-Patio-Seat-Cushions-with-Removable-Cover-CL-LGYCU115-4/342419320

https://www.homedepot.com/p/Greendale-Home-Fashions-Sunbrella-Canvas-Aruba-24-in-x-24-in-2-Piece-Deep-Seating-Outdoor-Lounge-Chair-Cushion-Set-SC7830-ARUBA/319212404"
What are the best  products for preparing a backyard for summer?,"Preparing a backyard for summer is easiest when you focus on cleaning, comfort, shade, lighting, and entertaining. These are some of the most useful upgrades to make before the season starts. 
Bob Vila
+1

1. Deep-cleaning & maintenance essentials

Pressure washer – Quickly refresh patios, decks, fences, outdoor furniture, and walkways.

Outdoor surface cleaner – Helps remove mildew, algae, and winter buildup.

Leaf blower – Makes quick work of leaves, grass clippings, and debris.

Garden hose with adjustable nozzle – Useful for cleaning and watering.

Deck stain or sealant – Protects wood surfaces before heavy summer use. 
Bob Vila

2. Lawn and garden preparation

Quality lawn fertilizer – Helps revive grass after winter.

Smart irrigation controller or hose timer – Keeps watering consistent while reducing waste. 
Bob Vila

Raised garden beds or planters – Add flowers, herbs, or vegetables without major landscaping.

Hand tools set – Pruners, gloves, weeder, and trowel cover most basic yard tasks.

Mulch – Improves garden appearance and helps retain soil moisture.

3. Shade and cooling upgrades

Large patio umbrella – One of the fastest ways to make outdoor areas usable during hot afternoons.

Shade sail – Covers larger areas with a cleaner, modern look.

Outdoor misting fan – Adds airflow and cooling for patios and gatherings. 
Southern Living
+1

Outdoor curtains – Provide privacy and block late-day sun.

4. Make the backyard comfortable

Weather-resistant outdoor cushions – Upgrade existing chairs without replacing furniture.

Outdoor rug – Makes patios feel more like an extension of the home and helps define seating areas. 
Bob Vila

Storage deck box – Keeps cushions, toys, gardening supplies, and grilling accessories protected. 
Bob Vila

Hammock or lounge chair – Adds a dedicated relaxation spot. 
Bob Vila

5. Summer entertaining upgrades

Rolling cooler or beverage cart – Keeps drinks accessible while hosting.

Grill cleaning kit – Helps prepare your barbecue setup.

Outdoor serving trays and unbreakable dinnerware – Better for parties and family meals.

Portable speaker – Adds music without complicated installation.

Fire pit – Extends backyard use into cooler evenings. 
Bob Vila

6. Lighting and ambiance

Solar pathway lights – Improve safety around walkways.

Outdoor string lights – Add inexpensive evening atmosphere. 
People.com
+1

Solar lanterns – Easy decorative lighting without wiring.

Motion-sensor floodlights – Improve security and visibility. 
Tom's Guide

7. Pest-control essentials

Mosquito repellent system – Useful for patios and dining areas. 
Bob Vila

Citronella candles or torches – Simple option for occasional gatherings.

Bug screens for gazebos or pergolas – Create a more comfortable outdoor room.

Best “big impact” starter bundle

If you only buy a few things:

Pressure washer

Patio umbrella or shade sail

Outdoor cushions + rug

String lights

Storage deck box

Rolling cooler

Smart hose timer

These upgrades usually make a backyard feel cleaner, more comfortable, and ready for hosting without requiring a major renovation. 
Bob Vila
+1

Sources:
https://www.bobvila.com/reviews/best-outdoor-living-products-2026/

https://www.consumerreports.org/home-garden/outdoor-projects-maintenance-living-guide-a5555488312/

https://www.bobvila.com/reviews/10-things-to-add-to-your-backyard-before-summer/

https://www.southernliving.com/amazon-patio-cooling-solutions-july-2026-12015759

https://www.tomsguide.com/best-picks/best-solar-lights"
Which home improvement items  are useful during winter?,"Useful winter home improvement items generally fall into four categories: keeping heat in, preventing damage, improving comfort, and preparing for storms. 
The Weather Channel
+1

1. Draft-proofing products (high impact, low cost)

Weatherstripping for doors and windows – seals air leaks around frames and reduces cold drafts. 
The Home Depot
+1

Door draft stoppers / door sweeps – block cold air entering under doors. 
Consumer Reports

Window insulation film kits – create an extra barrier on older or drafty windows. 
Better Homes & Gardens

Caulk and insulating spray foam – useful for cracks around trim, pipes, and small openings. 
The Home Depot

2. Heating efficiency upgrades

Smart thermostat – helps automate heating schedules and can improve energy management. ENERGY STAR-certified models are designed to help reduce heating and cooling energy use. 
ENERGY STAR

HVAC air filters – replace clogged filters to help heating systems operate properly. 
Southern Living

Insulated curtains or thermal blinds – add another layer against cold windows. 
Better Homes & Gardens

Area rugs and floor mats – make cold floors more comfortable and reduce heat loss from bare flooring. 
WIRED

3. Pipe and moisture protection

Pipe insulation sleeves – help protect exposed pipes from freezing and reduce heat loss. 
Southern Living

Leak sensors – alert you to water issues before frozen or burst pipes cause major damage.

Humidifier – adds moisture to dry winter air, improving comfort in heated homes.

4. Winter safety essentials

Carbon monoxide detectors with battery backup – important for homes using gas appliances, fireplaces, or furnaces. 
The Weather Channel
+1

Smoke detector replacements/batteries – ensure alarms work during heating season. 
Southern Living

Fireplace/chimney maintenance supplies – help keep wood-burning systems safer. 
Southern Living

5. Snow and ice preparation

Quality snow shovel

Ice melt or traction products

Roof rake (for heavy snow areas)

Outdoor faucet covers

Backup power equipment (where appropriate)
These help protect entrances, walkways, and exterior systems during storms. 
The Weather Channel

Best value winter upgrades for most homes

Door weatherstripping + draft stopper

Window insulation film

Smart thermostat

Pipe insulation

Thermal curtains

Carbon monoxide detector upgrade

These tend to provide noticeable comfort improvements without requiring a major renovation. 
The Home Depot
+1

Sources:
https://weather.com/atmosphere/reviews/best-winter-products-for-home-and-car

https://corporate.homedepot.com/news/sustainability/energy-saving-tips

https://www.consumerreports.org/home-garden/energy-efficiency/how-to-cut-home-heating-costs-this-winter-a2699461742/

https://www.energystar.gov/products/energy_star_home_upgrade/smart_thermostats

https://www.lowes.com/n/how-to/weather-strip-your-doors/"
What are the best  upgrades for maximizing space in a small home?,"The best small-home upgrades focus on using hidden space, going vertical, and adding furniture that serves multiple purposes. The biggest wins usually come from improving storage without making rooms feel crowded. 
Apartment Therapy
+1

1. Install a custom closet system

Best for: Bedrooms, entry closets, linen closets

Add double hanging rods

Use adjustable shelves and drawers

Add door-mounted organizers

Use vertical space all the way to the ceiling

A well-planned closet can dramatically increase usable storage without expanding the room. 
Architectural Digest

2. Upgrade to multifunctional furniture

Best for: Living rooms, studios, guest rooms
Look for:

Storage ottomans

Beds with built-in drawers

Lift-top coffee tables

Fold-down desks

Expandable dining tables

Furniture that combines storage and function reduces the need for extra pieces. 
Architectural Digest

3. Add wall-mounted storage

Best for: Small kitchens, offices, bathrooms
Examples:

Floating shelves

Wall rails with hooks

Pegboards

Mounted cabinets

Using vertical surfaces keeps floors open and makes rooms feel larger. 
Architectural Digest

4. Maximize kitchen cabinet space

High-impact additions:

Pull-out cabinet drawers

Corner cabinet organizers

Shelf risers

Drawer dividers

Magnetic spice racks

Small kitchen organizers can make existing cabinets much more usable. 
Food & Wine

5. Use underutilized spaces

Great upgrades include:

Under-bed storage drawers

Over-door racks

Stair storage drawers (if applicable)

Narrow rolling carts between appliances or cabinets

These areas often provide storage without taking away living space. 
Ideal Home

6. Replace bulky furniture with space-efficient versions

Consider:

Slim shoe cabinets instead of open racks

Narrow consoles instead of deep cabinets

Wall-mounted TVs instead of entertainment centers

Armless sofas or modular seating

Reducing furniture depth can noticeably improve movement through small rooms.

7. Create hidden storage zones

Useful upgrades:

Storage benches near entrances

Mirrors with hidden cabinets

Built-in window seats

Storage headboards

Hidden storage helps keep clutter out of sight, making compact spaces feel calmer. 
DesignCafe

8. Add a smart entryway setup

A small entry upgrade can prevent clutter:

Wall hooks

Slim shoe cabinet

Key organizer

Bench with shoe storage

Coat rack

Entry areas often become clutter hotspots in smaller homes. 
Real Simple

Best value upgrades by budget

Under $50

Drawer organizers

Door hooks

Shelf risers

Storage bins

Magnetic organizers

$50–$300

Closet system upgrade

Rolling kitchen cart

Storage ottoman

Floating shelves

$300+

Built-in closet storage

Murphy bed

Custom cabinetry

Built-in shelving

For most small homes, the highest-impact combination is: closet upgrade + multifunction furniture + vertical storage + better kitchen organization. 
Architectural Digest
+1

Sources:
https://www.apartmenttherapy.com/small-space-storage-ideas-268691

https://www.architecturaldigest.com/gallery/small-closet-storage-ideas

https://www.architecturaldigest.com/story/storage-ideas-for-small-spaces

https://www.designcafe.com/blog/home-interiors/small-apartment-storage-ideas/

https://www.foodandwine.com/amazon-youcopia-kitchen-cabinet-organizer-12016516

https://www.realsimple.com/amazon-best-selling-storage-organizer-deals-july-2026-12015102"
Which multifunctional furniture and storage products are worth buying ?,"The best multifunctional furniture pieces are the ones that replace a separate item without adding daily inconvenience. Prioritize pieces that combine storage, seating, sleeping, or workspace functions you will actually use. 
The Home Trotters -
+1

1. Storage ottomans (best overall value)

Best for: living rooms, bedrooms, entryways

Why they’re worth it:

Hide blankets, pillows, toys, games, or electronics

Work as a footrest, extra seat, and sometimes a coffee table

Easy upgrade without remodeling

Look for:

Hinged lids that open easily

Strong enough construction to sit on

Removable/washable covers if used heavily 
Sarah Lee And Johnny

2. Lift-top coffee tables

Best for: small apartments and work-from-home spaces

Useful because they become:

A laptop desk

Dining surface

Hidden storage cabinet

Good features:

Smooth lift mechanism

Storage compartment underneath

Enough surface area for meals or work 
Cloudways Apps

3. Sofa beds with built-in storage

Best for: guest rooms, studios, multipurpose rooms

A good model gives you:

Everyday seating

Guest sleeping space

Storage for bedding

Worth buying if you frequently host guests; avoid cheap models that prioritize appearance over mattress comfort. 
Koala
+1

4. Storage beds / platform beds with drawers

Best for: bedrooms lacking closet space

They can store:

Seasonal clothing

Luggage

Extra bedding

Shoes

Look for:

Full-extension drawers

Solid frame construction

Easy access storage (not just a tiny gap underneath)

5. Expandable dining tables

Best for: small kitchens or apartments

Benefits:

Compact daily footprint

Expands for guests

Can double as a workspace

Choose:

Durable extension hardware

A size that works both expanded and closed 
interiornote

6. Modular shelving systems

Best for: changing spaces

Useful as:

Bookshelves

Room dividers

Media storage

Home office organization

The advantage is adaptability—you can reconfigure them when your needs change. 
Ideal Home

7. Wall-mounted or fold-down desks

Best for: small homes and remote work

They provide:

A dedicated workspace when needed

Clear floor space when folded away

Best features:

Cable management

Built-in shelves

Sturdy mounting system

8. Storage benches

Best for: entryways, bedrooms, mudrooms

They combine:

Seating

Shoe storage

Bag/coat organization

A particularly high-impact upgrade for small homes because they solve clutter where it starts. 
Better Homes & Gardens

9. Nesting tables

Best for: flexible entertaining

Why they work:

Multiple surfaces when needed

Stack away neatly when not needed

Easier to move than large coffee tables 
Creativ-Space

10. Murphy beds with desks or shelving

Best for: studios and very small rooms

Most worthwhile when:

A room must serve multiple purposes

You need a guest room + office combination

They have higher upfront cost but can dramatically improve usable floor space. 
interiornote

Best buys by priority
Goal	Best purchase
Maximum storage for low cost	Storage ottoman
Small apartment upgrade	Lift-top coffee table
Guest-ready home	Sofa bed with storage
Bedroom organization	Storage bed
Work-from-home flexibility	Fold-down desk
Hosting more people	Expandable dining table
Major space transformation	Murphy bed

For most homes, the highest-return purchases are a storage ottoman, lift-top coffee table, storage bed, and modular shelving because they add function every day without requiring lifestyle changes. 
Cloudways Apps
+1

Sources used:
https://www.tomsguide.com/home/ikeas-new-collection-is-designed-for-frequent-movers-im-excited-about-how-portable-and-affordable-it-is

https://interiornote.org/posts/multifunctional-furniture-compared/

https://thehometrotters.org/multi-functional-furniture-types-benefits/

https://quietlanehouse.org/articles/choosing-multifunctional-furniture-small-spaces/

https://www.idealhome.co.uk/living-room/best-modular-sofas

https://www.realsimple.com/sleeper-chair-sleeper-sofas-wayfair-july-2026-12014925

https://us.koala.com/blogs/treetops/best-sofa-beds-built-in-charging"
What  home upgrades are best for families with children?,"For families with children, the best home upgrades usually improve safety, storage, flexibility, and durability. The most worthwhile projects are those that make daily routines easier now while still working as kids grow. 
The Spruce
+1

1. Built-in storage and organization systems

Best for: Reducing clutter and keeping toys, school supplies, and gear manageable.

Ideas:

Mudroom bench with hooks and cubbies

Built-in living room cabinets

Under-stair drawers

Closet systems with adjustable shelves

Garage wall storage for bikes and sports equipment

Why it’s worth it:

Keeps high-traffic areas cleaner

Reduces tripping hazards

Adapts from toy storage to books, electronics, and hobby supplies as children grow 
Easy Storage Search
+1

2. Kid-friendly flooring upgrades

Best for: Play areas and busy households.

Consider:

Luxury vinyl plank (durable, water-resistant)

Cork flooring (softer and warmer)

Easy-clean area rugs

Scratch-resistant finishes

Benefits:

Handles spills and accidents

More comfortable for crawling and playing

Easier maintenance than delicate materials

3. A functional mudroom or entryway

Best for: Families dealing with shoes, backpacks, coats, and outdoor gear.

Useful features:

Individual hooks for each child

Shoe drawers or baskets

Washable mats

Seating for putting on shoes

Storage for seasonal items

This is one of the highest-impact family upgrades because it improves the daily “drop zone.”

4. Safer kitchen improvements

Best for: Families who spend lots of time cooking together.

Upgrades:

Rounded countertop edges

Soft-close drawers and cabinets

Drawer locks for hazardous items

Pull-out pantry storage

Induction cooktop

Better lighting over counters

Modern family-focused renovations often prioritize kitchens that allow visibility and safer interaction with children. 
The Spruce

5. Flexible rooms that change over time

Best for: Growing families.

Examples:

Guest room + playroom combination

Wall beds

Convertible desks

Modular shelving

Basement family room

A flexible room can become:

Nursery → playroom → homework space → teen hangout

Nerdy Mamma

6. Bathroom upgrades for children

Best for: Making routines easier.

Good choices:

Handheld showerhead

Lower towel hooks

Double vanity

Large drawers instead of small cabinets

Slip-resistant flooring

Built-in shower storage

These upgrades help children become more independent while improving resale value.

7. Smart safety upgrades

Best for: Peace of mind.

Consider:

Video doorbell

Smart locks

Smoke and carbon monoxide detectors

Water leak sensors

Motion-activated night lights

Stair lighting

Smart home safety systems can provide alerts and help monitor important home systems. 
Kiplinger
+1

8. Better insulation and climate control

Best for: Comfort and lower utility costs.

Upgrades:

Attic insulation

Weather sealing

Energy-efficient windows

Smart thermostat

Improved HVAC filtration

Benefits:

More consistent temperatures in bedrooms

Lower energy bills

Better indoor comfort for children 
Green Child Magazine
+1

9. Outdoor family spaces

Best for: Encouraging active play.

Ideas:

Covered patio

Safe play area

Outdoor storage shed

Privacy fencing

Low-maintenance landscaping

Outdoor lighting

A well-designed backyard can become an extension of the living space.

10. Dedicated homework and creativity areas

Best for: School-age children.

Useful additions:

Built-in desk

Charging station

Good task lighting

Whiteboard or cork board

Bookshelves

Adjustable furniture

Best value priorities (if choosing only a few)

Built-in storage / mudroom setup

Durable flooring

Bathroom improvements

Kitchen safety upgrades

Energy-efficiency improvements

Flexible family spaces

Sources used:
https://www.greenchildmagazine.com/energy-efficient-home-upgrades/

https://easystoragesearch.com/home/high-impact-upgrades-that-improve-storage-and-safety-at-home/

https://www.thespruce.com/home-renovations-for-family-living-11924348

https://nerdymamma.com/renovations-for-growing-families/

https://www.nysersda.ny.gov/Featured-Stories/Energy-Saving-Improvement-Ideas/"
Which easy-to-clean home products  are best for pet owners?,"For pet owners, the best easy-to-clean home products are those that handle fur, odors, stains, muddy paws, and frequent washing. The most useful upgrades tend to be washable, low-maintenance, and durable. 
Good Housekeeping
+1

1. Washable rugs

Best for: living rooms, entryways, pet feeding areas

Machine-washable rugs let you clean accidents and muddy paw prints without replacing the rug.

Choose low-pile or flat-weave styles because they trap less fur and are easier to vacuum.

Look for stain-resistant materials and removable/washable covers. 
Good Housekeeping
+1

Popular options:

Ruggable washable rugs

Tumble washable rugs

Other removable-cover rug systems

2. Pet-focused vacuum cleaners

Best for: shedding dogs and cats

Look for:

Anti-tangle brush rolls

Strong suction for carpet and upholstery

Easy-to-empty dust bins

HEPA filtration if allergies are a concern

Good categories:

Upright pet vacuums for deep carpet cleaning

Cordless stick vacuums for daily fur cleanup

Robot vacuums for maintenance cleaning 
RTINGS.com
+1

3. Washable furniture covers

Best for: couches, chairs, beds

Instead of constantly removing pet hair:

Add machine-washable slipcovers

Use waterproof throws on favorite pet spots

Keep a spare cover ready for quick swaps

This is especially useful for pets that sleep on furniture.

4. Pet-friendly throw blankets

Best for: sofas and beds

Choose:

Polyester or microfiber fabrics

Machine-washable materials

Tightly woven fabrics that resist claws and hair buildup

A dedicated pet blanket protects expensive furniture.

5. Waterproof pet mats

Best for: food bowls, water bowls, crates

Useful features:

Silicone construction

Raised edges to contain spills

Dishwasher-safe cleaning

They prevent water damage and food stains on floors.

6. Microfiber cleaning cloth sets

Best for: quick daily messes

Keep a supply for:

Paw prints

Drool marks

Food spills

Dust and fur pickup

Microfiber is reusable and reduces disposable cleaning products.

7. Washable pet beds

Best for: odor control

Look for:

Removable zippered covers

Machine-washable liners

Quick-drying fabrics

A washable cover is much easier than replacing a whole bed.

8. Robot vacuum with pet features

Best for: daily maintenance

Helpful features:

Self-emptying base

Anti-hair-wrap brush

Mapping

Carpet detection

These are most useful when pets shed constantly or track litter. 
Reddit

9. Easy-clean flooring upgrades

If you are renovating, consider:

Luxury vinyl plank (water-resistant and scratch-resistant)

Tile

Sealed hardwood

Avoid very high-pile carpets in heavy pet areas because they hold odors and fur.

10. Air purifier with HEPA filtration

Best for: homes with shedding pets or odors

A HEPA purifier can help reduce airborne particles from dander and dust, especially when paired with regular cleaning. 
Reddit

Best-value pet-owner starter kit

If buying only a few items:

Washable rug

Pet hair vacuum

Waterproof feeding mat

Washable couch throw

Removable-cover pet bed

These usually make the biggest difference in keeping a home cleaner with less daily effort. 
Good Housekeeping
+1

Sources used:
https://www.goodhousekeeping.com/home-products/g70772487/best-washable-rug/

https://www.forbes.com/sites/forbes-personal-shopper/article/best-washable-rugs/

https://www.rtings.com/vacuum/reviews/best/pet-hair

https://www.consumerreports.org/appliances/vacuum-cleaners/best-vacuums-for-pet-hair-a1181214871/

https://www.nbcnews.com/select/shopping/best-vacuums-pet-hair-rcna342984"
What are the best  products for making an older home feel more modern?,"Modernizing an older home usually comes down to improving lighting, finishes, storage, technology, and comfort without removing its character. The best upgrades are often smaller products that make the house feel newer immediately.

1. Smart lighting upgrades (biggest visual impact)

Best products:

Smart LED bulbs

Smart dimmer switches

Under-cabinet LED lighting

Motion-activated hallway/stair lights

LED strip lighting for shelves, TVs, and cabinets

Why they help: Older homes often have harsh overhead lighting. Layered, adjustable lighting makes rooms feel more contemporary. Smart bulbs can often be installed without rewiring, while smart switches provide a cleaner built-in look. 
PCWorld
+1

Good picks:

Philips Hue White and Color Ambiance — premium smart lighting ecosystem

Govee Wi-Fi LED Bulb — budget-friendly smart lighting option

2. Modern hardware replacements

Best products:

Matte black, brushed brass, or brushed nickel door handles

Modern cabinet pulls

New outlet and switch plates

Contemporary bathroom fixtures

Replacing dated brass hardware or worn handles is inexpensive but can make doors, kitchens, and bathrooms look much newer.

3. Fresh wall and surface upgrades (without major remodeling)

Best products:

Peel-and-stick wallpaper

Removable backsplash tiles

Modern wall panels

Large contemporary mirrors

Updated area rugs

These add modern style while preserving original details like hardwood floors or molding.

4. Smart home additions

Best products:

Smart thermostat

Video doorbell

Smart locks

Smart plugs

Leak sensors

These upgrades make an older home feel newer because they improve daily convenience. Smart devices can often be added without major construction. 
PCWorld
+1

Popular choices:

Ring Video Doorbell — easy security upgrade

Lutron Caseta Smart Lighting — popular for reliable smart switches

5. Kitchen modernization products

Best products:

Pull-out cabinet organizers

Drawer dividers

Modern faucet with pull-down sprayer

Under-cabinet lighting

Appliance garage or countertop organizers

A kitchen can feel decades newer without replacing cabinets.

6. Bathroom refresh products

Best products:

Rainfall showerhead

Modern vanity mirror with LED lighting

New towel bars and hooks

Floating shelves

Glass shower door accessories

Small fixture changes often create a boutique-hotel feel.

7. Flooring and comfort upgrades

Best products:

Luxury vinyl plank flooring for outdated floors

Large modern rugs

Stair runners

Door draft stoppers

Area lighting

For older homes with worn flooring, a high-quality rug or new flooring can dramatically change the atmosphere.

8. Modern storage solutions

Best products:

Closet organizer systems

Floating shelves

Hidden storage benches

Over-door organizers

Entryway consoles

Older homes often have less built-in storage, so adding clean organization makes them feel more functional.

9. Energy and comfort upgrades

Best products:

Smart thermostat

Cellular shades

Weather stripping kits

LED bulbs throughout

Ceiling fans

These improve comfort while reducing the “old house” feeling of uneven temperatures and outdated controls.

Best upgrades by budget

Under $50

New outlet/switch covers

LED bulbs

Cabinet hardware

Modern house numbers

Peel-and-stick upgrades

$50–$300

Smart lighting

Smart thermostat

New faucets

Storage systems

Modern mirrors

$300+

Flooring updates

Whole-home lighting upgrades

Closet systems

Kitchen fixture refreshes

For the biggest transformation per dollar, start with lighting + hardware + paint/wall finishes + smart controls. Those changes make an older home feel newer without losing its original charm.

Sources used:
https://www.techradar.com/news/best-smart-lighting

https://www.thisoldhouse.com/smart-homes/smart-light-technology

https://www.pcworld.com/article/2109185/best-smart-home-devices-for-apartment-dwellers.html

https://www.apartmenttherapy.com/best-smart-technology-home-upgrades-37480577"
Which home improvement finds  provide better value than more expensive alternatives?,"Home improvement products with the best value usually aren’t the cheapest—they’re the ones where a modest price delivers most of the benefit of a premium option. Testing organizations like Consumer Reports emphasize comparing performance, durability, and long-term cost rather than relying only on brand prestige. 
Consumer Reports

Here are some “buy this, skip the luxury version” upgrades:

Upgrade	Better-value find	Why it beats pricier options
Smart thermostat	Midrange smart thermostat (Google Nest, ecobee entry models, Honeywell Home)	Captures most energy-saving and scheduling benefits without paying for premium displays or sensors you may not use
Cabinet makeover	Quality paint + new hardware	A $100–$300 refresh can mimic a much larger kitchen renovation; changing handles and repainting cabinets are commonly recommended high-impact budget updates. 
Woman & Home
+1

Lighting upgrade	LED bulbs + inexpensive smart switches + under-cabinet strips	Creates a designer feel without expensive fixtures; layered lighting often matters more than fixture cost
Bathroom refresh	New showerhead, faucet, mirror, and vanity hardware	These small replacements deliver much of the visual improvement of a full remodel
Flooring update	Quality luxury vinyl plank (LVP)	Often gives the look of hardwood with easier installation and maintenance
Closet organization	Modular shelving systems (IKEA, ClosetMaid, Rubbermaid)	Flexible storage often provides similar functionality to custom closets at a fraction of the cost
Home security	DIY camera + smart lock + sensors	Avoids expensive installation fees while covering most everyday security needs
Air quality	Properly sized air purifier + replacement filters	Spending more on a designer purifier often adds features rather than dramatically better filtration
Kitchen upgrades	Replace faucets, lighting, backsplash, and hardware before appliances	Cosmetic changes often create a bigger perceived improvement per dollar
Outdoor improvements	Solar path lights, planter upgrades, pressure washing, furniture cushions	Inexpensive curb-appeal improvements can noticeably change how a home feels
Especially good “luxury substitute” finds

1. Peel-and-stick upgrades

Peel-and-stick backsplash tiles

Removable wallpaper

Adhesive cabinet liners
Great for renters or people testing a style before committing.

2. Open shelving instead of custom cabinetry

Adds storage and display space

Costs much less than built-ins

Works especially well in kitchens, laundry rooms, and offices

3. Refurbished tools

A quality used drill, sander, or shop vacuum often beats a cheap new one.

Spend on the tool types you’ll use frequently; rent specialty tools.

4. Hardware swaps
Replacing:

door handles

cabinet pulls

faucets

light switches/outlet covers

can make an older home feel dramatically newer for relatively little money. 
Woman & Home
+1

5. Weatherproofing
Often overlooked:

weather stripping

door sweeps

window film

attic insulation improvements

These can improve comfort and reduce energy waste without a major renovation. 
Consumer Reports

Where spending more is usually worth it

Avoid going ultra-budget on:

plumbing fixtures inside walls

electrical components

roofing materials

windows

mattresses

frequently used power tools

A good rule: save on cosmetic upgrades, spend on things that are difficult to replace later.

Sources:
https://www.consumerreports.org/home-garden/home/

https://www.consumerreports.org/home-garden/home-improvement/

https://www.womanandhome.com/homes/budget-home-improvements-that-add-value/

https://www.bhg.com/home-improvement/remodeling/budget-remodels/how-to-save-money-remodeling/"
What are the best  home products to buy when moving into a new place?,"When moving into a new place, the best purchases are usually the ones that make daily life easier immediately: cleaning, sleeping, cooking, organizing, and basic maintenance. A good approach is to buy high-use essentials first, then add décor and upgrades later. 
Prudent Reviews
+1

Move-in Day Essentials (buy first)
1. Cleaning kit

A clean start makes unpacking much easier.

Cordless vacuum or stick vacuum

Microfiber cloths

All-purpose cleaner

Disinfecting wipes

Mop + bucket or spray mop

Broom + dustpan

Toilet brush

Trash bags

Paper towels

Sponges

Laundry detergent

HomeGuide
+1

2. Bathroom basics

Small items you will need immediately:

Shower curtain + liner (if needed)

Bath towels

Hand towels

Bath mat

Toilet plunger

Soap dispenser

Shower caddy

Bathroom trash can

3. Bedroom comfort upgrades

Sleep quality matters more than almost any décor purchase.

Worth spending more on:

Quality mattress topper or mattress

Comfortable sheets

Pillows you like

Mattress protector

Blackout curtains

Bedside lamp with warm lighting

4. Kitchen starter set

Avoid buying dozens of gadgets. Start with versatile pieces:

Chef’s knife

Cutting board

Frying pan

Medium pot

Baking sheet

Plates and bowls

Glasses/mugs

Silverware

Food storage containers

Can opener

Measuring cups/spoons

Dish rack

Dish soap

Multi-purpose kitchen tools and durable storage items tend to provide better long-term value than single-use gadgets. 
Allrecipes
+1

Smart purchases that make a home feel finished
5. Organization products

These create the biggest improvement in a new space.

Closet organizers

Drawer dividers

Storage bins

Under-bed storage containers

Shoe rack

Entryway bench or coat rack

Over-the-door organizers

6. Lighting upgrades

Many new homes feel less inviting because of poor lighting.

Buy:

Floor lamps

Table lamps

Smart bulbs

LED strips for closets or cabinets

Extension cords

Surge protectors

7. Basic tool kit

Even renters benefit from having basic tools.

Include:

Screwdriver set

Hammer

Measuring tape

Level

Utility knife

Allen keys

Pliers

Picture hanging supplies

A small toolkit handles most common furniture assembly and minor repairs. 
Reddit

Useful technology upgrades
8. Smart home basics

Good starter upgrades:

Smart plugs

Smart bulbs

Video doorbell (where appropriate)

Smart thermostat (if compatible)

Robot vacuum

Air purifier

9. Home safety items

Often forgotten until needed:

Fire extinguisher

First-aid kit

Flashlights

Extra batteries

Carbon monoxide detector (if not already installed)

Emergency supplies

AxiomLogica
+1

Items worth waiting on

Avoid rushing into:

Large furniture before measuring rooms

Trendy décor

Expensive artwork

Specialty appliances

Matching furniture sets

Live in the space for a few weeks first—you’ll understand what storage, lighting, and furniture actually fit.

Best “first month” shopping priority

Cleaning supplies

Bedding

Bathroom essentials

Kitchen basics

Tools

Storage solutions

Lighting

Furniture upgrades

Décor

Sources used:
https://prudentreviews.com/what-to-buy-for-a-new-house/

https://www.lowes.com/n/ideas-inspiration/new-house-checklist

https://homeguide.com/articles/first-home-essential-checklist

https://axiomlogica.com/lifestyle-home-improvement/first-home-essentials-checklist

https://www.angi.com/articles/furnishing-new-home-checklist.htm"
Which affordable upgrades  can improve a home’s curb appeal?,"Affordable curb appeal upgrades usually work best when they improve the entryway, lighting, and landscaping—the areas people notice first. Many can be done for under $100–$300. 
HGTV
+1

Upgrade	Typical Cost	Why It Helps
Paint the front door	$30–$75	A fresh or bold door color creates an immediate focal point. 
HGTV
+1

Replace house numbers	$20–$100	Modern numbers make the exterior feel newer and easier to find.
Upgrade the porch light	$40–$150	A stylish fixture adds character and improves nighttime appearance. 
Redfin

Add solar pathway lights	$30–$100	Creates a welcoming walkway without electrical work. 
Redfin

Refresh landscaping	$50–$300	Trim overgrown plants, add mulch, and plant low-maintenance flowers or shrubs for a cleaner look. 
Redfin
+1

Add matching planters	$50–$200	Symmetrical pots near the entry instantly make a home feel more intentional. 
Lowe's

Install a new doormat and seasonal décor	$20–$75	Small entry details make the home feel cared for. 
Angi

Power wash exterior surfaces	$0–$100	Removes years of dirt from siding, walkways, and driveways.
Paint or stain the porch	$50–$200	Refreshes worn wood and makes the entrance stand out. 
Angi

Upgrade mailbox hardware	$30–$150	A small detail that improves the front-of-home appearance.
Highest-impact upgrades for the money

Front door makeover

Paint the door

Add a modern handle

Install a new knocker or kick plate
This often gives the biggest visual change per dollar. 
Angi

Clean + simplify landscaping

Remove dead plants

Edge garden beds

Add fresh mulch

Use fewer, healthier plants rather than overcrowding beds. 
Southern Living

Improve exterior lighting

Warm LED porch bulbs

Path lights

Accent lighting for trees or architectural features
Lighting can make a modest home look much more polished after dark. 
Redfin

Modernize small details

New house numbers

Updated doorbell

Coordinated outdoor hardware

Matching planters

A realistic $250 curb appeal refresh

Front door paint: $50

New porch light: $75

House numbers: $40

Two planters + plants: $75

New doormat: $25

Total: about $250 for a noticeably fresher exterior.

Sources used:
https://www.hgtv.com/outdoors/landscaping-and-hardscaping/curb-appeal-tips-home-exterior

https://www.angi.com/articles/7-simple-tips-update-your-front-door.htm

https://www.redfin.com/blog/budget-friendly-curb-appeal-ideas/

https://www.lowes.com/n/how-to/7-simple-curb-appeal-idea

https://www.southernliving.com/landscaping-trend-skip-12008224"
"If I had a limited budget, which  home upgrades should I prioritize first?","If your budget is limited, prioritize upgrades that are low-cost, highly visible, improve daily comfort, or prevent expensive problems. The best order is usually:

Priority	Upgrade	Typical Budget	Why it comes first
1	Fresh paint + touch-ups	$100–$1,000	One of the cheapest ways to make rooms feel cleaner, brighter, and newer. Neutral colors also appeal broadly if you may sell. 
Homes.com

2	Lighting upgrades	$50–$500	Swap outdated fixtures, add brighter LEDs, and improve task lighting. Better lighting can make an average space feel significantly more polished. 
The Scottish Sun

3	Decluttering + organization	$0–$500	Storage solutions, closet organizers, and better layouts can make a home feel larger without construction. 
Good Housekeeping

4	Front entry / curb appeal	$50–$1,500	Paint the front door, update hardware, add planters, improve house numbers, and clean the exterior. First impressions matter heavily. 
R&E Roofing
+1

5	Kitchen mini-refresh	$200–$3,000	Instead of a remodel: paint cabinets, replace handles, update faucet, add lighting, or install a backsplash. 
Real Simple
+1

6	Bathroom refresh	$100–$2,500	New fixtures, mirror, lighting, caulk/grout refresh, and hardware can modernize the room cheaply. 
Homes.com

7	Energy-saving fixes	$50–$2,000	Weatherstripping, smart thermostats, insulation improvements, and efficient lighting can reduce ongoing costs. 
Homes.com

8	Fix visible maintenance issues	Varies	Repair leaks, damaged trim, cracked caulk, peeling paint, or broken fixtures before cosmetic upgrades. 
Good Housekeeping
If you only have:

Under $100

Replace outdated light bulbs with warm LEDs

Paint the front door

Upgrade cabinet knobs/pulls

Add plants or a better welcome mat

Refresh grout and caulk

$500–$1,000

Paint a key room

Add modern light fixtures

Improve closet storage

Upgrade bathroom hardware

Refresh landscaping

$1,000–$5,000

Cabinet repaint/refacing

Better kitchen lighting and faucet

Flooring repairs/refinishing in high-traffic areas

Energy-efficiency improvements

Upgrades I would delay on a tight budget

Full kitchen remodels

Luxury bathrooms

High-end appliances before fixing basics

Trendy finishes that may age quickly

Large additions unless you need the space

A good rule: make the home clean, bright, functional, and well-maintained before making it fancy. Small cosmetic upgrades often outperform expensive renovations when money is limited. 
Opendoor

Sources used:
https://www.realsimple.com/real-estate-experts-agree-these-kitchen-upgrades-boost-your-home-s-value-12006483

https://www.homes.com/learn/how-to-increase-home-value/

https://www.angi.com/articles/remodeling-projects-highest-roi.htm

https://www.opendoor.com/articles/improvements-that-increase-home-value

https://www.tomsguide.com/home/forget-renovations-i-found-5-fixes-under-usd50-that-will-transform-your-homes-curb-appeal-in-a-single-weekend

https://randeroofing.com/blog/curb-appeal-ideas/"
What are the best camping products to buy  in 2026?,"The best camping products to buy in 2026 are the ones that improve comfort, reliability, portability, and convenience rather than just adding more gear. Current gear testing continues to favor better sleep systems, faster setup shelters, durable cooking equipment, and compact power solutions. 
Outside Online
+1

1. High-quality sleeping pad or camping mattress (highest-impact upgrade)

A comfortable sleep system can completely change a camping trip.

Worth buying:

NEMO Roamer – excellent for car camping and comfort-focused campers; updated versions emphasize insulation and durability. 
Outside Online

Therm-a-Rest NeoAir XLite NXT – one of the best warmth-to-weight choices for backpackers. 
Outdoor Life

Exped MegaMat series – premium comfort for base camps and vehicle camping. 
REI

Best for: anyone who dislikes waking up sore after camping.

2. Easy-setup tent

Modern tents are lighter, stronger, and much easier to pitch.

Good choices:

The North Face Wawona 6 – spacious family/car-camping option. 
GearLab

Coleman instant cabin-style tents – great value and fast setup. 
Food & Wine

Marmot Limelight 2P – a strong choice for couples wanting lighter gear. 
Food & Wine

Look for:

Full rainfly

Aluminum poles (for premium models)

Large vestibules

Good ventilation

3. Portable power station

A small battery generator is one of the most useful modern camping upgrades.

Useful for:

Phones

Cameras

Lights

Portable fans

CPAP machines

Small appliances

Look for:

300–700Wh capacity for weekend trips

USB-C fast charging

Solar compatibility

4. Rechargeable camping lanterns

Replace disposable batteries with USB-C rechargeable lighting.

Features worth paying for:

Adjustable brightness

Long battery life

Built-in power bank

Warm light modes

A quality lantern improves cooking, campsite safety, and nighttime comfort.

5. Better camp kitchen setup

Cooking outdoors is much easier with dedicated equipment.

Popular upgrades:

Compact two-burner stove

Cast iron or stainless cookware

Collapsible prep table

Insulated food containers

Portable coffee maker

Recent camping gear roundups highlight portable kitchens, grill/stove combos, and durable coolers as standout upgrades. 
Outdoor Life

6. High-performance cooler

A good cooler saves money and makes trips easier.

Consider:

Rotomolded coolers for multi-day trips

Backpack coolers for hiking

Soft coolers for day trips

Useful features:

Better ice retention

Leak-resistant zippers

Comfortable carrying straps

7. Camping chair upgrade

A comfortable chair is underrated.

Look for:

Strong frame

Cup holder

Head support

Compact folding design

Premium chairs are especially worthwhile for car camping.

8. Portable water filter

A must-have for hiking and remote camping.

Good options:

Squeeze filters

Gravity filters

Pump filters

Prioritize:

Fast flow rate

Replaceable filters

Lightweight design

9. Compact camping table

A small folding table improves:

Food prep

Cooking

Board games

Gear organization

Choose:

Aluminum construction

Adjustable legs

Carry handle

10. Weather-ready camping clothing

Instead of buying more gear, upgrade what protects you.

Useful additions:

Lightweight rain shell

Merino wool base layers

Quick-dry hiking pants

Insulated jacket

Sun hoodie

11. Satellite communicator (for remote trips)

For backcountry adventures, safety gear is increasingly popular.

Useful features:

Emergency SOS

Two-way messaging

GPS tracking

Best for:

Solo hikers

Remote trails

Areas without cell service

12. Camp comfort extras

Small upgrades that make trips noticeably better:

Hammock with straps

Inflatable pillow

Portable shower

Camp rug

Folding wagon

Headlamp with rechargeable battery

Compact multitool

Best camping purchases by budget

Under $50

Rechargeable lantern

Headlamp

Water bottle

Camp cookware upgrades

Folding organizers

$50–$200

Sleeping pad

Cooler

Camp chair

Stove

Portable power bank

$200+

Premium tent

Portable power station

High-end mattress

Satellite communicator

If buying only five camping products in 2026:

Premium sleeping pad/mattress

Reliable tent

Rechargeable lantern + headlamp

Portable power station

Quality cooler

These upgrades usually improve the camping experience more than buying additional specialty gadgets. 
Outside Online
+1

Sources used:
https://www.outsideonline.com/outdoor-gear/camping/the-best-sleeping-pads

https://www.rei.com/learn/expert-advice/best-camping-sleeping-pads.html

https://www.outdoorgearlab.com/topics/camping-and-hiking/best-camping-list

https://www.outdoorlife.com/gear/best-camping-gear/

https://www.foodandwine.com/rei-camping-gear-new-arrivals-july-2026-12016404"
Which outdoor essentials  are worth adding to a basic camping setup?,"For a basic camping setup, the best additions are the items that noticeably improve comfort, safety, and convenience without adding a lot of bulk. A good approach is to upgrade in layers: first fix the things that ruin trips (sleep, weather, lighting), then add comfort. 
Paddle Round The Pier
+1

High-value essentials worth adding
1. Quality sleeping pad

Biggest comfort upgrade after a tent.

Provides insulation from cold ground

Makes budget sleeping bags feel warmer

Packs smaller than bulky air mattresses

Look for:

R-value appropriate for your climate

Quiet materials

Repair kit included

2. Rechargeable headlamp

A headlamp is more useful than a handheld flashlight because your hands stay free for cooking, setup, and nighttime walks. 
GearLab

Useful features:

USB-C charging

Red-light mode

Water resistance

Multiple brightness levels

3. Folding camp chair

A chair turns a campsite from a place to sleep into a place to relax.

Easier than sitting on logs or the ground

Great for meals, fires, and downtime

4. Camp table or compact prep surface

A small folding table helps with:

Cooking

Food organization

Keeping gear off wet ground

5. Reliable cooler

A good cooler improves almost every car-camping trip.
Consider:

Hard cooler for longer trips

Soft backpack cooler for hiking or day use

Insulated backpack coolers have become popular because they combine portability with strong cold retention. 
Bon Appétit

6. Portable power bank

Useful for:

Phones

GPS devices

Cameras

Headlamps

Choose:

10,000–20,000 mAh for weekend trips

Weather-resistant casing if possible

7. Compact camp stove upgrade

Even if you cook over a fire, a stove is faster and more reliable.
Good additions:

Two-burner stove for car camping

Small backpacking stove for hiking trips

Reliable camp stoves remain one of the most commonly recommended upgrades because they simplify meal preparation. 
Paddle Round The Pier

8. Water filtration or purification system

Worth carrying even when you bring water.
Options:

Filter bottle

Squeeze filter

Purification tablets as backup

9. Multi-tool + repair kit

Small items can save a trip:

Multi-tool

Duct tape wrapped around a bottle

Extra cord

Tent repair patches

Spare batteries

10. Shelter upgrades

Depending on your current gear:

Tent footprint

Extra tarp

Better stakes

Guy lines

These often improve an existing tent more cheaply than replacing it.

Comfort upgrades that feel surprisingly valuable

Camping pillow — much better than rolled clothing; compact options are available. 
The Guardian

Lantern with warm lighting — makes evenings more enjoyable

Dry bags or storage bins — keeps gear organized and dry

Quick-dry towel — useful for swimming, rain, and cleanup

Bug protection — repellent, netting, or a screened shelter depending on location 
Best Products

Best upgrade order for most beginners

Sleeping pad

Headlamp

Camp chair

Cooler

Camp stove

Water filter

Storage bins/dry bags

Table

Power bank

Comfort extras

If you mostly do car camping, prioritize comfort items. If you mostly hike in, prioritize weight-saving gear.

Sources used:
https://www.paddleroundthepier.com/camping-gear-list/

https://www.paddleroundthepier.com/best-camping-gear/

https://www.outdoorgearlab.com/topics/camping-and-hiking/best-camping-list

https://www.foodandwine.com/editor-loved-summer-camping-gear-12003229

https://www.bonappetit.com/story/best-backpack-coolers

https://www.theguardian.com/thefilter-us/2026/jul/02/best-camping-essentials"
What are the best  camping gear finds under $30?,"The best camping gear under $30 usually isn’t the flashy stuff — it’s the small upgrades that solve annoying problems: darkness, wet gear, organization, cooking cleanup, and comfort. Many outdoor retailers carry useful accessories in this price range, including dry bags, stuff sacks, tarps, and lighting accessories. 
REI
+1

Best camping gear finds under $30
Gear	Typical price	Why it’s worth buying
Rechargeable headlamp	$10–$30	One of the highest-value upgrades: hands-free cooking, hiking, and nighttime setup. Options like CORE, Energizer, and Coast models are commonly available around this range.
Dry bag (5–10L)	$15–$30	Keeps clothes, electronics, and sleeping gear safe from rain and condensation. 
REI

Compact camping tarp	$10–$30	Adds shade, rain protection, a clean sitting area, or a gear cover. 
REI

Fire starter kit	$8–$20	Useful backup when matches fail or conditions are damp.
Collapsible water bottle	$10–$25	Saves pack space and is convenient for hiking or travel.
Camping towel (quick-dry microfiber)	$10–$25	Small, lightweight, and useful for swimming, cleaning, and drying gear.
Stuff sacks / packing cubes	$12–$25	Makes a messy backpack much easier to manage. REI lists lightweight compression and organization sacks in this range. 
REI

Multi-tool or pocket knife	$15–$30	Handy for repairs, food prep, and campsite tasks.
LED lantern	$15–$30	Better than relying only on phone flashlights at camp.
Camp cooking utensils set	$10–$25	Improves meal prep without adding much weight.
Sleeping bag liner	$20–$30	Adds warmth and keeps sleeping bags cleaner.
Paracord + carabiners	$8–$15	Useful for hanging gear, repairs, and campsite organization.
Tent repair kit	$10–$20	A cheap item that can save a trip when something breaks.
Inflatable pillow	$15–$30	A major comfort upgrade over rolled clothing.
Bug head net or insect repellent gear	$5–$20	Small purchase that can dramatically improve comfort.
Best “first 5” purchases if building a kit

Rechargeable headlamp — most useful after sunset

Dry bag — protects important gear

Quick-dry towel — useful in almost every trip

Tarp + cordage — adds shelter flexibility

Small organizer/stuff sacks — makes packing easier

Under-$30 items that feel more expensive than they are

A good headlamp with red-light mode (better for preserving night vision)

A waterproof phone pouch

A compact camp chair repair kit

A portable coffee setup (pour-over cone or small press)

A rechargeable lighter for backup fire starting

For a beginner camper, I’d prioritize lighting, weather protection, and organization before buying more cooking gadgets or novelty tools.

Sources used:
https://www.rei.com/c/pack-accessories

https://www.rei.com/c/tent-accessories

https://www.foodandwine.com/amazon-camping-deals-july-2026-12018570

https://www.reddit.com/r/camping/comments/18otvn4"
Which affordable camping products  give you the most value for the money?,"The best-value camping purchases are usually small, inexpensive items that solve common comfort or safety problems rather than flashy gear. You can upgrade a basic setup significantly without spending much. 
TrailMapz
+1

Product	Typical price	Why it’s worth it
LED headlamp	$15–$40	One of the biggest convenience upgrades: hands-free cooking, hiking, setup, and nighttime bathroom trips. 
Reddit

Insulated water bottle	$15–$35	Useful for every trip; keeps drinks cold/hot and replaces disposable bottles. Durable options like Nalgene-style bottles are popular budget picks. 
Gear Patrol

Portable camping stove	$15–$40	A huge quality-of-life upgrade over cooking only on a fire; compact backpacking stoves can be very affordable. 
Outdoor Tech Lab

Foam or inflatable sleeping pad	$20–$50	Often improves sleep more than upgrading a sleeping bag because insulation from the ground matters. 
Reddit

Dry bags / waterproof storage bags	$10–$30	Protect clothes, electronics, food, and gear from rain or wet conditions. 
Travel + Leisure

Repair tape (like Tenacious Tape)	~$6–$10	Tiny item that can save expensive gear like tents, jackets, and sleeping pads. 
Gear Patrol

Camping hammock with straps	$25–$40	Adds comfort at camp and doubles as a lightweight relaxation option. 
Outdoor Tech Lab

Compact first-aid kit	$15–$40	A low-cost safety upgrade that is easy to overlook. 
Travel + Leisure

Headlamp + rechargeable battery/power bank setup	$30–$50	Improves reliability for multi-day trips. 
NBC News

Camp chair upgrade	$20–$50	Makes long evenings around camp much more comfortable. 
Travel + Leisure
Best “bang for your buck” starter bundle (around $100)

Headlamp — ~$25

Sleeping pad — ~$35

Portable stove — ~$20

Dry bag — ~$15

Repair tape — ~$6

This improves comfort, cooking, organization, and reliability more than buying one expensive item.

Items I’d avoid buying too cheaply

Sleeping bags: very cheap bags often exaggerate temperature ratings and can disappoint in colder weather. 
Reddit

No-name water filters: reliability matters when water safety is involved. 
Reddit

Ultra-cheap tents: a slightly better shelter is usually worth the extra money.

For most casual campers, the highest-value upgrades are: headlamp → sleeping pad → stove → water bottle → storage bags.

Sources used:
https://trailmapz.com/blog/budget-camping-gear-under-50

https://www.outdoortechlab.com/budget-camping-gear/

https://www.gearpatrol.com/outdoors/best-cheap-camping-gear/

https://www.rei.com

https://www.reddit.com/r/CampingGear/"
What are the most underrated camping items available ?,"Some of the most underrated camping items are not the flashy gadgets—they are small, inexpensive tools that solve annoying problems repeatedly. Experienced campers often find these become permanent parts of their kits. 
Bushcraft Base Camp
+1

Item	Why it’s underrated	Typical use
Microfiber camping towel	Packs tiny, dries quickly, and handles far more jobs than just drying	Showers, dishes, spills, condensation cleanup 
Bushcraft Base Camp

Foam sit pad	One of the cheapest comfort upgrades you can buy	Keeps you warm/dry, works as a kneeling pad, makes waiting around camp easier 
Reddit

Headlamp with red-light mode	Many campers rely on phones until they realize how much better hands-free lighting is	Cooking, bathroom trips, reading without ruining night vision 
Reddit

Small folding camp table	Makes cooking and organizing dramatically easier	Food prep, coffee setup, keeping gear off dirt 
Reddit

Paracord or utility rope	Extremely versatile for almost no weight	Clothesline, tarp setup, repairs, hanging gear 
Outdoors with Bear Grylls

Compact tarp	A simple tarp can transform a campsite	Rain shelter, shade, dry entry area, gear protection 
National Park Service
+1

Gear organizer / hanging pouch	Prevents the “where did I put that?” problem	Stores keys, phones, chargers, flashlights, small tools
Small repair kit	Tiny problems can ruin a trip	Duct tape, zip ties, patches, needle/thread, spare cord 
Outdoors with Bear Grylls

Camp pillow	Often skipped because people bring clothes instead, but sleep quality matters	Better rest without carrying a full home pillow 
REI

Dedicated camp shoes or sandals	A luxury that feels essential after a long hike	Dry feet, easier bathroom trips, relaxing after boots 
Outdoors with Bear Grylls

Trash bags / contractor bags	Surprisingly useful beyond cleanup	Waterproof storage, wet gear bag, campsite organization 
Outdoors with Bear Grylls

Small lantern or string lights	Improves campsite usability after dark	Cooking area lighting, relaxing, finding gear 
Food & Wine
Best value picks if you only buy a few

Headlamp with red mode — biggest convenience upgrade

Foam sit pad — cheap comfort for every trip

Microfiber towel — useful in almost every scenario

Compact tarp + rope — weather protection and versatility

Small folding table — especially for car camping

For budget campers, these often improve the experience more than upgrading from a decent tent to an expensive one.

Sources used:
https://www.bushcraftbasecamp.com/10-not-obvious-camping-gear-i-pack-every-time/

https://www.rei.com/learn/expert-advice/best-camp-pillows.html

https://www.rei.com/learn/expert-advice/best-car-camping-gear.html

https://www.nps.gov/subjects/camping/what-to-bring.htm

https://outdoors.com/10-most-overlooked-camping-items/

https://www.bushcraftbasecamp.com/8-things-you-can-do-with-a-tarp-that-most-campers-never-think-to-try/

https://www.reddit.com/r/CampingGear/comments/1sd7986/whats_the_one_piece_of_gear_you_resisted_buying/

https://www.reddit.com/r/CampingGear/comments/1ooxqjc/whats_your_most_underrated_piece_of_camping_gear/"
Which  camping essentials should every beginner buy first?,"For a beginner, the best approach is to buy the gear that protects sleep, safety, weather, and food first. Avoid spending money on comfort extras until you know what type of camping you enjoy. 
REI
+1

1. Shelter (your first major purchase)

Buy first:

⛺ Reliable tent (with rainfly and proper capacity)

Tent footprint or tarp underneath

Extra stakes + small mallet

Beginner tip: A 2-person tent is often better for 1 person because it leaves room for gear. For car camping, you don’t need an ultralight backpacking tent. 
REI

2. Sleeping system (where beginners often underinvest)

Buy next:

💤 Sleeping bag rated for your expected temperatures

🛏️ Sleeping pad (do not skip this)

Small camping pillow or stuff sack pillow

A sleeping pad is not just about comfort—it provides insulation from cold ground. 
REI

3. Lighting

Essential:

🔦 Headlamp (better than only a flashlight because your hands stay free)

Extra batteries or rechargeable backup

Small lantern for campsite lighting (optional)

REI
+1

4. Cooking and food basics

Start simple:

🍳 Single-burner camping stove

Fuel canister

Lighter + backup fire starter

Pot/pan

Utensils

Cooler (for car camping)

Reusable water bottle or water container

You can use some household kitchen items at first instead of buying a full camping kitchen set. 
Campsitekit

5. Safety essentials

Keep these in every setup:

🩹 First-aid kit

Multi-tool or knife

Duct tape or repair tape

Emergency whistle

Offline maps/navigation backup

Sunscreen and insect repellent

Lowe's
+1

6. Weather and comfort upgrades

After the basics:

Rain jacket

Extra warm layers

Camp chair

Camp table

Dry bags or storage bins

Bug screen/netting

Best beginner buying order

Tent

Sleeping bag

Sleeping pad

Headlamp

Stove + basic cooking gear

Cooler/water storage

First-aid kit

Weather layers

Comfort items (chairs, lanterns, organizers)

Items beginners often buy too early

Expensive knives

Huge camping kitchen setups

Solar panels/power stations

Fancy chairs

Specialized backpacking gear

For a first trip, borrowing or renting expensive items like tents and sleeping systems can be a smart way to learn what you actually need. 
REI

Sources:
https://www.rei.com/learn/expert-advice/camping-for-beginners.html

https://www.campsitekit.com/help/camping-essentials-checklist

https://www.lowes.com/n/buying-guide/camping-essentials-checklist

https://www.outdoortechlab.com/camping-101-beginners-guide/"
What is the best sleeping bag  for cold-weather camping?,"For cold-weather camping, the best sleeping bag depends on how cold you expect it to get, whether you backpack or car camp, and your budget. For most winter campers, a 0°F (-18°C) down mummy bag is the sweet spot. 
Outdoor Life

Best overall: Therm-a-Rest Questar 0°F Sleeping Bag

Best for: Winter backpacking + general cold-weather camping
Why it stands out:

0°F rating gives a strong margin for freezing nights

Down insulation keeps weight and packed size reasonable

Good balance of warmth, comfort, and portability

Available in multiple sizes for better fit 
Outdoor Life

Best choice for most campers: If you expect nights around 10–25°F and occasionally colder, this is the type of bag to buy.

Premium pick: Western Mountaineering Versalite 10°F Sleeping Bag

Best for: Backpackers who want low weight
Pros:

Extremely warm for its weight

High-quality down construction

Excellent reputation among serious backcountry users
Cons:

Expensive

Outdoor Life

Best extreme cold option: Western Mountaineering Antelope MF Sleeping Bag

Best for: True winter conditions
Pros:

Around 0°F-class warmth

More room than many ultralight mummy bags

Premium materials and construction

Outdoor Life

Best budget cold-weather option: Mountain Hardwear Bishop Pass 0 Sleeping Bag

Best for: Getting winter capability without premium pricing
Pros:

Down insulation

Good warmth-to-cost ratio

Suitable for occasional winter trips

Outdoor Life

Best synthetic option: Mountain Hardwear Shasta 0 Sleeping Bag

Best for: Damp climates, car camping, and durability
Pros:

Synthetic insulation handles moisture better than down

Often cheaper

Good for wet winter environments

Outdoor Life

What temperature rating should you buy?
Camping conditions	Recommended bag rating
Fall camping, occasional frost	20°F (-7°C)
Most winter camping	0°F (-18°C)
Snow camping / mountain winter	-10°F to -20°F (-23°C to -29°C)
Extreme expeditions	Below -20°F

A sleeping bag’s rating is only part of the system. A properly insulated sleeping pad is critical because the ground can drain heat quickly; manufacturers commonly recommend pairing cold-weather bags with a high-R-value pad. 
Western Mountaineering

My pick by camper type:

One bag for most people: Therm-a-Rest Questar 0°F

Best lightweight investment: Western Mountaineering Versalite 10°F

Best value: Mountain Hardwear Bishop Pass 0°F

Wet winter/car camping: Mountain Hardwear Shasta 0°F

Sources used:
https://www.outdoorlife.com/gear/best-cold-weather-sleeping-bags/

https://www.westernmountaineering.com/temperature-ratings/"
Which budget camping chair  is the most comfortable?,"For most campers looking for maximum comfort without spending much, the best budget camping chair is:

🏆 Best Budget Comfort Pick: Kijaro Dual Lock Portable Camping Chair

Sarah Lee And Johnny
+1

Why it stands out:

Supportive upright seating — avoids the “slouching” feeling common with cheap folding chairs

Breathable mesh panel keeps you cooler on warm days

Dual-lock frame makes it feel sturdier and more stable

300 lb capacity

Includes cup holder and organizer pockets

Usually around the $50–$70 range, making it a strong value 
GearLab
+1

Best for: car camping, backyard fires, tailgating, and long evenings sitting around camp.

Other comfortable budget options
Chair	Best for	Why buy it
ALPS Mountaineering King Kong	Maximum comfort & durability	Very roomy, heavily built, 800 lb capacity; one of the most comfortable affordable chairs, but heavier and often closer to ~$80+ 
GearLab
+1

Coleman Portable Camping Quad Chair	Cheapest comfortable choice	Around the budget tier, padded seat, built-in cooler pocket, easy to find 
Sarah Lee And Johnny
+1

GCI Outdoor Freestyle Rocker	Relaxing by the fire	Adds a rocking motion; great comfort upgrade if weight/size are not concerns 
Camping Guidance

Cascade Mountain Tech Low Profile Chair	Beach-style lounging	Comfortable low seating and good value for casual use 
GearLab
My recommendation by camper type:

Best overall comfort under ~$70: Kijaro Dual Lock

Most comfortable if you can spend ~$80: ALPS Mountaineering King Kong

Best cheap “grab one anywhere” chair: Coleman Quad Chair

Best campfire relaxation chair: GCI Freestyle Rocker

For most people building a camping setup, I’d choose the Kijaro Dual Lock because it gives a noticeably more supportive sit than typical $30–$40 folding chairs without becoming bulky. 
GearLab
+1

Sources:
https://www.sarahleeandjohnny.com/best-camping-chairs/

https://www.outdoorgearlab.com/topics/camping-and-hiking/best-camping-chair

https://www.treelinereview.com/gearreviews/best-camping-chairs

https://boundbyflame.com/best-camping-chairs/"
What are the best  tents for first-time campers?,"For first-time campers, the best tent is usually one that is easy to set up, weather-resistant, roomy enough, and not overly expensive. Most beginners are better served by a 3-season car-camping tent rather than a lightweight backpacking tent.

Best beginner camping tents
Tent	Best for	Why it’s good for beginners
Coleman Sundome 4-Person Tent	Best overall budget pick	Affordable, simple setup, good ventilation, and enough room for 2–3 people plus gear. Its WeatherTec system is designed to help keep rain out.
Coleman Skydome 4-Person Tent	Easier setup + more comfort	Pre-attached poles make setup faster, and the taller wall design gives more usable interior space.
Coleman Sundome 6-Person Tent	Couples/families who want space	A good choice if you want room for air mattresses, bags, and changing clothes inside.
CORE 6-Person Instant Cabin Tent	Maximum convenience	Instant-style setup is beginner-friendly, with tall standing height and a roomy cabin layout.
Kelty Rumpus 4-Person Tent	Higher-quality first tent	More premium materials and features like a large vestibule for storing gear or outdoor chairs.
My top picks by camper type

🏕️ Solo beginner

Coleman Sundome 2-Person

Lightweight, inexpensive, and enough space for one person plus a backpack.

👫 Two people

Coleman Sundome 4-Person

A “4-person” tent is usually much more comfortable for two adults because it leaves room for gear.

👨‍👩‍👧 Family or group camping

Coleman Sundome 6-Person or CORE 6-Person Instant Cabin

Extra space makes camping much easier, especially in bad weather.

What beginners should look for

Capacity: Buy one size larger than the number of sleepers.

Rainfly included: Essential for unexpected weather.

Freestanding design: Easier to move and set up.

Good ventilation: Look for windows and vents.

Setup time: Practice once at home before the first trip.

Best first tent choice for most people

Coleman Sundome 4-Person Tent is the safest beginner recommendation: inexpensive, proven, easy to pitch, and large enough that you won’t feel cramped.

Sources used:
https://www.walmart.com/ip/Coleman-Sundome-4-Person-Camping-Tent-1-Room-Blue/47488673

https://www.backcountry.com/b/coleman-skydome-tent-4-person-3-season

https://www.walmart.com/ip/Coleman-6-Person-Sundome-Dome-Camping-Tent-Blue/47488672

https://www.walmart.com/ip/CORE-6-Person-Instant-Cabin-Tent-with-Wall-Organizer-Gray/234035961

https://www.dickssportinggoods.com/p/kelty-rumpus-4-person-tent-21kelurmps4pxxxxxcat/21kelurmps4pxxxxxcat"
Which  camping gear works best for families?,"For family camping, the best gear is usually comfortable, durable, and easy to set up rather than ultralight. Families benefit most from gear that reduces stress: bigger shelter, better sleep, simple cooking, and items that keep kids comfortable. 
REI
+1

1. Spacious family tent (highest priority)

What works best:

6–8 person tent for a family of 4 (extra room for bags, clothes, rainy-day activities)

Tall “cabin-style” designs so adults can stand

Large doors and good ventilation

Full rainfly and sturdy poles

Good choices:

Coleman Skydome / Instant Cabin — affordable, easy setup

REI Co-op Campwell 6 — roomy car-camping option

Eureka Copper Canyon LX — excellent standing height and family comfort

A tent rated for more people than your family size is often worth it because car camping allows you to prioritize comfort over weight. 
REI

2. Comfortable sleeping setup

Kids and adults usually enjoy camping more when sleep is close to home comfort.

Look for:

Thick sleeping pads or camping mattresses

Sleeping bags rated below expected nighttime temperatures

Camping pillows or regular pillows from home

Recommended:

Exped MegaMat — premium comfort

Therm-a-Rest MondoKing — thick and durable

Coleman Comfort Control sleeping bags — budget-friendly family option

Sleeping pads, bags, and pillows are considered core family camping equipment. 
REI

3. Easy camp cooking gear

For families, simple meals beat complicated camp recipes.

Best setup:

2-burner propane stove

Large cooler

Nesting cookware set

Reusable plates and utensils

Good options:

Coleman Classic 2-Burner Stove

GSI Outdoors Bugaboo Camper Cookset

YETI Tundra / Coleman Rolling Cooler

A basic family kitchen setup is usually built around a stove, fuel, cooler, cookware, and food storage. 
Trailstead Guide
+1

4. Comfortable camp chairs

Choose chairs kids and adults will actually use.

Look for:

Cup holders

Wide seats

Strong frames

Easy folding

Popular choices:

REI Co-op Skyward Chair

Coleman Quad Chair

ALPS Mountaineering King Kong Chair

5. Lighting for everyone

Families need more than one flashlight.

Best setup:

Headlamp for each person

One bright campsite lantern

Extra batteries

Good picks:

Black Diamond Spot headlamp

Goal Zero Lighthouse lantern

Coleman LED lantern

REI’s family camping guidance specifically lists headlamps/flashlights and lanterns among campsite essentials. 
REI

6. Family comfort extras that are worth it

These make trips much easier:

Pop-up canopy or screen shelter — shade and rain protection

Camping table — food prep and games

Large picnic blanket

Portable fan (warm weather)

Bug protection

First-aid kit

Wet wipes and hand sanitizer

Games/books for downtime

Family camping checklists commonly emphasize comfort, hygiene, safety, and entertainment items alongside core shelter and cooking gear. 
Trailstead Guide
+1

Best starter family camping setup (good value)

For a family of 4:

8-person tent

Four sleeping pads

Four sleeping bags

Two-burner stove

Large cooler

Four chairs

Lantern + four headlamps

Basic cookware kit

First-aid kit

Canopy/shelter

This setup covers most weekend car-camping trips without buying unnecessary specialty gear. 
Trailstead Guide

Sources used:
https://www.rei.com/learn/expert-advice/family-camping-checklist.html

https://www.trailsteadguide.com/guides/family-camping-gear-list

https://www.campspot.com/camp-guide/family-camping-checklist-packing-made-easy

https://www.foodandwine.com/amazon-camping-deals-july-2026-12018570

https://www.foodandwine.com/rei-camping-tents-deals-july-2026-12019013"
What are the best lightweight camping products  for easy packing?,"For easy packing, the best lightweight camping products are usually those that reduce bulk, not just weight. The biggest wins come from your “big three”: shelter, sleep system, and backpack. 
Advnture
+1

Category	Lightweight pick	Why it’s good for packing
Backpacking tent	Big Agnes Copper Spur UL series	Excellent space-to-weight ratio and compact packed size; a popular choice for backpackers needing comfort without excessive weight. 
GearLab

Sleeping bag/quilt	Western Mountaineering MegaLite or lightweight down bags	High warmth-to-weight performance and compresses well into a small pack. 
GearLab

Sleeping pad	Therm-a-Rest NeoAir-style inflatable pads	Packs much smaller than foam pads while still providing insulation and comfort. 
Advnture

Backpack	40–55L ultralight hiking pack	Enough capacity for weekend trips while avoiding unnecessary weight. 
CleverHiker

Camp stove	Soto WindMaster	Small, lightweight, stable, and efficient for backpacking meals. 
GearLab

Cook set	Titanium pot + spork + small cup	Replaces bulky cookware with multipurpose pieces. 
Advnture

Water filter	Sawyer Squeeze-style filter	Eliminates the need to carry large amounts of water when sources are available. 
The Big Outside

Lighting	Rechargeable mini headlamp	Hands-free, compact, and lighter than lantern setups. 
Advnture

Camp towel	Microfiber towel	Dries quickly and packs far smaller than cotton towels. 
The Big Outside

Storage bags	Lightweight dry bags/stuff sacks	Helps organize gear without adding much weight. 
The Big Outside
Best lightweight setup for most campers

1–2 person backpacking tent

40–50L backpack

Down sleeping bag or quilt

Inflatable sleeping pad

Compact stove + titanium cook kit

Small rechargeable headlamp

Collapsible water bottle or hydration bladder

Easy ways to cut pack weight

Bring multi-use items (spork, trekking poles that support tent setups, clothing layers that serve multiple purposes). 
CleverHiker

Remove unnecessary packaging from food and supplies. 
T3

Avoid carrying excess water when reliable sources and filtration are available. 
T3

For most beginners, upgrading the sleeping bag, tent, and backpack first makes the biggest difference in comfort and packability. 
GearLab
+1

Sources:
https://www.outdoorgear
 lab.com/topics/camping-and-hiking/best-backpacking-tent
https://www.outdoorgearlab.com/topics/camping-and-hiking/best-backpacking-sleeping-bag

https://www.outdoorgearlab.com/topics/camping-and-hiking/best-backpacking-stove

https://www.advnture.com/features/best-lightweight-camping-gear

https://www.cleverhiker.com/backpacking/ultralight-packing-list/

https://www.thebigoutside.com/gear-review-12-essential-backpacking-accessories/"
Which  outdoor essentials are best for staying dry in rainy weather?,"For staying dry outdoors, the best setup is usually a combination of waterproof outer layers, pack protection, and moisture management rather than one single product. Good options include:

Essential	Best for	Recommended options
Waterproof rain jacket	Hiking, camping, daily outdoor use	Patagonia Torrentshell 3L Rain Jacket — durable waterproof shell with breathable 3-layer construction.
Budget rain shell	Occasional rain and casual use	Columbia Watertight II Jacket — lightweight, packable, and designed for wet-weather hikes.
Versatile everyday rain jacket	City + trails	The North Face Antora Jacket — a reliable waterproof/breathable rain shell for mixed use.
Rain poncho	Camping, festivals, emergency backup	Frogg Toggs Ultra-Lite2 Rain Poncho — inexpensive, lightweight, and easy to stash.
Waterproof pack cover	Keeping gear dry	Look for covers sized to your backpack with taped seams or coated nylon construction.
Dry bags / waterproof stuff sacks	Protecting electronics, clothes, sleeping gear	Essential for camping and kayaking; use different sizes for organization.
Waterproof hiking boots	Wet trails and muddy ground	Choose boots with waterproof membranes plus good traction.
Quick-dry base layers	Preventing clammy clothing	Synthetic or merino layers dry faster than cotton when wet.
Gaiters	Mud, puddles, snow, wet brush	Useful for hikers who regularly encounter soaked trails.
Microfiber towel	Drying gear and people	Small, fast-drying backup for camping kits.
Best rain-ready kits by situation

For beginner campers

Packable rain jacket

Rain poncho backup

Waterproof pack cover

Dry bags for phone, wallet, and clothes

For serious hikers

3-layer waterproof jacket like the Patagonia Torrentshell 3L

Waterproof pants

Waterproof boots

Pack liner or dry bags

For budget setups

Columbia Watertight II jacket

Frogg Toggs poncho

Contractor-style trash bags as emergency pack liners

The highest-value purchases are usually a good rain jacket, waterproof storage bags, and a pack cover—they protect both you and your gear when weather turns bad.

Sources used:
https://www.patagonia.com/product/mens-torrentshell-3-layer-rain-jacket/85241.html

https://www.thenorthface.com/en-us/p/mens/mens-jackets-and-vests/mens-rainwear-299284/mens-antora-jacket-NF0A7QEY

https://www.backcountry.com/b/columbia-watertight-jacket-mens

https://www.walmart.com/ip/Frogg-Toggs-Ultra-Lite2-Rain-Poncho-for-Adults-Packable-Eme/596929364

https://www.cleverhiker.com/apparel/best-rain-jackets/"
What are the best camping lights and lanterns to buy ?,"The best camping lights and lanterns depend on whether you need bright campsite lighting, lightweight backpacking gear, tent lighting, or emergency backup. The strongest choices today are mostly rechargeable LED models because they offer good runtime, lower maintenance, and useful features like power-bank charging. 
Travel + Leisure
+1

Best Camping Lanterns & Lights
Product	Best For	Why Buy It
BioLite AlpenGlow 500	Best overall campsite lantern	Excellent all-around light with 500 lumens, warm/cool modes, color options, and a pleasant glow for camp tables. 
Kit Authority
+1

Goal Zero Lighthouse 600	Car camping & group use	Very bright (600 lumens), long runtime, rechargeable battery, and useful USB charging features. 
Travel + Leisure

Black Diamond Moji R+	Backpacking & tent lighting	Compact, lightweight, rechargeable, and easy to pack while still providing enough light for small spaces. 
Kit Authority
+1

Fenix CL26R Pro	Best value rechargeable lantern	Small but powerful, durable, and designed for outdoor use with strong battery performance. 
Kit Authority

Sofirn BLF LT1	Long-term durability & emergencies	Highly regarded by outdoor enthusiasts for its battery flexibility, brightness control, and very long runtimes. 
Reddit

LuminAID PackLite Max	Solar-powered camping	Lightweight inflatable design that works well for backpacking, travel, and situations where charging is limited. 
CleverHiker

Goal Zero Lighthouse Micro Charge	Ultralight camping	Tiny lantern with charging capability, good for hikers who want minimal weight. 
TrailCraft
Best Picks by Camping Style
🏕️ Weekend car camping

Pick: BioLite AlpenGlow 500

Bright enough for cooking and hanging around camp

Better atmosphere than harsh white LEDs

Good balance of size, brightness, and features

Kit Authority

👨‍👩‍👧 Family camping

Pick: Goal Zero Lighthouse 600

Lights up larger areas

Useful around picnic tables and cooking stations

Good emergency backup capability

Travel + Leisure

🎒 Backpacking

Pick: Black Diamond Moji R+

Small footprint

Rechargeable

Enough light for tents and camp organization

CleverHiker

🌧️ Emergency / power outage use

Pick: Sofirn BLF LT1

Built for long runtimes

More repairable than many sealed lanterns

Popular among enthusiasts who prioritize reliability

Reddit

💰 Budget option

Pick: Etekcity LED Camping Lantern

Affordable

Simple battery-powered design

Good spare lantern for occasional trips

Travel + Leisure

Features Worth Looking For

300–600+ lumens: good range for most campsites

USB-C charging: easier than carrying specialty cables

Red light mode: preserves night vision and is less disruptive

Water resistance: look for outdoor-rated builds

Power-bank function: useful for phones in emergencies

Multiple brightness levels: saves battery when full power isn’t needed

For most campers, a strong setup is:

One bright lantern (BioLite AlpenGlow 500 or Goal Zero Lighthouse 600)

One small tent light (Black Diamond Moji R+)

A headlamp for each person for hands-free tasks

Kit Authority
+2
Travel + Leisure
+2

Sources used:
https://kitauthority.com/camp/best-camping-lanterns

https://www.travelandleisure.com/best-camping-lanterns-5680330

https://www.cleverhiker.com/camping/best-lanterns/

https://gearjunkie.com/camping/best-camping-lantern

https://www.reddit.com/r/flashlight/comments/1tl7sm2/looking_for_a_lantern_for_camping/"
Which portable cooking products  are best for campsite meals?,"For campsite meals, the best portable cooking products depend on whether you’re car camping, backpacking, or feeding a group. The most useful setups combine a reliable stove, compact cookware, and easy cleanup tools. 
Outdoor Life
+1

Best Portable Camping Cooking Products
Product	Best For	Why It’s Worth Buying
Jetboil MiniMo Cooking System	Backpackers, quick meals	Extremely compact, fast boiling, and better temperature control than many basic boil-only systems. Great for coffee, oatmeal, pasta, and dehydrated meals. 
Food & Wine

MSR PocketRocket Deluxe Stove	Lightweight backpacking	Tiny, powerful stove with excellent fuel efficiency and easy packing. 
Reddit

Coleman Classic 2- or 3-Burner Stove	Family camping	Best choice when cooking real meals: pancakes, eggs, burgers, pasta, and multiple dishes at once. 
Food & Wine

GSI Outdoors Pinnacle Camper Cookset	Families/groups	A complete nesting cookware system with pots, pans, bowls, and mugs that packs efficiently. 
GearLab

Stanley Adventure Even-Heat Camp Pro Cookset	Car campers wanting durability	Heavy-duty stainless cookware with excellent heat distribution and included accessories. 
Outdoor Life

Lodge Cast Iron Skillet	Campfire cooking	Excellent for steaks, breakfast, cornbread, and one-pan meals; nearly indestructible. 
Outdoor Life

Sea to Summit Detour Cookware	Space-saving setups	Collapsible design helps reduce storage space while keeping cooking capability. 
Outdoor Life

GSI Glacier Stainless Kettle	Coffee and hot drinks	Lightweight, durable kettle for tea, coffee, and boiling water. 
Outdoor Life
Essential Add-Ons

Collapsible cutting board – saves space and keeps food prep cleaner.

Camping utensil kit – spatula, spoon, tongs, and knife in one compact bundle. 
Food & Wine

Silicone cooking utensils – won’t scratch nonstick cookware.

Compact spice kit – makes simple meals much better.

Reusable food storage containers – useful for leftovers and meal prep.

Windscreen for camp stove – improves fuel efficiency in windy areas.

Small biodegradable dish kit – sponge, soap, towel, and basin.

Best Setups by Camping Style
🥾 Backpacking Setup

Jetboil MiniMo or MSR PocketRocket Deluxe

Titanium or aluminum pot

Lightweight spoon

Freeze-dried meals + instant coffee

🚙 Car Camping Setup

Coleman 2–3 burner stove

GSI Pinnacle Camper or Stanley cookset

Lodge cast iron skillet

Full utensil kit

👨‍👩‍👧 Family Camping Setup

Larger propane stove

Multi-piece cookware set

Dutch oven

Folding prep table

Best Overall Starter Kit

For most campers, a strong first purchase would be:

Coleman 2-burner stove

GSI Pinnacle Camper cookware set

Lodge cast iron skillet

Compact utensil kit

Collapsible cutting board

This combination lets you cook almost anything from simple breakfasts to full campsite dinners without carrying a full kitchen. 
Outdoor Life
+1

Sources:
https://www.outdoorlife.com/gear/best-camping-cookware/

https://www.outdoorgearlab.com/topics/camping-and-hiking/best-camping-cookware

https://www.foodandwine.com/best-camping-cookware-for-summer-2026-12015816

https://www.foodandwine.com/rei-jetboil-camping-stove-sale-july-2026-12018304"
What are the best  camping products for keeping food and drinks cold?,"For keeping food and drinks cold while camping, the best choice depends on whether you need maximum ice life, easy carrying, or a true refrigerator setup. These are the top options for most campers in 2026. 
Forbes
+1

Product type	Best for	Recommended picks
Rotomolded hard cooler	Multi-day camping, families, hot weather	YETI Roadie 48, RTIC Ultra-Light Cooler
Budget hard cooler	Weekend trips and casual camping	Coleman Xtreme 5 70-Quart Cooler
Soft cooler / backpack cooler	Hiking, day trips, beach camping	Hydro Flask 22L Carry Out Soft Backpack Cooler, YETI Hopper M20
Portable electric fridge/freezer	Car camping, van life, long trips	BougeRV CRD2 V2.0 Portable Refrigerator, Dometic-style 12V fridges
Best overall camping cooler

RTIC Ultra-Light Cooler / similar 45–50 qt rotomolded coolers

Excellent balance of price, durability, and ice retention

Large enough for a weekend of food and drinks

Easier to justify than premium-priced models for many campers

Forbes
+1

Best premium option

YETI Roadie 48

Great for car camping and group trips

Strong insulation and rugged construction

Wheels and handle make transport easier than traditional large coolers

CleverHiker

Best budget choice

Coleman Xtreme series

Much cheaper than premium rotomolded coolers

Good for weekend camping

A strong value choice if you are not camping for a week at a time

trailtestedgear.net
+1

Best portable cooler for hiking or short trips

Hydro Flask Carry Out Soft Backpack Cooler

Easier to carry than a hard cooler

Good for picnics, fishing, and day hikes

Designed for mobility rather than maximum capacity

Bon Appétit

Best upgrade for serious campers

12V portable fridge/freezer

No melting ice

Can keep food at refrigerator temperatures for extended trips

Best paired with a power station or vehicle battery setup

RV.com
+1

Cold-storage accessories worth buying

Reusable ice packs: better for keeping food dry than loose ice

Cooler divider/basket: separates drinks from food so the cooler stays colder

Cooler insulation cover: helps reduce heat gain

Food storage containers: prevent leaks and keep ice from being wasted on wet packaging

Thermometer: helps ensure meat and dairy stay safely cold

Buying guide by camping style

One-night camping: Coleman Xtreme or a small soft cooler

Weekend car camping: 45–55 qt hard cooler

Family camping: 60+ qt wheeled cooler

Hot climates or multi-week trips: rotomolded cooler or 12V fridge/freezer

Backpacking: insulated soft cooler only if carrying weight is acceptable

For most campers, a 45–50 quart rotomolded cooler + reusable ice packs + a separate drink cooler is the best combination of cost, convenience, and cold retention. 
CAMPRIZZ

Sources:
https://www.forbes.com/sites/forbes-personal-shopper/article/best-cooler/

https://www.outdoorlife.com/gear/best-coolers-2026/

https://www.cleverhiker.com/camping/best-coolers/

https://www.camprizz.com/camping-gear/best-coolers

https://www.bonappetit.com/story/best-backpack-coolers

https://www.popularmechanics.com/adventure/outdoor-gear/a71409972/bougerv-crd2-dual-zone-portable-refridgerator-review/"
Which outdoor sleeping essentials  make camping more comfortable?,"The biggest comfort upgrades for camping sleep come from improving insulation, cushioning, warmth control, and convenience. A good sleep system is usually more important than buying a larger tent. 
Outside Online
+1

Essential outdoor sleeping gear
Essential	Why it improves comfort	Best for
Insulated sleeping pad	Adds cushioning and blocks cold ground temperatures	Everyone, especially backpackers
Quality sleeping bag	Keeps you warm while matching expected temperatures	Cool nights, multi-season camping
Camping pillow	Prevents neck strain and feels more like home	Better sleep quality
Camping cot	Raises you off uneven ground and improves airflow	Car camping, older campers
Sleeping bag liner	Adds warmth, keeps your bag cleaner, adjusts comfort	Variable weather
Camping blanket/quilt	Easier temperature control than a bag in mild weather	Summer camping
Eye mask + earplugs	Helps with bright mornings and campground noise	Busy campsites
Warm sleep clothing	Keeps body temperature stable overnight	Cold-weather trips
Top upgrades worth buying
1. A comfortable sleeping pad (highest-impact upgrade)

A sleeping pad is often the difference between a rough night and a restful one. Look for:

Higher R-value for cold-weather insulation

3+ inches of thickness for comfort

Durable materials for frequent use

Popular choices include:

Therm-a-Rest NeoAir XLite NXT — lightweight backpacking comfort

NEMO Tensor All-Season — balance of comfort and weight

NEMO Roamer — plush car-camping mattress option 
Outside Online
+1

2. A sleeping bag matched to the climate

Avoid buying only by “warmest rating.” Choose based on where you camp:

Summer: lightweight 40°F–50°F bags

Three-season: around 20°F bags

Cold weather: 0°F or lower ratings

Well-regarded options include:

REI Co-op Siesta Hooded 20

Sea to Summit Basecamp series

Kelty Wayback 20 
GearJunkie

3. A real camping pillow

A small pillow makes a surprisingly big difference. Options:

Inflatable pillows for backpacking

Foam-filled pillows for car camping

Hybrid pillows for a home-like feel

Popular picks include:

Sea to Summit Aeros Premium

NEMO Fillo

HEST Camp Pillow 
CleverHiker

4. A camping cot for maximum comfort

For drive-in camping, a cot can be a major upgrade:

Keeps you away from rocks and uneven ground

Easier to get in and out of

Allows airflow underneath in hot weather

Pair it with a sleeping pad or mattress for the best setup.

5. A good sleep environment kit

Small items that noticeably improve rest:

Warm socks reserved only for sleeping

Lightweight fleece blanket

Headlamp within reach

Dry bag for nighttime essentials

Earplugs and eye mask

Small rechargeable fan for summer camping

Best setups by camping style

Backpacking

Lightweight insulated pad

Down or synthetic sleeping bag

Compact inflatable pillow

Family/car camping

Thick air mattress or cot

Larger sleeping bag

Full-size camping pillow

Cozy blanket

Cold-weather camping

High-R-value pad

Properly rated sleeping bag

Sleeping bag liner

Insulated clothing layers

Budget upgrade path

Buy a better sleeping pad

Add a camping pillow

Upgrade sleeping bag if needed

Add comfort accessories

A sleeping pad and pillow usually provide the biggest comfort improvement per dollar. 
Outside Online
+1

Sources used:
https://www.outsideonline.com/outdoor-gear/camping/the-best-sleeping-pads/

https://gearjunkie.com/camping/best-sleeping-bags

https://www.outdoorgearlab.com/topics/camping-and-hiking/best-sleeping-pad

https://www.cleverhiker.com/backpacking/best-backpacking-hiking-camping-pillows/"
What are the best  products for camping in hot weather?,"For camping in hot weather, the best gear focuses on shade, airflow, hydration, cooling sleep, and reducing heat buildup inside your tent. These are some of the most useful products to add to a summer camping setup:

Loheer Portable Tent Ceiling Fan with LED Lantern
$58.66•Rechargeable fan with LED lantern, ideal for camping comfort.
Klymit Static V Lightweight Inflatable Sleeping Pad
$68.48•Lightweight inflatable pad for easy, portable sleeping support.
BULLSEYE AIR Portable Misting Fan
$29.99•Portable misting fan to stay cool during outdoor activities.
Waykar Portable Tent Air Conditioner
$329.99•3-in-1 portable AC with dehumidifier, perfect for tents.
1. Rechargeable camping fan

A small battery-powered fan can dramatically improve comfort on hot nights by moving humid air through the tent.

Good choices:

Loheer Portable Tent Ceiling Fan with LED Lantern — combines airflow and lighting for tent use.

Clip-on fans are great for backpacking because they take little space.

Look for USB-C charging and at least 8–12 hours of runtime.

2. Breathable sleeping pad

A good sleeping pad prevents you from lying directly on hot ground and improves airflow under your body.

Good choices:

Klymit Static V Lightweight Inflatable Sleeping Pad — lightweight and popular for camping comfort.

NEMO Tensor Sleeping Pad — a premium lightweight option for campers who prioritize packability and comfort.

3. Shade tarp or sun shelter

A shaded campsite can be several degrees cooler than sitting in direct sun.

Look for:

UV-resistant fabric

Adjustable poles

Large coverage area

Easy setup design

4. High-capacity cooler

Hot-weather camping requires keeping drinks and food cold longer.

Features worth paying for:

Thick insulation

Strong lid seal

Drain plug

Comfortable handles or wheels

5. Insulated water bottle or hydration jug

Staying hydrated is one of the biggest comfort and safety factors in summer camping.

Best features:

32–64 oz capacity

Vacuum insulation

Wide mouth for ice

Easy cleaning

6. Cooling towel and personal cooling gear

Simple but effective for hiking, cooking, and relaxing around camp.

Useful items:

Evaporative cooling towels

Neck gaiters

Lightweight sun hats

Breathable shirts

7. Portable misting fan

For car camping or base camps, misting fans can provide stronger cooling than a normal fan.

Examples:

BULLSEYE AIR Portable Misting Fan — designed for outdoor cooling and camping use.

Shark ChillPill 3-in-1 Personal Cooling System — combines fan and mist-style cooling features.

8. Ventilated tent

For hot climates, prioritize:

Large mesh panels

Multiple doors

Roof vents

Light-colored rainfly

A darker tent can absorb more daytime heat.

9. Portable air conditioner (for car camping)

These are heavier and usually require significant power, but they can help in extreme heat.

Examples:

Waykar Portable Tent Air Conditioner — a camping-oriented portable cooling unit.

Zero Breeze Mark 3 Portable AC — a higher-end portable cooling option for some off-grid setups.

10. Lightweight summer sleeping bag or sheet

Avoid heavy insulated bags in hot weather. Better options:

Lightweight liner

Camping blanket

Breathable sleeping quilt

Best hot-weather camping setup for most people:

Ventilated tent

Rechargeable fan

Quality sleeping pad

Large cooler

Insulated water bottle

Shade tarp

Cooling towel

Sources used:
https://fieldandstream.com/outdoor-gear/camping-and-outdoor-rec/camping-gear/best-sleeping-pads-for-camping

https://wildholics.com/products/nemo-tensor-ultralight-insulated-sleeping-pad

https://www.bestbuy.com/product/loheer-portable-tent-ceiling-fan-with-led-lantern-rechargeable-battery-operated-camping-fan-with-remote/J7R34S6PLX/sku/12839389

https://www.target.com/p/waykar-4500-btu-3-in-1-portable-air-conditioner-for-tent-camping-rv-with-dehumidifier-and-remote-control/-/A-1010724359

https://www.lowes.com/pd/BULLSEYE-AIR-Portable-Air-Conditioner-Portable-Personal-Rechargeable-Misting-Fan-Evaporative-Air-Cooler-Ac-Cooling-Fans-that-Blows-Cold-Air-with-Ice-Perfect-for-Car-Bedroom-Camping-Travel/5018569739"
Which  gear is best for summer camping trips?,"For summer camping trips, the best gear focuses on staying cool, sleeping comfortably, managing food/water, and reducing setup hassle. A strong summer setup looks like this: 
Outdoor Life
+1

Category	Recommended gear	Why it’s useful
Tent	Spacious 3–6 person tent with large mesh panels and good ventilation (e.g., The North Face Wawona-style designs)	Better airflow and more comfort during hot nights; extra vestibule space helps with gear storage. 
Outdoor Life

Sleeping setup	Lightweight sleeping pad + summer quilt or lightweight sleeping bag	Avoids overheating while still protecting you from cool nighttime temperatures. Experts often recommend using sleeping bags as quilts or choosing breathable alternatives in hot weather. 
T3

Cooler	High-performance hard cooler or insulated backpack cooler	Keeps food safe and drinks cold for multi-day trips. Tested summer favorites include models like Titan Pro coolers and Hydro Flask-style backpack coolers. 
Outdoor Life

Hydration	Large insulated water bottle + hydration reservoir	Helps maintain hydration during hiking and hot campsite days.
Shade	Pop-up canopy, tarp, or sun shelter	Creates a cooler cooking and lounging area away from direct sun.
Camp chair	Comfortable folding chair with good back support	Makes relaxing at camp much more enjoyable. 
Outside Online

Lighting	Rechargeable lantern + headlamp	Provides hands-free lighting for cooking, walking, and nighttime tasks.
Cooking gear	Two-burner camp stove, compact cookware set, utensils	Easier meals than relying only on fire cooking. Popular summer setups include portable stoves like the Camp Chef Everest series. 
Outdoor Life

Bug protection	Head net, insect repellent, screened shelter	Essential for humid summer campsites. 
Outdoor Life

Cooling gear	Battery fan, cooling towel, breathable clothing	Helps with hot afternoons and warm nights. Portable cooling devices can help but may require power and work best in smaller or better-insulated spaces. 
Popular Mechanics

Power	Portable power station or solar charger	Useful for phones, lights, fans, and cameras. 
Outdoor Life
Best summer camping essentials to buy first

Quality tent with ventilation

Comfortable sleeping pad

Large cooler

Insulated water bottle

Camp chair

Headlamp + lantern

Portable stove

Shade shelter

Bug protection

Portable power bank

For car camping, prioritize comfort (bigger tent, cooler, chair, canopy). For backpacking, prioritize weight savings (ultralight pad, compact stove, lightweight shelter). 
Outdoor Life

Sources used:
https://www.outdoorlife.com/gear/best-summer-outdoor-gear-2026/

https://www.outsideonline.com/collection/2026-summer-gear-guide/

https://www.t3.com/active/camping/hot-weather-camping-sleep-system-tips-0726

https://www.popularmechanics.com/adventure/outdoor-gear/a71933575/bougerv-portable-tent-air-conditioner-review/"
What camping essentials should I buy  for a fall weekend outdoors?,"For a fall weekend camping trip, prioritize gear that handles cold nights, changing weather, and shorter daylight. Fall is usually comfortable during the day but temperatures can drop quickly after sunset, so a warmer sleep system and reliable lighting matter most. 
Tent and Lantern
+1

Must-have fall camping essentials
🏕️ Shelter

3-season tent with rainfly – protects against wind, rain, and condensation

Tent footprint or tarp – adds moisture protection and helps extend tent life

Extra tarp + cordage – useful for a dry cooking area or emergency cover

The Wilderness Society

🛏️ Warm sleeping setup (most important)

Sleeping bag rated below expected nighttime lows (many fall campers choose around a 20°F bag depending on location)

Insulated sleeping pad – prevents heat loss through the ground

Warm camp pillow or stuff-sack pillow

Fleece blanket or sleeping bag liner for extra warmth

The Wilderness Society
+1

🧥 Clothing layers

Pack:

Moisture-wicking base layer

Fleece or insulated mid-layer

Waterproof rain jacket

Warm hat/beanie

Gloves

Extra dry socks

Camp shoes or waterproof boots

The Wilderness Society

🔦 Lighting

Headlamp (one per person is ideal)

Rechargeable lantern for the campsite

Spare batteries or power bank
Fall sunsets come earlier, so dependable lighting is a big comfort upgrade. 
GearLab

🍳 Camp kitchen

Portable camping stove + fuel

Lighter + waterproof matches

Pot/pan or cook set

Mug and utensils

Cooler

Water bottles or hydration reservoir

Water filter or purification tablets if needed

REI

🔥 Comfort items worth bringing

Folding camp chair

Camp blanket

Thermos for hot drinks

Hand warmers

Book/cards/games

Small folding table (especially for car camping)

🧰 Safety and practical gear

First-aid kit

Multi-tool or knife

Map/offline navigation

Sunscreen

Bug protection (some fall areas still have insects)

Trash bags

Toilet paper + hand sanitizer

Emergency whistle

GearLab

Best “starter kit” if you’re buying from scratch

If you only want the essentials, buy in this order:

Quality sleeping bag

Sleeping pad

3-season tent

Headlamp + lantern

Warm layers/rain jacket

Camp stove + cookware

First-aid kit

Camp chair

For a simple fall weekend, a comfortable sleep system will make a bigger difference than expensive extras. 
Trailstead Guide

Sources:
https://www.rei.com/learn/expert-advice/family-camping-checklist.html

https://www.wilderness.org/articles/article/your-fall-camping-checklist

https://www.wilderness.org/articles/article/45-tips-foolproof-fall-camping

https://www.tentandlantern.com/2026/02/camping-packing-list-by-season/camping/

https://www.outdoorgearlab.com/topics/camping-and-hiking/best-camping-list"
Which  products are most useful for cold nights at a campsite?,"For cold nights at a campsite, the most useful products are the ones that improve insulation, warmth retention, and sleep comfort. A good setup focuses on keeping heat in rather than trying to heat the whole tent. 
Outdoor Life
+1

1. Cold-weather sleeping bag

Most important purchase for staying warm overnight.

Look for:

Temperature rating below the coldest expected night

Mummy shape for better heat retention

Down insulation for lightweight warmth

Synthetic insulation for damp conditions and lower cost

Popular choices:

Therm-a-Rest Questar 0°F

Mountain Hardwear Shasta 0°F

Western Mountaineering Versalite 10°F

Outdoor Life

2. Insulated sleeping pad

Often the biggest upgrade people overlook.

A sleeping pad blocks heat loss into the cold ground. Look for a higher R-value rating, especially for freezing temperatures. 
Outdoor Life
+1

Good options:

Therm-a-Rest NeoAir XTherm

Exped Dura 8R

NEMO Tensor Extreme Conditions

Outdoor Life

3. Fleece or wool blanket

Useful for:

Extra insulation inside a sleeping bag

Sitting around the campsite

Morning coffee when temperatures are low

Wool is especially useful because it stays warm even when slightly damp.

4. Merino wool base layers

Avoid cotton for cold camping. A moisture-wicking base layer helps keep sweat away from your skin.

Best items:

Merino wool long-sleeve shirt

Thermal leggings

Wool socks

5. Sleeping bag liner

A liner can add warmth and keeps your sleeping bag cleaner.

Good for:

Shoulder-season camping

Extending the life of a sleeping bag

Adding a comfort layer

6. Warm campsite lighting

Cold nights often mean longer evenings outside. A good lantern or headlamp improves comfort and safety.

Useful picks:

Rechargeable LED lantern

Headlamp with adjustable brightness

Extra batteries or power bank

Outdoor Life

7. Insulated mug or thermos

A hot drink can make a big difference at camp.

Useful items:

Vacuum insulated bottle

Travel mug with lid

Small camp kettle

8. Hand warmers

Small but very effective:

Put them in jacket pockets

Warm gloves before bed

Use near your feet (without direct skin contact)

9. Four-season or weather-resistant tent accessories

For colder conditions:

Full-coverage rainfly

Tent footprint

Extra guy lines

Wind protection tarp

A warmer sleeping system usually matters more than a “warmer” tent, since most tents do not trap much heat. 
Reddit

10. Portable camp chair with insulation

A cold chair can make evenings miserable. Look for:

Padded seat

Insulated blanket attachment

Higher back support

Best-value cold-night starter kit

If buying only a few things:

Insulated sleeping pad

Properly rated sleeping bag

Merino/wool base layers

Warm blanket

Thermos or insulated mug

These five upgrades usually make the biggest difference for fall, winter, and early spring camping. 
Outdoor Life
+1

Sources:
https://www.outdoorlife.com/gear/best-cold-weather-sleeping-bags/

https://www.rei.com/learn/expert-advice/best-camping-sleeping-pads.html

https://www.outdoorlife.com/gear/best-survival-gear/

https://www.reddit.com/r/camping/comments/175fk3a"
What are the best camping essentials for car camping ?,"For car camping, the best essentials are the items that improve sleep quality, cooking convenience, weather protection, and campsite comfort. Since you have a vehicle, you can prioritize comfort over ultralight gear. 
REI
+1

1. Sleeping Setup (highest priority)

Roomy tent (often a 3–6 person tent for 1–2 people gives extra storage space)

Sleeping bag rated for your expected temperatures

Sleeping pad or camping mattress (more important than many beginners expect)

Camp pillow

Extra blanket or sleeping liner for colder nights

Campsitekit
+1

2. Campsite Comfort

Folding camping chairs — one of the biggest quality-of-life upgrades

Portable camping table for cooking and organizing gear

Outdoor rug or ground mat to keep dirt out of your tent

Pop-up canopy or tarp shelter for shade/rain protection

Hammock for relaxing

REI
+1

3. Cooking & Food Gear

Two-burner camping stove (more convenient than relying only on a fire)

Fuel canisters or propane

Cooler (hard cooler for longer trips, soft cooler for short trips)

Cook set: pot, pan, utensils, knife, cutting board

Reusable plates, bowls, cups, and mugs

Coffee setup (portable pour-over, AeroPress, or camp kettle)

Dishwashing kit: collapsible sink, soap, sponge, towel

etrailer
+1

4. Lighting & Power

Headlamp (more useful than a handheld flashlight because your hands stay free)

Rechargeable lantern

Extra batteries or charging cables

Portable power station (optional but useful for longer trips)

Solar charger (optional)

GearJunkie

5. Weather & Outdoor Protection

Rain jacket and waterproof layers

Extra warm clothes

Sun protection: sunscreen, sunglasses, hat

Bug repellent

Tent footprint or ground tarp

Dry bags or storage bins to protect gear

Campsitekit

6. Safety & Utility Items

First-aid kit

Multi-tool or pocket knife

Fire starter + lighter/matches

Extra water containers

Trash bags

Emergency blanket

Basic car recovery supplies (especially for remote campsites)

Offline maps or downloaded navigation

GearJunkie

7. Small Items That Make a Big Difference

Camp towel

Wet wipes

Portable shower bag (optional)

Clothesline + clips

Storage bins for organizing the trunk

Earplugs and sleep mask

Blanket for sitting around the fire

Board games/cards/books

Cinders Travels

Best “starter kit” if you’re buying from scratch

Tent

Sleeping bag

Sleeping pad

Camp chairs

Cooler

Camp stove

Lantern/headlamp

Cooking kit

First-aid kit

Water container

That setup covers most weekend car camping trips without buying unnecessary gadgets. 
Reddit
+1

Sources used:
https://www.campsitekit.com/blog/car-camping-checklist

https://www.etrailer.com/faq-car-camping-checklist.aspx

https://www.rei.com/learn/expert-advice/family-camping-checklist.html

https://www.autozone.com/diy/trustworthy-advice/car-camping-essentials

https://gearjunkie.com/camping/camping-checklist-essentials"
Which  outdoor products are best for a short weekend camping trip?,"For a short weekend camping trip, the best outdoor products are the ones that improve sleep, shelter, food, comfort, and convenience without adding unnecessary bulk. A simple car-camping setup can cover most trips with a few reliable items. 
REI
+1

1. Reliable Tent (your #1 priority)

Best features:

Easy setup (10–15 minutes)

Waterproof rainfly

Good ventilation

Slightly larger than your group size for comfort

Good picks:

Coleman Skydome Tent – affordable and beginner-friendly

REI Co-op Base Camp / Skyward series – more durable for frequent use

Eureka Copper Canyon LX – roomy option for car camping 
Food & Wine
+1

2. Comfortable Sleeping Setup

A sleeping pad is often more important than an expensive sleeping bag because it provides insulation and cushioning. 
Outside Online
+1

Essentials:

Sleeping pad or camping mattress

Sleeping bag rated for expected temperatures

Compact camping pillow

Popular options:

Therm-a-Rest NeoAir series – lightweight comfort

Sea to Summit Comfort Deluxe Mat – luxury car-camping comfort

Kelty Cosmic Sleeping Bag – strong value choice

3. Camping Cooler

For a weekend trip, a good cooler makes food planning much easier.

Look for:

Multi-day ice retention

Durable handles

Easy cleaning

Good choices:

YETI Hopper / Tundra series – premium durability

RTIC Coolers – strong value

Coleman Xtreme Rolling Cooler – budget-friendly 
Food & Wine
+1

4. Portable Camp Stove

Cooking at camp is much easier with a dedicated stove.

Best options:

Coleman Classic 2-Burner Stove – excellent beginner choice

Camp Chef Everest – higher-performance option

Compact backpacking stove if you want minimal packing 
Food & Wine

Pair with:

Lightweight cookware set

Folding utensils

Reusable plates/cups

Coffee setup

5. Camp Lighting

Avoid relying only on your phone flashlight.

Buy:

Headlamp for each person

Rechargeable lantern

Extra batteries or power bank

A headlamp is especially useful because it keeps your hands free for cooking and setup. 
Trailstead Guide

6. Comfortable Camp Chair

A chair dramatically improves downtime around the fire.

Good choices:

REI Flexlite Chair – compact

Coleman Quad Chair – affordable comfort

Rocking camp chairs for relaxed campsite setups 
Outside Online

7. Outdoor Shelter Extras

Useful weekend additions:

Pop-up canopy or tarp

Folding camp table

Tent footprint

Extra rope and stakes

These help with rain, shade, and keeping gear organized.

8. Camp Safety Kit

Small items that prevent big problems:

First aid kit

Sunscreen

Bug spray

Multitool

Fire starter/lighter

Emergency blanket

Basic repair tape 
Trailstead Guide

9. Comfort Upgrades Worth Buying

For a more enjoyable weekend:

Hammock

Camp blanket

Portable power bank

Folding table

Solar shower

Outdoor rug/mat for your tent entrance

Best “Starter Shopping List” (minimum setup)

If you are starting from zero, buy in this order:

Tent

Sleeping pad

Sleeping bag

Cooler

Camp stove

Headlamp + lantern

Camp chair

Basic cookware

First aid + bug protection

Folding table

This setup covers most 2–3 day campground trips without overbuying gear. 
Trailstead Guide
+1

Sources used:
https://www.rei.com/learn/expert-advice/family-camping-checklist.html

https://www.outdoorgearlab.com/topics/camping-and-hiking/best-camping-list

https://www.outsideonline.com/collection/2026-summer-gear-guide/

https://www.outdoorlife.com/gear/best-camping-gear/

https://www.foodandwine.com/amazon-camping-deals-july-2026-12018570

https://www.bonappetit.com/story/best-backpack-coolers"
What are the best space-saving camping products available ?,"For saving space at a campsite, the best gear usually combines collapsible designs, multi-use functions, and compact packed sizes. These products are especially useful for small cars, backpacking setups, or anyone trying to avoid overpacking. 
The Guardian
+1

Product type	Recommended space-saving option	Why it helps
Collapsible cookware	Folding silicone pots, bowls, and kettles (such as Sea to Summit-style collapsible cookware)	Packs nearly flat and replaces bulky kitchen gear. 
Outdoor Life

Compact sleeping pad	Inflatable sleeping pad with a small stuff sack	Provides comfort while taking far less room than foam pads. 
REI

Ultralight tent	Backpacking tent with aluminum poles and compact carry bag	Cuts down on trunk or pack space while maintaining shelter. 
Travel + Leisure

Collapsible water bottle	Soft silicone/foldable hydration bottle	Rolls or folds away when empty. 
The Guardian

Compact camp chair	Helinox-style lightweight folding chair	Comfortable seating without bulky frames. 
Outdoor Life

Multi-use tool	Camping utensil set + knife + bottle opener combo	Reduces duplicate items in your kit. 
The Guardian

Packable cooler	Soft cooler or collapsible cooler	Stores much smaller than rigid coolers when not needed. 
People.com

Compact camp table	Roll-top aluminum table	Breaks down into a small bundle for transport. 
REI

Headlamp instead of flashlight	Rechargeable LED headlamp	Frees your hands and eliminates a separate lantern/flashlight. 
Outside Online

Compression storage bags	Sleeping bag and clothing compression sacks	Shrinks soft items to maximize pack space.
Inflatable pillow	Backpacking pillow with stuff sack	Much smaller than bringing a home pillow. 
The Guardian

Portable power station	Small battery power bank/power station	Replaces multiple chargers and adapters. 
REI
Best space-saving camping upgrades to buy first

Collapsible cookware set – biggest kitchen-space saver

Compact inflatable sleeping pad – improves comfort without bulk

Lightweight folding chair – adds comfort without filling the trunk

Compression sacks – inexpensive way to create more room

Multi-use camping tools – reduces unnecessary gear

For car camping

Prioritize:

Collapsible storage bins

Folding table

Soft cooler

Compact stove

Roll-up organizers
These keep your trunk organized while still allowing comfort. 
REI

For backpacking

Prioritize:

Ultralight tent

Inflatable sleeping pad

Foldable cookware

Soft water bottles

Down sleeping bag with compression sack

Sources used:
https://www.outdoorlife.com/gear/best-camping-gear/

https://www.theguardian.com/thefilter-us/2026/jul/02/best-camping-essentials

https://www.rei.com/learn/expert-advice/best-car-camping-gear.html

https://www.outdoorlife.com/gear/best-camping-gadgets/

https://www.outdoorlife.com/gear/best-camping-cookware/

https://www.prohikecamp.com/light-camping/foldable-camping-gear/"
Which  camping items are easiest to pack for a road trip?,"For a road trip, the easiest camping items to pack are usually collapsible, lightweight, multi-use, and able to fit inside other gear. The goal is to maximize comfort without filling your vehicle. Compact gear guides consistently emphasize packed size, nesting ability, and multifunctionality as the biggest space savers. 
Cool of the Wild
+1

Best space-saving camping items for road trips
Item	Why it packs easily
Collapsible camping chairs	Fold flat and slide into narrow spaces
Inflatable sleeping pads	Pack down much smaller than foam mattresses
Compression sleeping bags	Shrink into small stuff sacks
Compact backpacking tent	Lightweight tents take less trunk space than large family tents
Folding camp table	Packs flat and doubles as a cooking/prep surface
Collapsible cookware set	Pots, bowls, and cups nest together
Compact camping stove	Small burners take minimal storage space; some fit inside cookware 
Thewearify
+1

Collapsible water bottles	Flatten when empty and save cooler space 
Cool of the Wild

Headlamp instead of lantern	Hands-free lighting with almost no storage footprint
Multi-tool	Replaces several separate tools
Microfiber towels	Dry quickly and pack much smaller than cotton towels
Dry bags/compression sacks	Organize gear and reduce wasted space
Portable power bank	Smaller alternative to bulky charging setups
Compact first-aid kit	Essential safety item with minimal bulk
Folding utility wagon	Useful for hauling gear at campsites and stores compactly when folded 
Field Mag
High-value “small but useful” upgrades

Nesting cookware kit – stores your stove, fuel canister, lighter, and utensils together.

Inflatable pillow – much smaller than a regular pillow.

Rechargeable headlamp – eliminates carrying extra batteries.

Packable blanket – useful for campsites, roadside stops, and chilly evenings.

Over-door or hanging organizers – keep small items accessible without using floor space.

Items that often waste road-trip space

Large folding tables

Oversized coolers (unless you need long food storage)

Bulky camp kitchen boxes

Full-size pillows and blankets

Heavy cast-iron cookware

Extra chairs “just in case”

For most weekend road trips, a compact setup built around a small tent + inflatable sleeping system + nesting cookware + collapsible seating + organized storage bags gives the best comfort-to-space ratio. 
peakcamper.com

Sources:
https://coolofthewild.com/compact-camping-gear/

https://thewearify.com/best-compact-camping-gear/

https://peakcamper.com/blogs/news/best-compact-gear-for-small-cars-solo-u-s-campers-17-smart-picks-that-save-space

https://www.fieldmag.com/articles/best-folding-utility-wagons

https://www.outsideonline.com/outdoor-gear/camping/best-camping-accessories/"
What are the top camping upgrades worth buying  this year?,"The best camping upgrades this year are the ones that noticeably improve comfort, convenience, and reliability rather than adding more gear to carry. Current camping recommendations emphasize upgrades like better sleep systems, portable power, improved cooking setups, and smarter campsite organization. 
REI
+1

Top camping upgrades worth buying in 2026
Upgrade	Why it’s worth it	Best for
1. Premium sleeping pad or camping mattress	The biggest comfort upgrade; modern pads offer much more cushioning and insulation than basic foam mats. 
REI
	Everyone, especially car campers
2. Portable power station	Lets you charge phones, run lights, power small appliances, and support longer trips. REI highlights portable power stations as a major car-camping convenience upgrade. 
REI
	Road trips, families, van camping
3. High-quality cooler	Better insulation means fewer ice runs and fresher food. Tested guides highlight improved cooler performance and options from traditional to powered models. 
GearLab
	Any camping style
4. Camp kitchen upgrade	A dedicated stove, prep table, storage system, or cookware set makes meals much easier. 
Outdoor Life
+1
	Weekend and family camping
5. Rechargeable lighting system	Modern lanterns and headlamps reduce battery waste and improve campsite usability. 
Outside Online
	All campers
6. Camp chair upgrade	A comfortable chair can transform evenings around the fire.	Relaxed camping
7. Shelter or canopy	Adds shade and rain protection, effectively creating outdoor living space. 
Outdoor Life
	Summer and family trips
8. Better tent	Easier setup, more space, better ventilation, and improved weather resistance are major quality-of-life gains. 
Outdoor Life
	Frequent campers
9. Portable shower or hygiene setup	Small luxury that makes multi-day trips much more comfortable. 
REI
	Longer stays
10. Gear organization system	Storage bins, gear bags, and organizers reduce packing chaos and setup time. 
Outside Online
	Car campers
Best upgrades by budget

Under $50

Rechargeable headlamp

Camp organizer bags

Folding table accessories

Better water bottles

Compact cooking tools

$50–$200

Quality sleeping pad

Upgraded cooler

Camp chair

Portable lantern system

Better stove

$200+

Portable power station

Premium tent

Electric cooler

Luxury sleeping system

Full camp kitchen setup

Highest-impact upgrades (if buying only 3)

Sleeping pad/mattress — improves every night of camping

Cooler upgrade — improves food, drinks, and convenience

Portable power station — adds modern comfort without sacrificing mobility

For most weekend campers, these provide a bigger improvement than buying extra gadgets. 
REI
+1

Sources used:
https://www.rei.com/learn/expert-advice/best-car-camping-gear.html

https://www.rei.com/learn/expert-advice/best-camping-sleeping-pads.html

https://www.outdoorgearlab.com/topics/camping-and-hiking/best-camping-list

https://www.outdoorlife.com/gear/best-camping-gear/

https://www.outsideonline.com/outdoor-gear/camping/best-camping-accessories/"
Which hidden-gem camping products should I look for ?,"Hidden-gem camping products are usually the items that solve small annoyances rather than the big obvious purchases like tents and sleeping bags. Experienced campers often end up loving compact tools that improve comfort, organization, and convenience. 
Bushcraft Base Camp
+1

1. Compact folding camp table

Why it’s underrated: A small table makes cooking, coffee, card games, and gear organization dramatically easier. 
Reddit

Look for:

Aluminum roll-top designs

Adjustable legs

Under 10 lb weight

2. Microfiber camping towel

Why it’s useful: Packs tiny, dries quickly, and works for showers, dishes, condensation, and cleanup. 
Bushcraft Base Camp

Best use cases:

Backpacking

Beach camping

Wet-weather trips

3. Foam sit pad

Why it’s a hidden favorite: A cheap foam pad can become a seat cushion, kneeling pad, sleeping insulation booster, or wet-ground barrier. 
Reddit

4. Rechargeable mini air pump

Why it’s worth having: Great for inflatable sleeping pads, pillows, vacuum storage bags, and pack organization. 
Reddit

Look for:

USB-C charging

Multiple nozzle adapters

Built-in flashlight

5. Pocket bellows for campfires

Why it’s clever: A tiny extendable tube lets you increase airflow without crouching close to smoke or embers. 
Reddit

6. Sleeping bag liner

Why it helps:

Adds warmth on cold nights

Keeps your sleeping bag cleaner

Improves comfort in warmer weather

7. Gear organization system

Examples:

Hanging organizers

Gear bins

Small packing cubes

These prevent the “everything is in one pile” problem at camp. REI’s current car-camping recommendations also emphasize organization tools as useful upgrades. 
REI

8. Portable water dispenser/pump

Why campers love it: Turns a large water jug into an easy-to-use camp sink setup. 
Reddit

Great for:

Cooking

Hand washing

Family camping

9. Compact camp shower

A portable shower system can be a major comfort upgrade for longer trips, especially car camping. Models like pressure showers are increasingly popular among car campers. 
REI

10. Backpack-style soft cooler

Why it’s underrated: Easier to carry than a hard cooler and useful for hiking away from camp. Backpack coolers are increasingly popular for portability and convenience. 
Bon Appétit

11. Small repair kit

A simple kit can save an entire trip:

Tenacious tape

Mini scissors

Zip ties

Gear patches

Paracord

Multi-tool

12. USB rechargeable lantern with hanging options

A good lantern is more useful than a flashlight alone:

Lights the whole campsite

Charges phones

Hangs inside tents

13. Compact camp kitchen organizer

A dedicated pouch for:

Utensils

Seasonings

Lighter

Knife

Cleaning supplies

This removes a lot of campsite frustration.

14. Inflatable pillow upgrade

Many campers tolerate poor sleep because they overlook pillows. A compact inflatable or compressible camping pillow can make a bigger difference than many expensive upgrades.

15. Small folding wagon (for car camping)

Useful for:

Moving firewood

Carrying water

Hauling coolers

Family gear

Best “small purchase, big impact” picks

If you only buy five hidden gems:

Folding camp table

Foam sit pad

Rechargeable mini air pump

Microfiber towel

Camp organization bag

These upgrades usually improve the camping experience more than adding another large piece of gear. 
Bushcraft Base Camp
+1

Sources used:
https://www.bushcraftbasecamp.com/10-not-obvious-camping-gear-i-pack-every-time/

https://www.rei.com/learn/expert-advice/best-car-camping-gear.html

https://www.outsideonline.com/outdoor-gear/camping/best-camping-accessories/

https://www.reddit.com/r/CampingGear/comments/1ooxqjc/whats_your_most_underrated_piece_of_camping_gear/

https://www.reddit.com/r/camping/comments/1ooxpvn/whats_your_most_underrated_piece_of_camping_gear/"
What are the best  outdoor products for creating a more comfortable campsite?,"For a more comfortable campsite, focus on upgrades that improve sleep, seating, weather protection, lighting, and convenience. These products often make a bigger difference than adding more survival gear. 
Outside Online
+1

1. A premium sleeping setup (biggest comfort upgrade)

Thick insulated sleeping pad or camping mattress – protects against cold ground and adds real cushioning.

Look for: 3+ inches of thickness, high R-value insulation, wide sizing.

Popular options include NEMO Tensor, Therm-a-Rest NeoAir, and larger car-camping mattresses. 
GearLab
+1

Camping pillow – a small luxury that improves sleep dramatically.

Sleeping bag liner or camping quilt – adds warmth and makes temperature control easier.

2. Comfortable campsite chairs

A good chair turns your campsite into a living room.

High-back folding chair with padded seat

Reclining camp chair for lounging

Two-person loveseat chair for couples

Good picks:

ALPS Mountaineering King Kong-style chairs for durability and support

Kijaro-style locking chairs for easier sitting posture

Lightweight Helinox-style chairs for portability 
GearLab
+1

3. Shade and weather protection

Pop-up canopy or camping shelter – useful for rain, sun, and cooking areas.

Tarp with adjustable poles – lighter and more versatile.

Awning system (especially for car campers) – creates instant outdoor living space. 
Good Housekeeping

4. Better campsite lighting

Replace basic flashlights with layered lighting:

Rechargeable lantern for the table area

Headlamp for hands-free tasks

String lights for atmosphere

Motion sensor lights around tents and storage

A quality headlamp and lantern setup improves safety and comfort after dark. 
The Guardian

5. Portable power solutions

Useful for longer stays:

Small portable power station

Solar panel charger

USB rechargeable fans

Charging hub for phones, cameras, and lights

This is especially valuable for car camping and family trips. 
Good Housekeeping
+1

6. Campsite organization gear

Small items that reduce frustration:

Folding camp table

Gear storage bins

Hanging organizer for cooking supplies

Shoe mat outside the tent

Collapsible trash container

Organization keeps the campsite cleaner and makes setup faster. 
The Guardian

7. Outdoor cooking upgrades

For a more enjoyable camp routine:

Two-burner camp stove

Cast iron skillet or griddle

Collapsible kettle

Insulated drinkware

Camp coffee setup

Better meals often make camping feel much more comfortable. 
Food & Wine
+1

8. Temperature-control gear

For hot or cold conditions:

Portable camping fan for summer

Insulated blanket for chilly evenings

Hot water bottle for cold nights

Camp rug/mat to reduce dirt and add comfort

Best “comfort upgrade” order for most campers

Sleeping pad/mattress

Comfortable chair

Shade shelter

Better lighting

Camp table + organization

Portable power

Cooking upgrades

For car camping, prioritize larger comfort items (mattress, chairs, table, canopy). For backpacking, prioritize lightweight sleep upgrades and compact gear. 
GearLab

Sources used:
https://www.outsideonline.com/outdoor-gear/camping/the-best-sleeping-pads/

https://www.outdoorgearlab.com/topics/camping-and-hiking/best-sleeping-pad

https://www.outdoorgearlab.com/topics/camping-and-hiking/best-camping-chair

https://www.treelinereview.com/gearreviews/best-camping-chairs

https://www.theguardian.com/thefilter-us/2026/jul/02/best-camping-essentials

https://www.goodhousekeeping.com/travel-products/car-reviews/g69855370/family-car-camping-gear/"
Which camping accessories  can make setup and cleanup easier?,"The camping accessories that make the biggest difference for faster setup, smoother organization, and easier cleanup are usually the small systems that reduce clutter and repeated work. 
Outside Online
+1

Setup helpers
1. Collapsible gear bins and storage totes

Best for: keeping camp organized from arrival to departure

Separate bins for kitchen, sleeping gear, tools, and clothing

Stack easily in a vehicle

Make packing up much faster because everything has a home

REI

2. Tent footprint or ground tarp

Best for: faster tent setup and cleaner teardown

Protects the tent floor

Reduces mud and dirt inside the tent

Lets you pack a cleaner shelter after a trip

Reddit

3. Folding camp kitchen station

Best for: car camping cooking setups

Creates a dedicated cooking area

Keeps stove, utensils, and ingredients organized

Prevents using picnic tables as clutter zones

Coleman

4. Hanging organizers

Best for: small items that disappear easily
Useful for:

Cooking utensils

Headlamps

Sunscreen

Bug spray

Toiletries
They keep surfaces clear and help items dry after use. 
AdventureKit

5. Heavy-duty folding wagon

Best for: campsites away from parking areas

Moves coolers, water containers, firewood, and bins in one trip

Saves repeated carrying

Cleanup helpers
6. Portable camp sink or wash basin

Best for: dishes and quick cleaning
Look for:

Collapsible design

Separate wash/rinse containers

Drain plug

7. Long-handled dish brush

Best for: faster cookware cleanup

Keeps hands cleaner

Works well with cast iron and camp cookware

Takes little space

Reddit

8. Quick-dry microfiber towels

Best for: wiping down everything
Use for:

Tables

Cooking equipment

Tent condensation

Wet gear

9. Small broom and dustpan

Best for: tent and shelter cleanup
Especially useful for:

Sand

Leaves

Dirt tracked inside

Lowe's

10. Dedicated trash and recycling system

Best for: leaving no mess behind
A simple setup:

One bag for trash

One bag for recyclables

One waterproof bag for dirty gear

Organization upgrades that save the most time
11. Labelled camp boxes

Create permanent kits:

Kitchen box: stove accessories, utensils, spices

Repair box: tape, cord, tools

Bathroom box: toiletries, towels

Lighting box: lanterns, batteries, chargers

12. Packing checklist inside each bin

Attach a checklist to the lid so you know:

What belongs there

What needs replacing

What was forgotten

13. Headlamps for everyone

A simple upgrade that makes:

Evening setup easier

Cleanup after dark possible

Hands free for carrying gear

Outside Online

Best “first purchases” if you want maximum convenience

Collapsible storage bins

Camp kitchen organizer/station

Folding wagon

Ground tarp or tent footprint

Portable wash basin

Microfiber towels

Headlamps

These accessories usually improve the camping experience more than adding extra comfort items because they reduce the time spent searching, carrying, and cleaning. 
REI
+1

Sources used:
https://www.outsideonline.com/outdoor-gear/camping/best-camping-accessories/?scope=anon

https://www.rei.com/learn/expert-advice/perfect-kit-for-camp-organization.html

https://www.rei.com/learn/expert-advice/family-camping-checklist.html

https://www.lowes.com/n/buying-guide/camping-essentials-checklist

https://www.coleman.com/outdoor-living/furniture-sports/tables-more/pack-away-kitchen/SP_271081.html

https://www.reddit.com/r/camping/comments/1qj5y5f/tips_to_save_time_on_setup_and_teardown/

https://www.reddit.com/r/camping/comments/m87flz/tarp_vs_footprint/

https://www.outdoorlife.com/gear/best-camping-accessories/"
What are the best  camping products for couples?,"For couples, the best camping products are usually the ones that improve comfort, shared experiences, and convenience rather than just adding more gear. A good two-person setup often focuses on roomy sleeping, easy meals, and relaxing around camp. 
Condé Nast Traveler
+1

Best camping products for couples
Product	Why couples love it	Good examples
Roomy 2–4 person tent	More space for gear, changing clothes, and relaxing during bad weather	REI Half Dome 2 Plus, Sea to Summit Ikos 2 
Outdoor Life

Double sleeping pad / camping mattress	Makes camping feel much closer to a real bed	Exped MegaMat Duo, Sea to Summit Comfort Deluxe 
Outdoor Life

Double sleeping bag or compatible sleeping bags	Keeps you warm while allowing shared sleeping arrangements	Zip-together sleeping bags, double quilts 
Wanderland Xperience

Two-person camp chair or loveseat chair	Great for relaxing by the fire together	GCI Outdoor loveseat-style chairs
Portable coffee maker	Creates a fun morning ritual at camp	AeroPress Go, Jetboil coffee setups 
Food & Wine
+1

Compact two-person cookware set	Easier meal prep without carrying duplicate gear	GSI Outdoors cooksets, Stanley cookware 
Food & Wine

Large cooler	Better for weekend trips with shared meals and drinks	YETI, RovR, Coleman coolers 
Outdoor Life

Portable lantern + string lights	Adds comfort and atmosphere at night	Rechargeable LED lanterns 
Food & Wine

Camping blanket	Useful for picnics, stargazing, and chilly evenings	Rumpl-style insulated blankets
Portable power bank	Keeps phones, cameras, and lights charged	High-capacity USB-C power banks
Hammock for two	A relaxing alternative to sitting around camp	ENO DoubleNest 
Outdoor Life

Folding camp table	Gives couples a comfortable cooking and dining area	Roll-top aluminum tables
Best “upgrade” purchases for a couple’s campsite
1. Comfort upgrade

Double sleeping pad

Real pillows from home or camping pillows

Cozy blanket

Larger tent than the minimum size

A slightly larger shelter is often worth it because couples gain storage space and comfort. REI’s camping guidance also recommends choosing a tent with extra room when comfort is a priority. 
REI

2. Romantic campsite setup

Rechargeable lanterns

Small speaker

Picnic blanket

Camp chairs with footrests

Insulated mugs for morning drinks

3. Easy weekend cooking kit

A simple couples cooking kit:

Two-burner stove

Small cookware set

Cutting board

Folding table

Cooler

Coffee setup

Portable cooking systems and compact cookware are frequently recommended for making campsite meals easier. 
Food & Wine

Best picks by camping style

Car camping couple

4-person tent

Double mattress

Loveseat chair

Large cooler

Camp kitchen setup

Backpacking couple

Lightweight 2-person tent

Two lightweight sleeping pads

Shared stove system

Compact cookware

First-time camping couple

Comfortable tent

Quality sleeping setup

Easy meal gear

Warm lighting

Comfortable chairs

A couple’s biggest quality-of-life upgrade is usually the sleep system—a comfortable double pad or mattress can make the difference between enjoying the trip and feeling exhausted. 
Outdoor Life

Sources:
https://www.cntraveler.com/story/best-camping-gear-supplies-accessories

https://www.outdoorlife.com/gear/best-camping-gear/

https://www.outdoorlife.com/gear/best-2-person-tents/

https://www.outdoorlife.com/gear/best-camping-mattresses-for-couples/

https://www.rei.com/learn/expert-advice/family-camping-checklist.html

https://www.wanderlandxperience.com/best-couples-camping-gear/

https://www.foodandwine.com/best-camping-cookware-for-summer-2026-12015816"
Which  outdoor essentials are best for camping with children?,"For camping with children, the best outdoor essentials are the ones that improve comfort, safety, organization, and entertainment. Kids are usually more sensitive to cold, boredom, bugs, and messy setups, so family-friendly gear can make the trip much easier. 
REI
+1

1. Family-sized tent with easy setup

Why it matters: Extra space helps with sleeping bags, changing clothes, rainy-day activities, and keeping gear organized.

Good features:

Room divider for privacy

Tall interior so adults can stand

Large doors and windows for airflow

Quick setup design

Examples:

Coleman Skydome 6-Person Tent

REI Co-op Campwell 6 Tent

Coleman Evanston Screened 6-Person Tent 
Food & Wine

2. Comfortable sleeping setup

Kids sleep better outdoors when they stay warm and comfortable.

Consider:

Kid-sized sleeping bags

Sleeping pads or camping mattresses

Fleece blankets

Inflatable pillows

Soft night lights or glow sticks

A comfortable sleep system is one of the biggest upgrades for family camping. 
REI

3. Kid-friendly lighting

Essential for bathroom trips, nighttime exploring, and feeling secure.

Best options:

Headlamps for each child

Rechargeable lantern

Small flashlight per child

Tent light

A simple setup many families like:

One bright campsite lantern

One tent lantern

Child-sized headlamps 
Reddit

4. Outdoor seating and comfort items

Kids spend a lot of time sitting around camp.

Useful additions:

Folding kids camping chairs

Picnic blanket

Outdoor rug

Portable hammock

Shade canopy

5. Camp kitchen gear for easy meals

Children often need frequent snacks and simple meals.

Helpful items:

Portable stove

Cooler with easy-access snacks

Unbreakable plates and cups

Water jug with spigot

Marshmallow roasting sticks

Compact cooking kit

Coleman and other camping brands highlight cooking, hydration, lighting, and comfort accessories as core campsite essentials. 
Coleman
+1

6. Weather and bug protection

These can make or break a trip with kids.

Pack:

Sunscreen

Bug spray

Sun hats

Rain jackets

Warm layers

Extra socks

Waterproof shoes

Sun and bug protection are commonly included in family camping checklists. 
Coleman

7. First-aid and cleanup supplies

Kids get dirty and accidents happen.

Bring:

Family first-aid kit

Wet wipes

Hand sanitizer

Biodegradable soap

Towels

Small trash bags

Tent broom/dustpan

Coleman

8. Camp entertainment

Keeping kids engaged prevents “I’m bored” moments.

Great options:

Nature scavenger hunt cards

Binoculars

Books

Card games

Frisbee

Glow sticks

Small fishing kit

Bug-catching observation container

9. Organization gear

Family camping creates lots of small items.

Useful:

Plastic storage bins

Hanging organizer

Packing cubes

Gear bags labeled by person

Folding camp table

10. Child-specific adventure gear

For older kids:

Small hiking backpack

Water bottle/hydration pack

Trail shoes

Pocket notebook for nature journaling

Simple compass

Best starter family camping bundle

If buying only the essentials:

6-person tent

Sleeping bags + sleeping pads

Headlamps for everyone

Cooler + camp stove

Folding chairs

Lantern

First-aid kit

Bug/sun protection

Kids’ outdoor games

Storage bins for organization

These items give the biggest improvement in comfort and reduce the common frustrations of camping with children. 
REI

Sources:
https://www.rei.com/learn/expert-advice/family-camping-checklist.html

https://www.coleman.com/ultimate-camping-checklist.html

https://www.coleman.com/camp-sports/outdoor-essentials/camp-essentials/

https://www.coleman.com/camp-sports/outdoor-essentials/"
What camping gear  is useful for both campsites and backyard use?,"Camping gear that works well both at a campsite and in a backyard is usually portable, durable, and useful for relaxing outdoors. These items give you more value because you can use them for camping trips, barbecues, outdoor movie nights, parties, or simply spending an evening outside. 
GearLab
+1

Best dual-purpose camping + backyard gear
Gear	Why it’s useful in both places
Folding camping chairs	Comfortable seating for campfires, patios, sports events, and guests. Look for sturdy frames and good back support. 
Outdoor Life

Portable cooler	Keeps drinks and food cold at campsites, picnics, backyard gatherings, and road trips. 
GearLab

Rechargeable lanterns	Provide campsite lighting, emergency backup lighting, and backyard ambiance. 
Outdoor Life

Portable fire pit	Creates a campfire experience at home while being easy to transport for approved camping locations. 
Wayfair

Camping blanket / outdoor blanket	Useful for chilly nights, lawn seating, picnics, and tent comfort.
Folding camp table	Works as a campsite kitchen surface, backyard buffet table, or outdoor workspace. 
GearLab

Portable grill or camp stove	Useful for campsite meals, tailgating, and backyard cooking. 
Popular Mechanics

Pop-up canopy or shelter	Adds shade at campsites, parties, and outdoor dining areas. 
Wayfair

Outdoor storage tote / gear bag	Organizes camping supplies and doubles as a backyard equipment organizer.
String lights or campsite lighting	Improves campsite visibility and creates a backyard entertaining atmosphere. 
Outdoor Life
Highest-value purchases for most people

Quality folding chairs – probably the most-used item; useful almost every weekend. 
Outside Online

A good cooler – works for camping, parties, beach days, and daily outdoor use. 
GearLab

Rechargeable lanterns – inexpensive, versatile, and useful year-round. 
Outdoor Life

Portable fire pit – turns a backyard into a campsite-style gathering area. 
Wayfair

Folding table – one of the easiest ways to improve outdoor comfort. 
GearLab

Nice extras

Hammock for backyard relaxation and campsite lounging 
Food & Wine

Outdoor speaker for gatherings and camping evenings 
Outside Online

Portable coffee maker for morning camping rituals and patio coffee 
Food & Wine

Collapsible wagon for moving supplies around campsites or yards 
Reddit

For the best return on money, prioritize items you’ll use 10+ times per year at home, then bring them camping when needed.

Sources:
https://www.outdoorgearlab.com/topics/camping-and-hiking/best-camping-list

https://www.outdoorlife.com/gear/best-camping-chairs-2026/

https://www.outdoorlife.com/gear/best-camping-gadgets/

https://www.outsideonline.com/outdoor-gear/camping/best-camping-accessories/

https://www.coleman.com/the-ultimate-guide-to-backyard-camping.html

https://www.wayfair.com/sca/ideas-and-advice/outdoor/camping-essentials-must-have-gear-for-your-next-trip-T9276"
Which  camping products are worth paying a little more for?,"The camping products worth paying more for are usually the ones that affect sleep, weather protection, durability, and comfort. Cheap versions often work, but upgrading these items can make the difference between a trip you tolerate and one you genuinely enjoy. 
Switchback Travel
+1

1. A quality tent (high priority)

Worth spending more because: your shelter protects you from rain, wind, bugs, and bad nights.

Look for:

Strong poles and quality zippers

Better waterproofing and seams

Easier setup

More livable interior space

Good upgrade examples:

Spacious family/car-camping tents

Premium 3-season tents from brands like Nemo, Big Agnes, REI, or MSR

A better tent is especially valuable if you camp multiple times per year. 
Switchback Travel
+1

2. Sleeping pad or camping mattress (often overlooked)

Worth spending more because: insulation and comfort matter more than the sleeping bag alone.

Upgrade benefits:

Better warmth from the ground

Less back pain

Better sleep quality

A premium sleeping pad can make an average sleeping bag feel much better. 
Switchback Travel

3. Sleeping bag or camping quilt

Worth spending more if you camp in colder weather.

Spend extra on:

Accurate temperature ratings

Quality insulation

Durable fabrics

Lower weight if backpacking

For occasional summer camping, you can save money. For cold nights, this is one of the best places to invest. 
CampgroundViews
+1

4. Camping chair

Worth upgrading for comfort.

Cheap chairs often have:

Weak frames

Poor support

Sagging fabric

A better chair gives:

Stronger construction

Better lumbar support

Longer lifespan

You use it every evening, so the comfort payoff is high. 
CampgroundViews

5. Cooler

Worth spending more if you camp often or for several days.

Premium coolers offer:

Longer ice retention

Better durability

Stronger hinges and latches

For occasional overnight trips, a basic cooler is fine. For family trips, fishing, or extended camping, a better cooler can be a worthwhile upgrade. 
Bon Appétit
+1

6. Headlamp and lighting

A small upgrade with a big convenience payoff.

Better lights usually provide:

Longer battery life

Better brightness control

More reliable weather resistance

A good headlamp is more useful than buying several cheap flashlights. 
The Guardian

7. Camp stove

Worth paying more if you cook frequently.

Premium stoves offer:

Faster boiling

Better wind performance

More reliable ignition

Better simmer control

For simple meals, budget models work; for group cooking, upgrades help. 
Switchback Travel

8. Hiking boots or outdoor footwear

Worth spending more if you walk a lot.

Prioritize:

Fit

Cushioning

Waterproofing

Durability

Blisters and uncomfortable feet can ruin an otherwise great trip.

Usually not worth overspending on:

Fancy camping plates and utensils

Decorative campsite accessories

Expensive lanterns when a good headlamp works

Specialized gadgets you only use once

Premium gear for items you rarely bring

Best “splurge order” for most campers:

Sleeping setup (pad + bag)

Tent

Chair

Cooler

Stove

Lighting

Accessories

Invest where failure ruins the trip: sleep, shelter, and comfort. 
CampgroundViews

Sources:
https://www.switchbacktravel.com/best-camping-gear

https://www.outsideonline.com/collection/2026-summer-gear-guide/

https://www.campgroundviews.com/basecamp/budget-vs-premium-camping-gear-whats-worth-the-splurge-and-whats-not

https://www.bonappetit.com/story/best-backpack-coolers

https://www.theguardian.com/thefilter-us/2026/jul/02/best-camping-essentials"
What are the best low-cost  items for upgrading an existing camping setup?,"The best low-cost camping upgrades are usually small items that solve everyday annoyances—better organization, comfort, lighting, cooking, and weather protection. You can noticeably improve an existing setup without replacing your tent, sleeping bag, or stove. 
Outside Online
+1

Upgrade	Typical Cost	Why It’s Worth It
Rechargeable headlamp	$15–$40	More useful than a handheld flashlight; keeps hands free for cooking, setup, and nighttime walks. 
Outside Online

Tent footprint or inexpensive tarp	$10–$30	Protects your tent floor, reduces moisture, and can extend tent life.
Better tent stakes	$10–$25	Cheap stock stakes often bend; stronger stakes make setup faster and more secure.
Gear organizer bins or packing cubes	$10–$30	Makes camp setup and cleanup much easier, especially for car camping. 
The Guardian

Camp pillow or inflatable pillow	$15–$40	One of the biggest comfort upgrades for very little money. 
The Guardian

Foam sleeping pad topper	$10–$30	Adds warmth and comfort to an existing sleeping system.
Battery-powered string lights or lantern	$15–$40	Improves campsite visibility and makes evenings more comfortable. 
The Gadgeteer

Collapsible water container	$10–$25	Convenient for cooking, washing hands, and keeping water accessible.
Dry bags or waterproof storage sacks	$10–$30	Keeps clothes, sleeping gear, and electronics protected from rain.
Microfiber camp towels	$10–$20	Compact, quick-drying, and useful for many cleanup tasks.
Small repair kit (duct tape, patches, cord, multitool)	$10–$25	Prevents small problems from ruining trips.
Fire-starting kit	$10–$20	Makes campfires easier in damp conditions.
Compact camp table or organizer shelf	$30–$60	A major comfort improvement for cooking and keeping gear off the ground.
Insulated mug or bottle	$15–$35	Improves morning coffee, cold drinks, and hydration. 
Food & Wine
Highest-impact upgrades under $50

If you only want to buy a few things, prioritize:

Rechargeable headlamp — improves almost every nighttime task.

Better sleeping comfort — pillow, pad topper, or warmer blanket.

Organization system — bins, bags, and labels save time every trip.

Lighting upgrade — lantern or campsite lights make evenings better.

Weather protection — tarp, dry bags, and better stakes prevent headaches.

Upgrades to skip at first

Decorative camping gadgets with one purpose

Expensive cookware if your current setup works

Oversized chairs/tables unless you car camp often

Solar gadgets before you have basic comfort items covered

A few inexpensive additions can make a basic campsite feel much more organized and comfortable without changing your core gear. 
Outside Online
+1

Sources:
https://www.outsideonline.com/outdoor-gear/camping/best-camping-accessories/

https://udpwr.com/blogs/lifestyle/best-camping-gear-under-100

https://www.theguardian.com/thefilter-us/2026/jul/02/best-camping-essentials

https://the-gadgeteer.com/2026/07/06/summer-camping-upgrades-under-150/

https://www.foodandwine.com/rei-camping-gear-new-arrivals-july-2026-12016404"
Which camping products  can handle repeated use across multiple trips?,"For camping gear that will survive many trips, prioritize items with rugged materials, repairable parts, simple designs, and proven track records. The best long-term purchases are usually the things you handle, fold, drag, or expose to weather repeatedly. 
Switchback Travel
+1

Product category	What to look for	Examples of durable choices
Camping chairs	Heavy-duty steel/aluminum frame, reinforced fabric, strong joints	ALPS Mountaineering King Kong, Kijaro Dual Lock-style chairs 
GearLab

Coolers	Thick insulation, tough hinges, replaceable hardware, rotomolded construction	YETI, RTIC, high-quality Coleman models 
Food & Wine

Camping stove	Metal burners, sturdy controls, easy-to-find replacement parts	Camp Chef Everest, Coleman 2–3 burner stoves 
Switchback Travel

Tent	Strong poles, quality zippers, durable rainfly fabric, good ventilation	Nemo Aurora Highrise, Marmot, REI Co-op models 
Switchback Travel

Sleeping pad/mattress	Abrasion-resistant outer fabric, reliable valves, repair kit included	Therm-a-Rest, Nemo Roamer-type pads 
Outside Online

Cookware	Stainless steel or hard-anodized aluminum, fewer moving parts	Stainless pots, cast iron skillet, titanium cups 
Food & Wine

Headlamp/lantern	Rechargeable battery, water resistance, sturdy housing	Petzl, BioLite-style lighting products 
Switchback Travel

Tarp/shelter accessories	Strong fabric, reinforced seams, quality guy lines	Heavy-duty tarps and adjustable poles
Storage bins	Weather-resistant plastic, stackable design	Heavy-duty utility totes for organizing camp gear
Best “buy once, use for years” upgrades

A quality cooler — used on almost every trip, from camping to road trips and picnics. 
Bon Appétit

A comfortable chair — repeated folding and outdoor exposure make cheap chairs wear out quickly. 
GearLab

A reliable stove and cookware set — saves money over replacing flimsy camp kitchen gear. 
Switchback Travel

A durable tent — a good shelter protects every other piece of gear. 
Switchback Travel

A sleeping system (pad + bag/quilt) — comfort gear gets used every night of every trip. 
Outside Online

Features that usually signal longevity

Replaceable parts (poles, valves, straps, lids)

Double stitching on fabric seams

Metal hardware instead of thin plastic

Repairable zippers

Storage bags that protect gear between trips

Brands with warranties and replacement parts

Items where spending more is usually worth it

Tent

Sleeping pad

Cooler

Camp chair

Stove

Backpack

Items where budget versions are often fine

Plastic plates and utensils

Basic camp towels

Simple storage containers

Fire starters

Small organizers

Sources used:
https://www.switchbacktravel.com/best-camping-gear

https://www.outdoorgearlab.com/topics/camping-and-hiking/best-camping-chair

https://www.outsideonline.com/outdoor-gear/camping/the-best-sleeping-pads/

https://www.bonappetit.com/story/best-backpack-coolers

https://www.foodandwine.com/amazon-camping-deals-july-2026-12018570"
"If I could only buy ten camping essentials , which types of products should I prioritize?","If you could only buy ten camping essentials, prioritize products that protect you from the biggest problems: bad weather, poor sleep, lack of food/water, darkness, and emergencies. A good starter setup should focus on shelter, sleep, safety, and basic camp function. 
National Park Service
+1

1. Tent (with rainfly)

Priority: Highest

Your main protection from rain, wind, insects, and cold.

Choose:

Enough room for your group plus gear

Easy setup

Good ventilation

Waterproof rainfly

2. Sleeping bag

Priority: Highest

Buy based on the lowest temperatures you expect, not the average forecast.

A quality bag can last many years and works for camping, emergencies, and travel. 
Lowe's

3. Sleeping pad or camping mattress

Priority: Highest

Often more important than the sleeping bag for comfort.

Provides insulation from cold ground and cushioning. 
Lowe's

4. Headlamp

Priority: Very high

Hands-free lighting is useful for cooking, walking, setting up camp, and emergencies.

Pack spare batteries or a backup light. 
National Park Service

5. Camp stove + fuel

Priority: Very high

Makes hot meals, coffee, and boiling water simple.

A small backpacking stove works for minimal setups; a two-burner stove is better for car camping.

6. Cooler

Priority: High for car camping

Keeps food and drinks safe and makes longer trips easier.

Look for:

Good insulation

Durable handles

Easy cleaning

7. First-aid kit

Priority: Essential safety item

Include:

Bandages

Antiseptic

Pain reliever

Allergy medication

Blister care

Personal medications

Outdoor safety checklists consistently include first aid as a core item. 
National Park Service
+1

8. Water system

Priority: Essential
Options:

Reusable water containers for campground trips

Filter/purification system for backcountry use

Water planning is one of the most important parts of outdoor preparation. 
Campsitekit

9. Multi-tool or knife + repair supplies

Priority: High utility
Useful for:

Gear repairs

Food prep

Cutting cord

Small campsite fixes

A small repair kit and basic tools are part of common outdoor preparedness recommendations. 
National Park Service

10. Weather protection kit

Priority: Often overlooked
Include:

Rain jacket or poncho

Extra warm layer

Sun protection

Insect repellent

Weather can change quickly, so insulation and protection from the elements are considered core outdoor essentials. 
National Park Service

Best buying order if your budget is limited

Tent

Sleeping pad

Sleeping bag

Headlamp

Stove

Water containers/filter

First-aid kit

Cooler

Multi-tool/repair kit

Weather layers

For most beginners, skip luxury items (camp tables, decorative lights, fancy cookware, gadgets) until these basics are covered. 
America's State Parks

Sources used:
https://www.nps.gov/articles/10essentials.htm

https://www.lowes.com/n/buying-guide/camping-essentials-checklist

https://www.americasstateparks.org/camping-gear-checklist/

https://www.campsitekit.com/help/camping-essentials-checklist

https://www.nps.gov/anch/planyourvisit/outdoor-gear-checklist.htm"
What are the top solar motion lights  right now?,"The best solar motion lights right now depend on whether you want security brightness, driveway coverage, smart-home integration, or budget value. These are the strongest options to consider: 
Tom's Guide
+1

Best for	Product	Why it stands out
Best overall solar motion light	AloftSun Solar Motion Sensor Outdoor Lights	Strong balance of brightness, weather resistance, battery life, and reliable motion detection. 
Forbes

Best security floodlight	Jackyled LED Outdoor Solar Flood Light	Very bright wide-area coverage; a good choice for driveways, yards, and garages. 
Forbes

Best budget security option	Aootek 182 LED Solar Motion Security Light	Popular value pick with multiple lighting modes and wide detection coverage. 
Everyday Home Reviews

Best smart-home option	Ring Solar Pathlight (with Ring Bridge)	Integrates with Ring cameras, Alexa, and app controls; better for connected homes than simple security lighting. 
Tom's Guide

Best adjustable spotlight	URPOWER 2-in-1 Solar Spotlights	Good for highlighting trees, landscaping, steps, or dark corners. 
Everyday Home Reviews

Best inexpensive multi-pack	Tuffenough Solar Motion Sensor Lights	Affordable option for adding several lights around a property. 
People.com
What I’d prioritize when buying

Brightness (lumens):

Walkways: ~100–300 lumens

Doorways/steps: ~300–800 lumens

Driveways/security: 800+ lumens

Motion detection:

Look for adjustable sensitivity and detection angles.

Avoid lights that trigger constantly from pets or passing cars.

Battery + solar panel size:

A larger panel and battery matter more than exaggerated LED counts.

Motion-only operation usually lasts longer than always-on modes. 
Reddit

Weather rating:

Aim for at least IP65 for exposed outdoor placement.

Best picks by situation

Front door: AloftSun or Ring Solar Pathlight

Driveway/security: Jackyled or Aootek

Backyard corners: URPOWER spotlights

Large property: Multiple flood-style units instead of many small pathway lights

Lowest cost upgrade: Tuffenough/Aootek-style multi-packs

For most homeowners, I’d start with AloftSun for general use or Jackyled for maximum security lighting. 
Forbes

Sources:
https://www.tomsguide.com/best-picks/best-solar-lights

https://www.forbes.com/sites/forbes-personal-shopper/article/the-best-outdoor-solar-lights/

https://www.everydayhomereviews.com/best-solar-outdoor-lights-2026/

https://www.consumerreports.org/home-garden/outdoor-lighting/best-solar-outdoor-lights-of-the-year-a1733616455/"
What's the best solar motion light you can get ?,"If you want the best overall solar motion light, I’d pick:

🥇 Best Overall: Ring Solar Floodlight

Best for: Driveways, yards, security, entrances
Why it stands out:

Excellent motion detection

Integrates with Ring cameras and doorbells

Reliable build quality

Adjustable brightness and motion zones

Good choice if you already use Ring devices 
Tom's Guide

Downside: More expensive than basic solar floodlights, and some smart features require Ring hardware/subscriptions. 
Tom's Guide

🥈 Best Bright Security Light: Westinghouse 4000-Lumen Solar Flood Light

Best for: Lighting large areas without wiring
Why it stands out:

Very bright output

Wide 120° coverage

Good value for a powerful solar floodlight

Strong customer ratings at major retailers 
The Home Depot

Downside: More of a flood/security light than a small pathway light.

🥉 Best Budget Pick: URPOWER Solar Motion Sensor Lights

Best for: Walkways, fences, patios, sheds
Why it stands out:

Cheap enough to install several

Simple setup

Good motion coverage for the price

Downside: Budget solar lights usually have weaker batteries and lower long-term durability than premium models.

Best for a “never think about it again” setup

Look for:

1,000+ lumens for security lighting

IP65 or better waterproof rating

A separate solar panel (lets you place the light in shade and panel in sun)

Lithium battery

Adjustable PIR motion sensor

For most homeowners, I’d buy:

1–2 Ring Solar Floodlights for security areas

Several inexpensive URPOWER-style lights for paths and backyard coverage

Avoid the ultra-cheap “10,000–100,000 lumen” listings — many inflate brightness claims and often sacrifice battery quality.

Sources:
https://www.tomsguide.com/best-picks/best-solar-lights

https://www.homedepot.com/b/Lighting-Outdoor-Lighting-Security-Lights/Best-Rated/Motion-Sensor/Solar/N-5yc1vZc7qfZbwo5qZ1z1bicqZ1z1ujcy

https://www.homedepot.com/b/Lighting-Outdoor-Lighting/Solar/Motion-Sensing/N-5yc1vZ1z0mncpZ1z19wa2"
What solar motion light should I buy ?,"If you want one solar motion light that gives the best mix of brightness, reliability, and price, I’d buy:

🥇 Best overall: Aootek 238 LED Solar Motion Sensor Light (2-pack)

Aootek 238 LED Solar Motion Sensor Light

Why it’s the one I’d pick:

Very bright for driveways, garages, side yards, and porches

270° wide-angle lighting covers more area than most wall-mounted solar lights

PIR motion sensor detects movement up to about 26 feet

Multiple modes:

Motion-only security mode

Dim + brighten on motion

All-night low-light mode

IP65 weather resistance for outdoor use 
aootek.com

Best for: driveway, garage side wall, backyard security, entrances.

Other good picks
💰 Best budget: Aootek 120 LED Solar Motion Lights (4-pack)

Good if you need several lights around a property. It offers 3 lighting modes, wide-angle illumination, and IP65 weather resistance at a low cost. 
aootek.com

Best for:

Walkways

Fence lines

Steps

Shed areas

🔦 Best premium/security option: Govee Outdoor Wall Floodlight

If you want a brighter, smarter system rather than a simple solar light:

Up to 3,000 lumens

Motion detection

App control

Smart-home integration options 
T3

Best for: people who want a true security-light setup.

What I would avoid

Tiny decorative solar lights marketed as “security” lights

Models with no stated battery capacity

Lights that stay fully bright all night (they often run out of power faster)

Units installed where the solar panel gets shade

Buying checklist

Look for:
✅ 100+ LEDs
✅ PIR motion sensor
✅ IP65 rating or better
✅ Adjustable mounting angle
✅ Replaceable battery (if possible)
✅ At least 1–2 hours of direct sunlight daily in the installation spot

My pick: Buy the Aootek 238 LED 2-pack for most homes. If you’re lighting a large driveway or want camera-like security brightness, step up to a smart floodlight option. 
aootek.com
+1

Sources used:
https://www.aootek.com/index.php?product_id=139&route=product%2Fproduct

https://www.aootek.com/index.php?product_id=142&route=product%2Fproduct

https://www.t3.com/home-living/smart-home/govees-new-smart-outdoor-light-pairs-powerful-brightness-with-built-in-motion-detection"
What's the best budget solar motion light ?,"For a budget solar motion light, the best value pick is:

🏆 Best Budget Pick: URPOWER Solar Motion Sensor Lights (4-Pack)

Typical price: ~$25–$40
Best for: Driveways, fences, garages, walkways, patios 
TechGearLab
+1

Why it stands out:

✅ Excellent brightness for the price

✅ Motion activation saves battery power

✅ Wide detection range

✅ Easy screw-in installation

✅ IP65 weather resistance on newer versions 
TechGearLab

✅ Comes as a multi-pack, so you can cover several areas cheaply 
TechGearLab

Downsides:

❌ Not the brightest option for large yards

❌ Plastic housing is more budget-grade than premium security lights 
TechGearLab

Other good budget choices:
Model	Best for	Approx. price
HMCITY 120 LED Solar Motion Lights	Maximum value multi-pack	Under ~$40 
SpruceRank

LITOM Solar Motion Lights	Wide coverage	~$35 
Brainstamped

Aootek Solar Motion Lights	Brighter security lighting	~$30–$50 range 
Tom's Guide
My recommendation by use:

Front door / porch: URPOWER

Driveway security: Aootek (brighter)

Fence line / backyard: HMCITY 6-pack

Cheapest way to add lots of lights: URPOWER or HMCITY multi-packs

Look for at least 100+ LEDs, IP65 waterproofing, and adjustable solar panels—many ultra-cheap models look impressive on the box but have weak batteries and narrow sensors.

Sources used:
https://www.techgearlab.com/topics/home/best-outdoor-solar-lights

https://www.solarpanelamerica.com/urpower-solar-lights-review/

https://brainstamped.com/smart-home/guides/best-solar-outdoor-motion-sensor-lights-2026/

https://sprucerank.com/best-budget-solar-lights/

https://www.tomsguide.com/best-picks/best-solar-lights"
What are the best new or trending solar motion lights  this year,"The biggest trends in solar motion lights this year are brighter LED output, wider motion detection, detachable solar panels, better batteries, and (in premium models) smart-home integration. These are some of the strongest options to consider: 
Tom's Guide
+1

Model / Type	Best for	Why it stands out
Ring Solar Floodlight	Smart home security	Solar-powered, motion alerts, integrates with Ring cameras and Alexa ecosystems; a strong choice if you already use Ring. 
Porch & Fire

AloftSun Solar Motion Sensor Light	Best overall value	Frequently recommended for strong brightness, weather resistance, and long battery performance. 
Forbes

Govee Outdoor Wall Floodlight (solar/smart outdoor trend)	High-tech outdoor lighting	Newer smart outdoor lighting trend: powerful LEDs, adjustable settings, motion sensing, and smart-home compatibility. 
T3

Linkind Solar Motion Lights	Budget-friendly security	Good balance of brightness, price, and easy installation for driveways, sheds, and fences.
LEPOWER / similar wide-angle solar floodlights	Large yards	Multi-panel designs with broad coverage and high lumen ratings are popular for garages and backyard areas.
Ring Solar Pathlights	Walkways and landscaping	Motion activation plus Ring ecosystem features; better for paths than large-area flood lighting. 
Tom's Guide
Trends worth buying into

Detachable solar panels → lets you mount the light in shade while placing the panel in sunlight.

3-head or 5-head designs → better coverage for driveways and corners.

PIR motion sensors with adjustable sensitivity → fewer false triggers.

Higher-capacity lithium batteries → longer runtime during cloudy periods.

Smart integrations → growing category for people using Ring, Alexa, Google Home, or Matter-compatible devices. 
T3

My picks by use case

Best overall: AloftSun Solar Motion Sensor Light 
Forbes

Best security upgrade: Ring Solar Floodlight 
Porch & Fire

Best budget buy: Linkind-style 3-head solar motion lights

Best for driveway/garage: Large 2000–3000+ lumen multi-head solar floodlight

Best smart option: Ring ecosystem or newer Govee outdoor smart lights 
T3

Before buying, prioritize:

At least IP65 weather resistance

A battery around 2000mAh+ for security lights

Adjustable motion range

A solar panel that can face direct sunlight

Real lumen ratings (many cheap listings exaggerate brightness)

Sources used:
https://www.tomsguide.com/best-picks/best-solar-lights

https://www.forbes.com/sites/forbes-personal-shopper/article/the-best-outdoor-solar-lights/

https://www.porchandfire.com/blog/best-outdoor-motion-lights

https://www.t3.com/home-living/smart-home/govees-new-smart-outdoor-light-pairs-powerful-brightness-with-built-in-motion-detection"
What are the top outdoor doormats  right now?,"The best outdoor doormats right now tend to fall into three categories: heavy-duty dirt traps, weather-resistant rubber mats, and stylish coir/welcome mats. The strongest picks combine slip resistance, easy cleaning, and durability. 
Bob Vila

Top Outdoor Doormats to Buy Now
Pick	Best For	Why It Stands Out
L.L.Bean Heavyweight Recycled Waterhog Doormat	Best overall / all-weather	Extremely durable, traps dirt and water well, handles heavy traffic, and is popular for year-round outdoor use. 
Bob Vila
+1

Ubdyo Extra Durable Outdoor Doormat	Best value	Rubber/plastic construction sheds dirt easily, dries quickly, and is simple to hose clean. 
Bob Vila

Ninamar Coir Edge Brush Mat	Best for mud and boots	Combines rubber and coir bristles to scrape dirt from shoes, especially useful for yards and garages. 
Bob Vila

Durite Recycled Tire-Link Mat	Best heavy-duty option	Made for tough environments; excellent for garages, workshops, and high-traffic entrances. 
Bob Vila

TrafficMaster Enviroback Rubber Rib Mat	Best large entryway mat	Good coverage for wider doors and commercial-style entrances. 
Bob Vila

OLANLY Waterproof Outdoor Entrance Mat	Best budget pick	Popular low-cost option with rubber backing, weather resistance, and easy cleaning. 
ASINSIGHT

Sand & Stable Mariah Coir Doormat	Best decorative natural-fiber mat	Attractive coir texture that removes dirt and absorbs moisture well in drier climates. 
Bob Vila

Fleur De Lis Living Kaitlin Rubber Mat	Best decorative rubber mat	Adds curb appeal while remaining waterproof, stain resistant, and slip resistant. 
Bob Vila
Best Choice by Situation

Rain, snow, and four-season weather: L.L.Bean Waterhog

Mud, pets, and kids: Ninamar Coir Edge Brush or Waterhog

Cheap upgrade under $20: OLANLY

Farmhouse/front porch style: Coir mat with rubber backing

Garage/workshop: Recycled rubber tire-link mat

Modern-looking entryway: Low-profile rubber or synthetic fiber mat

What to Look For

Rubber backing: keeps the mat from sliding and improves outdoor durability. 
Bob Vila

Raised channels or loops: trap dirt instead of spreading it indoors. 
Bob Vila

Quick-drying materials: better for rainy or humid areas; some absorbent mats can stay wet longer. 
Bob Vila

Low profile: prevents door scraping and makes it easier for deliveries and guests to step over.

For most homes, the L.L.Bean Waterhog is the safest premium choice, while the Ubdyo or OLANLY rubber-style mats offer the best budget performance. 
Bob Vila
+1

Sources:
https://www.bobvila.com/articles/best-outdoor-doormats/

https://www.asinsight.com/report/US/outdoor-doormats

https://www.reddit.com/r/HomeImprovement/comments/1923wl1"
What's the best outdoor doormat you can get ?,"If you want the best outdoor doormat you can buy, the top choice for most homes is:

🥇 Best Overall: WaterHog Outdoor Doormat (especially the WaterHog Squares)

WaterHog

Why it’s the one to get:

Excellent dirt + mud trapping — the raised bi-level surface scrapes shoes and holds debris instead of spreading it around. 
WaterHog

Handles rain, snow, and heavy traffic better than typical coir mats.

Durable rubber backing keeps it flat and helps prevent moisture from reaching the floor. 
WaterHog

Fade-resistant and easy to maintain — shake, vacuum, sweep, or hose it off. 
WaterHog

Works well for families, pets, garages, porches, and four-season climates. 
WaterHog

Best size: 24"" × 36"" for a normal front door; go larger if you have room.

Best Premium Alternative: L.L.Bean Heavyweight Recycled Waterhog Doormat

Bob Vila

A great pick if you want something that looks more decorative while still performing like a commercial mat.

Pros

Attractive patterns and colors

Very strong water absorption

Excellent for wet climates

Thick, premium construction 
Bob Vila

Best for: A front porch where appearance matters as much as performance.

Best Budget Pick: Gorilla Grip Original Durable Rubber Door Mat

Porch & Fire

Why buy it:

Strong non-slip rubber backing

Good dirt removal

Easy to hose clean

Much cheaper than premium WaterHog-style mats 
Porch & Fire

Best for: Back doors, apartments, garages, or secondary entrances.

What I would avoid for a true outdoor mat

Thin decorative coir mats: look nice but can wear out quickly in rain/snow.

Very plush fabric mats: hold moisture and dirt.

Light-colored mats: show mud and pollen fast.

Bottom line:

Buy the WaterHog Outdoor Doormat if you want the highest-quality, longest-lasting option. It’s the closest thing to a “buy once, keep for years” outdoor doormat. 
WaterHog
+1

Sources:
https://waterhog.com/pages/waterhog-outdoor-doormats

https://www.bobvila.com/articles/best-outdoor-doormats/

https://www.porchandfire.com/blog/best-outdoor-doormats

https://waterhog.com/products/waterhog-holly-doormat"
What outdoor doormat should I buy ?,"For most homes, I’d buy a heavy-duty rubber-backed outdoor doormat rather than a traditional coir mat. It handles rain, snow, mud, and daily traffic better. A strong all-around choice is:

Best overall: Gorilla Grip Original Durable Rubber Door Mat

Why buy it:

Excellent dirt and mud trapping

Heavy rubber backing keeps it from sliding

Low profile so doors usually clear it

Easy to hose clean

Works well for front doors, patios, garages, and high-traffic entries 
Porch & Fire

Best size: 35"" × 23"" if you have room — many smaller mats look good but don’t actually catch enough debris.

Best premium choice: Waterhog Fashionable Entrance Mat

Best if you get:

Lots of rain

Snow

Mud

Heavy foot traffic

These commercial-style mats are designed to trap moisture and dirt and tend to last for years. 
Real Simple

Best classic-looking porch mat: coir + rubber backing

Choose this if:

Your entry is covered

You want a more decorative farmhouse look

It won’t sit in constant rain

Coir scrapes dirt well, but it generally does not last as long when exposed to nonstop moisture. 
Architectural Digest

What I would avoid

Thin fabric mats outdoors (they soak up water and slide)

Very cheap coir mats with flimsy backing

Anything without a rubber/non-slip base

My pick:
➡️ Gorilla Grip 35"" × 23"" rubber-backed mat for the best mix of durability, price, and performance. 
Porch & Fire

Sources used:
https://www.porchandfire.com/blog/best-outdoor-doormats

https://www.bobvila.com/articles/best-outdoor-doormats/

https://www.architecturaldigest.com/gallery/best-doormats

https://www.realsimple.com/best-front-door-mats-may-2026-11975069"
What's the best budget outdoor doormat ?,"For a budget outdoor doormat, the best overall pick is:

🥇 Best Budget Outdoor Doormat: Gorilla Grip Traffic Guard Doormat

The Spruce

Typical price: ~$15–$25
Best for: Front doors, apartments, porches, garages, everyday dirt and rain

Why it’s the best value:

✅ Excellent dirt-scraping texture for shoes

✅ Non-slip rubber backing keeps it in place

✅ Thin profile fits under most doors

✅ Doesn’t show dirt quickly

✅ Durable enough for heavy foot traffic

✅ Easy to shake out or hose clean

The Spruce

Good alternatives

Best for rainy climates:
Gorilla Grip Ultra Absorbent HydroAbsorb Doormat

Better at trapping water

Raised grooves help contain moisture

Rubber backing helps prevent sliding

Amazon

Best cheap heavy-duty option:
Gorilla Grip WeatherMAX / Commercial Guard styles

More focused on scraping mud and debris

Good for garages, workshops, and high-traffic entrances

WellFizz
+1

Best if you want a nicer-looking porch mat:
WaterHog-style mats

More expensive, but excellent at trapping dirt and water

Better choice if appearance matters as much as function

Forbes

My pick:

For most homes, I’d buy the Gorilla Grip Traffic Guard. It gives you about 80–90% of the performance of premium mats at a much lower price. If your entryway gets lots of rain or snow, upgrade to the HydroAbsorb version.

Sources used:
https://www.thespruce.com/best-outdoor-doormats-5080283

https://www.amazon.com/Gorilla-Grip-Ultra-Absorbent-Doormat/dp/B0CVNFSKDR

https://wellfizz.com/best-doormat-for-outdoors/

https://gorillagrip.com/collections/doormats"
What are the best new or trending outdoor doormats  this year?,"The newest outdoor doormat trends for 2026 are moving beyond basic “Welcome” mats. The popular choices now combine heavy-duty dirt trapping, weather resistance, low-profile designs, and curb appeal. 
ASINSIGHT
+1

Top trending outdoor doormat styles this year
Trend	Why it's popular	Best for
Heavy-duty rubber + scraper mats	Excellent mud, snow, and debris removal; stay put in bad weather	High-traffic front doors
Modern neutral patterns	Black, charcoal, beige, geometric textures match newer home styles	Contemporary porches
Natural coir mats with updated designs	Classic scraping ability with more decorative prints	Covered porches
Washable outdoor mats	Easier maintenance for pets, kids, and pollen	Busy households
Oversized entry mats	Creates a more finished “designer porch” look	Larger entrances
Personalized/custom mats	Adds personality without replacing the whole porch design	Gift giving and curb appeal

HGTV
+1

Best new/trending picks to consider
1. Gorilla Grip Original Durable Rubber Door Mat — Best overall utility

Thick rubber backing

Strong grip on concrete, tile, and wood

Scrapes dirt effectively

Easy to hose clean
Best for: Rainy climates, families, frequent deliveries

Porch & Fire

2. OLANLY All-Weather Outdoor Doormat — Best budget trend pick

Low-profile design

Water-resistant

Popular because it balances price and performance

Available in modern patterns

ASINSIGHT

3. Coir “Welcome” mats with modern graphics — Best curb appeal

Natural coconut fiber

Great scraping texture

Many newer designs use minimalist lettering, seasonal graphics, or farmhouse styles

HGTV

4. Reversible polypropylene outdoor mats — Best for patios

Lightweight

UV and moisture resistant

Often used as porch/patio upgrades rather than just entry mats

Real Simple

5. Washable performance mats — Best for pets

Handles muddy paws and spills

Easier upkeep than traditional coir

Fits the trend toward practical, low-maintenance home products

Real Simple

Features worth prioritizing in 2026

Rubber backing: prevents sliding

Low profile: avoids catching doors

Fade resistance: important for sunny entrances

Quick drying: helps prevent mildew

Size around 18""×30"" or larger: the standard sweet spot for most doors

Dark textures/patterns: hide dirt longer than solid light colors

Porch & Fire
+1

My short list:

Best overall: Gorilla Grip rubber scraper mat

Best value: OLANLY all-weather mat

Best-looking: modern coir designer mat

Best for pets/kids: washable microfiber or performance mat

Best porch upgrade: oversized outdoor polypropylene mat

Sources used:
https://www.asinsight.com/report/US/outdoor-doormats

https://www.porchandfire.com/blog/best-outdoor-doormats

https://www.hgtv.com/shopping/news-and-trends/spring-doormats-you-can-buy-online

https://www.hgtv.com/shopping/news-and-trends/summer-doormats

https://www.walmart.com/c/best-sellers/outdoor-doormats"
What are the top computer speakers  right now?,"The top computer speakers right now depend on whether you want best sound, gaming, budget value, or a compact desk setup. These are among the strongest picks in current testing and reviews. 
TechRadar
+1

Rank	Speaker	Best for	Why it stands out
1	Audioengine A2+	Best overall premium desktop speakers	Excellent clarity, compact size, Bluetooth, and a refined sound signature for music, work, and everyday use. 
WIRED

2	Logitech Z407	Best all-around value	2.1 system with a dedicated subwoofer, wireless control dial, strong bass, and easy setup. 
TechRadar

3	Edifier M60 / M90	Best stylish desktop audio	High-quality compact speakers with strong detail and versatile connectivity. 
New York Magazine

4	Creative Pebble Pro / Pebble Plus	Best budget pick	Very affordable, tiny footprint, and a big improvement over built-in monitor speakers. 
TechRadar
+1

5	Razer Nommo V2 Pro	Best gaming setup	Powerful bass, gaming-focused features, and immersive sound options. 
TechRadar

6	SteelSeries Arena 9	Best surround gaming speakers	True multi-speaker surround setup for gamers who want positional audio. 
TechRadar

7	Edifier MR4	Best for creators	Neutral, studio-monitor-style sound for editing, mixing, and accurate listening. 
TechRadar

8	Kanto ORA / ORA4	Best premium compact speakers	Clean design, detailed sound, and a good fit for creative workspaces. 
New York Magazine
Best picks by use case

Best overall: Audioengine A2+ 
WIRED

Best under ~$100: Creative Pebble Pro or Creative T100 
TechRadar
+1

Best value with bass: Logitech Z407 
TechRadar

Best for gaming: Razer Nommo V2 Pro or SteelSeries Arena 9 
TechRadar

Best for music lovers: Audioengine A2+ or Edifier M-series 
WIRED
+1

Best small desk setup: Edifier G2000 or Audioengine A2+ 
TechRadar

Best studio/creative use: Edifier MR4 or similar powered monitors 
TechRadar

Quick buying advice

Choose 2.0 speakers if you prioritize music quality and desk simplicity.

Choose 2.1 speakers if you like movies, gaming, and stronger bass.

Choose USB-C/Bluetooth models if you switch between a computer, phone, and tablet often.

Avoid ultra-cheap no-name speakers; even budget models from Creative, Logitech, and Edifier usually outperform them. 
TechRadar
+1

For most people, the best balance is Logitech Z407 for value or Audioengine A2+ for a premium desktop setup. 
TechRadar
+1

Sources used:
https://www.techradar.com/news/best-computer-speakers

https://www.tomshardware.com/best-picks/best-pc-speakers

https://www.wired.com/gallery/best-computer-speakers/

https://nymag.com/strategist/article/best-computer-speakers.html

https://www.pcgamer.com/best-computer-speakers/"
What's the best computer speakers you can get ?,"If you want the best computer speakers you can get, the answer depends on whether you prioritize pure sound quality, gaming, bass, or desk practicality. For most people who want a premium desktop setup, these are the top choices right now: 
New York Magazine
+1

🏆 Best Overall: Audioengine A5+ Wireless

Best for: music, movies, premium desktop audio
Approx. price: ~$500+

Why it stands out:

Rich, full sound with excellent detail

Large soundstage that feels more like a hi-fi system than PC speakers

Bluetooth plus wired connections

Built-in amplification; no receiver needed

Subwoofer output for future upgrades

Downsides:

Large for a desk

Expensive compared with typical computer speakers

This is the pick if you want your computer to become a serious listening setup. 
GuideSpot

🥈 Best Premium Compact: Audioengine A2+ Wireless

Best for: smaller desks, home offices, premium everyday use
Approx. price: ~$300–350

Why buy:

Excellent clarity for its size

USB audio connection and Bluetooth

Attractive build quality

Great near-field listening (sitting close at a desk)

Downside:

Limited bass without a subwoofer

A great choice if you want audiophile quality without huge speakers. 
New York Magazine
+1

🎮 Best for Gaming + Movies: Razer Nommo V2 Pro

Best for: gaming setups, immersive effects
Approx. price: ~$450+

Strengths:

Powerful bass

Wireless control pod

Gaming-focused features

Big, exciting sound

Downside:

Less neutral for music than studio-style speakers

TechRadar

🔊 Best Bass / Value: Logitech Z407

Best for: most PC users
Approx. price: ~$100–150

Why it’s popular:

Includes a dedicated subwoofer

Wireless control dial

Strong bass for the price

Easy setup

Downside:

Not as refined as premium bookshelf speakers

For many people, this is the smartest buy. 
TechRadar
+1

🎵 Best Studio-Style Accuracy: PreSonus Eris 3.5BT / Edifier MR4

Best for: creators, editing, balanced sound

Advantages:

More accurate sound

Better for hearing detail

Less “boomy” than gaming speakers

Downside:

Less dramatic bass

New York Magazine
+1

My ranking by use case
Use	Best pick
Best money-no-object desktop speakers	Audioengine A5+ Wireless
Best compact premium speakers	Audioengine A2+ Wireless
Best gaming speakers	Razer Nommo V2 Pro
Best value for most people	Logitech Z407
Best for music production	PreSonus Eris 3.5BT / Edifier MR4
Best small desk budget option	Creative Pebble series

New York Magazine
+2
TechRadar
+2

Single recommendation: If you have the desk space and budget, get the Audioengine A5+ Wireless. If you want something smaller, get the Audioengine A2+ Wireless. If you just want a great upgrade without spending much, get the Logitech Z407. 
GuideSpot
+1

Sources used:
https://nymag.com/strategist/article/best-computer-speakers.html

https://www.techradar.com/news/best-computer-speakers

https://www.pcgamer.com/best-computer-speakers/

https://www.guidespot.com/best-pc-speakers/"
What computer speakers should I buy ?,"If you want a great all-around computer speaker setup, I’d buy based on your budget and how you use your PC. The best choice for most people right now is:

🏆 Best overall: Audioengine A2+

WIRED

Best for: music, work, movies, premium desk setups
Why buy it:

Excellent sound quality for its compact size

Clear vocals and detailed music playback

USB, analog, and Bluetooth connectivity

Looks great on a desk

No need for a separate amplifier

Downside: expensive and not very bass-heavy without a subwoofer.

💰 Best value: Logitech Z407

TechRadar

Best for: most PC users, gaming, YouTube, movies
Why buy it:

Strong sound for the price

Includes a dedicated subwoofer

Wireless volume dial

Bluetooth + wired connections

Big improvement over monitor speakers

This is probably the safest recommendation for a typical desktop setup.

💵 Best budget: Creative Pebble Pro

Tom's Hardware
+1

Best for: small desks, laptops, dorm rooms
Why buy it:

Very compact

Surprisingly clear sound

USB-C, Bluetooth, and 3.5mm support

Great value

Downside: limited bass because of the small size.

🎮 Best for gaming: Razer Nommo V2 Pro

TechRadar

Best for: gaming setups where bass and immersion matter
Why buy it:

Powerful low end

Gaming-focused features

Strong positional audio options

🎵 Best audiophile-style desktop speakers: Edifier M60 / M90 or Audioengine A2+

New York Magazine
+1

Best for: people who listen to a lot of music

More natural sound than typical PC speakers

Better stereo imaging

Better long-term investment

My picks by budget
Budget	Buy
Under $60	Creative Pebble Pro
$100–150	Logitech Z407
$150–250	Edifier M60/M90
$250–400	Audioengine A2+
$400+	KEF LSX II LT or premium active speakers

What Hi-Fi?

If I had to pick one for the average person: Logitech Z407 — it gives the biggest upgrade for the money.
If you care most about sound quality: Audioengine A2+.

Sources used:
https://www.techradar.com/news/best-computer-speakers

https://www.tomshardware.com/best-picks/best-pc-speakers

https://www.wired.com/gallery/best-computer-speakers/

https://www.whathifi.com/best-buys/best-desktop-computer-speakers

https://nymag.com/strategist/article/best-computer-speakers.html"
What's the best budget computer speakers ?,"For a budget computer speaker setup, the best value pick for most people is:

🏆 Best Budget Overall: Creative Pebble V3

Typical price: ~$35–$50
Creative Pebble V3

Why it’s the best budget choice:

Excellent sound for the money

Very compact desk-friendly design

Clear vocals for YouTube, calls, movies, and casual music

USB-powered (simple setup)

Good stereo separation for a small desk

Downsides:

Bass is limited because there is no subwoofer

Not ideal if you want loud room-filling sound

Many reviewers consistently highlight the Creative Pebble line as the budget winner because it delivers surprisingly good sound at a very low price. 
PCWorld
+1

Other great budget options
🥈 Best Under ~$70: Creative Pebble Pro

Typical price: ~$60–$70
Creative Pebble Pro

Better if you want:

More power

Better bass

USB-C audio

Bluetooth

Gaming-friendly features

It keeps the tiny footprint but improves performance noticeably. 
Tom's Guide
+1

🥉 Best With Bluetooth: Logitech Z207

Typical price: ~$50–$60
Logitech Z207

Good for:

Switching between PC and phone

Simple everyday use

Office desks

Tradeoff:

Sound quality is more average than Creative Pebble

Less impressive for music listening

Best If You Want Bass: Logitech Z313 2.1

Typical price: ~$50–$70
Logitech Z313

Choose this if you mainly:

Watch movies

Play games

Want noticeable bass

The separate subwoofer gives it more impact than most tiny desktop speakers.

Quick recommendation by use case
Use	Buy
Cheapest good speakers	Creative Pebble V3
Best overall budget	Creative Pebble V3
Best small premium budget pick	Creative Pebble Pro
Music + balanced sound	Creative Pebble Pro
Gaming/movies with bass	Logitech Z313
Bluetooth convenience	Logitech Z207

My pick: Buy the Creative Pebble V3 unless you specifically want stronger bass or Bluetooth. It is the best balance of price, size, and sound quality. 
PCWorld
+1

Sources used:
https://www.pcworld.com/article/407990/the-best-budget-computer-speakers.html

https://www.wired.com/gallery/best-computer-speakers/

https://www.tomsguide.com/audio/speakers/creative-pebble-pro-review

https://www.techradar.com/computing/mics-speakers/creative-pebble-pro

https://www.tomshardware.com/best-picks/best-pc-speakers"
What are the best new or trending computer speakers  this year?,"The biggest trends in computer speakers this year are compact desktop hi-fi speakers, USB-C/USB audio, Bluetooth multipurpose setups, and gaming speakers with spatial audio/RGB. The best choices depend heavily on whether you care more about music, gaming, meetings, or just better-than-monitor sound. 
TechRadar
+1

Top trending computer speakers right now
Model	Best for	Why it’s trending
Edifier M90	Best overall desktop upgrade	Premium sound, modern connectivity, EQ customization, excellent all-around performance 
New York Magazine

Kanto ORA / ORA4	Stylish high-quality desks	Compact powered speakers with a more audiophile feel; great for music + work setups 
New York Magazine
+1

Audioengine A2+	Small premium setups	Excellent clarity and imaging in a tiny footprint 
New York Magazine

Creative Pebble Pro	Best budget pick	Huge value, USB-C, compact design, surprisingly good sound for the price 
PC Gamer

Logitech Z407	Best mainstream 2.1 system	Strong bass, wireless control dial, great everyday PC upgrade 
TechRadar
+1

Razer Nommo V2 Pro	Gaming setups	Big bass, gaming-focused features, immersive sound 
TechRadar

SteelSeries Arena series	Competitive gamers	Designed for PC gaming with wide sound and software tuning 
TechRadar

Edifier MR4 / MR3	Creators & accurate audio	Studio-monitor style sound at affordable prices 
TechRadar
+1

Mackie CR3.5BT	Creators + casual listening	Studio-inspired speakers with Bluetooth convenience 
PC Gamer
Best picks by type
🎵 Best for music listening

1. Edifier M90

Richer sound than typical PC speakers

Good connectivity options

Better choice if Spotify/Apple Music is a major use case 
New York Magazine

2. Audioengine A2+

Small but refined

Great for smaller desks

More “hi-fi” than typical computer speakers 
New York Magazine

🎮 Best for gaming

1. Razer Nommo V2 Pro

Powerful bass

Immersive gaming sound

Good match for gaming setups 
TechRadar

2. SteelSeries Arena

Better software integration

Good for gaming + streaming setups 
TechRadar

💰 Best value

Creative Pebble Pro

Excellent under-$100 option

Small footprint

Great laptop/desktop upgrade 
PC Gamer

Logitech Z407

Better if you want a subwoofer

More room-filling sound 
TechRadar

🖥️ Best for a professional desk

Kanto ORA / ORA4

Clean design

Great near-field listening

Works well for work + entertainment 
PC Gamer

Edifier MR4

Better if you edit audio/video or want accuracy 
TechRadar

My short list for most buyers

Under $100: Creative Pebble Pro

$100–200: Logitech Z407 or Edifier MR4

$200–400: Kanto ORA / Edifier M90

Premium: Audioengine A2+ or higher-end powered bookshelf speakers

Gaming: Razer Nommo V2 Pro

For most people upgrading from monitor speakers, Edifier M90, Logitech Z407, and Creative Pebble Pro are the strongest current choices because they cover the biggest improvements: clearer vocals, better bass, and easy connectivity. 
New York Magazine
+1

Sources:
https://www.techradar.com/news/best-computer-speakers

https://www.tomshardware.com/best-picks/best-pc-speakers

https://www.pcgamer.com/best-computer-speakers/

https://nymag.com/strategist/article/best-computer-speakers.html

https://www.whathifi.com/best-buys/best-desktop-computer-speakers"
What are the top adjustable dumbbells  right now?,"The top adjustable dumbbells right now depend on whether you prioritize durability, a traditional dumbbell feel, weight range, or price. These are the leading choices in 2026: 
Verywell Fit
+1

Rank	Model	Best for	Weight range	Why it stands out
1	PowerBlock Elite EXP	Best overall / long-term home gym	5–50 lb (expandable up to 90 lb)	Extremely durable, compact, fast pin adjustment, great for serious lifting
2	SMRTFT NÜOBELL	Best traditional dumbbell feel	5–80 lb (some versions higher)	Looks and feels closest to normal gym dumbbells; very fast twist adjustment
3	REP Fitness x Pepin Adjustable Dumbbells	Premium lifters	Up to heavy-duty ranges	High-end build, excellent feel, designed for serious strength training
4	Bowflex SelectTech 552 Results Series	Best for beginners/intermediate users	5–52.5 lb	Easy dial adjustment and huge popularity, though bulkier than some competitors
5	Core Home Fitness Adjustable Dumbbells	Best value	Around 5–50 lb	Good balance of price, usability, and compact storage
6	ATIVAFIT Adjustable Dumbbells	Budget-friendly heavy option	Varies by set (some models reach ~70+ lb)	Lots of weight for the money

Verywell Fit
+2
Home Gym Reviews
+2

Best picks by user type

🏆 Best overall: PowerBlock Elite EXP

Best choice if you want equipment that can last for years.

Compact design saves a lot of space.

Expansion kits let you grow from moderate lifting to serious strength work.

Tradeoff: the block shape feels different from a regular dumbbell. 
Verywell Fit

💪 Best for bodybuilding / hypertrophy: NÜOBELL

Closest feel to a commercial gym dumbbell.

Quick weight changes make supersets easier.

Better choice if you care about natural handling and appearance.

Tradeoff: premium pricing and requires more care than rugged block-style designs. 
Men's Health

💰 Best value: Core Home Fitness

Good for most home workouts without spending premium money.

Simple adjustment system and comfortable handling. 
My Gym Genius

🏠 Best apartment / small space option

PowerBlock Elite EXP or NÜOBELL.

Both replace many fixed dumbbells while keeping storage minimal. 
Verywell Fit
+1

🔥 Best for heavy lifters

REP x Pepin, NÜOBELL 100, or PowerBlock with expansions.

These are better suited if you expect to progress beyond typical 50–60 lb dumbbell work. 
Men's Health
+1

My short list:

PowerBlock Elite EXP — best investment for most people

NÜOBELL 80/100 — best gym-like experience

REP x Pepin — best premium choice

Core Home Fitness — best value

Bowflex SelectTech 552 — easiest beginner-friendly option

Sources used:
https://www.verywellfit.com/best-adjustable-dumbbells-4173456

https://www.consumerreports.org/health/dumbbells/best-adjustable-dumbbells-a7885033731/

https://home-gym-reviews.com/best-adjustable-dumbbells/

https://www.theexaminernews.com/buying-guides/best-adjustable-dumbbells/

https://mygymgenius.com/articles/best-adjustable-dumbbells

https://www.menshealth.com/fitness/a71509179/smrtft-nuobell-100-adjustable-dumbbells-review/"
What's the best adjustable dumbbells you can get ?,"If you want the best adjustable dumbbells you can buy, the top choice depends on whether you value durability, a traditional dumbbell feel, or quick adjustments. These are the standouts right now: 
Verywell Fit
+1

🥇 Best Overall: PowerBlock Elite EXP Adjustable Dumbbells

Best for most home gyms

Weight range: 5–50 lb per dumbbell (expandable higher with kits)

Adjustment: Magnetic selector pin

Why they win: Extremely durable, compact, and built for years of heavy use

Pros:

Steel construction

Very space efficient

Easy to expand as you get stronger

Excellent for strength training

Cons:

Block-style shape feels different from normal dumbbells

Verywell Fit

Best for: Someone who wants a “buy once, keep forever” home gym setup.

🥈 Best Premium / Most Like Real Dumbbells: SMRTFT NÜOBELL

Best workout experience

Weight options: Up to 80 or 100 lb versions

Adjustment: Twist handle

Why people love them: They feel closest to a normal dumbbell rack

Pros:

Very fast weight changes

Comfortable round dumbbell shape

Great for bodybuilding-style workouts

Compact

Cons:

Expensive

More delicate than PowerBlocks

Men's Health

Best for: Lifters who care about feel and aesthetics.

🥉 Best Heavy-Lifting Option: REP x PÉPIN Adjustable Dumbbells

Best for serious strength enthusiasts

Weight range: Designed for heavier training setups

Pros:

Premium build quality

Stronger “real gym dumbbell” feel

Good for advanced lifters

Cons:

Expensive

More than most casual users need

YouTube

Best Value: Core Home Fitness Adjustable Dumbbells

Fast adjustment system

Good balance of price, convenience, and durability

Better feel than many budget options

Best for: Beginners and intermediate home users.

Best Budget Pick: LifePro / CAP / NordicTrack Adjustable Dumbbells

Lower cost

Good for occasional workouts

Usually enough for beginners

Verywell Fit
+1

My ranking
Rank	Model	Best For
1	PowerBlock Elite EXP	Best overall
2	NÜOBELL 80/100	Best feel and convenience
3	REP x PÉPIN	Serious lifters
4	Core Home Fitness	Best value
5	LifePro/CAP/NordicTrack	Budget buyers

If I were buying one pair for a home gym:

Most people: PowerBlock Elite EXP

If you want the nicest experience: NÜOBELL

If you lift heavy and want maximum durability: REP x PÉPIN

Sources used:
https://www.verywellfit.com/best-adjustable-dumbbells-4173456

https://www.consumerreports.org/health/dumbbells/best-adjustable-dumbbells-a7885033731/

https://menshealth.com/fitness/a71509179/smrtft-nuobell-100-adjustable-dumbbells-review/"
What adjustable dumbbells should I buy ?,"If you want one pair of adjustable dumbbells that you’ll actually enjoy using for years, I’d narrow it down to these:

Best overall: PowerBlock Elite EXP

Best for most home gyms 
Verywell Fit
+1

Weight range: typically up to 50 lb per dumbbell, expandable higher with kits

Extremely compact

Very durable selector-pin design

Great for strength training, presses, rows, squats, lunges

Downside: The rectangular ""block"" shape feels different from normal dumbbells, especially for curls and some shoulder movements.

Buy these if: you care more about durability and long-term value than looks.

Best premium feel: SMRTFT NÜOBELL

Best if you want them to feel like regular dumbbells 
Verywell Fit

Available in heavier versions (up to around 100 lb per dumbbell)

Fast twist-handle adjustment

Excellent grip and compact storage

Much closer experience to a commercial gym dumbbell

Downside: More expensive and the mechanism needs more care than rugged pin-based designs.

Buy these if: you want the nicest home-gym experience.

Best value for most beginners: Bowflex SelectTech

Best entry-level all-around option 
My Gym Genius

Popular 5–52.5 lb range

Quick dial adjustments

Good for general fitness, fat loss, and muscle building

Downside: Bulkier at lighter weights, and the adjustment mechanism is not as rugged as PowerBlock for rough use.

Buy these if: you’re building a first home gym and want simplicity.

Best for serious lifters: REP Quickdraw / heavy-duty systems

More traditional dumbbell feel

Better suited for heavier training

Designed for people who expect to progress beyond typical adjustable dumbbell limits

Buy these if: you lift heavy and don’t want to replace equipment later.

My recommendation by user type
If you are...	Buy
Most people	PowerBlock Elite EXP
Want the nicest experience	NÜOBELL
Beginner / budget-conscious	Bowflex SelectTech
Heavy lifter	REP or NÜOBELL heavy models
Small apartment	PowerBlock

For the majority of people setting up a home gym, I’d choose PowerBlock Elite EXP because it balances durability, storage, weight range, and price better than almost anything else. 
Verywell Fit
+1

Sources used:
https://www.consumerreports.org/health/dumbbells/best-adjustable-dumbbells-a7885033731/

https://www.verywellfit.com/best-adjustable-dumbbells-4173456

https://home-gym-reviews.com/best-adjustable-dumbbells/

https://mygymgenius.com/articles/best-adjustable-dumbbells"
What's the best budget adjustable dumbbells ?,"If you want budget adjustable dumbbells, I’d prioritize durability and weight range over fancy adjustment systems. The best choice depends on your budget:

Pick	Approx. price	Weight range	Best for
Yes4All Adjustable Dumbbells	~$60–$150	40–200+ lb sets	Cheapest solid option
BCBIG Adjustable Dumbbells	~$100	~8–30 lb each	Ultra-budget beginners
ATIVAFIT Adjustable Dumbbells	~$100–$150	~27.5 lb each	Compact home workouts
PowerBlock Sport / Elite (used or sale)	~$150–$300+	Up to 50+ lb each	Best long-term value
Core Fitness Adjustable Dumbbells	~$200–$300	Up to 50 lb each	Easier/faster adjustments

Verywell Fit
+1

Best budget pick overall: Yes4All Adjustable Dumbbells

Why:

Lowest cost per pound

Simple spin-lock design (fewer things to break)

Plates can be added over time

Great if you’re building a home gym slowly

Downsides:

Slower to change weights

More awkward than selector-style dumbbells

Plates can rattle a bit

Best for: beginners, garage gyms, people who don’t mind manual changes. 
New York Magazine

Best “buy once” budget upgrade: PowerBlock Sport/Elite (especially used)

If you can find them around $150–$250, they are usually a better investment:

Much faster weight changes

More compact

Expandable models available

Built for years of use

PowerBlock models are frequently ranked among the strongest overall adjustable dumbbells because of their durability and expansion options. 
Verywell Fit

Best cheap option for beginners: BCBIG Adjustable Dumbbells

Good if you mostly want:

Curls

Presses

Rows

Shoulder work

General fitness

They’re inexpensive and convenient, but they are not the set I’d choose for heavy lifting long-term. 
Verywell Fit

My recommendation by budget:

Under $100: Yes4All

$100–$200: ATIVAFIT or BCBIG

$200–$300: Look for PowerBlock Sport/Elite used or on sale

Want the best value long term: PowerBlock

For most people starting a home gym, I’d buy Yes4All if money is tight; otherwise I’d stretch for PowerBlock because you’re much less likely to replace them later. 
Verywell Fit
+1

Sources used:
https://www.verywellfit.com/best-adjustable-dumbbells-4173456

https://homegymfoundry.com/blog/best-budget-adjustable-dumbbells

https://nymag.com/strategist/article/best-adjustable-dumbbells.html"
What are the best new or trending adjustable dumbbells  this year?,"If you’re shopping for adjustable dumbbells in 2026, the biggest trends are faster adjustment systems, more compact designs, heavier max capacities, and premium “feels-like-a-real-dumbbell” builds. 
Verywell Fit
+1

Top trending adjustable dumbbells right now
Model	Best for	Why it’s trending
NÜOBELL Adjustable Dumbbells (50/80 lb versions)	Best overall feel	Extremely fast twist-handle adjustment and one of the closest experiences to a traditional dumbbell. Popular for people who want a premium home gym setup. 
Examiner News
+1

PowerBlock Elite EXP / Pro Series	Best durability	Compact, expandable, and built for long-term heavy use. A favorite among serious home gym users. 
Verywell Fit
+1

REP Fitness x PÉPIN Adjustable Dumbbells	Best premium strength option	Designed for serious lifters with a more traditional dumbbell feel and heavy-duty construction. 
YouTube
+1

Bowflex SelectTech Results Series 552/1090	Best mainstream option	Still one of the most recognizable adjustable dumbbell systems, with quick dial changes and broad availability. 
Verywell Fit

Core Fitness Adjustable Dumbbells	Best value premium pick	Simple adjustment system, good ergonomics, and less expensive than many premium competitors. 
Reddit

NordicTrack Select-a-Weight	Best mid-range choice	Good balance of price, usability, and traditional dumbbell shape. 
Reddit
My picks by buyer type

Best overall for most people:
🏆 NÜOBELL 50–80 lb Adjustable Dumbbells

Fastest, most satisfying adjustment

Compact footprint

Feels closest to a commercial gym dumbbell

Best if you value convenience and aesthetics 
Examiner News

Best if you lift heavy:
🏆 PowerBlock Pro / Elite EXP

Extremely durable

Expandable weight options

Better for years of progressive overload

The block shape takes some getting used to 
Verywell Fit
+1

Best budget-friendly choice:
🏆 Core Fitness or LifePro-style adjustable dumbbells

Lower cost

Good for beginners and general fitness

Less ideal for very heavy training 
Verywell Fit
+1

Best “buy once” premium setup:
🏆 REP PÉPIN Adjustable Dumbbells

Aimed at enthusiasts who want a more traditional feel and rugged build. 
YouTube

What I’d avoid

Very cheap no-name dial dumbbells with lots of plastic parts

Sets that max out below ~50 lb per dumbbell if you plan to train for years

Bulky designs that make presses and curls awkward

Quick recommendation

Small apartment / convenience: NÜOBELL

Garage gym / heavy lifting: PowerBlock or REP PÉPIN

Under ~$300: Core Fitness, LifePro, or NordicTrack

Beginner home workouts: Bowflex-style dial dumbbells

Sources used:
https://www.verywellfit.com/best-adjustable-dumbbells-4173456

https://www.consumerreports.org/health/dumbbells/best-adjustable-dumbbells-a7885033731/

https://www.theexaminernews.com/buying-guides/best-adjustable-dumbbells/

https://www.reddit.com/r/homefitness/comments/1tzbr7l/best_adjustable_dumbbells_to_purchase_in_2026/

https://www.youtube.com/watch?v=Km9sKB_8ss0"
What are the top pet deshedding brushes  right now?,"The top pet deshedding brushes right now depend heavily on your pet’s coat type (short hair, double coat, long hair, or sensitive skin). These are among the most recommended and popular options in 2026. 
Dogster
+1

Rank	Brush	Best for	Why it stands out
1	FURminator Undercoat deShedding Tool	Heavy shedders, double coats (Labs, Huskies, Golden Retrievers, cats with undercoats)	Excellent at removing loose undercoat; a long-running favorite for serious shedding control. 
PawBench
+1

2	Hertzko Self-Cleaning Slicker Brush	Everyday grooming, dogs and cats	Gentle pins, easy one-button cleaning, good all-around maintenance brush. 
PawBench
+1

3	SleekEZ Deshedding Tool	Short-haired dogs (Labs, Beagles, Pit Bulls)	Very effective at lifting loose hair from short coats; best for occasional deep shedding sessions. 
PawBench
+1

4	KONG ZoomGroom	Sensitive pets, cats, short-haired dogs	Soft rubber design massages while collecting loose fur; popular for pets that dislike metal brushes. 
Chewy
+1

5	Maxpower Planet Double-Sided Undercoat Rake	Thick coats and matted undercoats	Useful for breeds with dense fur where a standard brush cannot reach. 
The Spruce Pets

6	Chris Christensen Big G Slicker Brush	Professional-style grooming	High-quality slicker brush for fluffing, finishing, and removing loose coat. 
The Spruce Pets

7	HandsOn Pet Grooming Gloves	Nervous pets, bath-time grooming	Lets you groom while petting; especially useful for cats and sensitive dogs. 
The Spruce Pets
Best picks by pet type

🐕 Golden Retriever / Husky / German Shepherd

FURminator Undercoat deShedding Tool

Undercoat rake + slicker brush combo

Avoid overusing aggressive blades on long coats. 
Reddit

🐕 Labrador / Beagle / short-haired breeds

SleekEZ

FURminator short-hair version

KONG ZoomGroom for regular use 
PawBench
+1

🐈 Cats

FURminator Cat Undercoat Tool for heavy shedding

KONG ZoomGroom for gentle daily brushing

Pet Republique-style dematting tools for longer-haired cats 
Catster
+1

Best single brush for most households:
➡️ Hertzko Self-Cleaning Slicker Brush — easiest everyday choice. 
PawBench

Best for maximum loose-fur removal:
➡️ FURminator Undercoat deShedding Tool — especially for pets that shed heavily. 
PawBench

Best budget-friendly option:
➡️ KONG ZoomGroom — inexpensive, durable, and gentle. 
Chewy

Sources:
https://www.dogster.com/dog-health-care/best-dog-brushes-for-shedding/

https://www.catster.com/cat-health-care/best-cat-deshedding-tools/

https://www.pawbench.com/blog/furminator-vs-hertzko-vs-sleekez

https://www.chewy.com/best/cat-brushes_s112608

https://www.chewy.com/best/dog-brushes_s107832"
What's the best pet deshedding brush you can get ?,"If you want the best pet deshedding brush overall, the top choice for most heavy-shedding dogs (and many cats) is:

🏆 Best Overall: FURminator deShedding Tool

PawBench
+1

Why it’s the best:

Removes a huge amount of loose undercoat hair

Stainless-steel edge reaches through the topcoat without needing excessive brushing

Built-in hair ejector makes cleanup easy

Available in sizes and short/long-hair versions

Especially effective for double-coated breeds like Golden Retrievers, Huskies, German Shepherds, Labs, and Corgis 
PawBench

Best for:
✅ Heavy shedders
✅ Double coats
✅ Seasonal shedding blowouts

Avoid or use carefully:

Don’t press hard

Don’t overuse it (especially on fine coats), because aggressive deshedding can irritate skin or remove too much coat 
Reddit

Other excellent picks
🥈 Best everyday brush: Hertzko Self-Cleaning Slicker Brush

Meowing Goods
+1

Pros

Gentler for frequent brushing

Works across many coat types

One-button cleaning

Great value

Best for:
Daily grooming, pets that dislike harsher deshedding tools.

🥉 Best for short-haired pets: SleekEZ Deshedding Tool

PawBench
+1

Pros

Excellent at grabbing loose short hairs

Popular for Labs, Pit Bulls, Boxers, and similar coats

Simple design

Best for:
Short, dense coats where loose hair sticks everywhere.

Quick recommendation by pet type
Pet	Best choice
Golden Retriever / Husky / German Shepherd	FURminator deShedding Tool
Labrador / short-haired heavy shedder	FURminator or SleekEZ
Cat with thick undercoat	FURminator Cat deShedding Tool
Sensitive pet / daily brushing	Hertzko Slicker Brush
Budget-friendly option	Hertzko Slicker Brush

Meowing Goods
+1

If I could buy only one: I’d choose the FURminator deShedding Tool for maximum hair removal, but pair it with a softer slicker brush if you plan to groom frequently. 
PawBench

Sources used:
https://www.pawbench.com/blog/furminator-vs-hertzko-vs-sleekez

https://www.pawbench.com/blog/best-grooming-tools-2026

https://www.yourbestdigs.com/reviews/dog-shedding-brushes/

https://k9sphere.com/best-brushes-for-shedding-dogs/"
What pet deshedding brush should I buy ?,"If you want one safe, effective all-around choice, I’d buy the FURminator Undercoat deShedding Tool — but the right brush depends heavily on your pet’s coat type. It’s one of the most proven deshedding tools because it reaches the loose undercoat and is designed in sizes for different breeds and hair lengths. 
furminator.com
+1

Best pet deshedding brushes to buy
Best for	Brush	Why buy it
🏆 Most dogs & cats with undercoats	FURminator Undercoat deShedding Tool	Excellent at removing loose undercoat hair; available in short/long hair and multiple sizes. 
furminator.net
+1

🐕 Heavy shedders (Labs, Huskies, German Shepherds)	FURminator + undercoat rake combo	A rake can help loosen dense undercoat before deshedding. 
furminator.com

💰 Best budget option	SleekEZ / EquiGroomer-style shedding tool	Very effective on some short- and medium-coated dogs, though it requires a light touch. 
Reddit
+1

🐈 Cats (especially short-haired)	FURminator Cat deShedding Tool	Good for reducing loose fur and hairballs when used correctly. 
furminator.com

🐶 Sensitive pets	Rubber curry brush or grooming glove	Gentler and usually better tolerated, though less aggressive at removing undercoat. 
The Spruce Pets
My picks by pet type

Golden Retriever / Husky / German Shepherd: FURminator Long Hair + occasional undercoat rake

Lab / Pit Bull / short-haired heavy shedder: FURminator Short Hair or EquiGroomer-style tool

Cat: FURminator Cat Short Hair (if your cat tolerates it)

Small dog: FURminator Small size matched to hair length

Pet that hates brushing: grooming glove first, then upgrade later

Buying tip

Don’t just buy the largest brush. Choose:

Hair length: short vs. long hair

Pet size: small/medium/large

Coat type: single coat vs. thick double coat

Also, avoid aggressive over-brushing: deshedding tools are meant for removing loose hair, not daily scraping. FURminator recommends limited sessions (often about weekly, depending on coat and shedding level) and using gentle strokes. 
furminator.com

Best single purchase for most owners:
➡️ FURminator Undercoat deShedding Tool, sized for your pet’s coat. 
furminator.net

Sources used:
https://www.furminator.com/products/tools/deshedding-tools/undercoat-deshedding-tool-medium-large-cat-long-hair

https://www.furminator.net/furminator/furminator-for-dogs/furminator-dog-m-long-hair

https://www.furminator.com/products/brush/brushes-and-rakes/grooming-rake

https://www.thesprucepets.com/best-dog-brushes-4172609

https://www.reddit.com/r/AustralianCattleDog/comments/1ui7lsl/equigroomer_dog_brush/"
What's the best budget pet deshedding brush ?,"For a budget pet deshedding brush, the best pick for most owners is:

🏆 Best Budget Pick: Hertzko Self-Cleaning Slicker Brush

Typical price: ~$15–20
Best for: Dogs and cats with light-to-moderate shedding, mixed coat types, everyday grooming

PawBench
+1

Why it’s the best value

✅ Removes loose fur and helps prevent mats

✅ Works on many coat lengths

✅ One-button self-cleaning makes it easy to use

✅ Gentler than aggressive undercoat blades

✅ Good “one brush for everything” choice

PawBench

Best alternatives by situation

🐕 Heavy shedder (Husky, Golden Retriever, German Shepherd, Lab)

FURminator Undercoat Deshedding Tool

More expensive, but much better at pulling out dense undercoat during shedding seasons. Use carefully and don’t over-brush. 
PawBench
+1

🐕 Short-haired dogs (Pit Bull, Beagle, Boxer)

SleekEZ Deshedding Tool

Excellent at grabbing loose surface hair and often costs less than premium tools. 
K9Sphere

💰 Cheapest decent option

Frisco Deshedding Cat & Dog Brush

Around the budget end and well-reviewed for basic shedding control. 
Chewy

My quick recommendation

Most pets: Hertzko Self-Cleaning Slicker Brush

Heavy seasonal shedding: FURminator

Short coat + lots of loose hair: SleekEZ

A good budget setup is often Hertzko + a grooming glove rather than spending $40–50 on a single tool. 
PawBench

Sources used:
https://www.pawbench.com/blog/furminator-vs-hertzko-vs-sleekez

https://k9sphere.com/best-brushes-for-shedding-dogs/

https://www.corenewsdaily.com/buyers-guide/best-budget-pet-grooming-tools

https://www.chewy.com/best/cat-brushes_s112608"
What are the best new or trending pet deshedding brushes  this year?,"The biggest pet deshedding brush trends this year are self-cleaning designs, gentler undercoat removal, and tools that work across multiple coat types. The best choice depends heavily on your pet’s coat (short hair, double coat, long hair, curly, etc.). 
Dogster
+1

Top trending pet deshedding brushes in 2026
FURminator Short Hair Dog Deshedding Tool
$41.49•Ideal for short-haired dogs, reduces shedding effectively.
FURminator Long Hair Dog Deshedding Tool
$41.49•Suitable for long-haired breeds, minimizes loose fur.
Hertzko Self Cleaning Slicker Brush
$13.98•Self-cleaning feature makes grooming quick and easy.
SleekEZ Deshedding Grooming Tool
$26.36•Reduces shedding up to 95%, gentle on all coat types.
1. FURminator Undercoat deShedding Tool — Best overall

Best for: Heavy shedders, double-coated dogs (Huskies, Shepherds, Labs, Goldens)

Why it’s trending

Stainless-steel edge reaches into the undercoat

Strong reputation for removing loose undercoat

Hair-release/ejector designs make cleanup easier 
PawBench

Best versions:

Short Hair model → Labs, Beagles, Pugs

Long Hair model → Golden Retrievers, Collies, Huskies

Watch out: Use gently and avoid over-brushing; aggressive use can irritate skin.

2. Hertzko Self-Cleaning Slicker Brush — Best everyday brush

Best for: Dogs and cats needing frequent grooming

Why people like it:

One-button cleaning

Removes loose fur, tangles, and debris

Comfortable for regular maintenance 
PawBench

This is a good “keep hair under control all week” brush rather than a heavy seasonal shed remover.

3. SleekEZ Deshedding Tool — Best alternative to blade-style tools

Best for: Short/medium coats and pets that dislike aggressive brushes

Why it’s gaining popularity:

Pulls loose hair efficiently

Simple design with no complicated parts

Popular among owners of heavy-shedding breeds 
Reddit

4. EquiGroomer — Rising budget favorite

Best for: Dogs with dense coats and seasonal shedding

Why it’s getting attention:

Affordable compared with premium deshedders

Many owners report strong results on breeds like Australian Cattle Dogs and German Shepherds 
Reddit
+1

5. Vacuum-style grooming brushes — Newer trend

Best for: Owners who hate loose fur flying around

These combine brushing with suction to collect hair immediately. They are becoming more popular as an alternative to traditional brushes.

Quick picks by pet type
Pet/coat	Best choice
Husky, German Shepherd, Golden Retriever	FURminator Long Hair
Labrador, Beagle, short-haired dogs	FURminator Short Hair
Cat with shedding problems	FURminator Cat Undercoat Tool
Daily grooming	Hertzko Self-Cleaning Slicker
Budget option	EquiGroomer or SleekEZ
Pet hates brushing	Rubber curry/slicker-style brush

Catster

Sources used:
https://www.dogster.com/dog-health-care/best-dog-de-shedding-tools/

https://www.pawbench.com/blog/best-grooming-tools-2026

https://www.pawbench.com/blog/furminator-vs-hertzko-vs-sleekez

https://www.catster.com/cat-health-care/best-cat-deshedding-tools/

https://www.chewy.com/furminator-short-hair-dog-deshedding/dp/269733

https://www.chewy.com/furminator-long-hair-dog-deshedding/dp/269737

https://www.walmart.com/ip/Hertzko-Self-Cleaning-Slicker-Brush-Ultimate-Grooming-Tool-for-Small-Medium-and-Large-Dogs-and-Cats-of-all-Hair-Types/825361133

https://www.pawvortex.com/products/sleekez-deshedding-dog-brush-95-percent-shedding-reduction"
What are the top pimple patches  right now?,"The top pimple patches right now depend on whether you want overnight healing, invisible daytime wear, deep pimples, or budget value. The strongest picks currently are: 
NBC News
+1

Rank	Pimple patch	Best for	Why it stands out
1	Hero Cosmetics Mighty Patch Original / Invisible+	Best overall	Reliable hydrocolloid patches that absorb fluid, protect pimples, and work well for most surface blemishes. Invisible+ is especially good for daytime use. 
NBC News

2	COSRX Acne Pimple Master Patch	Best budget pick	Affordable, classic hydrocolloid patch with multiple sizes; a favorite for simple whiteheads and overnight use. 
InStyle
+1

3	Peace Out Acne Healing Dots	Oily/acne-prone skin	Combines hydrocolloid with ingredients like salicylic acid and soothing ingredients for clogged pores and active blemishes. 
NBC News

4	ZitSticka Killa Kit	Deep or stubborn pimples	Uses microdart technology designed for early-stage, deeper blemishes rather than just surface whiteheads. 
NBC News

5	Starface Hydro-Stars	Fun designs / teens	Cute star-shaped patches with good adhesion; more focused on protection and preventing picking than aggressive treatment. 
NBC News

6	Rael Miracle Patch Invisible Spot Cover	Fast, discreet wear	Thin hydrocolloid patches designed to blend into skin and work in a few hours. 
NBC News

7	Peach Slices Deep Blemish Microdarts	Cystic-style breakouts	Better suited for under-the-skin pimples where normal hydrocolloid patches often do little. 
InStyle
Quick picks by situation

Best for most people: Hero Cosmetics Mighty Patch Original 
NBC News

Best cheap option: COSRX Acne Pimple Master Patch 
InStyle

Best invisible daytime patch: Hero Mighty Patch Invisible+ 
NBC News

Best for painful/deep pimples: ZitSticka Killa Kit or microdart patches 
NBC News

Best for preventing picking: Starface Hydro-Stars 
NBC News

A good rule: hydrocolloid patches work best on pimples that have a visible head or are already close to the surface. For deep cystic acne, look for microdart patches or consider acne treatments beyond patches. 
Glamour

Sources used:
https://www.nbcnews.com/select/shopping/best-pimple-patches-rcna248234

https://www.glamour.com/gallery/best-pimple-patches-tested

https://www.instyle.com/best-pimple-patches-11938536

https://www.byrdie.com/best-skincare-products-2026-12006311"
What's the best pimple patch you can get ?,"If you want the best overall pimple patch you can buy right now, I’d pick:

🥇 Best Overall: Hero Cosmetics Mighty Patch Original

NBC News
+1

Why it’s the top choice:

Uses medical-grade hydrocolloid to absorb fluid from surface pimples

Stays on well overnight

Gentle enough for most skin types

Excellent for whiteheads, popped pimples, and pimples that have come to a head

Reliable results without irritating acne-fighting ingredients 
NBC News
+1

Best use: Put it on a clean, dry pimple before bed and remove after ~6–8 hours.

Other top picks depending on your breakout:

💰 Best value: COSRX Acne Pimple Master Patch

Cheaper per patch

Multiple sizes

Great hydrocolloid performance

A favorite for people who want a simple, effective patch 
Glamour
+1

🌙 Best for deep/cystic pimples: ZitSticka Killa

Uses microdart technology to deliver ingredients deeper into stubborn spots

Better suited for under-the-skin bumps than standard hydrocolloid patches 
NBC News
+1

👀 Best invisible daytime patch: Hero Mighty Patch Invisible+

Thinner and more discreet

Better if you need to wear one outside the house 
NBC News

⭐ Best fun/teen-friendly option: Starface Hydro-Stars

Cute designs

Good adhesion

More about visible coverage + preventing picking than maximum treatment power 
NBC News
+1

My ranking:

Hero Mighty Patch Original — best for most people

COSRX Acne Pimple Master Patch — best budget buy

ZitSticka Killa — best for painful/deep pimples

Hero Mighty Patch Invisible+ — best daytime wear

Starface Hydro-Stars — best aesthetic option

One thing to know: pimple patches work best on surface-level pimples with visible whiteheads. They usually won’t do much for deep hormonal cysts unless you use a microdart-style patch. 
Glamour

Sources:
https://www.nbcnews.com/select/shopping/best-pimple-patches-rcna248234

https://www.ulta.com/p/mighty-patch-original-acne-pimple-patches-pimprod2030348

https://www.glamour.com/gallery/best-pimple-patches-tested

https://shopping.yahoo.com/beauty/skincare/article/best-pimple-patches-172118861.html"
What pimple patches should I buy ?,"If you want a pimple patch that actually works, I’d pick based on the type of breakout you get. The best all-around choices right now are: 
NBC News
+1

Best overall (most people)

Hero Cosmetics Mighty Patch Original

Best for: whiteheads, popped pimples, overnight use

Why buy it: very reliable hydrocolloid patch, sticks well, helps flatten raised pimples and prevents picking

Skip if: you mainly get deep, under-the-skin cysts 
Glamour
+1

Best value

COSRX Acne Pimple Master Patch

Best for: stocking up cheaply

Why buy it: lots of patches per pack, multiple sizes, excellent overnight option

Great choice if you use patches often 
Glamour
+1

Best for painful/deep pimples

ZitSticka Killa Microdart Patches

Best for: early-stage pimples that feel like they are forming under the skin

Why buy it: uses tiny dissolving microneedles to deliver acne-fighting ingredients deeper than a normal hydrocolloid sticker

Downside: expensive per patch 
NBC News
+1

Best for oily skin or active acne

Peace Out Acne Healing Dots

Best for: oily, clogged pores and inflamed spots

Why buy it: combines hydrocolloid with ingredients like salicylic acid for a more treatment-focused patch

Downside: fewer patches for the price 
NBC News

My buying recommendation:

One box only: Hero Cosmetics Mighty Patch Original

Best cheap bulk option: COSRX Acne Pimple Master Patch

If you get painful hormonal/cystic bumps: ZitSticka Killa

If you want daytime wear: Hero Mighty Patch Invisible+ 
NBC News

Tip: pimple patches work best on pimples with a visible whitehead or surface opening. They usually won’t do much for deep cystic acne that has no surface opening. 
YouTube

Sources used:
https://www.nbcnews.com/select/shopping/best-pimple-patches-rcna248234

https://www.glamour.com/gallery/best-pimple-patches-tested

https://www.mindbodygreen.com/articles/best-hydrocolloid-patches/

https://shopping.yahoo.com/beauty/skincare/article/best-pimple-patches-172118861.html"
What's the best budget pimple patches ?,"For a budget pimple patch, I’d prioritize hydrocolloid patches (they help protect the spot and absorb fluid from whiteheads). The best value picks right now: 
NBC News

Pick	Approx. value	Best for	Why buy it
Nexcare Acne Absorbing Covers	~$7–8	Cheapest effective option	Great price per patch, simple hydrocolloid formula, good overnight use 
NBC News

COSRX Acne Pimple Master Patch	~$5–10 depending on pack	Best budget overall	Very affordable, multiple sizes, strong overnight performance; a popular low-cost alternative to premium brands 
Reddit

Hero Cosmetics Mighty Patch Original	~$13–22 depending on count	Best “works every time” budget-ish option	Reliable adhesion, medical-grade hydrocolloid, good for whiteheads; larger packs improve value 
Ulta Beauty
+1

Differin Acne-Prone Skin Patches	~$8–10	Active lifestyle	Budget-friendly and designed to stay on well 
NBC News

My budget pick: 🥇 COSRX Acne Pimple Master Patch

Best balance of price, performance, and quantity.

Good if you use patches often and don’t want to spend $15–20 repeatedly. 
Reddit

Cheapest practical pick: 🥈 Nexcare Acne Absorbing Covers

If you mainly want something inexpensive that does the basic job, these are hard to beat. 
NBC News

Worth knowing: pimple patches work best on raised whiteheads or pimples that have come to a head. They usually won’t do much for deep cystic acne under the skin. 
Reddit

Sources used:
https://www.nbcnews.com/select/shopping/best-pimple-patches-rcna248234

https://www.ulta.com/p/mighty-patch-original-acne-pimple-patches-pimprod2030348

https://www.herocosmetics.us/products/mighty-patch-for-early-stage-blemishes

https://www.reddit.com/r/SkincareAddiction/comments/1sd2qa3/acne_best_pimple_patch_2026/"
What are the best new or trending pimple patches  this year?,"The pimple patch market is trending toward thinner invisible patches, microdart technology for under-the-skin pimples, and patches with active ingredients (like salicylic acid or niacinamide). The strongest picks this year are: 
NBC News
+1

Product	Best for	Why it’s trending
Hero Cosmetics Mighty Patch Invisible+	Best everyday/daytime patch	Ultra-thin hydrocolloid design that blends better under makeup and works well for whiteheads. 
NBC News

ZitSticka Killa Kit	Deep, painful pimples	Uses dissolving microdarts to deliver ingredients deeper than a standard hydrocolloid patch. 
NBC News
+1

Starface Hydro-Stars / Hydro-Star + Salicylic Acid	Fun designs + visible wear	The colorful star patches remain a social-media favorite; newer versions add acne-fighting ingredients. 
Glamour

Peace Out Acne Healing Dots	Oily skin and clogged pores	Combines hydrocolloid with ingredients like salicylic acid and soothing agents. 
NBC News

COSRX Acne Pimple Master Patch	Best budget classic	Cheap, reliable hydrocolloid patches with multiple sizes; still one of the most popular options. 
Glamour
+1

CeraVe Blemish Barrier Patches	Sensitive or barrier-focused skin	A newer drugstore-friendly option aimed at protecting blemishes while being gentle. 
Glamour

Peach Slices Deep Blemish Microdarts	Hormonal/deep breakouts	Microdart format designed for pimples that have not surfaced yet. 
InStyle
Best picks by situation

Best overall: Hero Mighty Patch Original or Invisible+ 
NBC News
+1

Best new-tech option: ZitSticka Killa Kit 
NBC News

Best cheap option: COSRX Acne Pimple Master Patch 
WiseBuyAI

Best for daytime/work: Hero Mighty Patch Invisible+ 
NBC News

Best for “I feel a pimple coming”: Peace Out Early Stage Acne Dots or microdart patches 
NBC News

Best cute/trendy option: Starface Hydro-Stars 
Glamour

A quick rule:

Whitehead already visible → use a hydrocolloid patch.

Hard bump under skin → use a microdart patch.

Sensitive skin → start with plain hydrocolloid rather than patches loaded with active ingredients.

Sources used:
https://www.nbcnews.com/select/shopping/best-pimple-patches-rcna248234

https://www.glamour.com/gallery/best-pimple-patches-tested

https://www.wisebuyai.com/best/best-pimple-patches-2026

https://www.instyle.com/best-pimple-patches-11938536"
What are the top self tanners  right now?,"The top self tanners right now are the ones that deliver a natural (not orange) color, easy application, and even fading. Current beauty testing roundups consistently favor a mix of luxury mousses, facial drops, and affordable gradual formulas. 
Forbes
+1

🏆 Top Self Tanners Right Now
Product	Best For	Why It Stands Out
St. Tropez Self Tan Express Bronzing Mousse	Best overall	Fast development, even bronze tone, beginner-friendly mousse 
Forbes

Tan-Luxe The Water / Hydrating Self-Tan Water	Most natural glow	Lightweight, customizable color, great for a “your skin but warmer” look 
Forbes

Isle of Paradise Self-Tanning Drops	Face tanning	Mix into moisturizer, adjustable depth, popular for a subtle glow 
Reddit

Saltyface Tanning Water	Sensitive or acne-prone faces	Facial mist format, lightweight, designed for face use 
Cosmopolitan

Bondi Sands Self Tanning Foam	Best value body tan	Affordable, easy mousse application, popular for a deeper beachy bronze 
Reddit

Jergens Natural Glow Body Lotion	Best drugstore option	Gradual color, low-maintenance, good for beginners 
Forbes

Vita Liberata Tanning Mousse	Beginners	Smooth application and natural-looking finish 
Forbes

Nuda ToneFoam Olive Express Tanning Mousse	Avoiding orange tones	Green-toned formula helps counter orange undertones 
Cosmopolitan
Best Picks by Need

✨ Most natural-looking tan

Tan-Luxe Hydrating Self-Tan Water

St. Tropez Express Mousse
Both are known for a more realistic bronze rather than an obvious fake tan. 
Forbes

⚡ Fastest results

St. Tropez Self Tan Express

Express mousses in general (often develop in a few hours instead of overnight). 
Forbes
+1

💰 Best budget

Jergens Natural Glow

Bondi Sands Self Tanning Foam 
Forbes
+1

🙂 Best for pale skin

Clarins Self Tanning Tinted Gel

Tan-Luxe gradual formulas 
Forbes

🌞 Best deep vacation-style tan

St. Tropez Supreme Violet Bronzing Mousse

Bondi Sands Dark 
Cosmopolitan
+1

Quick Buying Guide

Beginner: St. Tropez Express or Vita Liberata mousse

Dry skin: Tan-Luxe hydrating formulas or gradual lotions

Face only: Saltyface or Isle of Paradise drops

Low maintenance: Jergens Natural Glow

Dark bronze: Bondi Sands Dark or St. Tropez Supreme Violet

Application tip: exfoliate beforehand, moisturize dry areas (knees, elbows, ankles), and use a tanning mitt for the most even result. Self-tanner does not replace sunscreen. 
The Wall Street Journal

Sources used:
https://www.forbes.com/sites/forbes-personal-shopper/article/best-self-tanner/

https://www.goodhousekeeping.com/beauty/anti-aging/g71603736/best-self-tanner/

https://www.nbcnews.com/select/shopping/best-self-tanners-rcna185833

https://www.cosmopolitan.com/style-beauty/beauty/a71412379/self-tanner/

https://www.wsj.com/buyside/wellness/personal-care/best-self-tanners

https://www.reddit.com/r/Selftanning/comments/1u84e1e/self_tan_review/

https://www.reddit.com/r/beauty/comments/1txpvtm/self_tanner_recs/"
What's the best self tanner you can get ?,"If you want the best self tanner overall, the top pick right now is:

🥇 Best Overall: St. Tropez Self Tan Express Bronzing Mousse

St. Tropez Self Tan Express Bronzing Mousse

Why it’s the one to beat:

Very natural golden-brown color (less orange than many formulas)

Express development: rinse after about 1–3 hours depending on how deep you want it

Easy-to-blend mousse texture

Fades more evenly than many competitors

Works well for both beginners and experienced self-tanners 
Forbes
+1

Best for: a “vacation tan” look without looking fake.

Other excellent choices:
Pick	Best for	Why
Bondi Sands Aero 1 Hour Express Self Tanning Foam	Best value + deep bronze	Rich color, fast development, popular for a darker tan 
Glamour

Isle of Paradise Self Tanning Drops	Face	Mix into moisturizer, customizable shade, less “fake tan” looking 
NBC News

Tan-Luxe The Water Hydrating Self-Tan Water	Dry skin	Hydrating formula with skincare ingredients and a natural finish 
Forbes

Jergens Natural Glow Instant Sun Body Mousse	Budget	Easy gradual color and beginner-friendly 
Forbes
My picks by goal:

Most realistic tan: St. Tropez Express

Dark bronze: Bondi Sands Aero

Pale/fair skin: Isle of Paradise (Light/Medium) or St. Tropez

Face only: Isle of Paradise Drops

First-time user: Jergens Natural Glow

Dry or mature skin: Tan-Luxe Hydrating Water 
Woman & Home
+1

For the best results: exfoliate the day before, moisturize dry areas (knees/elbows/ankles), and apply with a mitt. Self-tanner does not replace sunscreen. 
The Wall Street Journal

Sources used:
https://www.forbes.com/sites/forbes-personal-shopper/article/best-self-tanner/

https://www.nbcnews.com/select/shopping/best-self-tanners-rcna185833

https://www.glamour.com/gallery/best-self-tanners

https://www.wsj.com/buyside/wellness/personal-care/best-self-tanners

https://www.womanandhome.com/beauty/best-fake-tan-for-mature-skin/"
What self tanner should I buy ?,"If you want one self tanner to buy, I’d pick:

🥇 Best overall: St. Tropez Self Tan Express Bronzing Mousse

Sephora

Best for: a natural, “vacation glow” that doesn’t look orange
Why buy it:

Very even, beginner-friendly mousse

Develops quickly (you can rinse after a few hours)

Good color control: leave on longer for deeper color

One of the most consistently recommended premium self-tanners 
Sephora

Other great picks depending on what you want:
💰 Best value: Bondi Sands Self Tanning Foam

Best for: a darker tan without paying luxury prices

Rich bronze color

Easy to apply with a mitt

Great if you like a deeper summer tan

✨ Best for a subtle, natural glow: Isle of Paradise Self-Tanning Drops

Sephora

Best for: face + customizable color

Mix into your moisturizer

Easier to control than a full-body mousse

Good choice if you’re nervous about looking too tan 
Sephora

🌴 Best “deep tan” look: Loving Tan 2 Hr Express

New York Post

Best for: a noticeably bronzed result

Fast development

More dramatic color payoff

Hydrating formula compared with many mousse formulas 
New York Post

🏆 Best beginner option:

St. Tropez Classic Bronzing Mousse

Sephora

Easy to see where you applied it

Reliable, natural finish

Good if this is your first self tanner

My quick recommendation:

First time using self tanner → St. Tropez Express

Pale skin → Isle of Paradise Drops

Want a real “I just got back from vacation” tan → Loving Tan or Bondi Sands

Want the safest purchase with the least chance of regret → St. Tropez Express

Application tip: exfoliate the day before, moisturize dry areas (knees/elbows/ankles), and use a tanning mitt for the smoothest result. 
The Wall Street Journal

Sources:
https://www.sephora.com/buy/tanning-essentials

https://www.sephora.com/brand/isle-paradise

https://www.wsj.com/buyside/wellness/personal-care/best-self-tanners

https://nypost.com/2026/05/12/shopping/loving-tan-launched-a-new-2-hour-lotion-under-35-for-glowing-skin/"
What's the best budget self tanner ?,"For a budget self tanner, the best pick for most people is:

🥇 Best Budget Overall: Jergens Natural Glow Instant Sun / Natural Glow Body Lotion

Approx. price: ~$10–$15

NBC News
+1

Why it’s a great buy:

Very beginner-friendly (harder to overdo)

Builds a natural-looking tan gradually

Doubles as a moisturizer

Easy to find at drugstores, Target, Walmart, Amazon

Great if you’re afraid of orange or streaky results 
NBC News

Best for: fair-to-medium skin, beginners, low-maintenance tanning

Other great budget options
🥈 St. Moriz Professional Self Tanning Mousse

Approx. price: ~$13

The Independent

Pros:

More “real tan” payoff than gradual lotions

Affordable mousse format

Good if you want noticeable color quickly

Best for: people who already know how to apply mousse with a mitt

🥉 Bondi Sands Self Tanning Foam

Approx. price: ~$25–30 (often discounted)

NBC News
+1

Pros:

More premium-looking color while still cheaper than luxury brands

Natural bronze tone

Long-lasting results

Best for: a deeper vacation-style glow

Best cheap “glow” option: Tanologist Gradual Tan Lotion

Approx. price: ~$13

NBC News

Good if you want something subtle and easy to maintain.

My pick by situation:

First time self-tanner: Jergens Natural Glow

Pale skin: Jergens Fair/Medium or a gradual tanner

Want a dark tan: St. Moriz mousse or Bondi Sands foam

Need the least chance of streaks: Jergens

Best value per use: Jergens lotion

A good tanning mitt (usually ~$5–10) is also worth buying because application technique makes a bigger difference than spending extra on the bottle. 
The Independent

Sources:
https://www.nbcnews.com/select/shopping/best-self-tanners-rcna185833

https://www.allure.com/story/best-drugstore-self-tanners

https://www.the-independent.com/extras/indybest/us/best-drugstore-self-tanner-b2923771.html

https://bronzeindex.com/self-tanning/jergens-natural-glow-review/"
What are the best new or trending self tanners  this year?,"The self-tanning trend in 2026 is moving toward more natural undertones, skincare-infused formulas, faster development, and customizable color rather than the old orange “fake tan” look. These are some of the most talked-about and best-performing options right now. 
NBC News
+1

🌟 Top Trending Self Tanners Right Now
1. Bondi Sands Technocolor Self Tanning Foam

Best for: A modern, customized bronze

Uses undertone-specific shades (like emerald, sapphire, etc.) to help counter orange tones

Lightweight mousse texture

Popular with people who want a more “professional spray tan” look at home

Great for medium-to-deep tones or anyone who struggles with orange results

Bondi Sands USA
+1

2. St. Tropez Self Tan Express Bronzing Mousse

Best overall premium pick

Develops quickly (often around 1–3 hours depending on depth desired)

Smooth, even finish

Longtime favorite that remains a top recommendation in current testing roundups

Forbes

3. Isle of Paradise Self-Tanning Water

Best for: Face + natural glow

Clear mist format (less transfer onto clothes)

Color-correcting undertones:

Green → helps reduce redness

Peach → brightening

Violet → balancing yellow tones

Popular for a subtle “vacation glow” rather than a dramatic tan

Vogue

4. Tan-Luxe The Face Illuminating Self-Tan Drops

Best skincare-style facial tanner

Mix into your moisturizer or serum

Lets you control intensity

Fits the trend toward customizable, skincare-first tanning products

Who What Wear

5. Coco & Eve Sunny Honey Bali Bronzing Foam

Best for: Deep, beachy bronze

Richer golden color payoff

Popular among users who want a darker summer tan

Hydrating ingredients help reduce dry-looking fade

The Wall Street Journal

6. Loving Tan Deluxe Bronzing Mousse

Best for: Experienced self-tanners

Strong color payoff

Known for a realistic brown/olive bronze

Better for people comfortable with applying mousse formulas

The Wall Street Journal

7. Jergens Natural Glow Body Lotion

Best budget/trend-friendly gradual option

Beginner-friendly

Builds color slowly with daily use

Lower-maintenance alternative to mousse formulas

Forbes

🔥 Biggest Self-Tan Trends This Year

Undertone matching: green/violet/blue-based formulas to avoid orange tones 
Vogue

Face tanning + skincare hybrids: drops, serums, and pads with hydrating ingredients 
New York Post

Express formulas: 1–3 hour development instead of overnight waiting 
NBC News
+1

Gradual “your skin but better” tanning lotions replacing heavy bronzers for everyday wear 
Forbes

Quick picks:

Most hyped: Bondi Sands Technocolor

Best luxury: St. Tropez Express

Best face option: Isle of Paradise Drops/Water

Best beginner: Jergens Natural Glow

Best deep bronze: Coco & Eve or Loving Tan

Sources used:
https://www.nbcnews.com/select/shopping/best-self-tanners-rcna185833

https://www.vogue.com/article/best-tanning-water-2026

https://www.forbes.com/sites/forbes-personal-shopper/article/best-self-tanner/

https://bondisands.com/collections/self-tan

https://www.nypost.com/2026/07/09/shopping/maree-facial-tanning-pads-combine-skincare-and-a-natural-glow/"
What are the top women's razors  right now?,"The best women's razors right now depend on whether you prioritize a close shave, sensitive skin, cost, or convenience. These are among the top-rated and most talked-about picks in 2026: 
Good Housekeeping
+1

Razor	Best for	Why it stands out
Athena Club The Razor Kit	Best overall	Smooth, close shave; comfortable handle; easy maneuvering; frequently ranks at the top in testing. 
Good Housekeeping
+1

Billie Razor Starter Kit	Best value / sensitive skin	Affordable refill system, flexible head, aloe-based conditioning strip, and beginner-friendly design. 
Product Review Crew
+1

Flamingo 5-Blade Razor	Best drugstore-style upgrade	Premium-feeling handle, five blades, pivoting head, and good balance of price and performance. 
BestReviews

Gillette Venus ComfortGlide	Best for legs	Reliable, widely available, with built-in moisture bars and a flexible head for curves. 
BestReviews

Schick Hydro Silk Sensitive Care	Best budget sensitive-skin option	Gentle shave with moisturizing features; good choice if you get irritation easily. 
Good Housekeeping

Oui the People Safety Razor	Best luxury / eco option	Single-blade design aimed at reducing waste and helping some users avoid ingrowns. 
BestReviews
+1

Leaf Razor	Best plastic-free multi-blade alternative	Refillable, durable design for people wanting a lower-waste option. 
New York Magazine
Quick picks

🏆 Best overall: Athena Club

💰 Best budget: Billie or Schick Hydro Silk

🦵 Best for legs: Gillette Venus ComfortGlide

🌸 Best for sensitive skin: Billie or Schick Hydro Silk

♻️ Best eco-friendly: Leaf or Oui the People

✨ Best “salon-like” experience: Athena Club or Flamingo

For most people, a refillable 5-blade razor with a flexible head is the sweet spot: it gives a closer shave than disposables while avoiding the waste and cost of constantly replacing entire razors. 
Consumer Reports
+1

Sources used:
https://www.goodhousekeeping.com/beauty-products/g71852422/best-womens-razors/

https://www.consumerreports.org/health/hair-removal/best-razors-from-our-tests-a4714972065/

https://bestreviews.com/beauty-and-personal-care/shaving/best-razors-for-women

https://www.goodhousekeeping.com/beauty-products/g4834/best-razors-refillable-disposable/

https://nymag.com/strategist/article/best-womens-razors.html"
What's the best women's shaving set you can get ?,"If you want the best overall women’s shaving set, I’d pick:

🥇 Best Overall: Athena Club The Razor Kit

Athena Club The Razor Kit

Why it stands out:

Very close, smooth shave with a comfortable 5-blade head

Weighted handle gives better control than many lightweight razors

Includes a magnetic shower holder and refillable cartridges

Good balance of premium feel, performance, and price

Often recommended as a top performer in testing roundups 
Good Housekeeping
+1

Best for: legs, underarms, frequent shaving, people who want a “nice” everyday razor.

Other excellent shaving sets
🥈 Best Value: Flamingo Razor Starter Set

Flamingo Original Razor Starter Set

Why buy it:

Affordable starter kit

Includes razor, shave gel, and shower holder

5-blade cartridge with aloe/shea moisturizing strip

Easy to find refills

Flamingo

Best for: most people who want a quality set without spending much.

🥉 Best for Sensitive Skin: Gillette Venus Sensitive / ComfortGlide

Gillette Venus ComfortGlide Razor

Why buy it:

Gentle glide

Lots of refill availability

Good choice if your skin gets irritated easily

Venus
+1

💎 Best Luxury Option: Hanni Weighted Razor Kit

Hanni Weighted Razor Kit

Why buy it:

Premium metal handle

More “spa-like” shaving experience

Designed for people who dislike disposable-feeling razors

Vogue

💰 Best Budget Pick: Billie Razor Starter Kit

Billie Razor Starter Kit

Why buy it:

Low entry price

Comfortable, beginner-friendly design

Popular for everyday body shaving

Byrdie
+1

My ranking:

Athena Club Razor Kit — best overall

Flamingo Razor Starter Set — best value

Gillette Venus ComfortGlide — best sensitive-skin choice

Hanni Weighted Razor Kit — best premium upgrade

Billie Razor Kit — best affordable subscription-style option

For most women, I’d buy Athena Club if you want the nicest experience, or Flamingo if you want nearly the same quality for less money. 
Good Housekeeping
+1

Sources used:
https://www.goodhousekeeping.com/beauty-products/g71852422/best-womens-razors/

https://www.shopflamingo.com/

https://www.consumerreports.org/health/hair-removal/best-razors-from-our-tests-a4714972065/

https://www.vogue.com/article/best-razors

https://www.gillettevenus.com/en-us/"
What women's razor should I buy ?,"If you want one women’s razor that is a safe buy for most people, I’d choose:

🏆 Best overall: Gillette Venus ComfortGlide

Consumer Reports
+1

Why buy it:

Very smooth shave with less tugging

Flexible head follows knees, ankles, and curves

Moisturizing bars help reduce friction

Easy to find replacement cartridges

Good balance of closeness + fewer nicks

Best for: legs, underarms, everyday shaving, most skin types
Downside: the built-in moisture bars can feel bulky for precise bikini-area shaving. 
TechGearLab

Other great picks
💗 Best subscription-style razor: Billie Razor

Yahoo Shopping

Best if you want: a simple, attractive razor delivered regularly
Pros:

Comfortable 5-blade cartridge

Flexible head

Good grip and easy handling

Cons: Some users find it less close than premium cartridge razors depending on hair type. 
Reddit

✨ Best premium-feeling option: Athena Club The Razor Kit

Good Housekeeping

Best if you want: a comfortable shave with a nicer handle/design
Pros:

Smooth single-pass performance

Ergonomic handle

Good for people who like a heavier razor

💰 Best budget pick: BIC Soleil Comfort

BestReviews

Best if you want: inexpensive shaving without committing to refills
Pros:

Affordable

Easy to find

Good for occasional shaving

🌿 Best for sensitive skin: Oui the People Single-Blade Safety Razor

BestReviews

Best if you get: razor bumps, irritation, or ingrown hairs
Pros:

Single blade can reduce repeated passes

Less plastic waste

Cons: Takes practice and a slower technique.

My quick recommendation:

Most people: Gillette Venus ComfortGlide

Sensitive skin / razor bumps: Oui the People Safety Razor

Want cute + convenient: Billie

Want a premium experience: Athena Club

Need cheap and easy: BIC Soleil Comfort

Sources:
https://www.consumerreports.org/health/hair-removal/best-razors-from-our-tests-a4714972065/

https://www.techgearlab.com/topics/health-fitness/best-razor-womens

https://bestreviews.com/beauty-and-personal-care/shaving/best-razors-for-women

https://www.goodhousekeeping.com/beauty-products/g71852422/best-womens-razors/

https://shopping.yahoo.com/beauty/skincare/article/best-razors-for-women-195907526.html"
What's the best budget women's razor ?,"For a budget women's razor, the best overall pick is:

🏆 Best Budget Pick: Schick Hydro Silk Sensitive Skin Razor

Typical price: ~$9–12 starter kit
Best for: Most people, especially sensitive skin

TechGearLab
+1

Why it’s a great buy:

5 blades for a close shave

Hydrating serum/moisture strip helps reduce irritation

Flexible head follows curves around knees, ankles, and underarms

Replacement cartridges are easy to find at drugstores and online

TechGearLab
+1

Other excellent budget options
Razor	Best for	Why buy it
Billie Razor Starter Kit	Best value subscription-style option	Affordable starter kit, smooth shave, aloe moisturizer strip, comfortable handle 
NBC News

Gillette Venus ComfortGlide	Drugstore convenience	Reliable, widely available, moisturizing strips, good for legs and underarms 
Vogue
+1

Amazon Basics 5-Blade Women’s Razor	Lowest cost per shave	Very inexpensive refills and solid performance for the price 
The Independent

Flamingo 5-Blade Razor	Stylish budget upgrade	Good grip, moisturizing strip, easy to buy without a subscription 
Vogue
My ranking for most shoppers

🥇 Schick Hydro Silk Sensitive Skin — best cheap all-around choice

🥈 Billie — best if you want a nicer-feeling razor without spending much

🥉 Gillette Venus ComfortGlide — best if you want something available everywhere

Amazon Basics 5-Blade — best if price is the only priority

If you have sensitive skin or get razor bumps, I’d choose Schick Hydro Silk. If you mostly shave legs and want the cheapest long-term option, I’d look at Amazon Basics or Billie. 
Consumer Reports
+1

Sources used:
https://www.consumerreports.org/health/hair-removal/best-razors-from-our-tests-a4714972065/

https://www.nbcnews.com/select/shopping/best-razors-women-ncna1273557

https://www.techgearlab.com/topics/health-fitness/best-razor-womens

https://www.vogue.com/article/best-razors

https://www.the-independent.com/extras/indybest/fashion-beauty/beauty/best-womens-razors-hair-removal-b2369583.html"
What are the best new or trending women's shaving sets  this year?,"The biggest women’s shaving set trends this year are moving toward: better ergonomics, skin-care ingredients (hyaluronic acid, shea, oils), reusable handles, and complete “shower routine” kits instead of just a razor. 
PR Newswire
+1

Top trending women’s shaving sets right now
Product	Best for	Why it’s trending
Athena Club Razor Kit	Best overall	Premium-feeling handle, 5-blade cartridge, moisturizing shave experience, and a complete kit setup. It has been highlighted among top-performing women’s razors by testers. 
Good Housekeeping

Billie Razor Starter Kit	Best value	Affordable, simple subscription/refill model, strong brand popularity, and a smooth shave without a luxury price. 
Byrdie
+1

Flamingo Original Razor Starter Set	Best drugstore-style set	Includes razor, shave gel, and shower holder; popular for its accessible price and attractive design. 
Flamingo

Dollar Shave Club Women’s Line	Best new launch	One of the newest entrants, focusing on lower-cost shaving plus skin-care-focused shave products with ingredients like argan oil, hyaluronic acid, and shea. 
PR Newswire

Hanni Weighted Razor Kit	Best premium upgrade	A heavier, more traditional-feeling razor designed for control and a more elevated shaving ritual. 
Vogue

Gillette Venus ComfortGlide / Deluxe Smooth Swirl	Best classic choice	Still a strong mainstream option for curve-following designs and comfortable shaving. 
Vogue
+1

Schick Hydro Silk Sensitive Razor Kit	Best for sensitive skin	Designed around minimizing irritation with moisturizing features. 
Vogue
My picks by shopper type

Best overall: Athena Club Razor Kit 
Good Housekeeping

Best budget: Billie Starter Kit 
Freya

Best beginner set: Flamingo Original Razor Starter Set 
Flamingo

Best sensitive-skin option: Schick Hydro Silk Sensitive 
Vogue

Most exciting new option: Dollar Shave Club Women’s Line 
PR Newswire

Most luxurious: Hanni Weighted Razor Kit 
Vogue

For most people, a 5-blade reusable razor with a good handle + shave oil/cream + moisturizer afterward is the sweet spot rather than buying disposable packs. 
Consumer Reports

Sources used:
https://www.goodhousekeeping.com/beauty-products/g71852422/best-womens-razors/

https://www.consumerreports.org/health/hair-removal/best-razors-from-our-tests-a4714972065/

https://www.vogue.com/article/best-razors

https://www.shopflamingo.com/

https://www.prnewswire.com/news-releases/dollar-shave-club-launches-new-womens-line-promising-all-glide-and-no-gimmicks-302734415.html

https://www.retaildive.com/news/dollar-shave-club-first-womens-grooming-ad-campaign/816679/"
What are the top foot pain relief products  right now?,"Based on current popularity, podiatrist recommendations, and strong shopper interest, these are some of the top foot pain relief products right now (covering heel pain, plantar fasciitis, arch pain, tired feet, and standing-all-day discomfort): 
Real Simple
+1

Product	Best for	Why it’s popular
PowerStep Pinnacle Insoles	Plantar fasciitis, arch pain	Firm arch support and podiatrist-style orthotic design; a frequent recommendation for heel/arch support. 
Amazon

Dr. Scholl’s Plantar Fasciitis Pain Relief Insoles	Budget heel pain relief	Affordable, widely available inserts designed for heel cushioning and arch support. 
Amazon

Superfeet Green Insoles	High arches, active users	Durable support inserts with structured arch support. 
Amazon

Dr. Scholl’s Work All-Day Insoles	Standing jobs, work fatigue	One of the best-selling comfort insoles for people on their feet for long shifts. 
Amazon

Hoka Bondi 9 Shoes	Heel pain, walking comfort	Maximum cushioning and shock absorption; frequently recommended for plantar fasciitis-related discomfort. 
EatingWell

Brooks Adrenaline GTS	Overpronation + foot fatigue	Stability features help people who need motion control and cushioning. 
EatingWell

New Balance Fresh Foam 880v15	Everyday walking pain	Supportive cushioning and stability for long periods on your feet. 
Real Simple

Skechers Go Walk series	Affordable everyday relief	Lightweight slip-on comfort with cushioning and roomy fit. 
Real Simple

TheraFlow Dual Foot Massager Roller	Arch tightness, soreness	Manual rolling can provide temporary relief after standing or exercise.
Electric heated foot massagers (compression + heat)	Tired feet, relaxation	Popular for short-term comfort; users often report relief, though they are generally best viewed as a comfort tool rather than a fix for underlying causes. 
Reddit
+1

O’Keeffe’s Healthy Feet Foot Cream	Dry, cracked painful feet	A top-selling foot-care product for repairing rough skin that can contribute to discomfort. 
Amazon

Kerasal Intensive Foot Repair	Cracked heels/calluses	Popular intensive treatment for rough, dry feet. 
Amazon
Best picks by problem

🏆 Best overall foot pain relief:
PowerStep Pinnacle Insoles — best balance of support and everyday usability. 
Amazon

💰 Best budget option:
Dr. Scholl’s plantar fasciitis insoles — inexpensive and easy to try. 
Amazon

👣 Best for plantar fasciitis:
PowerStep Pinnacle + supportive shoes (Hoka Bondi 9, Brooks Adrenaline, or similar). 
EatingWell
+1

🧍 Best for standing all day:
Dr. Scholl’s Work All-Day Insoles or cushioned supportive sneakers. 
Amazon

🛋️ Best for relaxing sore feet:
A heated compression foot massager can feel good after long days, especially combined with stretching and better footwear. 
Reddit

Sources used:
https://www.realsimple.com/comfy-shoes-plantar-fasciitis-july-2026-12015306

https://www.eatingwell.com/podiatrist-recommended-best-shoes-for-plantar-fasciitis-12016239

https://www.amzn.com/Best-Sellers-Shoe-Insoles/zgbs/hpc/3780121

https://www.amzn.com/Best-Sellers-Foot-Creams-Lotions/zgbs/beauty/3780041

https://www.reddit.com/r/ProductQuery/comments/1t4br4a/foot_massagers_for_plantar_fasciitis_real_relief/"
What's the best foot pain relief rub you can get ?,"If you want the best overall foot pain relief rub, the top pick for most people is:

🥇 Best overall: Voltaren Arthritis Pain Gel

Best for: foot arthritis, joint pain, swelling, tendon irritation, chronic aches

Uses diclofenac 1%, a topical NSAID that targets inflammation rather than just masking pain. 
Balance Foot & Ankle

Better choice if your foot pain feels like deep aching, stiffness, swelling, or sore joints. 
Healthline

Takes longer to build effect than cooling gels—often several days of consistent use. 
Balance Foot & Ankle

🥈 Best fast relief: Biofreeze Professional Gel

Best for: tired feet, soreness after standing/walking, workouts, temporary relief

Menthol creates a cooling sensation that can reduce the feeling of pain quickly. 
Balance Foot & Ankle
+1

Great for “my feet hurt right now” situations, but it does not reduce inflammation the way Voltaren does. 
Balance Foot & Ankle

🥉 Best strong warming rub: Tiger Balm Ultra Strength

Best for: muscle tightness and general soreness

Strong cooling/warming sensation from ingredients like camphor and menthol. 
SELF

Good for massage-style relief, less targeted for inflammatory foot problems.

Quick choice guide:

Heel pain / plantar fasciitis-type soreness: Biofreeze may feel better for quick comfort; also consider stretching and supportive footwear. 
Balance Foot & Ankle

Big toe, midfoot, or ankle arthritis: Voltaren is usually the stronger choice. 
Balance Foot & Ankle

Feet tired after work or exercise: Biofreeze. 
Balance Foot & Ankle

Burning, tingling, nerve-like pain: look for lidocaine or capsaicin products rather than standard menthol rubs. 
Verywell Health

For a single “buy this first” recommendation: Voltaren Arthritis Pain Gel if your pain is ongoing; Biofreeze Professional Gel if you mainly need quick relief.

Sources used:
https://www.michiganfootdoctors.com/biofreeze-vs-voltaren/

https://www.healthline.com/health/7-topical-pain-relief-products-reviewed

https://www.verywellhealth.com/menthol-lotion-5113142

https://www.self.com/story/best-muscle-pain-relief-creams"
What foot pain relief product should I buy ?,"If you want one foot pain relief product to buy, I’d pick based on the type of pain you have:

Best overall foot pain relief pick

Voltaren Arthritis Pain Gel (Diclofenac Sodium 1%)
Best for: aching feet, arthritis, tendon irritation, inflammation-related pain

Helps reduce inflammation rather than just masking pain.

A good choice for sore joints (toe joints, ankle, top of foot) or overuse pain. 
Balance Foot & Ankle

Best for heel pain / plantar fasciitis

Dr. Scholl's Plantar Fasciitis Pain Relief Orthotics
Best for: stabbing heel pain, pain with first steps in the morning

Foot support often helps more than creams for plantar fasciitis because it reduces strain on the plantar fascia. 
Verywell Fit
+1

Best fast temporary relief

Biofreeze Professional Pain Relief Gel
Best for: tired, sore feet after standing/walking

Menthol cooling can provide quick short-term relief, though it does not address inflammation like an anti-inflammatory gel. 
Balance Foot & Ankle

Best budget option

Dr. Scholl's Pain Relief Orthotics for Plantar Fasciitis
A low-cost first step if your feet hurt from long periods standing or walking. 
Verywell Fit

My quick recommendation:

Heel pain / bottom of foot → Dr. Scholl’s plantar fasciitis inserts

Sore, inflamed joints → Voltaren gel

General tired feet → Biofreeze

Pain after long shifts on your feet → supportive insoles + a topical product

If you tell me where the pain is (heel, arch, ball of foot, toes, top of foot) and whether it’s sharp, burning, or aching, I can narrow it down.

Sources:
https://www.verywellfit.com/best-plantar-fasciitis-and-heel-spur-relief-products-3435792

https://bestpodiatrists.com/plantar-fasciitis/products/

https://www.michiganfootdoctors.com/biofreeze-vs-voltaren/"
What's the best budget foot pain relief rub ?,"For a budget foot pain relief rub, the best overall pick is:

🥇 Best Budget Pick: Dr. Scholl’s Foot Pain Relief Liquid Roll-On (Lidocaine + Menthol)

DrScholls
+1

Why it’s a good value

✅ Usually around $11–$13 for a 3 oz bottle (varies by retailer) 
DrScholls
+1

✅ Uses 4% lidocaine to numb pain signals plus menthol for cooling relief 
DrScholls

✅ Non-greasy roll-on application

✅ Good for sore soles, heel discomfort, and nerve-type foot pain (burning, tingling, stabbing sensations) 
DrScholls

Best for:

Long days standing/walking

Achy feet after work or exercise

Occasional heel or arch pain

Other budget options worth considering
Product	Best for	Approx. value
Dr. Scholl’s Arthritis Pain Relief Gel	Foot joint/arthritis-type pain	Good low-cost option
Menthol-based rubs (generic “ice” gels)	Cooling tired feet	Cheapest option
Diclofenac 1% gel (Voltaren-type)	Joint inflammation pain	Better if pain is from arthritis/inflammation

My pick: Get Dr. Scholl’s Foot Pain Relief Liquid Roll-On if you want a simple, inexpensive product specifically made for feet. 
DrScholls

Sources used:
https://www.drscholls.com/products/foot-pain-relief-liquid-roll-on

https://www.walmart.com/ip/5329382528

https://www.drscholls.com/products/clinical-strength-12-hour-pain-relief-liquid-roll-on"
What are the best new or trending foot pain relief products  this year?,"Based on current 2026 trends, the most popular foot pain relief products are moving beyond basic creams toward targeted topicals, supportive insoles, recovery devices, and compression solutions. 
Healthline
+1
 Here are some of the standout options:

Product	Best for	Why it’s trending
Voltaren Arthritis Pain Gel	Joint pain, arthritis-related foot pain, tendon irritation	Uses diclofenac, an anti-inflammatory ingredient aimed at reducing inflammation rather than just masking pain. 
Balance Foot & Ankle

Biofreeze Professional Strength Gel	Quick relief after standing, workouts, sore feet	Menthol-based cooling relief; popular for fast temporary comfort. 
Balance Foot & Ankle

Dr. Scholl's Plantar Fasciitis Pain Relief Orthotics	Heel pain and plantar fasciitis	Affordable support option; OTC orthotics remain one of the biggest foot-pain categories. 
Consumer Reports

PowerStep Pinnacle Orthotic Insoles	Arch support, plantar fasciitis, long days on feet	Frequently recommended as a more structured alternative to basic cushioning insoles. 
Consumer Reports

O'Keeffe's Healthy Feet Night Treatment Foot Cream	Dry, cracked heels causing discomfort	Thick overnight repair creams are trending for restoring foot skin barriers. 
Allure

Foot massage rollers / recovery tools	Tight arches, tired feet, post-exercise soreness	At-home recovery tools are growing as people look for drug-free options. 
Balance Foot & Ankle
+1

Compression socks	Swelling, tired feet, long periods standing	Popular among travelers, workers, and athletes for comfort and circulation support. 
Verywell Health
Best picks by foot problem

Heel pain / plantar fasciitis

PowerStep Pinnacle insoles

Dr. Scholl’s plantar fasciitis inserts

Night stretching braces or foot rollers

Consumer Reports
+1

Aching feet after work or exercise

Biofreeze gel

Massage roller

Recovery slides

Balance Foot & Ankle
+1

Inflammation or arthritis-type pain

Voltaren Gel (if appropriate for you)

Supportive footwear/orthotics

Balance Foot & Ankle
+1

Cracked heels and painful dry skin

O’Keeffe’s Healthy Feet

Urea-based foot creams

Allure

Most promising overall choices in 2026

Best overall foot pain support: PowerStep Pinnacle Orthotics

Best fast topical relief: Biofreeze

Best inflammation-focused topical: Voltaren Gel

Best budget foot-care upgrade: Dr. Scholl’s inserts + a good foot cream

Best drug-free recovery option: Foot roller or massage device

A good rule: if the pain is mainly from pressure/arch mechanics, inserts usually help more than rubs; if it’s soreness or inflammation, topical products are often more useful. 
Consumer Reports
+1

Sources:
https://www.healthline.com/health/7-topical-pain-relief-products-reviewed

https://www.consumerreports.org/health/foot-care-products/best-orthotics-shoe-inserts-a9704600797/

https://www.michiganfootdoctors.com/biofreeze-vs-voltaren/

https://www.today.com/shop/best-foot-care-products-2026-rcna199277

https://www.allure.com/story/best-foot-creams"
What are the top sea salt hair sprays  right now?,"Who What Wear
+1

The top sea salt hair sprays right now are a mix of classic beach-wave formulas, newer shine-friendly sprays, and affordable drugstore options. These are among the most recommended and popular picks: 
Who What Wear
+1

Product	Best for	Why it stands out
Bumble and bumble Surf Spray	Best overall classic beach texture	An iconic texturizing spray that creates matte, tousled waves with lightweight grit and volume. 
Who What Wear

Oribe Après Beach Wave and Shine Spray	Best luxury option	Gives beachy texture while adding shine, softness, and a more polished finish than many salt sprays. 
Who What Wear
+1

OUAI Wave Spray	Best for dry, color-treated hair	Uses texture-enhancing ingredients without relying heavily on salt, making it less drying while still creating waves. 
Who What Wear

Not Your Mother’s Beach Babe Texturizing Sea Salt Spray	Best budget pick	Affordable, easy-to-find, and a popular choice for casual beach waves and volume. 
Who What Wear
+1

Balmain Hair Texturizing Salt Spray	Best splurge	Premium formula with a luxury feel and strong reputation for texture and body. 
Who What Wear

Davines This Is A Sea Salt Spray	Best for thicker hair	Designed to add body and definition without making hair feel overly stiff. 
Allure

Unite Beach Day Texturizing Sea Salt Spray	Best for natural texture	Good for enhancing curls, waves, and lived-in texture. 
Allure

Beauty by Earth Sea Salt Spray	Best natural-leaning option	Popular among shoppers looking for plant-based ingredients and beachy volume. 
Best Products Reviews

Quick picks:

🏆 Best overall: Bumble and bumble Surf Spray

💰 Best value: Not Your Mother’s Beach Babe

✨ Best luxury: Oribe Après Beach

🌊 Best effortless “model off-duty” waves: OUAI Wave Spray

💇 Best for fine, flat hair: Bumble and bumble Surf Spray

🌿 Best gentler option: OUAI Wave Spray

For the most natural-looking finish, apply to damp hair, scrunch upward, and air-dry or diffuse. If your hair is already dry or coarse, look for formulas with conditioning ingredients because traditional salt sprays can add texture but may increase dryness. 
Who What Wear
+1

Sources used:
https://www.whowhatwear.com/best-sea-salt-sprays

https://www.healthline.com/health/sea-salt-spray-for-hair

https://www.allure.com/gallery/best-sea-salt-spray-beach-hair

https://www.bestproducts.reviews/sea-salt-sprays"
What's the best sea salt hair spray you can get ?,"If you want the best sea salt hair spray overall, the top pick for most people is:

🏆 Best Overall: Bumble and bumble Surf Infusion Sea Salt Spray

Bumble and bumble Surf Infusion Sea Salt Spray

Why it stands out:

Creates natural beachy texture and volume without making hair feel like straw

Uses a mix of sea salt + oils, so it gives more softness and shine than many salt sprays

Works well for messy waves, undone texture, and second-day hair

Better than many sprays if your hair gets dry from traditional salt formulas 
Allure

Best for: Most hair types, especially medium-to-thick hair that needs texture but not crunch.

Other excellent choices:

🌊 Best for effortless waves: Ouai Wave Spray

Softer, more polished beach wave look

Good if you dislike the gritty “surf wax” feeling

Better for naturally wavy hair or a relaxed style 
Allure

💇 Best for fine/thin hair: R+Co Rockaway Salt Spray

Adds body and lift without heavy product buildup

Popular choice for creating fuller-looking hair 
Glamour

💰 Best budget option: Verb Sea Spray

Good texture-to-price ratio

Gives a casual beach look without spending salon-level money 
Glamour

✨ Best luxury pick: Oribe Après Beach Wave and Shine Spray

More shine and refinement than a typical sea salt spray

Good if you want “expensive beach hair” rather than a gritty surfer look 
Allure

Quick recommendation by goal:

Best overall: Bumble and bumble Surf Infusion

Best natural waves: Ouai Wave Spray

Best volume: R+Co Rockaway

Best cheap pick: Verb Sea Spray

Best luxury finish: Oribe Après Beach

For the majority of buyers, I’d choose Bumble and bumble Surf Infusion because it gives the beach texture people want while avoiding the biggest downside of sea salt sprays: dry, crunchy hair. 
Allure

Sources used:
https://www.allure.com/gallery/best-sea-salt-spray-beach-hair

https://www.healthline.com/health/sea-salt-spray-for-hair

https://www.glamour.com/story/best-sea-salt-sprays

https://www.marieclaire.com/beauty/hair/best-sea-salt-spray/"
What sea salt hair spray should I buy ?,"If you want one sea salt spray to buy, I’d pick:

🏆 Best overall: Bumble and bumble Surf Infusion Sea Salt Spray

Best for: natural beach waves, volume, texture without a crunchy feel
Why buy it: It gives the classic “just left the beach” look while adding some softness and shine instead of making hair feel like straw. It’s especially good for medium-to-thick hair or hair that needs more grip. 
Allure

Other great picks:

Best for fine hair: Bumble and bumble Surf Spray — adds airy texture and lift without weighing hair down. 
Allure

Best for wavy hair: Ouai Wave Spray — softer waves, less gritty, and easier for everyday styling. 
Allure

Best budget option: Not Your Mother's Beach Babe Texturizing Sea Salt Spray — inexpensive and popular for casual beach texture. 
Who What Wear

Best luxury option: Oribe Après Beach Wave and Shine Spray — premium feel, shine, and a more polished beach-wave finish. 
Who What Wear

Quick choice guide:

Want messy surfer hair → Bumble and bumble

Want soft Instagram-style waves → Ouai

Want cheap everyday texture → Not Your Mother’s

Want luxury + scent + shine → Oribe

For most people, I’d buy Bumble and bumble Surf Infusion. 
Allure

Sources:
https://www.allure.com/gallery/best-sea-salt-spray-beach-hair

https://www.gq.com/story/best-sea-salt-sprays-for-beach-hair

https://www.whowhatwear.com/best-sea-salt-sprays"
What's the best budget sea salt hair spray ?,"For a budget sea salt hair spray, the best overall pick is:

🏆 Best Budget Pick: Not Your Mother’s Beach Babe Texturizing Sea Salt Spray

Not Your Mother's Beach Babe Texturizing Sea Salt Spray

Why it’s the one to buy:

✅ Usually around $10 for an 8 oz bottle (excellent value) 
Ulta Beauty

✅ Adds beachy texture, volume, and separation

✅ Works on straight, wavy, and slightly curly hair

✅ Lightweight matte finish (less “wet gel” look)

✅ Uses sea salt + sea kelp for texture 
Ulta Beauty

✅ Frequently recommended as the best affordable/drugstore sea salt spray pick 
Who What Wear

Best for: casual messy waves, adding volume to flat hair, quick styling after a shower.

Other good budget options:

OGX Moroccan Sea Salt Spray — good if you want a softer, more conditioned feel (availability can vary).

Sun Bum Sea Spray — better if your hair gets dry easily and you like a beach/summer scent.

HASK Chia Seed Sea Salt Spray — a lower-cost option for light texture.

My pick by hair type:

Fine/flat hair: Not Your Mother’s Beach Babe

Naturally wavy hair: Not Your Mother’s Beach Babe or Sun Bum

Dry hair: Sun Bum (less gritty feel)

Short men’s hairstyles: Not Your Mother’s for inexpensive texture and volume

For most people spending under ~$15, Not Your Mother’s Beach Babe is the best value choice. 
Who What Wear
+1

Sources:
https://www.ulta.com/p/beach-babe-texturizing-sea-salt-spray-xlsImpprod3120617

https://www.whowhatwear.com/best-sea-salt-sprays

https://www.walmart.com/ip/50462181"
What are the best new or trending sea salt hair sprays  this year?,"Based on current beauty/grooming coverage and sales trends, these are some of the best new or trending sea salt hair sprays in 2026. The biggest trend is moving away from very drying “beach crunch” formulas toward sprays that add texture, volume, and separation while keeping hair touchable. 
GQ
+1

Top Trending Sea Salt Sprays
🥇 OUAI Wave Spray

Best overall / modern beach waves

Adds soft waves, texture, and shine

Uses rice protein and coconut water rather than relying only on salt

Good for fine-to-medium hair and color-treated hair

Less crunchy than many traditional sprays

Marie Claire
+1

Best for: effortless “model-off-duty” waves

🥈 Bumble and bumble Surf Spray

Best classic sea salt spray

One of the original cult-favorite surf sprays

Creates gritty, windblown texture and volume

Great for messy, undone styles

GQ
+1

Best for: thick hair, short cuts, beachy texture

🥉 Sachajuan Ocean Mist

Best premium option

Lightweight texture with a natural matte finish

Gives hair that Scandinavian “air-dried at the beach” look

Less stiff than many salt sprays

British Vogue

Best for: natural-looking texture

💰 Not Your Mother’s Beach Babe Texturizing Sea Salt Spray

Best budget pick

Affordable and widely available

Adds waves and volume without a luxury price

Popular among drugstore shoppers

Marie Claire

Best for: beginners trying sea salt spray

💸 L3 Level 3 Sea Salt Texturizing Spray

Best value / high-volume budget trend

Strong sales momentum in 2026 marketplace rankings

Around the budget price range while delivering texture and light hold

ASINSIGHT

Best for: maximizing texture on a budget

🌊 Byrd Texturizing Surf Spray

Best casual everyday spray

Popular for a softer, natural finish

Gives fullness without feeling overly stiff

Reddit

Best for: men’s and short-to-medium hairstyles

Quick Picks by Hair Type
Hair goal	Pick
Fine hair needing volume	Bumble and bumble Surf Spray
Natural beach waves	OUAI Wave Spray
Thick hair needing texture	Sachajuan Ocean Mist
Budget choice	Not Your Mother’s Beach Babe
Matte messy hairstyle	Byrd Surf Spray
Strongest trend/value pick	L3 Sea Salt Texturizing Spray

Best overall choice for most people: OUAI Wave Spray
Best cheap option: Not Your Mother’s Beach Babe
Best luxury choice: Bumble and bumble Surf Spray

Sources used:
https://www.gq.com/story/best-sea-salt-sprays-for-beach-hair

https://www.marieclaire.com/beauty/hair/best-sea-salt-spray/

https://www.vogue.co.uk/article/best-salt-spray-for-hair

https://www.asinsight.com/report/US/sea-salt-spray-for-hair

https://www.reddit.com/r/Pomade/comments/1t3r3zp/sea_salt_spray_recommendations/"
What are the top men's face washes  right now?,"The top men's face washes right now are less about being “for men” and more about matching your skin type. Dermatologists and grooming editors generally recommend gentle cleansers that protect the skin barrier instead of harsh soaps that strip oils. 
NBC News
+1

🥇 Best Overall: CeraVe Foaming Facial Cleanser

Best for: Normal, combination, oily skin
Why it stands out:

Ceramides + hyaluronic acid help maintain the skin barrier

Removes oil and sweat without leaving a tight feeling

Affordable and easy to find

NBC News
+1

🥈 Best Premium Pick: Kiehl’s Ultra Facial Cleanser

Best for: Everyday use, combination skin
Why it stands out:

Gentle but effective cleansing

Contains ingredients like glycerin and niacinamide

Good choice if you want a more upscale grooming product

Men's Health

🥉 Best for Sensitive or Dry Skin: La Roche-Posay Toleriane Hydrating Gentle Cleanser

Best for: Sensitive, dry, irritated skin
Why it stands out:

Fragrance-free and non-stripping

Uses soothing ingredients like niacinamide and ceramides

Leaves skin comfortable instead of squeaky-clean

Men's Health

💰 Best Budget Option: Cetaphil Daily Facial Cleanser

Best for: Most skin types, especially beginners
Why it stands out:

Simple, reliable formula

Gentle enough for daily use

Strong value for the price

Men's Health

🔥 Best for Acne-Prone/Oily Skin: La Roche-Posay Effaclar Purifying Foaming Gel

Best for: Excess oil, clogged pores, breakouts
Why it stands out:

Designed for oily, acne-prone skin

Helps remove excess sebum without overly drying

GQ

🧼 Best Charcoal Option: Oars and Alps Charcoal Solid Face Wash

Best for: Gym users, travel, oily skin
Why it stands out:

Solid format is convenient

Charcoal-based formula helps remove grime and sweat

Men's Health

Quick picks:

Oily skin: CeraVe Foaming or Effaclar

Dry skin: La Roche-Posay Toleriane or CeraVe Hydrating

Sensitive skin: La Roche-Posay Toleriane

Best overall value: CeraVe Foaming

Luxury grooming feel: Kiehl’s Ultra Facial Cleanser

Sources used:
https://www.gq.com/story/best-face-wash-for-men

https://www.nbcnews.com/select/shopping/best-face-wash-for-men-rcna158826

https://www.menshealth.com/grooming/g37809523/best-face-washes-for-men/

https://us.my-best.com/22545"
What's the best men's exfoliating face wash you can get ?,"Best overall men's exfoliating face wash: CeraVe Renewing SA Cleanser ⭐

For most men, this is the best balance of effective exfoliation, daily usability, price, and skin safety. It uses salicylic acid (BHA) to remove dead skin, unclog pores, and smooth rough texture without the harshness of many physical scrubs. It also includes ceramides, hyaluronic acid, and niacinamide to help maintain the skin barrier. 
Target

Best for: oily skin, clogged pores, rough texture, occasional breakouts
Price: usually around $10–15
Use: start 3–4 times per week, then increase if your skin tolerates it

Other top picks
Product	Best for	Why pick it
Murad AHA/BHA Exfoliating Cleanser	Premium results	Combines salicylic acid + glycolic acid for stronger smoothing and texture improvement. 
Sephora

La Roche-Posay Effaclar Medicated Gel Cleanser	Acne-prone/oily skin	Strong pore-clearing option with salicylic acid. 
Target

Paula’s Choice 2% BHA Liquid Exfoliant (not a wash)	Maximum pore cleanup	A cult favorite leave-on exfoliant; better than most washes if blackheads are your main issue. 
Real Simple

Cetaphil Gentle Exfoliating SA Cleanser	Sensitive skin	A milder salicylic-acid exfoliating cleanser. 
People.com
My ranking:

🥇 CeraVe Renewing SA Cleanser — best overall

🥈 Murad AHA/BHA Exfoliating Cleanser — best premium choice

🥉 La Roche-Posay Effaclar Medicated Gel — best for oily/acne-prone skin

Cetaphil Gentle Exfoliating SA Cleanser — best for sensitive skin

Avoid gritty “scrub” cleansers with large particles; chemical exfoliants (like salicylic or glycolic acid) generally give smoother results with less irritation. 
Reddit

Sources:
https://www.target.com/s/best%2Bexfoliating%2Bface%2Bwash%2Bfor%2Bmen

https://www.menshealth.com/grooming/g62394290/best-salicylic-acid-cleansers-men/

https://www.sephora.com/product/aha-bha-exfoliating-cleanser-P4010

https://www.nbcnews.com/select/shopping/best-face-wash-for-men-rcna158826

https://www.realsimple.com/dermatologist-approved-skincare-july-2026-12014344"
What men's face wash should I buy ?,"If you want one men's face wash that works for most people, buy:

CeraVe Foaming Facial Cleanser — Best overall pick

Best for: normal, combination, and oily skin

Why: cleans oil and sweat without stripping your skin barrier

Key ingredients: ceramides, hyaluronic acid, niacinamide

Good everyday choice (morning + night) 
NBC News
+1

Other excellent choices depending on your skin:

La Roche-Posay Effaclar Medicated Gel Cleanser — Best for acne/oily skin

Contains salicylic acid to help unclog pores

Better if you get breakouts, blackheads, or excess shine 
GQ

CeraVe Hydrating Facial Cleanser — Best for dry skin

Creamy, non-stripping formula

Helps when your face feels tight after washing 
NBC News

Kiehl's Ultra Facial Cleanser — Best premium everyday cleanser

Gentle, simple formula

Good if you want a nicer grooming product 
Men's Health

Jack Black Pure Clean Daily Facial Cleanser — Best “men’s grooming” option

Refreshing feel and easy daily use

Good fit if you prefer a more traditional men's skincare brand

My quick picks:

Most men: CeraVe Foaming Facial Cleanser

Oily/acne-prone: La Roche-Posay Effaclar

Dry/sensitive: CeraVe Hydrating Cleanser

Upgrade pick: Kiehl’s Ultra Facial Cleanser

Avoid harsh “deep scrub” face washes for daily use — they often leave skin irritated and can make oiliness worse.

Sources used:
https://www.nbcnews.com/select/shopping/best-face-wash-for-men-rcna158826

https://www.gq.com/story/best-face-wash-for-men

https://www.menshealth.com/grooming/g37809523/best-face-washes-for-men/"
What's the best budget men's face wash ?,"For a budget men's face wash, the best overall pick is:

🥇 Best Budget Pick: CeraVe Foaming Facial Cleanser

Typical price: ~$12–$18
Best for: Normal, oily, or combination skin
Why it’s a great buy:

Removes oil, sweat, and grime without making skin feel stripped

Contains ceramides, hyaluronic acid, and niacinamide to support the skin barrier

Fragrance-free and easy to use daily

Large bottle gives excellent cost-per-use value

Men's Health
+1

Other excellent budget options:

🥈 Cetaphil Daily Facial Cleanser
Best for: Sensitive or combination skin

Gentle but still removes excess oil

Fragrance-free

One of the best drugstore values for the money

Men's Health

🥉 CeraVe Hydrating Facial Cleanser
Best for: Dry skin

Creamy, non-foaming formula

Helps prevent that tight, dry feeling after washing

mybest

💪 Best cheap acne/oily-skin option: PanOxyl Acne Foaming Wash (10% benzoyl peroxide)
Best for: Breakouts and stubborn acne

Strong acne-fighting ingredient

Can be drying, so start slowly

mybest

Quick choice:

Oily face / sweaty after workouts → CeraVe Foaming Cleanser

Dry skin → CeraVe Hydrating Cleanser

Sensitive skin → Cetaphil Daily Facial Cleanser

Acne-prone skin → PanOxyl

For most men who just want one reliable, affordable daily face wash, I’d buy CeraVe Foaming Facial Cleanser. 
Men's Health
+1

Sources used:
https://www.menshealth.com/grooming/g37809523/best-face-washes-for-men/

https://www.nbcnews.com/select/shopping/best-face-wash-for-men-rcna158826

https://us.my-best.com/22545"
What are the best new or trending men's face washes  this year?,"Based on current grooming trends, dermatologist recommendations, and newer launches, the best men's face washes this year are leaning toward barrier-friendly formulas, gentle exfoliation, acne control, and premium-feeling ingredients rather than harsh “stripping” cleansers. 
Forbes
+1

Top trending men's face washes right now
Product	Best for	Why it’s trending
CeraVe Foaming Facial Cleanser	Oily / combination skin	Ceramides, niacinamide, and gentle foaming action make it a go-to everyday cleanser. 
Forbes

La Roche-Posay Toleriane Hydrating Gentle Cleanser	Sensitive or dry skin	Fragrance-free, soothing, and focused on protecting the skin barrier. 
Men's Health

Cardon Purifying Clay Cleanser	All-around men's grooming	Clay-based cleanser with a premium men's skincare feel; highlighted as a top men's pick by GQ. 
GQ

Hero Cosmetics Mighty Cleanser	Acne-prone skin	Newer cleanser launch featuring salicylic acid and glycerin for breakouts without excessive dryness. 
Byrdie

Kiehl's Ultra Facial Cleanser	Normal skin / premium daily use	A long-running favorite for a balanced cleanse. 
Forbes

Harry's Exfoliating Face Wash	Budget-conscious shoppers	Affordable exfoliating option that fits simple men's routines. 
Men's Health

Brickell Men's Clarifying Gel Face Wash	Oily skin	Popular men's-specific formula aimed at reducing shine and excess oil. 
Forbes
Best picks by skin type

Oily / greasy skin: CeraVe Foaming Facial Cleanser or Brickell Clarifying Gel

Dry skin: La Roche-Posay Toleriane Hydrating Gentle Cleanser or CeraVe Hydrating Facial Cleanser

Acne / clogged pores: Hero Mighty Cleanser or a salicylic-acid cleanser

Sensitive skin: La Roche-Posay Toleriane

Best overall upgrade: Cardon Purifying Clay Cleanser

Best value: CeraVe Foaming Facial Cleanser

Biggest men's skincare trends this year

Skin-barrier protection: Ceramides, glycerin, and niacinamide are replacing aggressive “deep clean” formulas. 
Men's Health

Targeted cleansers: More brands are releasing separate formulas for pores, acne, and sensitivity instead of one universal wash. 
Byrdie

Premium men's skincare: Brands like Cardon are gaining attention by combining grooming aesthetics with dermatologist-style ingredients. 
GQ

For most men, a safe top choice is CeraVe Foaming Facial Cleanser for oily/normal skin or La Roche-Posay Toleriane Hydrating Gentle Cleanser for sensitive/dry skin. 
Forbes
+1

Sources used:
https://www.forbes.com/sites/forbes-personal-shopper/article/best-face-washes-for-men/

https://www.menshealth.com/grooming/g37809523/best-face-washes-for-men/

https://www.gq.com/story/best-face-wash-for-men

https://www.byrdie.com/hero-cosmetics-cleansers-launch-12012337"
What are the top deodorants  right now?,"Top deodorants right now (2026 picks)

The “best” deodorant depends on whether you care most about sweat control, odor protection, natural ingredients, scent, or price. These are among the most recommended and popular options currently. 
Good Housekeeping
+1

Deodorant	Best for	Why it stands out
Dove Advanced Care Antiperspirant	Best overall	Reliable odor + sweat protection, skin-friendly formulas, widely available 
Good Housekeeping
+1

Degree Advanced / Degree Men UltraClear 72H	Heavy sweating & active lifestyles	Strong antiperspirant performance and motion-activated protection 
Walmart.com

Secret Clinical Strength	Maximum sweat control	One of the go-to clinical antiperspirants for people who sweat heavily 
Byrdie

Native Aluminum-Free Deodorant	Best natural-style option	Popular for clean scents and aluminum-free formulas
Lume Whole Body Deodorant	Odor control beyond armpits	Designed for whole-body odor management; newer formulas have gained popularity 
InStyle

Saltair AHA Serum Deodorant	Trendiest “beauty” deodorant	Combines skincare-style ingredients with odor protection and fragrance-forward scents 
Byrdie
+1

Schmidt’s Sensitive Skin Deodorant	Sensitive skin	Baking-soda-free options and plant/mineral-based odor protection 
schmidts.com

Old Spice High Endurance / Fiji	Best budget men’s pick	Affordable, classic scents, easy to find 
YouTube

Kopari Aluminum-Free Coconut Deodorant	Best luxury-natural option	Popular premium aluminum-free choice with strong reviews 
Ulta Beauty
Quick picks by need

Best overall: Dove Advanced Care

Best for sweating a lot: Degree Advanced 72H or Secret Clinical Strength

Best natural deodorant: Native or Schmidt’s Sensitive Skin

Best smelling: Saltair, Native, or luxury fragrance-style deodorants 
Marie Claire
+1

Best cheap option: Old Spice or Degree

Best whole-body deodorant: Lume 
InStyle

A quick note: deodorant and antiperspirant are different—deodorant mainly fights odor, while antiperspirant uses active ingredients (often aluminum salts) to reduce sweating. 
Health
 If your main issue is wetness, choose an antiperspirant.

Sources used:
https://www.goodhousekeeping.com/beauty-products/g26974590/best-deodorants-for-women/

https://www.walmart.com/c/best-sellers/deodorants-antiperspirants

https://www.ulta.com/discover/body/best-deodorant-women-men

https://www.health.com/the-best-time-to-put-on-deodorant-11989329

https://www.byrdie.com/best-body-products-2026-12006315

https://www.instyle.com/sweaty-summer-feet-lume-body-deodorant-review-12020220

https://schmidts.com/faq/deodorant"
What's the best whole body deodorant you can get ?,"If you want the best whole body deodorant overall, the top pick right now is:

🥇 Best Overall: Lume Whole Body Deodorant

NBC News
+1

Why it stands out

Designed for underarms + body areas (feet, under breasts, groin/external intimate areas, etc.)

Uses mandelic acid to help reduce odor-causing bacteria rather than just masking smell

Available as cream, stick, and wipes

Aluminum-free options and generally well-suited for sensitive skin 
NBC News

Best choice for: Most people who want one product for the whole body.

Downside: Some people dislike the initial scent when first applied; it usually fades after a short time. 
NBC News

Other top options
🥈 Best for Heavy Sweating: Lume Whole Body Deodorant Plus Sweat Control

Adds aluminum salts for sweat reduction

Better if your main problem is actual sweating, not just odor

Designed for longer-lasting odor and sweat control 
InStyle
+1

🥉 Best Men’s Option: Mando Invisible Cream Deodorant

Built from the same odor-control approach as Lume but marketed toward men

Good for stronger body odor areas and active lifestyles 
Men&#039;s Journal

💰 Best Budget Pick: Dove Whole Body Deo

Easier to find and usually cheaper

Stick format is convenient and can help with friction areas

Dove also offers whole-body formats designed for broader use than traditional deodorant 
NBC News

🌿 Best Natural/Sensitive Skin Alternative: Native Whole Body Deodorant

Aluminum-free

Lightweight spray format

Good if you prefer a more traditional deodorant feel and fragrance options 
NBC News

Quick recommendation:

Best overall: Lume Whole Body Deodorant

Sweaty person / gym use: Lume Sweat Control

Men’s strongest pick: Mando

Cheap everyday option: Dove Whole Body Deo

Sensitive skin: Native or Lume Unscented

Sources used:
https://www.nbcnews.com/select/shopping/best-whole-body-deodorants-rcna345344

https://www.shape.com/best-whole-body-deodorants-8712195

https://www.mensjournal.com/style/best-whole-body-deodorant

https://www.degreedeodorant.com/us/en/products/whole-body-deos.html"
What deodorant should I buy ?,"If you want a deodorant that you can buy without overthinking it, these are the best picks by need:

Best for	Buy this	Why
Best overall	Dove Men+Care Clean Comfort Antiperspirant Stick	Reliable odor + sweat protection, clean scent, easy daily choice
Best heavy sweating	Degree Advanced 72H Antiperspirant	Strong sweat control for workouts, hot weather, and long days
Best natural/aluminum-free	Lume Whole Body Deodorant	Works on underarms and other odor-prone areas; popular for whole-body use 
NBC News
+1

Best budget	Old Spice High Endurance / Classic sticks	Cheap, widely available, strong scents, dependable odor control
Best sensitive skin	Vanicream Aluminum-Free Deodorant	Minimal ingredients and gentler for irritation-prone skin 
Shape

Best premium scent	Salt & Stone Deodorant	More fragrance-focused, skincare-style formula

My picks:

Most people: Dove Men+Care Clean Comfort

Active/sweaty person: Degree Advanced 72H

Want aluminum-free: Lume Whole Body

Want to smell expensive: Salt & Stone

Need cheap and effective: Old Spice

A quick tip: if sweat is your main problem, choose an antiperspirant (usually aluminum-based). If odor is the issue and you prefer a natural option, choose a deodorant like Lume or Salt & Stone. 
NBC News

Sources used:
https://www.nbcnews.com/select/shopping/best-whole-body-deodorants-rcna345344

https://www.shape.com/best-whole-body-deodorants-8712195

https://www.mensjournal.com/style/best-whole-body-deodorant"
What's the best budget deodorant ?,"Best budget deodorant: Degree Men Advanced / UltraClear Antiperspirant Stick ⭐ Best overall value

Degree Men UltraClear Antiperspirant Deodorant Stick is my top budget pick because it gives you strong sweat control, good odor protection, and usually costs around $5–$8. It’s a better value than many premium deodorants and is especially good if you sweat during workouts or long days. 
Verywell Fit

Other great budget picks:
Product	Best for	Why buy it
Degree Men Advanced / UltraClear	Most people	Best mix of price, sweat control, and staying power 
Verywell Fit

Old Spice High Endurance / Swagger	Best scent on a budget	Cheap, widely available, strong long-lasting fragrance 
Men's Health

Dove Men+Care Antiperspirant Stick	Sensitive skin	More moisturizing and gentle while still affordable 
FashionBeans

Secret Aluminum-Free Deodorant	Aluminum-free budget option	Low-cost option with solid odor performance 
Quartz

Arm & Hammer Essentials	Cheapest natural-style option	Affordable aluminum-free choice 
onpointfresh.com
My picks by need:

💪 Sweat a lot: Degree Men Advanced or Degree UltraClear

💰 Cheapest good option: Old Spice High Endurance

🌿 Avoid aluminum: Arm & Hammer Essentials or Secret Aluminum-Free

🏃 Gym/workout use: Degree Men UltraClear 
Verywell Fit

🧴 Sensitive underarms: Dove Men+Care 
FashionBeans

Best single buy: Degree Men UltraClear Antiperspirant Stick — it’s inexpensive, reliable, and performs close to many pricier options. 
Verywell Fit

Sources:
https://www.verywellfit.com/best-deodorants-for-men-8752482

https://www.gq.com/story/best-deodorants-for-men

https://www.fashionbeans.com/article/best-dove-deodorants-for-men/

https://qz.com/best-deodorants-consumer-reports

https://onpointfresh.com/best-deodorants-for-men/"
What are the best new or trending deodorants  this year?,"Based on 2026 trends, the biggest deodorant shift is toward whole-body formulas, skincare-style ingredients, elevated fragrances, and stronger sweat protection. Traditional antiperspirants are still popular, but many newer launches focus on odor control beyond just underarms. 
NBC News
+1

Top trending deodorants this year
Product	Why it’s trending	Best for
Lume Whole Body Deodorant Plus Sweat Control	Whole-body odor protection with sweat-control ingredients; a major category leader	Heavy odor, feet, underarms, active lifestyles 
NBC News
+1

Native Whole Body Deodorant	Clean-ingredient reputation, strong scents, newer spray/whole-body formats	Sensitive skin, aluminum-free users 
NBC News
+1

Dove Whole Body Deo	Combines deodorant with skincare ingredients like moisturizers and barrier-supporting ingredients	Dry or sensitive skin 
NBC News

Saltair AHA Serum Deodorant	Part of the “deodorant as skincare” trend using exfoliating acids	People who want a premium-feeling deodorant 
Byrdie

Secret Clinical Strength	Still a top performer for sweat control	Heavy sweaters and workouts 
Who What Wear

Degree Advanced / Clinical Antiperspirant	Motion-activated sweat protection and strong performance reputation	Sports, commuting, hot weather 
Good Housekeeping
+1

Corpus Natural Deodorant	Luxury fragrance trend: deodorants becoming part of your scent routine	Fragrance-focused shoppers 
Marie Claire

AKT, Phlur, Salt & Stone deodorants	“Fine fragrance deodorant” movement with perfume-like scents	Premium grooming routines 
Marie Claire
Biggest deodorant trends in 2026

1. Whole-body deodorants

Designed for areas beyond underarms (with product-specific usage instructions).

Lume, Dove, Native, and Secret are among the brands driving this category. 
NBC News
+1

2. Skincare-inspired formulas

Ingredients like mandelic acid, AHA exfoliants, niacinamide, and moisturizing agents are becoming common. 
NBC News
+1

3. Luxury scent deodorants

Brands are moving deodorant closer to fragrance products, with more complex scents rather than basic “fresh” aromas. 
Marie Claire

4. Aluminum-free options continue growing

Popular with people who prefer odor control without traditional antiperspirant ingredients, though they generally won’t reduce sweat the way aluminum-based antiperspirants do. 
Who What Wear

My top picks by need

Best overall: Lume Whole Body Deodorant Plus Sweat Control 
NBC News

Best natural/aluminum-free: Native Whole Body Deodorant 
NBC News

Best for intense sweating: Secret Clinical Strength or Degree Clinical 
Who What Wear
+1

Best luxury scent: Salt & Stone / Corpus / AKT 
Marie Claire

Best everyday drugstore option: Dove Whole Body Deo or Degree Advanced 
NBC News
+1

Sources used:
https://www.nbcnews.com/select/shopping/best-whole-body-deodorants-rcna345344

https://www.goodmorningamerica.com/news/story/best-whole-body-deodorants-111054562

https://www.nativecos.com/blogs/press/native-launches-reformulated-deodorant-and-body-washes

https://www.marieclaire.com/beauty/best-smelling-luxury-deodorants/

https://www.byrdie.com/best-body-products-2026

https://www.aad.org/everyday-care/skin-care-secrets/routine/whole-body-deodorant"
What are the top hair dryers  right now?,"The top hair dryers right now stand out for fast drying, frizz control, hair protection, lightweight design, and styling attachments. These are among the most recommended models in current beauty testing and expert roundups. 
Good Housekeeping
+1

🏆 Top Hair Dryers Right Now
Rank	Hair Dryer	Best For	Why It Stands Out
1	Dyson Supersonic Nural	Best luxury overall	Smart heat control, very fast drying, premium build, reduced heat damage features 
T3

2	T3 AireLuxe	Best for most people	Lightweight, powerful airflow, excellent frizz control, lots of heat/speed control 
Forbes
+1

3	Shark SpeedStyle Pro / SpeedStyle	Best Dyson alternative	Strong performance, multiple attachments, usually much cheaper than Dyson 
T3
+1

4	ghd Helios	Best salon-style blowout	High airflow, smooth finish, popular with stylists 
TechRadar

5	BaBylissPRO Nano Titanium	Best value professional dryer	Powerful motor, fast drying, salon-style performance at a lower price 
Forbes

6	Conair InfinitiPRO DigitalAire	Best budget pick	Good performance without a premium price tag 
Good Housekeeping

7	T3 Aire 360 / Dyson Airwrap-style tools	Best multi-styler option	Combines drying and styling with brushes/curl attachments 
Today
Best Choice by Need
💎 Best Overall: Dyson Supersonic Nural

Best if you blow-dry frequently

Excellent for fine, damaged, or color-treated hair

Premium price, but one of the most advanced dryers available 
T3

⭐ Best for Most People: T3 AireLuxe

Great balance of price, power, and weight

Good for everyday users who want smoother hair without paying Dyson prices 
Forbes
+1

💰 Best Budget: Conair InfinitiPRO DigitalAire

Strong choice under a premium budget

Good for occasional home blowouts 
Good Housekeeping

⚡ Fastest Drying: Shark SpeedStyle / Pro

Great for thick or long hair

Good attachment selection and strong airflow 
Reddit

💇 Best Salon Feel: ghd Helios

Excellent smoothing and shine

Popular for polished blowout looks 
TechRadar

Quick Buying Guide

Fine hair: Dyson Supersonic Nural, T3 AireLuxe

Thick hair: Shark SpeedStyle, BaBylissPRO Nano Titanium

Frizzy hair: Dyson, T3 AireLuxe, ghd Helios

Curly hair: Look for a model with a quality diffuser attachment

Best under ~$100: Conair InfinitiPRO

Best splurge: Dyson Supersonic Nural

For most shoppers, the safest picks are:

T3 AireLuxe → best balance of performance and price

Dyson Supersonic Nural → best premium option

Shark SpeedStyle → best value alternative

Sources used:
https://www.t3.com/features/best-hair-dryer

https://www.goodhousekeeping.com/beauty-products/hair-dryers/g550/best-hair-dryers/

https://www.forbes.com/sites/forbes-personal-shopper/article/best-hair-dryer/

https://www.nbcnews.com/select/shopping/best-hair-dryers-blow-dryers-rcna343501

https://www.techradar.com/best/best-hair-dryer-5-hair-dryers-for-smooth-and-shiny-styles"
What's the best ionic hair dryer you can get ?,"Best ionic hair dryer you can buy: Dyson Supersonic Nural 🏆

T3
+1

If you want the best overall ionic hair dryer with the least frizz, fastest drying, and most premium build, the Dyson Supersonic Nural is the top pick. It combines powerful airflow, intelligent heat control, and ionic technology to smooth hair while reducing heat damage. 
T3
+1

🥇 Best overall: Dyson Supersonic Nural

Best for: All hair types, frequent blow-drying, frizz control
Why it stands out:

Ionic technology helps reduce static and flyaways

Extremely fast drying

Smart heat sensing helps prevent overheating

Lightweight, balanced design because the motor sits in the handle

Excellent attachment selection (including diffuser and flyaway attachment) 
NBC News
+1

Downside: Expensive.

Best alternatives
🥈 Best value premium option: Shark SpeedStyle / HyperAIR

Best for: Getting close to Dyson performance for less money

Strong airflow

Ionic smoothing technology

Fast drying

Good attachment ecosystem

T3
+1

🥉 Best for shine and salon-style blowouts: T3 AireLuxe

Best for: Smooth, glossy finishes

Ionic technology

Lightweight feel

Great for reducing frizz while maintaining moisture

NBC News

💰 Best budget ionic dryer: InStyler Turbo Max Ionic

Best for: Affordable frizz reduction without spending hundreds

Strong drying performance for the price

Ionic airflow for smoother results

Good Housekeeping

Quick picks by hair type
Hair type	Best choice
Frizzy / humid climate	Dyson Supersonic Nural
Thick, coarse hair	Dyson Supersonic or BaBylissPRO Nano Titanium
Curly hair	Dyson Supersonic with diffuser
Fine hair	Dyson or T3 AireLuxe
Best value	Shark SpeedStyle
Under ~$100	InStyler Turbo Max Ionic

Good Housekeeping
+1

Bottom line: If budget is not a concern, get the Dyson Supersonic Nural. If you want about 80–90% of the experience at a much lower price, the Shark SpeedStyle is the smarter buy. 
T3
+1

Sources used:
https://www.goodhousekeeping.com/beauty-products/hair-dryers/g550/best-hair-dryers/

https://www.t3.com/features/best-hair-dryer

https://www.nbcnews.com/select/shopping/best-hair-dryers-blow-dryers-rcna343501

https://www.t3.com/reviews/shark-style-iq-hair-dryer-styler

https://www.goodhousekeeping.com/beauty-products/hair-dryers/a40430/dyson-supersonic-hair-dryer-review/"
What hair dryer should I buy ?,"If you want one hair dryer that is the safest buy for most people, I’d pick:

🥇 Best overall: Dyson Supersonic Nural

Best for: daily use, frizz control, fine-to-medium hair, heat-conscious styling
Why buy it:

Excellent airflow-to-heat balance

Intelligent heat control helps reduce excessive heat exposure

Very fast drying

Lightweight motor placement makes it comfortable to hold

Premium attachments and polished finish 
T3
+1

Downside: expensive.

🥈 Best value premium option: T3 AireLuxe

Best for: salon-style blowouts without Dyson pricing
Why buy it:

Strong airflow

Ionic technology helps smooth frizz

Lightweight and easy to control

Often rated among the top overall dryers by reviewers 
TechRadar
+1

Best choice if: you want a high-end dryer but don’t want to spend Dyson money.

🥉 Best mid-range: Shark SpeedStyle / Shark HyperAIR

Best for: fast drying and styling versatility
Why buy it:

Strong drying performance

Multiple attachments available

Much cheaper than Dyson

Good option for people who want more than a basic dryer 
T3
+1

💰 Best budget pick: Remington ONE Dry & Style

Best for: occasional use, simple drying
Why buy it:

Good performance for the price

Includes useful attachments

A noticeable upgrade over basic drugstore dryers 
T3

Quick recommendation by hair type
Hair type / goal	Buy
Fine, fragile, color-treated hair	Dyson Supersonic Nural
Frizzy hair	Dyson or T3 AireLuxe
Thick/coarse hair	Shark SpeedStyle or BaBylissPRO Nano Titanium
Curly hair	Dyson with diffuser or Shark with diffuser
Salon blowout look	T3 AireLuxe
Best value	Shark
Cheapest good option	Remington ONE

My pick for most buyers: T3 AireLuxe — it hits the sweet spot of performance, price, and reliability. If budget is not a concern, get the Dyson Supersonic Nural. 
T3
+1

Sources used:
https://www.t3.com/features/best-hair-dryer

https://www.goodhousekeeping.com/beauty-products/hair-dryers/g550/best-hair-dryers/

https://www.nbcnews.com/select/shopping/best-hair-dryers-blow-dryers-rcna343501

https://www.techradar.com/best/best-hair-dryer-5-hair-dryers-for-smooth-and-shiny-styles

https://www.forbes.com/sites/forbes-personal-shopper/article/best-hair-dryer/"
What's the best budget hair dryer ?,"For a budget hair dryer, the best overall pick is:

🏆 Best Budget Hair Dryer: Conair InfinitiPRO SmoothWrap 1875W

Typical price: ~$30–$60

Shenzhen Hairstorm Technology Co., Ltd
+1

Why it’s the best value:

✅ Strong 1875W motor for fast drying

✅ Ionic + ceramic technology helps reduce frizz and add shine

✅ Good airflow without the premium price

✅ Includes useful attachments (concentrator/diffuser depending on package)

✅ Reliable brand with easy replacement availability

NBC News

Best for: Most people, everyday drying, medium-to-thick hair, blowouts.

Other great budget picks:

💰 Cheapest good option: Revlon Compact 1875W Hair Dryer

Usually around $20–$30

Lightweight and simple

Best for travel, dorms, or occasional use

Reddit

🌊 Best for frizz/curly hair: Revlon Infrared Ionic Hair Dryer

Infrared heat helps distribute warmth more evenly

Ionic technology helps smooth frizz

Often one of the strongest values under ~$50

Shenzhen Hairstorm Technology Co., Ltd
+1

🛡️ Best for fine or heat-sensitive hair: Remington Damage Protection Hair Dryer

Focuses on gentler heat distribution

Good choice if you dry frequently

Shenzhen Hairstorm Technology Co., Ltd

Quick recommendation:

Best overall: Conair InfinitiPRO SmoothWrap

Under $30: Revlon Compact 1875W

Curly/frizzy hair: Revlon Infrared Ionic

Fine/damaged hair: Remington Damage Protection

Sources used:
https://www.hairstormbeauty.com/info/best-budget-hair-dryer-2026-5-picks-under-103495299.html

https://www.goodhousekeeping.com/beauty-products/hair-dryers/g550/best-hair-dryers/

https://www.nbcnews.com/select/shopping/best-hair-dryers-blow-dryers-rcna343501

https://mubboo.com/shopping/best-hair-dryers

https://www.reddit.com/r/BestOfPrimeDay/comments/1tvecjj/best_prime_day_hair_dryer_deals_2026_at_amazon/"
What are the best new or trending hair dryers  this year?,"The biggest hair dryer trends this year are high-speed motors, intelligent heat control, ionic frizz reduction, lightweight designs, and multi-styling systems. Expert testing roundups continue to highlight models from Dyson, Shark, T3, ghd, BaBylissPRO, and newer high-speed brands. 
Good Housekeeping
+1

Top trending hair dryers this year
🥇 Dyson Supersonic Nural — Best luxury / smartest dryer

Best for: Everyday premium use, damaged hair, frizz control
Why it’s trending:

Smart heat sensing helps prevent excessive heat exposure

Lightweight, balanced design

Excellent for smooth, polished blowouts

Multiple attachments for different hair types
Downside: Very expensive

The Independent
+1

🥈 Shark SpeedStyle Pro — Best Dyson alternative

Best for: Fast drying + styling without the luxury price
Why it’s popular:

High-speed airflow

Lightweight compared with traditional dryers

Strong attachment system

Good balance of performance and price

Forbes
+1

🥉 T3 Aire 360 / AireLuxe — Best for salon-style blowouts

Best for: Volume, smoothness, fine-to-medium hair
Why it’s trending:

Focuses on shine and controlled airflow

Designed for polished blowouts

Frequently appears in 2026 beauty awards and testing lists

Byrdie
+1

⭐ ghd Speed — Best fast professional dryer

Best for: People who want speed and sleek results
Why it stands out:

Strong airflow

Professional styling focus

Good for regular blowouts

British Vogue

⭐ BaBylissPRO Nano Titanium — Best for thick/coarse hair

Best for: Thick, dense, hard-to-dry hair
Why it remains popular:

Powerful motor

Titanium technology for consistent heat

Salon favorite at a lower price than luxury models

Forbes

⭐ Laifen Swift / Swift Special — Best high-speed value pick

Best for: People who want Dyson-like airflow for less money
Why it’s trending:

Very fast drying

Compact design

Strong motor performance for the price
Downside: Long-term durability feedback is more mixed than established salon brands. 
Reddit

⭐ Dreame AirStyle Era — Best new multi-styler trend

Best for: One device for drying + styling
Why it’s getting attention:

Combines drying and styling functions

Multiple attachments

Uses controlled airflow and heat management

PR Newswire

Quick picks by need
Need	Best choice
Best overall	Dyson Supersonic Nural
Best value	Shark SpeedStyle
Best budget-friendly upgrade	Laifen Swift
Best for thick hair	BaBylissPRO Nano Titanium
Best for fine hair	T3 AireLuxe
Best for curls	Dyson Supersonic Nural or Shark SpeedStyle with diffuser
Best travel dryer	Laifen Mini / compact high-speed models
Best salon blowout	T3 Aire 360

Best buy for most people: Shark SpeedStyle
Best if money is no object: Dyson Supersonic Nural
Best value-performance balance: Laifen Swift or T3 AireLuxe 
Forbes
+1

Sources used:
https://www.goodhousekeeping.com/beauty-products/hair-dryers/g550/best-hair-dryers/

https://www.techradar.com/best/best-hair-dryer-5-hair-dryers-for-smooth-and-shiny-styles

https://www.nbcnews.com/select/shopping/best-hair-dryers-blow-dryers-rcna343501

https://www.forbes.com/sites/forbes-personal-shopper/article/best-hair-dryers

https://www.vogue.co.uk/gallery/best-hair-dryer

https://www.prnewswire.com/news-releases/dreame-technology-introduces-airstyle-era-hair-styler-an-8-in-1-hair-drying-and-styling-system-for-effortless-salon-inspired-styling-at-home-302785376.html"
What are the top camping pillows  right now?,"Top Camping Pillows Right Now (2026 Picks)

The best camping pillow depends heavily on whether you prioritize home-like comfort, ultralight weight, side-sleeping support, or car-camping luxury. Current gear testing consistently highlights models from NEMO, Sea to Summit, Therm-a-Rest, HEST, and Exped. 
Outdoor Life
+1

Rank	Camping Pillow	Best For	Why It Stands Out
1	NEMO Fillo / Fillo Wide	Best overall comfort	Hybrid air + foam design feels closer to a real pillow than most inflatables; excellent for car camping and backpacking. 
Travel + Leisure
+1

2	Sea to Summit Aeros Premium Pillow	Best all-around backpacking pillow	Lightweight, compact, adjustable, and comfortable for its size. 
Travel + Leisure

3	Therm-a-Rest Compressible Pillow Cinch	Best foam camping pillow	Soft foam fill, adjustable loft, and a more traditional pillow feel. 
Outdoor Life

4	HEST Pillow	Best luxury camping pillow	Large, premium feel; great for car camping when weight is less important. 
Outdoor Life

5	Exped MegaPillow	Best for side sleepers	Tall, supportive shape with a more bed-like feel. 
Reddit

6	Therm-a-Rest Air Head Lite	Best ultralight option	Very small packed size and low weight for backpackers. 
Travel + Leisure

7	Trekology ALUFT 2.0	Best budget pick	Affordable inflatable option with good comfort-to-price ratio. 
Kit Authority
Quick recommendations

🏕 Best overall for most campers:
NEMO Fillo — the safest choice if you want comfort without carrying a full-size pillow. 
Travel + Leisure

🎒 Best for backpacking:
Sea to Summit Aeros Ultralight/Premium — excellent when every ounce matters. 
Travel + Leisure

🚗 Best for car camping:
HEST Pillow or Therm-a-Rest Compressible Pillow Cinch — closer to sleeping on a pillow from home. 
Outdoor Life

😴 Best for side sleepers:
Exped MegaPillow or NEMO Fillo Wide — more height and support than minimalist inflatables. 
Reddit
+1

💰 Best budget choice:
Trekology ALUFT 2.0 — good performance without premium pricing. 
Kit Authority

What to look for

Side sleepers: choose a thicker pillow (around 4+ inches inflated)

Backpackers: prioritize packed size and weight

Car campers: foam or hybrid pillows usually feel much better

Hot sleepers: breathable covers and removable/washable shells help

Sources used:
https://www.outdoorlife.com/gear/best-camping-pillows/

https://www.travelandleisure.com/best-camping-pillows-9300019

https://www.cleverhiker.com/backpacking/best-backpacking-hiking-camping-pillows/

https://www.outdoorgearlab.com/topics/camping-and-hiking/best-camping-pillow

https://kitauthority.com/camp/best-camping-pillows

https://www.sfgate.com/shopping/article/best-camping-pillows-22280809.php"
What's the best camping travel pillow you can get ?,"Best camping travel pillow: NEMO Fillo Pillow 🏆

For most campers and travelers, the NEMO Fillo is the best overall choice because it combines real pillow comfort with backpack-friendly size. It uses a hybrid design: an inflatable core plus foam cushioning, so it feels much closer to a normal pillow than a thin air-only model. 
GearLab
+1

Why it’s the top pick

✅ Comfortable for multiple sleeping positions (back, side, and stomach sleepers)

✅ Much less “balloon-like” than basic inflatable pillows

✅ Packs down small enough for hiking, flights, and road trips

✅ Soft washable cover

✅ Good balance of weight, durability, and comfort 
switchbacktravel.com
+1

Best for: campers who want one pillow that works for backpacking, car camping, and travel.

Other excellent choices
🥈 Best ultralight: Sea to Summit Aeros Ultralight

Weight: about 2 oz

Extremely compact

Excellent for backpacking where every ounce matters

Less plush than the NEMO Fillo 
switchbacktravel.com
+1

Pick this if: you’re hiking long distances and want the smallest possible pillow.

🥉 Best luxury camping pillow: HEST Camp Pillow

Memory foam feel similar to a home pillow

Excellent neck support

Great for car camping, van camping, and overlanding

Heavy and bulky compared with backpacking pillows 
switchbacktravel.com
+1

Pick this if: comfort matters more than pack size.

Best budget option: TETON Sports Camp Pillow

Affordable

Soft and comfortable for casual camping

Better suited to car camping than ultralight backpacking 
switchbacktravel.com

Quick recommendation by use case
If you are...	Buy...
Want the best all-around camping travel pillow	NEMO Fillo
Backpacking / thru-hiking	Sea to Summit Aeros Ultralight
Car camping and want home-like comfort	HEST Camp Pillow
Need a cheaper option	TETON Sports Camp Pillow
A side sleeper	NEMO Fillo Wide or HEST Camp Pillow

Single best buy for most people: NEMO Fillo. It gives you the biggest comfort upgrade without becoming annoying to pack. 
switchbacktravel.com
+1

Sources used:
https://www.outdoorgearlab.com/topics/camping-and-hiking/best-camping-pillow

https://www.cleverhiker.com/backpacking-hiking-camping-pillows/

https://www.switchbacktravel.com/camping/best-camping-pillows

https://www.treelinereview.com/gearreviews/best-backpacking-pillows

https://www.sfgate.com/shopping/article/best-camping-pillows-22280809.php"
What camping pillow should I buy ?,"If you want one camping pillow that most people will be happiest with, buy the NEMO Fillo. It’s the best balance of comfort, packability, and support for most campers. Multiple gear testers rank it as a top overall camping pillow because the foam + inflatable hybrid design feels more like a real pillow than a basic air pillow. 
GearLab
+1

Best camping pillows by use case

🏆 Best overall: NEMO Fillo

Best for: car camping, backpacking, side sleepers, general travel

Pros: soft foam layer, adjustable height, comfortable feel

Cons: slightly heavier than ultralight pillows

GearLab
+1

🛏️ Most like your pillow at home: Therm-a-Rest Compressible Pillow Cinch

Best for: car campers who prioritize comfort

Pros: plush foam feel, adjustable firmness, easy to use

Cons: packs larger than inflatable options

Outdoor Life
+1

🎒 Best for backpacking/lightweight trips: Sea to Summit Aeros Premium

Best for: hikers counting every ounce

Pros: very compact, lightweight, supportive

Cons: still has that inflatable feel compared with foam hybrids

Kit Authority
+1

✨ Best luxury option: HEST Camp Pillow

Best for: overlanding, car camping, comfort-first setups

Pros: closest to a full-size home pillow

Cons: bulky and heavy

Outdoor Life

💰 Best budget pick: Trekology ALUFT 2.0 / Wise Owl Camping Pillow

Best for: occasional campers

Pros: inexpensive, compact

Cons: less premium feel and support

Kit Authority
+1

My recommendation:

Weekend camping + comfort: NEMO Fillo

Car camping only: Therm-a-Rest Compressible Pillow Cinch

Backpacking: Sea to Summit Aeros Premium

Luxury camping: HEST Camp Pillow

For the majority of campers, I’d buy the NEMO Fillo. 
GearLab

Sources:
https://www.outdoorgearlab.com/topics/camping-and-hiking/best-camping-pillow

https://www.outdoorlife.com/gear/best-camping-pillows/

https://kitauthority.com/camp/best-camping-pillows

https://www.travelandleisure.com/best-camping-pillows-9300019"
What's the best budget camping pillow ?,"For a budget camping pillow, the best overall pick is the Trekology ALUFT 2.0 Ultralight Inflatable Pillow. It gives you the best mix of low price, comfort, packability, and weight. 
Kit Authority
+1

Best budget choice: Trekology ALUFT 2.0

Typical price: ~$20
Weight: ~3.8–3.9 oz
Best for: Backpacking, hiking, travel, occasional camping 
Camplabx
+1

Why it’s a great buy

Packs down extremely small (about soda-can size)

Much more comfortable than using clothes in a stuff sack

Inflates quickly

Has an ergonomic shape that helps keep your head centered

Excellent value compared with pricier ultralight pillows 
GearLab

Downsides

Inflatable feel isn’t as pillow-like as foam

Some users find it a little noisy or less luxurious 
GearLab

Other good budget options

Wise Owl Outfitters Memory Foam Pillow (~$20–25): Better if you car camp and want a “real pillow” feel; worse for backpacking because it’s bulkier. 
Camplabx

Klymit Pillow X (~$30 range): Good for people who prefer a firmer inflatable pillow and more head stability. 
Reddit

Therm-a-Rest Compressible Cinch (~$40): More comfortable and home-like, but heavier and less budget-friendly. 
Kit Authority

My pick by camping style:

🎒 Backpacking: Trekology ALUFT 2.0

🚗 Car camping: Wise Owl Memory Foam

😴 Comfort-first: Therm-a-Rest Compressible Cinch

Sources:
https://kitauthority.com/camp/best-camping-pillows

https://camplabx.com/reviews/best-camping-pillows/

https://www.outdoorgearlab.com/reviews/camping-and-hiking/camping-pillow/trekology-aluft-2-0"
What are the best new or trending camping pillows  this year?,"Based on current outdoor gear testing and 2026 camping trends, the best camping pillows are moving toward hybrid designs (air + foam), softer fabrics, better neck support, and ultralight comfort rather than the old “stuff sack full of clothes” approach. 
CleverHiker
+1

Top trending camping pillows in 2026
Pillow	Best for	Why it’s trending
NEMO Fillo / Fillo Wide	Best overall comfort	Hybrid air + foam construction gives a more home-like feel while still packing small. 
Kidd of Speed
+1

Sea to Summit Aeros Premium	Best lightweight all-rounder	Extremely compact, soft brushed surface, ergonomic shape, and popular among backpackers. 
Camping Dunne Right -
+1

Therm-a-Rest Compressible Pillow Cinch	Best traditional pillow feel	Foam fill, adjustable loft, and a feel closer to a regular bed pillow. 
Switchback Travel
+1

HEST Camp Pillow	Best luxury camping pillow	Large, plush memory-foam-style comfort for car camping and overlanding. 
CleverHiker
+1

Sea to Summit Aeros Ultralight	Best ultralight backpacking option	Around 2 oz class weight with excellent packability. 
BikeHikeSafari
+1

TREKOLOGY ALUFT 2.0	Best budget pick	Affordable inflatable option with good comfort-to-weight ratio. 
BikeHikeSafari
+1
Best picks by camper type
🏕️ Best overall: NEMO Fillo

Great balance of comfort, weight, and pack size

Better than most inflatables for side sleepers

Good choice for weekend camping, backpacking, and travel 
Kidd of Speed
+1

🎒 Best for backpacking: Sea to Summit Aeros Ultralight

Extremely small packed size

Minimal weight penalty

Ideal when every ounce matters 
Treeline Review

🚙 Best for car camping: HEST Camp Pillow

Closest to a real pillow

Excellent for campers who prioritize sleep over weight savings 
CleverHiker
+1

💰 Best value: TREKOLOGY ALUFT 2.0

Good comfort without premium pricing

Popular among budget-conscious backpackers 
BikeHikeSafari
+1

😴 Best for side sleepers

NEMO Fillo Wide

HEST Camp Pillow

Therm-a-Rest Compressible Pillow Cinch
These provide more height and stability than thin ultralight inflatables. 
Switchback Travel
+1

What’s new/trending this year

Hybrid foam + air pillows are replacing basic inflatable pillows because they feel less like a balloon. 
Switchback Travel

Wide versions are becoming more popular for side sleepers and restless sleepers. 
SFGATE

Ultralight pillows with softer fabrics are improving comfort without adding much weight. 
Camping Dunne Right -
+1

Quick recommendation:

Most campers → NEMO Fillo

Backpackers → Sea to Summit Aeros Ultralight

Car campers who want luxury → HEST Camp Pillow

Budget buyers → TREKOLOGY ALUFT 2.0

Sources used:
https://www.outdoorgearlab.com/topics/camping-and-hiking/best-camping-pillow

https://www.cleverhiker.com/backpacking/best-backpacking-hiking-camping-pillows/

https://www.campingdunneright.com/2026/07/14/best-camping-pillows/

https://gearjunkie.com/camping/best-camping-pillow

https://bikehikesafari.com/best-backpacking-pillows/

https://www.switchbacktravel.com/camping/best-camping-pillows

https://www.outdoorlife.com/gear/best-camping-pillows/"
What are the top camping coffee pots  right now?,"The top camping coffee pots and brewers right now are a mix of classic percolators, French presses, and ultra-portable presses. The best choice depends on whether you’re backpacking, car camping, or brewing for a group. 
CleverHiker
+1

☕ Top Camping Coffee Pots & Makers Right Now
Rank	Coffee Maker	Best For	Why It’s Popular
1	AeroPress Go Travel Coffee Press	Best overall / backpacking	Extremely portable, fast, great-tasting coffee, easy cleanup
2	GSI Outdoors Glacier Stainless Steel Percolator	Groups & classic camp coffee	Durable stainless build, makes multiple cups, works over a camp stove
3	GSI Outdoors Ultralight Java Drip	Ultralight camping	Tiny, lightweight, simple pour-over style
4	YETI Rambler French Press 34 oz	Car camping luxury	Rugged insulation and large capacity
5	OXO Outdoor Rapid Brewer	Fast single-cup brewing	Convenient design with strong extraction
6	Stanley Classic Stay-Chill / Travel French Press models	Durable everyday camping	Tough construction and familiar Stanley reliability
7	Bialetti Moka Express	Espresso-style coffee outdoors	Rich, concentrated coffee from a stovetop brewer
8	Snow Peak Titanium French Press	Ultralight premium gear	Very light, high-end materials

REI
+1

Best Overall: AeroPress Go

Best mix of taste, portability, and durability

Packs into its own travel mug

Great for backpacking, road trips, and solo camping

Minimal cleanup compared with many methods

REI

Best Traditional Camping Coffee Pot: GSI Glacier Stainless Percolator

The classic campfire coffee experience

Stainless steel construction

Good for 3–6 campers depending on size

Better suited to car camping than hiking because of weight

Travel + Leisure
+1

Best Lightweight Pick: GSI Ultralight Java Drip

Nearly no pack space

Uses regular ground coffee

Ideal for backpackers counting every ounce

CleverHiker
+1

Best for a Group: YETI Rambler French Press

Makes several servings

Insulated body keeps coffee warmer longer

More premium and heavier than backpacking options

REI

Best Budget Option: GSI Java Drip or a Basic French Press

Low cost

Reliable

Easy to replace if damaged on trips

CleverHiker

Quick Picks by Camping Style

🏕️ Backpacking: AeroPress Go

🚙 Car camping: GSI Percolator or YETI French Press

🔥 Campfire coffee: Stainless percolator

🎒 Ultralight: GSI Ultralight Java Drip

☕ Coffee enthusiast: AeroPress Go or Bialetti Moka Pot

👨‍👩‍👧‍👦 Group trips: Large French press or percolator

Sources used:
https://www.cleverhiker.com/camping/best-coffee-makers/

https://www.rei.com/learn/expert-advice/best-camp-coffee-makers.html

https://www.travelandleisure.com/style/shopping/best-camping-coffee-makers

https://www.outdoorlife.com/story/gear/best-camping-coffee-maker/"
What's the best camping percolator you can get ?,"Best camping percolator: GSI Outdoors Glacier Stainless Steel Percolator (6-Cup) ☕🏕️

For most campers, this is the one to buy. It hits the best balance of durability, size, portability, and reliable campfire performance. REI specifically lists the GSI Glacier Stainless Steel 6-Cup Percolator among its top camp coffee makers, noting it works especially well for car camping and groups. 
REI
 Outdoor Life also highlights the GSI Glacier as a top choice for smaller groups because of its compact stainless-steel build. 
Outdoor Life

Why it’s the best overall

✅ Stainless steel construction (built for years of camping)
✅ Works on camp stoves and grills
✅ Makes enough coffee for 2–4 people
✅ Clear viewing knob lets you watch the brew
✅ Compact enough for camping bins
✅ Easy to clean

Best for: car camping, weekend trips, families, couples who drink multiple cups

Other excellent camping percolators
🥇 Best premium / classic choice: Farberware Yosemite 8-Cup Percolator

Excellent brewing basket design

Solid stainless-steel construction

Great for bigger groups

Classic “camp coffee” experience

Outdoor Life named the Farberware Yosemite its overall favorite in testing, citing its basket performance and thoughtful design. 
Outdoor Life

Best for: frequent campers who want a traditional, larger pot.

🔥 Best for open-fire cooking: Stanley Adventure Cool Grip Camp Percolator

Designed with campfire use in mind

Durable and lightweight

Removable grip helps with heat management

Outdoor Life selected it as a top open-fire option because of its fire-friendly design. 
Outdoor Life

Best for: true fire cooking and rugged camping.

💰 Best budget pick: Cook N Home 8-Cup Stainless Steel Percolator

Affordable

Decent stainless construction

Good starter option

Outdoor Life lists it as a budget recommendation. 
Outdoor Life

Best for: occasional campers who don’t want to spend much.

Quick buying guide
If you want…	Buy…
Best overall	GSI Outdoors Glacier Stainless 6-Cup
Best coffee quality	Farberware Yosemite 8-Cup
Best campfire option	Stanley Adventure Cool Grip
Best cheap option	Cook N Home 8-Cup
Best for a large group	Farberware Yosemite or a larger GSI model

My pick: Get the GSI Outdoors Glacier Stainless Steel 6-Cup Percolator unless you regularly camp with 5+ coffee drinkers. It’s the sweet spot for most outdoor setups. 
REI
+1

Sources used:
https://www.rei.com/learn/expert-advice/best-camp-coffee-makers.html

https://www.outdoorlife.com/gear/best-camping-percolators/

https://www.cleverhiker.com/camping/best-coffee-makers/"
What camping coffee pot should I buy ?,"If you want one camping coffee pot that’s the best fit for most campers, I’d buy the GSI Outdoors Glacier Stainless Steel Percolator (6-Cup). It’s durable, simple, fire/stove friendly, and makes enough coffee for a small group without being huge. It’s also one of the top-rated camping coffee makers in recent testing. 
REI

Best picks by camping style

🏕 Best overall camp coffee pot: GSI Outdoors Glacier Stainless Steel Percolator

Best for: car camping, cabins, family trips

Pros: rugged stainless steel, classic camp coffee experience, makes multiple cups

Cons: heavier than backpacking options

Capacity: about 3–6 cups depending on model 
REI

☕ Best coffee quality: AeroPress Go

Best for: solo campers, backpackers, people who care about taste

Pros: excellent coffee, compact, easy cleanup

Cons: makes one serving at a time

REI’s testing ranked it as a top overall camping coffee maker. 
REI

🔥 Best old-school campfire choice: Farberware Yosemite Percolator

Best for: traditional camp coffee over a stove/fire

Pros: stainless steel, reliable brewing, classic percolator flavor

Cons: takes practice to avoid over-brewing 
Outdoor Life

👥 Best for groups: YETI Rambler French Press

Best for: 3–5 people

Pros: insulated, tough, keeps coffee hot

Cons: bulky compared with a percolator or AeroPress 
REI

My recommendation:

Car camping: GSI Glacier Stainless Percolator 6-Cup

Backpacking: AeroPress Go

Campfire coffee ritual: Farberware Yosemite

Coffee snobs: AeroPress Go or a stainless French press

For most people buying their first camping coffee setup, I’d choose the GSI Glacier Stainless Steel Percolator because it’s the most “camping” option: durable, simple, and built for outdoor use. 
REI
+1

Sources:
https://www.rei.com/learn/expert-advice/best-camp-coffee-makers.html

https://www.cleverhiker.com/camping/best-camping-coffee-makers/

https://www.outdoorlife.com/gear/best-camping-percolators/"
What's the best budget camping coffee pot ?,"For a budget camping coffee pot, the best pick for most campers is:

🏆 Best Budget Camping Coffee Pot: Farberware Yosemite Stainless Steel Percolator (8-Cup)

Typical price: ~$35–$50
Best for: Car camping, campfires, groups, classic strong coffee

Why it’s a great value:

✅ Durable stainless steel construction

✅ Works on camp stoves, grills, and campfires

✅ Makes enough coffee for 2–4 campers

✅ Easy to use and clean

✅ Lifetime warranty

✅ Much cheaper than premium camping coffee systems 
Camping Guidance
+1

Downside: It’s heavier than backpacking options and percolator coffee can get bitter if overheated.

Other Excellent Budget Picks
🥈 GSI Outdoors Glacier Stainless Percolator

Typical price: ~$40–$60
Best for: Frequent campers who want something tougher

Pros:

18/8 stainless steel

Built specifically for outdoor use

Compact sizes available

Better suited to rugged camping than many household percolators 
Camping Guidance

🥉 Stanley Camp Pour Over Set

Typical price: ~$25–$45
Best for: Solo campers who want better-tasting coffee

Pros:

No electricity needed

Reusable stainless filter

Lightweight and simple

Less bitter than many percolators 
Tom's Guide

💰 Cheapest Good Option: Primula Today Stovetop Percolator

Typical price: ~$25–$35
Best for: Occasional campers

Pros:

Very affordable

Makes strong coffee

Simple design

Cons:

Less rugged than stainless outdoor models 
The Spruce Eats

My recommendation by camping style
Camping style	Buy this
Car camping / family trips	Farberware Yosemite 8-Cup
Campfire coffee	GSI Glacier Percolator
Solo camping	Stanley Camp Pour Over
Cheapest option	Primula Today
Backpacking	AeroPress Go (lighter, not a pot)

If you want the best balance of price, durability, and campsite coffee, I’d buy the Farberware Yosemite 8-Cup Stainless Steel Percolator. 
Camping Guidance
+1

Sources:
https://campingguidance.com/best-camping-percolators/

https://www.thespruceeats.com/best-coffee-percolators-4589233

https://www.tomsguide.com/home/coffee-makers/stanley-perfect-brew-pour-over-review

https://www.outdoorlife.com/gear/best-camping-percolators/"
What are the best new or trending camping coffee pots  this year?,"The biggest camping coffee pot trends this year are moving toward durable stainless steel builds, compact all-in-one systems, and better-quality coffee without adding much pack weight. Traditional percolators remain popular for car camping, while AeroPress-style brewers dominate backpacking. 
REI
+1

Top trending camping coffee pots & brewers right now
Product	Best for	Why it's trending
AeroPress Go Travel Coffee Press	Backpacking & solo camping	Excellent coffee quality, tiny footprint, fast cleanup; remains one of the most recommended camp brewers. 
REI

GSI Outdoors Glacier Stainless Steel 6-Cup Percolator	Classic camp coffee	Rugged stainless steel, works over campfires or stoves, great for groups. 
REI

Stanley Adventure All-in-One Boil + Brew French Press	Car camping	Combines boiling and brewing in one tough stainless-steel system. 
YouTube

YETI Rambler French Press 34 oz	Premium camping setups	Insulated body keeps coffee hot longer and handles rough use. 
REI

OXO Outdoor Rapid Brewer	Fast single/double servings	Compact brewer aimed at better coffee without complicated gear. 
REI

GSI Outdoors Ultralight Java Drip	Lightweight backpacking	Very low weight and simple pour-over style brewing. 
REI

MiiR Pourigami	Minimalist campers	Fold-flat stainless pour-over design that packs easily. 
Travel + Leisure

Flair 2GO Portable Espresso Maker	Espresso lovers	Newer premium option for travelers wanting real espresso-style brewing outdoors. 
Homes and Gardens
Best picks by camping style
🏕 Best overall

AeroPress Go Travel Coffee Press

Lightweight (great for hiking)

Very consistent coffee

Easy cleanup

Packs into its own travel mug

REI

🔥 Best classic camp coffee pot

GSI Glacier Stainless Steel 6-Cup Percolator

Real campfire feel

Makes multiple cups

Extremely durable

REI

🚙 Best for car camping

Stanley Adventure All-in-One Boil + Brew French Press

One-piece camp kitchen solution

Good for couples or small groups

Tough enough for frequent outdoor use

YouTube

🎒 Best lightweight option

GSI Ultralight Java Drip

Minimal weight

Simple brewing

Great for backpackers

REI

☕ Best premium choice

YETI Rambler French Press

Durable construction

Large capacity

Keeps coffee warm longer

REI

What’s trending in camping coffee gear in 2026

Stainless steel over plastic for durability

All-in-one boil + brew designs

Compact systems that replace bulky camp kitchens

Espresso-style portable brewers for van/RV campers

Ultralight pour-over systems for backpackers

Travel + Leisure
+1

Quick recommendation:

Backpacking: AeroPress Go

Car camping: Stanley Adventure All-in-One

Traditional campfire coffee: GSI Glacier Percolator

Coffee enthusiast: Flair 2GO or AeroPress setup

Large groups: YETI Rambler French Press or large percolator

Sources:
https://www.rei.com/learn/expert-advice/best-camp-coffee-makers.html

https://www.travelandleisure.com/style/shopping/best-camping-coffee-makers

https://www.cleverhiker.com/camping/best-coffee-makers/

https://www.homesandgardens.com/household/kitchen-appliances/portable-flair-espresso-maker-makes-true-espresso"
What are the top outdoor rocking chairs  right now?,"The top outdoor rocking chairs right now tend to fall into three groups: premium all-weather porch rockers, comfortable patio loungers, and portable camping rockers. The strongest trend is toward low-maintenance materials like HDPE/poly lumber, weather-resistant wicker, and powder-coated metal rather than traditional wood that needs regular sealing. 
Houzz
+1

Top Outdoor Rocking Chairs Right Now
Rank	Chair	Best For	Why It Stands Out
1	POLYWOOD Presidential Rocking Chair	Best overall	Extremely durable recycled HDPE construction, won’t rot, crack, peel, or require painting; backed by a long warranty. 
Field & Stream
+1

2	POLYWOOD Estate Rocking Chair	Classic porch style	Traditional look with modern weather resistance and easy maintenance. 
Houzz

3	GCI Outdoor Freestyle Rocker	Camping, tailgates, decks	Lightweight folding design with a smooth rocking motion and portability. 
Field & Stream

4	Grandin Road Nantucket Outdoor Rocking Chair	Stylish front porch	Premium hardwood look with a more traditional furniture feel. 
HGTV

5	Outdoor Interiors All-Weather Wicker Rocking Chair	Covered patios	Wicker appearance with outdoor-friendly construction. 
Field & Stream

6	Phi Villa Outdoor Metal Rocking Chair	Budget-friendly patio seating	Powder-coated metal frame and contemporary styling. 
Field & Stream

7	Amazon Basics Zero Gravity Folding Rocker	Affordable comfort	Good value option for occasional outdoor use. 
Field & Stream
Best Picks by Need
🏆 Best overall: POLYWOOD Presidential Rocking Chair

Best balance of comfort, durability, and weather resistance

Great for uncovered porches and year-round outdoor use

Heavy enough to feel stable in wind

Minimal maintenance compared with wood 
Field & Stream
+1

💰 Best value: GCI Outdoor Freestyle Rocker

Ideal if you want a rocker you can move around

Great for:

camping

sports events

fire pits

backyard gatherings 
Field & Stream

🌧️ Best for harsh weather: POLYWOOD models

HDPE lumber handles rain, humidity, sun exposure, and seasonal changes better than traditional painted wood. 
Houzz

🪵 Best traditional look: Grandin Road Nantucket

Better choice if appearance and porch aesthetics matter as much as durability. 
HGTV

What to Look For in 2026

HDPE/poly lumber: lowest maintenance and longest lifespan

Wide armrests: more comfortable for long sitting sessions

Deep contoured seats: better support

UV-resistant finishes: prevents fading

Weight capacity: especially important for porch rockers that stay outdoors year-round 
Houzz
+1

Best single choice for most people: POLYWOOD Presidential Rocking Chair.
Best cheaper choice: GCI Outdoor Freestyle Rocker.
Best-looking porch upgrade: Grandin Road Nantucket Rocking Chair. 
Field & Stream
+1

Sources used:
https://www.houzz.com/products/outdoor-rocking-chairs/how-to-choose-best-outdoor-rocking-chairs

https://www.fieldandstream.com/gear/best-outdoor-rocking-chairs/

https://www.aboutdarwin.com/best-outdoor-rocking-chairs/

https://www.porchandfire.com/blog/best-patio-rocking-chairs

https://www.hgtv.com/shopping/outdoors/best-rocking-chairs"
What's the best outdoor rocker you can get ?,"If you want the best outdoor rocker you can buy right now, the top pick for most people is:

🥇 Best Overall: POLYWOOD Nautical Adirondack Rocking Chair

Why it’s the one to get:

Extremely durable HDPE recycled plastic construction (won’t rot, crack, peel, or splinter)

Can stay outdoors year-round with minimal maintenance

Comfortable Adirondack shape with excellent back support

Heavy enough to feel stable in wind

Available in many colors

Backed by a 20-year warranty 
POLYWOOD

Best for: Front porches, uncovered decks, coastal climates, people who want to buy once and keep it for decades.

Downside: Expensive and heavy compared with wood or resin rockers.

Other excellent outdoor rockers
🥈 Best Classic Porch Look: POLYWOOD Presidential Rocking Chair

Traditional porch-rocker styling

Maintenance-free material

Built for long-term outdoor exposure

More “grand porch” feel than Adirondack styling 
About Darwin

🥉 Best Modern Style: POLYWOOD Modern Adirondack Rocking Chair

Cleaner contemporary design

Same weather-resistant HDPE construction

Good choice for modern homes and patios 
POLYWOOD

💰 Best Value Pick: POLYWOOD South Beach Rocker

Similar durability benefits

Simple, comfortable design

Often a better price than premium POLYWOOD styles 
OutsideModern

🌿 Best Wood Alternative: Teak Rockers

If you prefer real wood:

Beautiful natural look

Naturally weather-resistant

Requires periodic oiling/sealing to stay looking new

What I’d buy:

Uncovered porch / zero maintenance: POLYWOOD Nautical Adirondack Rocker

Traditional farmhouse porch: POLYWOOD Presidential Rocker

Modern patio: POLYWOOD Modern Adirondack Rocker

Budget-conscious: Look for a quality HDPE Adirondack rocker rather than cheap painted wood

HDPE outdoor furniture has become a leading choice because it handles moisture, heat, and weather better than many wood options. 
HGTV

Sources used:
https://www.polywood.com/products/nautical-adirondack-rocking-chair-adr410

https://www.polywood.com/products/modern-adirondack-rocking-chair-adr420

https://www.hgtv.com/shopping/outdoors/best-rocking-chairs

https://www.aboutdarwin.com/best-outdoor-rocking-chairs/

https://www.outsidemodern.com/polywood-adirondack-rocking-chairs-reviewed/"
What outdoor rocking chair should I buy ?,"For a true outdoor rocking chair that will last for years, I’d buy a POLYWOOD Presidential Rocking Chair. It’s the best all-around choice for most porches because it combines classic looks with almost zero maintenance. Its HDPE recycled lumber construction is designed to resist rot, cracking, fading, and weather damage. 
HGTV
+1

Best outdoor rocking chairs to buy
Pick	Best for	Why buy it
POLYWOOD Presidential Rocking Chair	🏆 Best overall	Premium durability, classic porch style, no painting or staining, excellent long-term value 
About Darwin
+1

L.L.Bean All-Weather Rocking Chair	Best traditional look	Heavy-duty HDPE construction, comfortable, built for year-round outdoor use 
HGTV

POLYWOOD Nautical Rocking Chair	Best comfort	Adirondack-inspired shape with better back support and a relaxed feel 
HGTV

GCI Outdoor Freestyle Rocker	Best portable rocker	Great for camping, tailgating, fire pits, and moving around the yard; folds for storage 
Best Reviews Guide

SERWALL Outdoor Rocking Chair	Best budget option	Affordable HDPE-style option with a similar low-maintenance concept 
HGTV
What I’d choose by situation

Front porch / forever chair: POLYWOOD Presidential

Uncovered patio with rain and sun: POLYWOOD or L.L.Bean all-weather models

Most comfortable lounging: POLYWOOD Nautical

Under ~$150: SERWALL or a quality resin/HDPE rocker

Camping + backyard use: GCI Outdoor Freestyle Rocker

Buying tips

Choose HDPE/poly lumber if the chair will stay outside. It generally outlasts wood and needs far less upkeep. 
HGTV

Avoid untreated natural wicker or cheap wood if it will sit in rain or direct sun. 
HGTV

Add a cushion if you sit for hours—poly chairs are durable but can feel firm.

My pick: Buy the POLYWOOD Presidential Rocking Chair if you want a chair you’ll still love 10–20 years from now. 
About Darwin
+1

Sources used:
https://www.hgtv.com/shopping/outdoors/best-rocking-chairs

https://www.aboutdarwin.com/best-outdoor-rocking-chairs/

https://www.porchandfire.com/blog/best-patio-rocking-chairs

https://www.bestreviews.guide/outdoor-rocker-chairs"
What's the best budget outdoor rocking chair ?,"For a budget outdoor rocking chair, the best overall pick is usually:

🏆 Best Budget Outdoor Rocking Chair: POLYWOOD Modern Adirondack Rocking Chair

Typical price: ~$299+ (often discounted)

POLYWOOD

Why it’s the best value:

✅ HDPE recycled plastic construction — won’t rot, crack, or splinter like cheap wood

✅ Handles sun, rain, and seasonal weather well

✅ Very low maintenance (no staining or sealing)

✅ Comfortable Adirondack-style seat

✅ Long warranty (POLYWOOD backs many products with a 20-year residential warranty) 
POLYWOOD

Best for: A front porch, deck, or patio chair you want to keep for years.

Best Cheaper Option: Best Choice Products Adirondack Rocking Chair

Typical price: ~$80–$120 each (varies by sale)

AL.com

Pros

Much cheaper

Weather-resistant HDPE-style material

Adirondack look

Good comfort for occasional use

Cons

Hardware and finish quality won’t match premium brands

Less proven long-term durability

Best for: A second chair, rental property, or occasional porch use.

Best Portable Budget Rocker: GCI Outdoor Freestyle Rocker

Typical price: ~$70–$90

Outdoor Life

Pros

Folds for storage and travel

Smooth rocking motion

Great for camping, tailgating, and outdoor events

Cons

Not a permanent porch chair

Fabric seating won’t last as long outdoors year-round

Quick Recommendation

Under $100: Best Choice Products Adirondack Rocker

$100–$200: Look for sales on HDPE Adirondack rockers

Around $300: POLYWOOD Modern Adirondack Rocking Chair (best long-term buy) 
POLYWOOD

For a chair that will sit outside every day, I’d spend more on HDPE/poly lumber rather than wood or cheap metal—it usually costs less over the life of the chair.

Sources used:
https://www.polywood.com/products/modern-adirondack-rocking-chair-adr420

https://www.al.com/shopping/2026/04/amazon-shoppers-can-enjoy-a-limited-time-deal-on-this-rocking-chair-outdoor-set.html

https://www.outdoorlife.com/gear/best-camping-rocking-chairs/"
What are the best new or trending outdoor rocking chairs  this year?,"Based on current 2026 outdoor furniture trends, the best outdoor rocking chairs are leaning toward low-maintenance HDPE “lumber,” modern Adirondack designs, oversized comfort, and weatherproof materials. 
HGTV
+1
 Here are the top picks worth considering:

Best for	Chair	Why it stands out
🏆 Best overall	POLYWOOD Vineyard Adirondack Rocking Chair	Extremely durable recycled HDPE construction, classic look, minimal maintenance, 20-year warranty. 
POLYWOOD

⭐ Premium choice	POLYWOOD Nautical Adirondack Rocker	Heavy-duty build, comfortable rocking motion, excellent outdoor longevity. 
POLYWOOD

💰 Best value	POLYWOOD South Beach Rocker	Popular modern style, recycled materials, very weather resistant. 
OutsideModern

🪑 Best modern design	POLYWOOD Modern Adirondack Rocking Chair	Cleaner lines and contemporary styling while keeping outdoor durability. 
POLYWOOD

🌲 Best classic wood look	Teak rocking chairs	Natural premium appearance; teak handles outdoor exposure well when maintained.
💵 Best budget option	HDPE Adirondack rocking chairs from brands like Psilvam/KINGYES-style models	Affordable way to get the “poly lumber” look, though usually with less warranty/support than premium brands. 
YouTube
Current trends in outdoor rockers

Recycled plastic lumber (HDPE) is replacing traditional painted wood because it resists rot, cracking, peeling, and fading. 
HGTV
+1

Adirondack rockers remain the dominant style because they combine deep seating with a relaxed porch aesthetic. 
HGTV

Modern rope/woven outdoor furniture accents are growing in popularity for contemporary patios. 
Livingetc

My shortlist:

POLYWOOD Vineyard Adirondack Rocking Chair — best “buy once” option

POLYWOOD Nautical Adirondack Rocker — best heavy-duty premium rocker

POLYWOOD South Beach Rocker — best balance of looks and durability

Budget HDPE Adirondack rocker — best under a tighter budget

If you want a chair that can stay outside year-round with minimal care, I’d prioritize HDPE/poly lumber over wood or wicker. 
OutsideModern
+1

Sources:
https://www.hgtv.com/shopping/outdoors/best-rocking-chairs

https://www.outsidemodern.com/polywood-adirondack-rocking-chairs-reviewed/

https://www.polywood.com/products/vineyard-adirondack-rocking-chair

https://www.polywood.com/products/modern-adirondack-rocking-chair

https://www.polywood.com/products/nautical-adirondack-rocking-chair

https://www.livingetc.com/ideas/rope-outdoor-furniture-trend"
What are the top sleeping bags  right now?,"The best sleeping bag depends heavily on whether you’re backpacking, car camping, winter camping, or just want maximum comfort. These are among the top-rated and most recommended sleeping bags right now based on recent testing and outdoor gear reviews. 
GearLab
+1

Sleeping Bag	Best For	Why It Stands Out
Western Mountaineering MegaLite	Best overall backpacking	Extremely lightweight, premium 850+ fill down, excellent warmth-to-weight ratio. 
GearLab
+1

Feathered Friends Swallow UL	Premium ultralight backpacking	High-quality down, durable construction, excellent long-term investment. 
GearJunkie

REI Co-op Magma 15	Best all-around value	Lightweight, warm, customizable sizing, great balance of price and performance. 
GearLab

NEMO Disco 15	Side sleepers	Spoon-shaped design gives extra room for knees and shoulders. 
CleverHiker

Sea to Summit Basecamp 15	Comfortable camping	Roomy, cozy design for car camping and base camps. 
GearJunkie

Exped Terra 15	Best value backpacking	Warmer than many budget options while staying relatively lightweight. 
GearLab

Kelty Cosmic Down 20	Budget backpacking	Affordable down option with good warmth for casual backpackers. 
Reddit

REI Co-op Trailmade 25	Beginners	Affordable synthetic bag for entry-level camping and hiking. 
GearJunkie

ALPS OutdoorZ Redwood	Car camping luxury	Heavy-duty, warm, roomy, and comfortable for vehicle-based trips. 
GearLab

Therm-a-Rest Polar Ranger	Cold-weather camping	Designed for serious cold conditions with expedition features. 
YouTube
Quick picks

🏆 Best overall: Western Mountaineering MegaLite

🎒 Best backpacking choice: Feathered Friends Swallow UL or REI Magma 15

💰 Best budget pick: Kelty Cosmic Down 20

🚗 Best car camping bag: ALPS OutdoorZ Redwood

🥶 Best winter option: Therm-a-Rest Polar Ranger

😴 Best for side sleepers: NEMO Disco 15

What to look for

20°F rating: Best single “do-most-things” choice for 3-season camping.

30–40°F rating: Summer camping and warmer climates.

0°F or colder: Winter trips.

Down insulation: Lighter, warmer, more compressible, but costs more.

Synthetic insulation: Better in wet conditions and usually cheaper.

For most campers, a 20°F down sleeping bag is the sweet spot because it covers spring, summer mountain trips, and fall camping without excessive weight. 
GearLab

Sources:
https://www.outdoorgearlab.com/topics/camping-and-hiking/best-backpacking-sleeping-bag

https://www.outdoorgearlab.com/topics/camping-and-hiking/best-sleeping-bag

https://www.cleverhiker.com/camping/best-camping-sleeping-bags/

https://gearjunkie.com/camping/best-sleeping-bags

https://gearjunkie.com/outdoor/backpacking/best-backpacking-sleeping-bags

https://www.outdoorlife.com/gear/best-backpacking-sleeping-bags-2026/"
What's the best mummy sleeping bag you can get ?,"If you want the best mummy sleeping bag you can buy, the top choice for most serious backpackers is:

🏆 Best Overall Mummy Sleeping Bag: Western Mountaineering MegaLite 30°F

Western Mountaineering MegaLite 30 Sleeping Bag

Why it stands out

Excellent warmth-to-weight ratio

Premium 850+ fill-power down

Very roomy for a mummy bag (better for side sleepers)

Extremely well-made and long-lasting

Around 1.5 lb, making it ideal for backpacking 
GearLab
+1

Best for: 3-season backpacking, hiking, and anyone wanting a “buy once, cry once” sleeping bag.

Other top-tier mummy sleeping bags
🥇 Best Ultralight: Western Mountaineering Versalite 10°F

Western Mountaineering Versalite 10 Sleeping Bag

Serious cold-weather performance

Extremely light for a 10°F-rated bag

Premium materials and craftsmanship

Great for alpine trips and cold mountain nights 
REI

Best for: Backpackers who regularly camp below freezing.

🥈 Best Lightweight Warmth: Sea to Summit Spark 15°F Down

Sea to Summit Spark 15F Down Sleeping Bag

Very compact

High-quality down insulation

Excellent warmth for the weight

Popular among ultralight hikers 
Sea to Summit North America
+1

Best for: Long-distance backpacking where every ounce matters.

🥉 Best Premium Cold-Weather Choice: Feathered Friends Hummingbird UL 20°F

Exceptional down quality

Lightweight but warm

Excellent fit and construction

Best for: Serious backpackers who want a high-end 20°F bag.

💰 Best Value Mummy Bag: NEMO Disco 15°F

More room than traditional mummy bags

Better for side sleepers

Comfortable design

Good balance of price and performance

Best for: Campers who dislike the tight mummy shape.

Quick picks by use
Use	Best pick
Best overall	Western Mountaineering MegaLite 30°F
Best winter	Western Mountaineering Versalite 10°F
Best ultralight	Sea to Summit Spark 15°F
Best comfort	NEMO Disco 15°F
Best budget	Marmot Trestles Elite Eco
Best expedition-level	Western Mountaineering Puma / Kodiak

GearLab
+1

My single recommendation: For most people buying one premium mummy bag, get the Western Mountaineering MegaLite 30°F. If you camp in true winter conditions, move up to the Versalite 10°F. 
GearLab
+1

Sources:
https://www.outdoorgearlab.com/topics/camping-and-hiking/best-backpacking-sleeping-bag

https://www.rei.com/b/western-mountaineering/c/camping-sleeping-bags/f/sbs-mummy

https://seatosummit.com/collections/mummy-sleeping-bags

https://www.westernmountaineering.com/product-category/sleeping-bags/"
What sleeping bag should I buy ?,"The best sleeping bag depends on where you camp, your budget, and whether you carry it on your back or use it at a campsite. For most people, I’d buy a 3-season, 20°F (-7°C) down sleeping bag because it covers the widest range of trips. 
GearLab
+1

Best overall choice

NEMO Disco 15 Sleeping Bag

Best for: most campers + side sleepers

Temp rating: around 15°F

Shape: roomy “spoon” design (more comfortable than a tight mummy)

Pros: excellent comfort, good features, roomy fit

Cons: heavier than ultralight backpacking bags

Outdoor Life
+1

Best premium backpacking choice

Western Mountaineering MegaLite Sleeping Bag

Best for: serious backpackers who want the best weight-to-warmth ratio

850+ fill power down

Extremely lightweight and high quality

Cons: expensive

GearLab
+1

Best value pick

Kelty Cosmic Down 20 Sleeping Bag

Best for: beginners and budget-conscious campers

Down insulation at a much lower price

Good balance of warmth, packability, and cost

Outdoor Life

Best ultralight option

Sea to Summit Spark 30 Sleeping Bag

Best for: summer backpacking and weight savings

Very light and compact

Cons: less roomy and less forgiving in cold weather

GearLab

Best cold-weather option

Western Mountaineering Kodiak MF Sleeping Bag

Best for: winter camping and colder expeditions

Premium down insulation and roomy cut

Cons: high price and larger packed size

GearLab

Quick buying rule

Car camping: NEMO Disco 15 or a larger rectangular bag

Backpacking: Western Mountaineering MegaLite / Sea to Summit Spark

One bag for almost everything: 15–20°F down bag

Cold sleepers: choose a bag rated about 10°F colder than your expected lowest temperature

My pick for the average buyer: NEMO Disco 15 — it gives up some weight savings but wins on comfort, versatility, and real-world usability. 
Outdoor Life

Sources:
https://www.outdoorgearlab.com/topics/camping-and-hiking/best-sleeping-bag

https://www.outdoorgearlab.com/topics/camping-and-hiking/best-backpacking-sleeping-bag

https://www.outdoorlife.com/gear/best-backpacking-sleeping-bags-2026/"
What's the best budget sleeping bag ?,"For a budget sleeping bag, the best overall pick for most campers is:

🏆 Best Budget Sleeping Bag: Coleman Kompact 30°F Rectangle Sleeping Bag

Typical price: ~$80–$110
Best for: Car camping, casual camping, summer/fall trips

REI

Why it’s the best value:

✅ Comfortable rectangular shape (more room than mummy bags)

✅ Rated around 30°F, good for 3-season camping

✅ Synthetic insulation handles moisture well

✅ Durable and easy to clean

✅ Packs down reasonably for car camping

✅ Strong reputation among budget campers 
REI

Downsides:

❌ Too bulky for serious backpacking

❌ Not ideal below freezing

Other excellent budget options
Sleeping bag	Approx. price	Best for
REI Co-op Campwell 30	~$100	Best upgrade/value option
Kelty Catena 30	~$60	Cheapest decent 3-season choice
Coleman Arch Bay 30	~$80	Roomy car camping
REI Co-op Trailmade 25	~$120–140	Budget backpacking

REI
		
My picks by use case

🚗 Car camping: Coleman Kompact 30°F

🎒 Backpacking on a budget: REI Co-op Trailmade 25

❄️ Cold weather under $150: ALPS Mountaineering Blaze/Crater Lake options (watch sales)

💰 Cheapest acceptable bag: Kelty Catena 30

If you want one sleeping bag that gives the most warmth and comfort per dollar, I’d buy the Coleman Kompact 30°F. 
REI

Sources:
https://www.rei.com/learn/expert-advice/best-budget-sleeping-bags.html

https://www.rei.com/c/camping-sleeping-bags"
What are the best new or trending sleeping bags  this year?,"Best New & Trending Sleeping Bags This Year (2026)

Sleeping bag trends this year are leaning toward lighter high-fill-power down, quilt-style versatility, roomier comfort designs, and sleep systems that adapt across temperatures. 
GearLab
+1

🥇 Best Overall: Western Mountaineering MegaLite

Best for: Backpackers wanting premium performance

Why it’s trending: Extremely lightweight, high-quality down, excellent craftsmanship

Pros: Warm for its weight, durable, made in the USA

Cons: Expensive

GearLab

🏕️ Best Premium Backpacking Bag: Feathered Friends Swallow / Egret

Best for: Serious hikers and long-distance trips

Why it stands out: Ultralight construction with premium down insulation

Pros: Excellent warmth-to-weight ratio

Cons: Higher price point

Outdoor Life

🌟 Best Versatile Modern Bag: NEMO Disco

Best for: Side sleepers and comfort-focused campers

Why it’s trending: Spoon-shaped design gives extra room around knees and shoulders

Pros: Much less restrictive than traditional mummy bags

Cons: Slightly heavier than ultralight mummy bags

Outdoor Life

🪶 Best Ultralight Choice: Sea to Summit Spark

Best for: Fast-and-light backpacking

Why it’s popular: Minimal weight without giving up down insulation

Pros: Packs tiny, excellent for ounce counters

Cons: Narrower fit

Outdoor Life
+1

❄️ Best Cold Weather Option: Therm-a-Rest Parsec

Best for: 3-season and colder adventures

Why it’s trending: Strong warmth-to-weight balance

Pros: Lightweight, high-performance down fill

Cons: Premium price

Outdoor Life

💰 Best Value: Kelty Cosmic Down 20

Best for: Budget-conscious campers

Why it remains popular: Reliable down insulation at a lower cost

Pros: Great entry-level backpacking option

Cons: Heavier than premium bags

Outdoor Life

🚙 Best Car Camping Comfort: REI Co-op Siesta Hooded 20

Best for: Campgrounds, road trips, casual camping

Why it’s trending: Roomy rectangular design with comfort features

Pros: Cozy, easy to use

Cons: Too bulky for backpacking

GearJunkie

👫 Best Double/Couple Sleeping Bag: Zenbivy Overland Double

Best for: Couples and luxury camping

Why it’s trending: Bed-like design rather than a traditional sleeping bag

Pros: Very comfortable, roomy

Cons: Large packed size

Outside Online

Biggest Sleeping Bag Trends Right Now

Hybrid quilt/bag designs: More ventilation and flexibility than classic mummy bags. 
Outside Online

Higher-fill-power down: More warmth with less weight. 
Outdoor Life

Roomier mummy shapes: Better for side sleepers and people who dislike tight bags. 
Outdoor Life

Multi-season systems: Bags designed to unzip, layer, or convert for changing weather. 
Travel + Leisure

Quick Picks
Use	Pick
Best overall	Western Mountaineering MegaLite
Best backpacking	Feathered Friends Swallow/Egret
Best comfort	NEMO Disco
Best ultralight	Sea to Summit Spark
Best cold weather	Therm-a-Rest Parsec
Best budget	Kelty Cosmic Down 20
Best car camping	REI Siesta Hooded 20
Best couples bag	Zenbivy Overland Double

Sources used:
https://www.outdoorgearlab.com/topics/camping-and-hiking/best-sleeping-bag

https://www.outdoorlife.com/gear/best-backpacking-sleeping-bags/

https://www.gearjunkie.com/camping/best-sleeping-bags

https://www.travelandleisure.com/best-sleeping-bags-8738504

https://www.outsideonline.com/outdoor-gear/camping/best-sleeping-bags/"
What are the top portable ping pong sets  right now?,"GoSports Mid-Size Table Tennis Game Set
Price not available•Portable mid-size table tennis set for indoor/outdoor fun.
PRO-SPIN All-in-One Portable Ping Pong Set
Price not available•All-in-one portable ping pong set for easy play anywhere.
STIGA Set Hobby Anywhere
Price not available•Hobby-grade table tennis set for versatile indoor use.
JOOLA Portable / Compact Table Tennis Sets
Price not available•Compact, portable ping pong set for on-the-go fun.

The best portable ping pong sets right now tend to fall into two categories: compact net-and-paddle kits (play on almost any table) and folding mini tables (closer to real ping pong). 
PlayGoSports.com
+1

🏆 Top Portable Ping Pong Sets
Pick	Best for	Why it stands out
GoSports Mid-Size Table Tennis Game Set	Best overall portable table	A true mini table experience with a 6 ft × 3 ft surface, folding design, carrying handles, paddles, net, and balls included. Great for apartments, offices, game rooms, and travel. 
PlayGoSports.com

PRO-SPIN All-in-One Portable Ping Pong Set	Best grab-and-go kit	Retractable net, paddles, and balls in one compact package. Great for camping, vacations, office breaks, and using on dining tables. 
New York Post

STIGA Hobby Anywhere Set	Best quality net kit	Includes adjustable net, multiple paddles, and balls; the net attaches to many tables for quick setup. 
STIGA Sports

JOOLA Compact/Midsize Sets	Best brand reputation	JOOLA is one of the most recognized table tennis brands, with several compact and portable options aimed at casual and family play. 
Topspin11

GoSports Folding Table Tennis Set	Best for frequent moving	Folds down compactly and can be carried easily, making it good for garages, dorms, and travel. 
racquetsedge.com
Quick recommendations

Best overall: GoSports Mid-Size Table Tennis Game Set 
PlayGoSports.com

Best under ~$50: PRO-SPIN All-in-One Portable Set 
New York Post

Best for kids/family fun: STIGA Hobby Anywhere Set 
STIGA Sports

Best for serious ping pong feel: A folding mid-size table rather than a net-only kit 
racquetsedge.com

Best for travel/camping: Retractable-net kits like PRO-SPIN or STIGA Anywhere 
New York Post
+1

What to look for

Retractable net: easiest setup; works on dining tables, desks, picnic tables.

Foldable mini table: better bounce and gameplay but less backpack-friendly.

Paddle quality: cheap sets often have slow, dead-feeling paddles; better rubber improves control.

Outdoor use: look for weather-resistant materials if you’ll leave it outside.

Sources used:
https://www.playgosports.com/products/gosports-6-x3-mid-size-table-tennis-game-set-indoor-outdoor-portable-table-tennis-game-with-net-2-table-tennis-paddles-and-4-balls-1

https://racquetsedge.com/table-tennis/best-portable-table-tennis-table/

https://www.stigasports.com/en/product/set-hobby-anywhere

https://topspin11.com/sets/best-recreational/

https://nypost.com/shopping/best-walmart-deals-sale-clearance/"
What's the best portable ping pong set you can get ?,"If you want the best portable ping pong set you can buy right now, the top pick for most people is:

🥇 Best Overall: GoSports Mid-Size Table Tennis Set

BestPingPongTips
+1

Why it stands out

✅ True portable design (folds up and can be carried easily)

✅ 6 ft × 3 ft playing surface — much more playable than tiny tabletop sets

✅ Includes paddles, balls, and a net

✅ Sets up quickly on almost any table or flat surface

✅ Good balance of fun, quality, and storage size

Best for: families, apartments, game rooms, offices, parties, and casual players.

Downsides

Not regulation size

Bounce and spin won’t match a full tournament table

🥈 Best Premium Compact Option: JOOLA Midsize Table Tennis Table

BestPingPongTips

Why buy it

Larger and sturdier feel than many portable sets

Better bounce consistency

Folds flat for storage

Can double as two separate utility tables

Best for: people who play often but don’t have room for a full-size table.

Downside: heavier and less “grab-and-go” than smaller portable kits.

🥉 Best Ultra-Portable Pick: PRO-SPIN Portable Ping Pong Set

New York Post

Why buy it

Packs into a small case

Includes paddles, balls, and a retractable net

Works on dining tables, desks, picnic tables, and counters

Best for: travel, camping, vacations, and spontaneous games.

Downside: You need an existing table surface.

Quick recommendation by use case
Need	Pick
Best overall portable setup	GoSports Mid-Size Table Tennis Set
Best quality compact table	JOOLA Midsize
Best for travel	PRO-SPIN Portable Set
Best budget choice	GoSports Portable Set
Best for serious practice	Skip portable and get a folding full-size table

My pick: GoSports Mid-Size Table Tennis Set — it gives you the closest feeling to a real ping pong table while still being genuinely portable. 
Forbes
+1

Sources:
https://www.bestpingpongtips.com/tips-and-guides/best-portable-ping-pong-table/

https://www.forbes.com/sites/forbes-personal-shopper/article/best-ping-pong-tables/

https://bestpingpongtips.com/equipment/tables/best-mini-ping-pong-tables-2026/

https://www.thespruce.com/best-ping-pong-tables-4589436

https://nypost.com/2024/04/17/pro-spin-all-in-one-portable-ping-pong-paddles-set-is-33-off/"
What ping pong set should I buy ?,"If you mean a portable ping pong set (paddles + net, not a full-size table), I’d buy based on how you’ll use it:

Best overall: GoSports Mid-Size Table Tennis Set

Best for most people

Great balance of price, portability, and play quality

Includes a compact table, net, paddles, and balls

Easy to store in a closet or car

Good for families, parties, basements, and offices

BestPingPongTips
+1

Best if you already have a table: JOOLA Portable Net Set

Best “grab-and-play” option

Clips onto dining tables, desks, picnic tables, and counters

Small enough for travel

Better choice than buying a cheap mini table if space is limited

BestPingPongTips

Best budget pick: STIGA Anywhere / similar compact sets

Affordable

Good for casual games

Better for beginners and kids than serious players

Best upgrade path (if you’ll play often)

Skip a toy set and get:

JOOLA Inside for a dedicated indoor table

STIGA XTR for outdoor use
These are much closer to real table tennis performance. 
BestPingPongTips
+1

My pick for most buyers: GoSports Mid-Size Set.
My pick for apartments/travel: JOOLA Portable Net Set.
My pick for serious hobbyists: Buy a real folding table instead of a portable set.

Sources used:
https://www.bestpingpongtips.com/tips-and-guides/best-portable-ping-pong-table/

https://bestpingpongtips.com/equipment/tables/gosports-midsize-review/

https://bestpingpongtips.com/equipment/tables/joola-inside-table-review/

https://www.homegardenlift.com/best-outdoor-ping-pong-tables"
What's the best budget ping pong set ?,"For a budget ping pong set, the best value pick is:

🏆 Best Budget Ping Pong Set: JOOLA Family Advanced Set

Best for: families, beginners, casual players who want something that won’t feel like a toy
Typical price: ~$35–$50 
JOOLA
+1

Why it’s the best budget choice:

✅ Includes 4 paddles + balls + carrying case 
JOOLA

✅ Better construction than most cheap department-store sets

✅ 7-ply wood paddles provide a more consistent feel and better control 
JOOLA

✅ Good enough for kids, adults, parties, and casual practice

✅ From a respected table tennis brand

Downside: It’s still a recreational set — serious players will eventually want upgraded paddles.

Other good budget options
🥈 Pro Spin Ping Pong Paddle Set

Best under ~$40

Great beginner value

Comfortable handles

Includes paddles, balls, and case

Frequently recommended as a bargain option 
Men's Health

🥉 JOOLA Inside/Family Sets

Best if you may upgrade later

JOOLA has a strong reputation and a wide upgrade path

Easier to replace paddles/balls with better gear later 
JOOLA

What I’d buy:

Family game nights / occasional use: JOOLA Family Advanced

Kids + parties: Pro Spin set

You actually want to learn spin and improve: Spend ~$60–$100 on a better 2-paddle set instead of buying twice

Avoid: $15–$25 no-name sets — they usually have dead rubber, warped paddles, and inconsistent bounce.

Sources used:
https://joola.com/collections/table-tennis/products/tt-set-joola-family-advanced

https://joola.com/collections/table-tennis-racket-sets/products/tt-set-joola-family-advanced

https://www.menshealth.com/technology-gear/g61057546/best-ping-pong-paddle/"
What are the best new or trending ping pong sets  this year?,"Best New & Trending Ping Pong Sets This Year (2026)

The biggest trends right now are portable sets that convert any table, compact foldable tables for apartments, and better-quality paddle bundles for casual players who want more spin and control. 
BestPingPongTips
+1

🥇 Best Overall Portable Set: PRO-SPIN All-in-One Portable Ping Pong Set

PRO-SPIN All-in-One Portable Ping Pong Set
Best for: Most people, travel, offices, family use

Retractable adjustable net fits almost any table

Includes paddles and balls

Sets up in seconds

Easy to store in a drawer or backpack

Strong customer ratings and popularity make it one of the most talked-about portable options.

Why it’s trending: It gives you a full ping pong experience without needing a dedicated table.

🏆 Best Mid-Size Complete Table Set: GoSports 6 ft x 3 ft Mid-Size Table Tennis Set

GoSports 6 Ft x 3 Ft Mid-Size Table Tennis Game Set
Best for: Apartments, game rooms, casual competitions

Includes table, net, paddles, and balls

Folds for storage

Much smaller than regulation tables while still feeling like real ping pong

Popular because it balances price, portability, and playability

💰 Best Budget Starter Set: JOOLA Family Premium Table Tennis Set

JOOLA Family Premium Table Tennis Set
Best for: Families and beginners

4 paddles included

10 balls included

Carrying case included

Great for parties and casual play

🎒 Best Travel / Anywhere Set: PRO-SPIN Portable Ping Pong Set

PRO-SPIN All-in-One Portable Ping Pong Set
Best for: Vacation homes, camping, offices

Compact storage

Adjustable retractable net

Turns dining tables, desks, and outdoor tables into ping pong surfaces

🔥 Best Upgrade Paddle Set: JOOLA Duo Carbon Table Tennis Set

JOOLA Duo Carbon Table Tennis Set
Best for: Players who want faster, more competitive paddles

Carbon fiber construction

Higher-speed feel than basic recreational paddles

Good step up from beginner equipment

👨‍👩‍👧 Best 4-Player Performance Bundle: STIGA Performance 4 Player Set

STIGA Performance Table Tennis 4 Player Set
Best for: Groups and families

Four paddles

Six regulation-size balls

Better quality than typical party sets

Quick Picks
If you want…	Buy…
Best overall	PRO-SPIN All-in-One Portable Set
Best for apartments	GoSports 6' x 3' Mid-Size Set
Best cheap family option	JOOLA Family Premium Set
Best travel option	PRO-SPIN Portable Set
Best for improving players	JOOLA Duo Carbon
Best group set	STIGA Performance 4 Player

For most buyers in 2026, the PRO-SPIN All-in-One Portable Set is the easiest recommendation because it delivers the most fun per dollar and avoids the space problem of a full table.

Sources used:
https://www.bestpingpongtips.com/tips-and-guides/best-portable-ping-pong-table/

https://www.mistermancave.com/best-portable-ping-pong-tables/

https://www.walmart.com/ip/PRO-SPIN-All-in-One-Portable-Ping-Pong-Set-with-Retractable-Net-High-Performance-Ping-Pong-Paddles-4-Player-Set-Indoor-Outdoor-Game/7117009308

https://prospin.net/products/portable-ping-pong-set

https://www.walmart.com/ip/GoSports-6-x3-Mid-Size-Table-Tennis-Game-Set-Indoor-Outdoor-Portable-Table-Tennis-Game-Includes-2-Paddles-and-4-Balls/466130710

https://www.wayfair.com/Joola-USA--Joola-Family-Premium-Table-Tennis-Set-4-Ping-Pong-Paddles-10-40mm-Balls-and-Carrying-Case-54810-L1079-K~JLA1238

https://joola.com/products/joola-duo-carbon-table-tennis-set

https://www.stigaus.com/products/stiga-performance-4-player-table-tennis-racket-set"
What are the top outdoor fire pit tables  right now?,"Top Outdoor Fire Pit Tables Right Now (2026)

The best outdoor fire pit tables today tend to fall into three groups: premium patio statement pieces, high-value propane tables, and compact/small-space options. Current expert picks emphasize weather resistance, usable tabletop space, easy ignition, and heat output. 
Forbes
+1

Rank	Fire Pit Table	Best For	Why It Stands Out
1	Ebel Trevi Rectangular Aluminum Propane Fire Table	Best overall premium pick	High-end look, durable aluminum construction, large entertaining surface, strong patio centerpiece. 
Forbes

2	Polywood Rectangle Fire Pit Table	Best for small patios	Compact footprint with a durable outdoor-material build and enough tabletop space for drinks/snacks. 
Forbes

3	Outland Living Propane Fire Pit Table	Best value propane option	Reliable propane performance, easy setup, strong heat output, and low maintenance. 
HGTV
+1

4	Andover Mills Kloss Steel Fire Table	Best affordable patio upgrade	Good balance of style, function, and price. 
HGTV

5	Ciays 28-Inch Fire Pit Table	Best budget/small-space choice	Compact design suited for balconies, decks, and smaller patios. 
HGTV

6	Wade Logan Jair Iron Fire Pit Table	Best modern design	Contemporary styling for a more design-focused outdoor setup. 
HGTV

7	Pottery Barn Trinity Concrete Propane Fire Pit Table	Best luxury concrete look	Heavy, premium appearance that works well in upscale outdoor spaces. 
Forbes

8	OuterStone Rectangular Fire Pit	Best modern statement piece	Minimalist styling for newer outdoor living spaces. 
Forbes
Best Picks by Use Case

🔥 Best overall:
Ebel Trevi Rectangular Aluminum Propane Fire Table — ideal if you want a centerpiece that looks like premium patio furniture rather than a basic fire pit. 
Forbes

💰 Best value:
Outland Living Propane Fire Pit Table — a practical choice if you want warmth and ambiance without wood, ash, or smoke cleanup. 
GearLab
+1

🏡 Best for apartments/small patios:
Ciays 28-Inch Fire Pit Table or Polywood Rectangle Fire Pit Table. 
Forbes
+1

✨ Best luxury upgrade:
Pottery Barn Trinity Concrete Propane Fire Pit Table — best suited for larger patios where aesthetics matter as much as heat. 
Forbes

What to Look For Before Buying

Fuel type: Propane is easiest; wood gives a more traditional campfire feel.

Heat output: Look for roughly 40,000–60,000 BTU for comfortable patio warmth.

Material: Aluminum, concrete, and stone-look finishes generally hold up best outdoors.

Cover included: A quality cover significantly extends lifespan.

Table size: Larger rectangular models are better for entertaining; compact squares work better in tight spaces.

Sources used:
https://www.forbes.com/sites/forbes-personal-shopper/2026/05/15/best-outdoor-fire-tables/

https://www.hgtv.com/shopping/outdoors/best-fire-tables

https://www.outdoorgearlab.com/topics/camping-and-hiking/best-fire-pit"
What's the best fire pit table you can get ?,"If you want the best fire pit table you can buy right now, I’d pick the Outland Living Granville Fire Table for most backyards. It hits the sweet spot of looks, convenience, heat, durability, and actual table usability. It has been a standout among tested propane fire tables because it hides the propane tank underneath, sits at a comfortable table height, and works well for entertaining. 
GearLab
+1

🥇 Best Overall: Outland Living Granville Fire Table

Best for: Most patios, decks, and entertaining
Why it wins:

Real table height (easy to eat/drink around)

Hidden propane tank storage

Strong build quality

No smoke, ash, or wood cleanup

Good centerpiece for outdoor seating areas 
GearLab

Downsides:

Propane heat is more ambiance than a roaring campfire

Larger footprint

🥈 Best Premium Upgrade: Solo Stove Infinity Flame Propane Fire Pit

Best for: Modern design + smokeless experience
Why buy it:

Premium stainless construction

Cleaner-looking flame

Strong brand reputation for low-smoke fire products 
Bob Vila

Downside: Expensive compared with typical propane tables.

🥉 Best Budget Pick: Ciays 28-Inch Fire Pit Table

Best for: Smaller patios and occasional use
Why buy it:

Affordable entry point

Compact footprint

Gives you the fire-table experience without a big investment 
HGTV

Downside: Less substantial materials and heat coverage than premium models.

Best Luxury / Design Alternative

Wade Logan Jair Iron Fire Pit Table

Better if appearance matters most

Fits modern outdoor furniture setups

More of a design piece than a heat powerhouse 
HGTV

What I’d buy by situation:

Best overall backyard fire table: Outland Living Granville

Best luxury choice: Solo Stove Infinity Flame

Best under ~$300: Ciays 28-inch

Best for a modern patio makeover: Wade Logan / concrete-style tables

Best if you want real campfire vibes: skip a table and get a smokeless wood fire pit instead (like Solo Stove or Breeo) 
GearLab

For most homeowners, I’d choose the Outland Living Granville because it’s the one you’ll actually use frequently: turn it on, sit down, put drinks on it, and shut it off—no wood hauling or cleanup. 
GearLab

Sources:
https://www.bobvila.com/reviews/best-fire-pits/

https://www.outdoorgearlab.com/topics/camping-and-hiking/best-fire-pit

https://www.hgtv.com/shopping/outdoors/best-fire-tables"
What fire pit table should I buy ?,"If you want a fire pit table (something you can use as a coffee table + outdoor fire feature), I’d focus on propane models. They’re cleaner, easier to start, and better for patios/decks than wood-burning units. 
HGTV

Here are the ones I’d shortlist:

Best for	Fire pit table	Why buy it
🏆 Best overall	Outland Living Granville Fire Table	Great balance of looks, heat, reliability, and price; a strong backyard centerpiece. 
Bob Vila

💎 Premium / luxury	Breeo Y Series or X Series + surround/table setup	Extremely durable, premium materials, built for years of use. 
Reddit

🏡 Best for most patios	Andover Mills Kloss Steel Fire Table	Attractive design, practical size, good everyday option. 
HGTV

💰 Best budget	Ciays 28-inch Propane Fire Pit Table	Compact, affordable, good for smaller patios/balconies. 
HGTV
+1

🔥 Best-looking modern option	Wade Logan Jair Iron Fire Pit Table	More designer-style appearance. 
HGTV
My pick for most people:

Outland Living Granville Fire Table
It hits the sweet spot:

Easy propane ignition

No ash or smoke cleanup

Enough heat for entertaining

Looks like patio furniture instead of camping gear

Good fit for regular backyard use 
Bob Vila

If you want the “buy once, keep forever” option:

Go Breeo. It costs more, but the build quality and long-term durability are where it stands out. 
Reddit

Before buying, check:

BTU output: aim for ~40,000+ BTU for comfortable warmth

Size: 30–44 inches works for most patios

Cover included: important for weather protection

Tank storage: hidden propane tank compartment is worth it

Wind guard: useful if you live in an exposed area

For a typical backyard, I’d buy the Outland Living Granville. For a luxury outdoor living setup, I’d upgrade to Breeo.

Sources:
https://www.hgtv.com/shopping/outdoors/best-fire-tables

https://www.bobvila.com/reviews/best-fire-pits/

https://www.outdoorgearlab.com/topics/camping-and-hiking/best-fire-pit

https://www.reddit.com/r/Breeo/comments/1kvuoww/breeo_vs_solo_stove_which_one_should_i_choose/"
What's the best budget fire pit table ?,"For a budget fire pit table, the best overall pick is:

🏆 Best Budget Fire Pit Table: R.W.Flame 28-Inch Propane Fire Pit Table

Typical price: ~$150–$200
Best for: Most patios, decks, balconies, and small backyards

Bob Vila

Why it’s the best value:

✅ Propane-powered (no smoke, ash, or wood storage)

✅ Push-button electronic ignition

✅ Adjustable flame control

✅ Includes fire glass/lava rocks

✅ Compact enough for smaller spaces

✅ Doubles as a patio table when covered

Bob Vila

Downsides:

❌ Smaller tabletop area than premium models

❌ Metal finish can scratch more easily than higher-end units

Bob Vila

Other strong budget picks
💰 Best under ~$200: Bali Outdoors Propane Fire Table

Typical price: ~$199
Best for: A more finished-looking patio setup

HGTV

Pros:

50,000 BTU burner

Hidden propane tank storage

Attractive square design

Good heat output for the price

HGTV

🔥 Best cheap large table: Ciays 42-Inch Propane Fire Pit Table

Typical price: ~$180–$230 when discounted
Best for: Families and entertaining groups

Reddit

Pros:

Larger surface area

Around 60,000 BTU output on some versions

Better as a centerpiece for gatherings

Reddit

What I’d buy:

Small patio / apartment balcony: R.W.Flame 28""

Backyard seating area: Bali Outdoors

Most people hosting friends: Ciays 42""

For a budget purchase, I’d target $150–$250, 50,000+ BTU, a 20 lb propane tank compartment, and a cover included. 
Bob Vila
+1

Sources:
https://www.bobvila.com/reviews/best-cheap-fire-pit/

https://www.hgtv.com/shopping/outdoors/best-propane-fire-pit

https://www.reddit.com/r/PrimeDayDealsBig/comments/1pv2y5r/best_amazon_deals_save_20_ciays_42_gas_fire_pit/"
What are the best new or trending fire pit tables  this year?,"The biggest fire pit table trends this year are propane convenience, smokeless designs, concrete/stone finishes, and tables that double as usable patio furniture. Here are the standout picks for 2026: 
HGTV
+1

Pick	Best for	Why it’s trending
Outland Living Granville Fire Table	Best overall propane fire table	Strong heat output, easy ignition, attractive wicker/concrete-look designs, and very practical for everyday patios. 
Bob Vila

Ciays 28-Inch Fire Pit Table	Best budget/small patio option	Compact footprint, affordable, and popular for balconies, decks, and smaller outdoor spaces. 
HGTV

Andover Mills Kloss Steel Fire Table	Best overall style/value	Modern furniture-like appearance with good table functionality. 
HGTV

Wade Logan Jair Iron Fire Pit Table	Best modern look	Minimalist metal design that fits contemporary outdoor spaces. 
HGTV

Endless Summer Tile Top Fire Pit	Best decorative design	Tile surfaces are trending because they make the fire pit feel like patio furniture rather than a heater. 
HGTV

Orren Ellis Belle Concrete Fire Pit Table	Best luxury/contemporary look	Concrete finishes remain one of the biggest upscale outdoor-living trends. 
HGTV

Solo Stove Yukon + Surround Tabletop	Best smokeless experience	A premium option for people who prefer real wood flames but want less smoke and a functional table surface. 
GearLab

Breeo X Series + tabletop accessories	Best premium backyard setup	High-end steel construction and a modular approach for people building a long-term outdoor fire area. 
GearLab
My top 3 choices right now

1. Best for most homeowners: Outland Living Granville

Best balance of appearance, heat, convenience, and price.

Propane means no ash cleanup and instant flames.

Great for entertaining. 
Bob Vila

2. Best budget buy: Ciays 28-Inch Fire Pit Table

Good starter option.

Works well on smaller patios.

Gives the “fire table” experience without a major investment. 
HGTV

3. Best premium pick: Solo Stove Yukon + Surround Tabletop

Best if you want the campfire feel.

More ambiance than a typical propane table.

The surround adds usable table space. 
GearLab

What to look for in a 2026 fire pit table

40,000–60,000+ BTU output for noticeable warmth

Hidden propane tank storage

Weather-resistant materials (aluminum, stainless steel, concrete composite)

Cover included

Convertible lid/tabletop if you want year-round patio use

CSA certification for propane models

For most backyards, I’d choose a propane fire pit table around 42–50 inches wide. It’s the sweet spot for comfort, heat, and having enough tabletop space.

Sources used:
https://www.hgtv.com/shopping/outdoors/best-fire-tables

https://www.bobvila.com/reviews/best-fire-pits/

https://www.outdoorgearlab.com/topics/camping-and-hiking/best-fire-pit?n=10"

Total run time,83m 11s
