Query,Response
What are the best beauty and personal care products to buy at Walmart in 2026?,"Best Walmart beauty buys in 2026

These picks balance performance, price, strong customer ratings, broad usefulness, and current Walmart availability. Prices were checked on July 14, 2026 and may vary by store.

CeraVe Hydrating Facial Cleanser
$16.97•Gentle, hydrating cleanser with hyaluronic acid.
CeraVe Moisturizing Cream
$15.97•Rich moisturizer ideal for very dry skin.
e.l.f. Suntouchable Invisible Sunscreen SPF 35
$13.00•Invisible SPF 35 suitable for makeup wear.
Garnier Micellar Cleansing Water
$11.82•Effective makeup remover with micellar water.
e.l.f. Halo Glow Liquid Filter
$14.00•Glow-boosting liquid filter for radiant skin.
L’Oréal Lumi Glotion
$14.97•Subtle glow enhancer for natural luminosity.
Dove Deep Moisture Body Wash
$10.97•Everyday body wash for soft, nourished skin.
Olay Super Serum Body Wash
$13.97•Premium body wash for a luxurious shower experience.
Neutrogena Hydro Boost Body Gel Cream
$10.89•Lightweight gel cream for hydration without heaviness.
Lume Whole Body Deodorant Spray
$14.97•Aluminum-free spray deodorant for full-body freshness.
The strongest overall picks
Category	Product	Typical price	Best for
Cleanser	CeraVe Hydrating Facial Cleanser	$16.97, 19 oz	Normal, dry or sensitive skin
Moisturizer	CeraVe Moisturizing Cream	$15.97, 16 oz	Dry skin, face and body
Facial sunscreen	e.l.f. Suntouchable Invisible Sunscreen SPF 35	$13	Invisible finish under makeup
Makeup remover	Garnier Micellar Cleansing Water	$11.82, 23.7 oz	High-value first cleanse
Mascara	Maybelline Lash Sensational Sky High	$10.82	Length and everyday definition
Primer	e.l.f. Power Grip Primer	About $10	Extending makeup wear
Glow product	e.l.f. Halo Glow Liquid Filter	$14	Dewy, light-coverage looks
Damaged-hair shampoo	L’Oréal EverPure Bond Repair	$9.97	Color-treated, bleached or fragile hair
Body wash	Dove Deep Moisture Body Wash	$10.97, 34 oz	Dry or easily irritated skin
Body moisturizer	Neutrogena Hydro Boost Body Gel Cream	$10.89	Lightweight, non-greasy hydration
Antiperspirant	Dove Advanced Care Dry Spray	Varies	Strong sweat protection
Whole-body deodorant	Lume Whole Body Deodorant Spray	$14.97	Odor control beyond underarms

Walmart currently groups many of these products within its beauty best-seller collections, and several carry thousands—or tens of thousands—of customer ratings. 
Walmart.com
+1

Best by category
Skincare

Best basic routine: CeraVe Hydrating Facial Cleanser plus CeraVe Moisturizing Cream. Both are fragrance-free, barrier-focused staples, and the cream can replace separate face and body moisturizers for many dry-skin users.

Best facial SPF under makeup: e.l.f. Suntouchable Invisible Sunscreen SPF 35. It applies as a clear gel, doubles as a blurring primer and has a 4.6-star rating from more than 12,000 Walmart reviews. 
Walmart.com

Best SPF for acne-prone skin: Neutrogena Clear Face SPF 50, currently about $12.48. It is oil-free and marketed as non-comedogenic.

Best one-step morning product: CeraVe AM Facial Moisturizing Lotion SPF 50, about $15.87. It combines moisturizer and broad-spectrum protection, reducing the number of products needed.

Best makeup remover: Garnier Micellar Cleansing Water. The large 23.7-ounce size is a particularly good value for removing sunscreen and everyday makeup before cleansing.

Makeup

Best mascara: Maybelline Lash Sensational Sky High. The washable version was approximately $10.82 and had a 4.6-star rating across roughly 25,600 Walmart ratings when checked. Choose waterproof for humidity and washable for easier nightly removal. 
Walmart.com
+1

Best primer: e.l.f. Power Grip Primer. The clear gel grips makeup while adding hydration; the niacinamide version is better suited to a glowy finish, while the newer matte version is a stronger choice for oily skin. 
Walmart.com
+2
Walmart.com
+2

Best glow booster: e.l.f. Halo Glow Liquid Filter. It can be worn alone, beneath foundation or mixed into complexion products.

Best understated alternative: L’Oréal Lumi Glotion. It provides a softer luminous finish and works on the face, shoulders and body.

Hair care

Best for damaged or color-treated hair: L’Oréal EverPure Bond Repair Shampoo. It is sulfate-free and designed to strengthen weakened hair while supporting color retention; the standard bottle was about $9.97. 
Walmart.com
+1

This is most worthwhile for hair affected by bleaching, frequent heat styling or chemical treatments. For relatively healthy or fine hair, a simpler moisturizing shampoo may be more economical.

Body and personal care

Best everyday body wash: Dove Deep Moisture. The 34-ounce pump offers excellent cost per use and had a 4.8-star rating from more than 25,000 reviews.

Best upgraded body wash: Olay Super Serum Body Wash. It costs slightly more but targets hydration, smoothing and a more luminous appearance.

Best lightweight body moisturizer: Neutrogena Hydro Boost Body Gel Cream. The fast-absorbing gel texture is particularly useful in warm weather.

Best rich body moisturizer: CeraVe Moisturizing Cream. Pick this instead of Hydro Boost for eczema-prone, winter-dry or very dry skin.

Best antiperspirant: Dove Advanced Care Dry Spray. Unlike deodorant-only products, it controls both sweat and odor; Walmart listings advertise up to 72-hour protection and skin-conditioning ingredients. 
Walmart.com
+1

Best aluminum-free whole-body option: Lume Spray. It is more expensive and does not prevent sweating, but it is useful where odor—not moisture—is the main concern.

Best $50 starter basket

A balanced routine without buying unnecessary extras:

CeraVe Hydrating Facial Cleanser, travel size — about $3.97

CeraVe Moisturizing Cream — about $15.97

e.l.f. Suntouchable Invisible Sunscreen — $13

Maybelline Sky High Mascara — about $10.82

Dove Deep Moisture Body Wash, smaller size — about $4.97

Estimated total: $48.73 before tax.

Sources

https://www.walmart.com/browse/beauty/beauty-best-sellers/1085666_7876574

https://www.walmart.com/cp/beauty/1085666

https://www.walmart.com/ip/e-l-f-Power-Grip-Primer-0-811-fl-oz/951334506

https://www.walmart.com/ip/e-l-f-Power-Grip-Primer-4-Niacinamide-0-8-fl-oz/1053626513

https://www.walmart.com/ip/e-l-f-Power-Grip-Matte-Primer-0-87-fl-oz/8864361993

https://www.walmart.com/ip/Maybelline-Lash-Sensational-Sky-High-Washable-Mascara-Makeup-Blackest-Black-0-24-fl-oz/320040053

https://www.walmart.com/ip/Maybelline-Lash-Sensational-Sky-High-Waterproof-Mascara-Makeup-Brownish-Black-0-2-fl-oz/114444744

https://www.walmart.com/ip/L-Oreal-Paris-EverPure-Sulfate-Free-Strengthening-Spilt-End-Repair-Shampoo-Damaged-Hair-6-8-fl-oz/770318815

https://www.walmart.com/ip/L-Oreal-Paris-Sulfate-Free-Bond-Repair-Shampoo-for-Damaged-Hair-EverPure-for-Adults-23-fl-oz/5726822284

https://www.walmart.com/ip/Dove-Advanced-Care-Long-Lasting-Women-s-Antiperspirant-Deodorant-Dry-Spray-Cool-Essentials-3-8-oz/39993098

https://www.walmart.com/ip/Dove-Advanced-Care-Dry-Spray-Invisible-Clear-Finish-Antiperspirant-Deodorant-3-8-oz/55072155"
Which Walmart skincare products feel like affordable alternatives to higher-end options?,"Walmart has several products that deliver a similar texture, ingredient profile, or routine role to prestige skincare. They are not formula-identical dupes, but these are the closest affordable swaps I’d consider.

e.l.f. Holy Hydration! Face Cream Fragrance Free
$12.97•Allergy-friendly, fragrance-free face cream for hydration.
e.l.f. Holy Hydration! Barrier Goals Cream
$12.97•Rich barrier support in a hydrating cream.
Neutrogena Hydro Boost Water Cream
$19.97•Luxury water-cream feel for deep hydration.
Neutrogena Hydro Boost Daily Gel Cream
$19.97•Lightweight gel for daily hydration.
CeraVe Ultra-Light Moisturizing Gel
$16.18•Ideal for oily skin, lightweight moisturizer.
Olay Regenerist Collagen Peptide 24 Moisturizer
$29.94•Peptide-rich moisturizer for collagen support.
Olay Regenerist Night Recovery Cream
$27.48•Overnight anti-aging cream for skin recovery.
Bubble Slam Dunk Hydrating Moisturizer
$18.97•Hydrating moisturizer for dry skin, value size.
Best affordable alternatives
Walmart pick	Higher-end experience it resembles	Why it works
e.l.f. Holy Hydration! Fragrance Free — $12.97	Clinique Moisture Surge or peptide moisturizers	Hyaluronic acid, niacinamide, squalane and peptides in a smooth, fast-absorbing cream. Excellent everyday choice.
e.l.f. Barrier Goals Cream — $12.97	First Aid Beauty Ultra Repair Cream	A richer, soothing option with colloidal oatmeal and cica. Best when skin feels tight, irritated or over-exfoliated.
Neutrogena Hydro Boost Water Cream — $19.97	Clinique Moisture Surge or Tatcha Water Cream	Provides the refreshing, bouncy water-cream texture people often seek from prestige moisturizers. Choose the fragrance-free version for sensitive skin.
CeraVe Ultra-Light Moisturizing Gel — $16.18	Lightweight barrier gels from Skinfix or Paula’s Choice	Ceramides, niacinamide and hyaluronic acid, but with a weightless, less-shiny finish suited to combination or oily skin.
Olay Collagen Peptide 24 — $29.94	Drunk Elephant Protini-style peptide moisturizer	A fragrance-free peptide cream with a more substantial, polished feel than most drugstore moisturizers.
Olay Regenerist Night Recovery — $27.48	Premium peptide night creams	Plush but non-greasy, making it a good choice when you want the cushioned feel of a luxury overnight moisturizer.
Bubble Slam Dunk bonus size — $18.97	Youth to the People or Glow Recipe everyday creams	Creamy, fragrance-free and non-comedogenic. Particularly good for normal-to-dry skin wanting trendy packaging without prestige pricing.
CeraVe Skin Renewing Night Cream — about $15–$22	Costlier ceramide-and-peptide recovery creams	Combines ceramides, hyaluronic acid, niacinamide and peptides. Dermatologists frequently point to affordable formulas like CeraVe as evidence that effective skincare need not be expensive. 
Walmart.com
+1
My three strongest buys

Best overall: e.l.f. Holy Hydration! Fragrance Free. It feels more expensive than its price and contains several useful hydrating and barrier-supporting ingredients.

Best gel moisturizer: Neutrogena Hydro Boost Water Cream. It most closely recreates the sensorial appeal of a luxury water cream.

Best richer treatment moisturizer: Olay Collagen Peptide 24. It is the better pick when peptides, firmness and a polished cream texture matter more than getting the absolute lowest price.

The practical rule is to compare active ingredients and texture, not packaging or brand status. Dermatologists note that prestige pricing can reflect marketing and presentation, while affordable formulas containing ceramides, retinoids, hyaluronic acid and niacinamide can still be highly effective. 
Byrdie
 Prices and local availability can vary.

Sources

https://www.walmart.com/brand/cerave/10000657

https://www.walmart.com/ip/e-l-f-SKIN-Holy-Hydration-Face-Cream-Fragrance-Free/622564665

https://www.walmart.com/ip/e-l-f-SKIN-Holy-Hydration-Barrier-Goals-Cream/17831264006

https://www.walmart.com/ip/Neutrogena-Hydro-Boost-Water-Cream-Face-Moisturizer-with-Hyaluronic-Acid-Fragrance-Free-1-7-oz/2843002480

https://www.walmart.com/ip/CeraVe-Ultra-Light-Gel-Face-Moisturizer-with-Hyaluronic-Acid-Niacinamide-All-Skin-Types-1-75-fl-oz/3209837252

https://www.walmart.com/ip/Olay-Skincare-Regenerist-Collagen-Peptide-24-Facial-Moisturizer-Fragrance-Free-1-7-oz/939524670

https://www.walmart.com/ip/Olay-Skin-Care-Regenerist-Night-Recovery-Anti-Aging-Cream-Facial-Moisturizer-Fragrance-Free-1-7-fl-oz/133655044

https://www.walmart.com/ip/Bubble-Skincare-Slam-Dunk-Hydrating-Facial-Moisturizer-Bonus-Size-50-more-75ml-Normal-to-Dry-Skin/16340652907

https://www.byrdie.com/difference-between-expensive-and-affordable-skincare-4800708

https://people.com/dermatologist-best-skincare-products-cvs-november-2025-11852055"
What are the best Walmart beauty finds under $20?,"Here are the strongest Walmart beauty finds under $20, based on current prices, customer ratings, versatility, and recent affordable-beauty coverage. Prices may vary by shade, store, and fulfillment method.

e.l.f. Halo Glow Skin Tint Mineral SPF 50
$14.00•Lightweight skin tint with SPF 50 for natural glow.
e.l.f. Power Grip Primer
$10.00•Makeup-gripping primer for long-lasting looks.
e.l.f. Camo Liquid Blush
$7.00•Pigmented, dewy blush for a fresh flush.
Maybelline Falsies Lash Lift Mascara
$10.98•High-impact mascara for bold lashes.
L’Oréal True Match Hyaluronic Tinted Serum
$15.82•Hydrating tinted serum with light coverage.
e.l.f. Holy Hydration Face Cream
$12.97•Fragrance-free face cream for daily hydration.
L’Oréal Lumi Glotion
$14.97•Glow-enhancing liquid for a natural radiance.
Maybelline Lifter Gloss
$9.98•Hyaluronic gloss for glossy, hydrated lips.
Milani Conceal + Perfect Foundation
$10.47•Full coverage foundation with a natural finish.
NYX Soft Matte Lip Cream
$5.65•Affordable matte lip cream in vibrant shades.
e.l.f. Holy Hydration Thirst Burst Drops
$11.97•Dewy serum for refreshed, plump skin.
e.l.f. Soft Glam Satin Concealer
$5.00•Soft concealer for brightening and smoothing.
Top picks by category

Best overall: e.l.f. Halo Glow Skin Tint SPF 50 — $14
Light, buildable coverage plus mineral SPF 50 makes this an especially strong everyday value. Use enough sunscreen—or wear a separate SPF—to receive adequate protection.

Best primer: e.l.f. Power Grip Primer — $10
A tacky gel primer that helps makeup last longer without feeling heavy. It has a 4.7-star rating from more than 19,000 Walmart reviews.

Best blush: e.l.f. Camo Liquid Blush — $7
Highly pigmented, blendable and long-wearing. Start with a tiny dot because the color payoff is substantial.

Best mascara: Maybelline Falsies Lash Lift — about $11
A fiber-infused formula for noticeable lift, volume and length, backed by more than 37,000 reviews.

Best complexion upgrade: L’Oréal True Match Hyaluronic Tinted Serum — about $16
A good choice when you want light, skin-like coverage rather than a traditional full foundation.

Best moisturizer: e.l.f. Holy Hydration Fragrance-Free Face Cream — about $13
Contains hyaluronic acid, niacinamide and squalane. The fragrance-free version is the smarter choice for sensitive or easily irritated skin.

Best multitasker: L’Oréal Lumi Glotion — about $15
Wear it alone, underneath foundation, mixed into complexion makeup or tapped onto the high points of the face.

Best lip gloss: Maybelline Lifter Gloss — about $10
Provides a high-shine finish with a smoother, cushioned feel. It is one of the safest affordable lip-product recommendations.

Best full-coverage base: Milani Conceal + Perfect Foundation — about $10.50
Medium-to-full coverage with a natural-matte finish. Particularly useful for events, photography or longer wear.

Best ultra-budget find: e.l.f. Soft Glam Satin Concealer — $5
Lightweight, buildable coverage with a satin finish—and one of the best price-to-performance ratios in the current assortment.

Walmart currently maintains dedicated under-$20 and trending-beauty sections, while recent 2026 affordable-beauty awards continue to recognize accessible brands such as e.l.f., Milani and NYX. 
Walmart.com
+2
NewBeauty
+2

Sources
https://www.walmart.com/browse/beauty/makeup-finds-under-20/1085666_1007040_1735229
https://www.walmart.com/cp/beauty/1085666
https://www.walmart.com/shop/deals/beauty-and-grooming/trending-beauty-products
https://www.newbeauty.com/view/newbeauty-award-winners-2026-20-dollars-and-under
https://www.allure.com/gallery/best-beauty-brands-at-walmart
https://www.byrdie.com/best-under-35-beauty-products-2026-12006322"
Which beauty products at Walmart are actually worth the money?,"The best-value Walmart beauty buys are usually high-performing drugstore staples, not trendy marketplace listings. These are the strongest picks based on current pricing, customer ratings, formulas, and recent beauty-editor recommendations. 
Allure
+3
Allure
+3
Allure
+3

CeraVe Hydrating Facial Cleanser
$15.97•Hydrating cleanser ideal for dry skin.
CeraVe Cream-to-Foam Facial Cleanser
$15.97•Cream-to-foam formula for makeup removal.
CeraVe Foaming Facial Cleanser
$12.37•Foaming cleanser for oily skin.
Neutrogena Hydro Boost Fragrance-Free Cleanser
$17.97•Hydrating gel wash, fragrance-free.
Neutrogena Hydro Boost Gel Cleanser
$11.97•Affordable gel cleanser with hyaluronic acid.
e.l.f. Halo Glow Liquid Filter
$14.00•Glow-enhancing liquid filter for radiant skin.
e.l.f. Clean Freak Daily Cleanser
$9.97•Daily cleanser under $10 for fresh skin.
Maybelline Sky High Mascara
$13.99•Lengthening mascara for dramatic lashes.
The products most worth buying

1. CeraVe Hydrating Facial Cleanser — about $16 for 16 oz
The safest all-around value for normal, dry, or sensitive skin. It uses ceramides, glycerin, and hyaluronic acid and has a 4.6-star rating from more than 10,000 Walmart reviews. The larger bottle offers better value than the smaller sizes. 
Walmart.com

2. CeraVe Cream-to-Foam Facial Cleanser — about $16
Choose this instead of the standard Hydrating Cleanser when you wear sunscreen or makeup. It cleans more thoroughly without being as stripping as many traditional foaming washes.

3. CeraVe Foaming Facial Cleanser — about $12
One of the better inexpensive choices for combination or oily skin. It removes excess oil but is formulated to avoid the tight, squeaky-clean feeling associated with harsher cleansers.

4. e.l.f. Halo Glow Liquid Filter — about $14
A strong value for anyone who likes radiant, light-coverage makeup. It can work alone, beneath foundation, mixed into foundation, or as a targeted highlighter. Walmart currently lists it with a 4.6-star rating from more than 12,000 reviews.

5. Maybelline Lash Sensational Sky High Mascara — usually around $12–$14
Worth buying for noticeable length and separation without paying prestige-mascara prices. The flexible brush is particularly good for reaching shorter inner and outer lashes.

6. Neutrogena Hydro Boost Fragrance-Free Gel Cleanser — about $18 for 16 oz
A good alternative to CeraVe for people who prefer a lighter, foaming gel texture. The large bottle and fragrance-free formula make it the version worth choosing.

7. e.l.f. Clean Freak Daily Cleanser — about $10
The budget pick for a simple daily cleanser. It is less established than the CeraVe options, but its hydrating formula and sub-$10 price make it attractive for uncomplicated skin.

8. Hero Cosmetics Mighty Patch
These are worth the money for individual whiteheads because hydrocolloid patches protect blemishes from picking and absorb surface fluid. They are less useful for deep, painful cystic acne.

9. L’Oréal Elvive 8 Second Wonder Water
A worthwhile occasional treatment for rough, dull or tangle-prone hair. It creates fast cosmetic smoothing and shine, though it does not permanently repair damaged hair.

10. e.l.f. Power Grip Primer
A particularly good buy when makeup tends to separate or fade. Use a thin layer and let it become tacky before applying foundation; too much can cause pilling.

What I would skip

Avoid unfamiliar third-party skincare, sunscreen or luxury fragrance listings that appear dramatically cheaper than authorized retailers. Walmart’s online assortment includes marketplace sellers, so check that the item is sold and shipped by Walmart or the brand. I would also skip expensive facial scrubs, collagen creams making dramatic claims, and oversized makeup bundles containing shades you will not use.

For a simple high-value basket, I would buy CeraVe cleanser, e.l.f. Halo Glow, Maybelline Sky High and a pack of Mighty Patches.

Sources used:

https://www.walmart.com/cp/beauty/1085666

https://www.walmart.com/ip/CeraVe-Hydrating-Facial-Cleanser-Daily-Face-Wash-for-Normal-to-Dry-Skin-12-fl-oz/491147048

https://www.allure.com/gallery/best-beauty-brands-at-walmart

https://www.allure.com/story/2026-readers-choice-winner-product-reviews

https://www.allure.com/best-of-beauty-2025-winners/steals

https://www.glamour.com/story/best-walmart-beauty-products"
What are the most underrated beauty and personal care products at Walmart?,"The most underrated Walmart finds tend to be store-exclusive or lower-profile formulas with strong reviews, rather than the products already viral on TikTok. Prices shown are current online prices and may vary by store.

Equate Hydration Gel Moisturizer
$10.87•Budget-friendly hydration gel for face and neck.
Bevel Hydrating Face Gel
$12.95•Lightweight gel with Vitamin C for all skin types.
By Nature Vitamin C Cream Cleanser
$8.97•Gentle, hydrating Vitamin C cream cleanser.
Garnier Gentle Peeling Micellar Water
$8.82•Clever exfoliating micellar water for gentle cleansing.
Cliganic Organic Rosehip Oil
$9.98•Multipurpose organic rosehip oil for skin and hair.
Onyx Lotion & Serum Duo
$6.97•Affordable lotion and serum duo for all skin types.
Tree Hut Hydraglow Body Serum
$11.97•Lightweight body serum for hydration and glow.
Egyptian Magic Skin Cream
$13.96•Versatile skin cream for multiple uses.
ITK Weightless Hydrating Moisturizer
$14.82•Under-the-radar, hydrating moisturizer with Niacinamide.
Bubble Tell All Lip Balm
$7.98•Non-waxy lip balm with juicy, nourishing formula.
The standouts

1. Equate Hydration Gel Facial Moisturizer — $10.87
A surprisingly good lightweight gel cream with a 4.6-star rating from more than 1,200 reviews. It is an excellent pick for combination or oily skin and feels considerably more expensive than the packaging suggests.

2. Bevel Hydrating Face Gel — $12.95
One of the least-discussed moisturizers in the aisle. The oil-free gel absorbs quickly and works especially well for anyone who dislikes heavy or greasy creams.

3. By Nature Vitamin C & Collagen Cream Cleanser — $8.97
A large 7-ounce creamy cleanser that is better suited to dry skin than many foaming drugstore washes. The plant squalane and vitamin E make it a particularly strong cold-weather value.

4. Garnier Gentle Peeling Micellar Water — $8.82
More interesting than standard micellar water: it combines makeup removal with 1% PHA and glycolic acid for very mild exfoliation. Best used a few evenings per week rather than treated as an aggressive peel.

5. Cliganic Organic Rosehip Oil — $9.98
A straightforward, inexpensive face-and-hair oil without a complicated ingredient list. A couple of drops can be layered over moisturizer, rubbed into cuticles or smoothed over dry hair ends.

6. Onyx Professional Lotion & Serum Duo — $6.97
Perhaps the best true hidden gem: a fast-absorbing body moisturizer with ceramide NP and primrose oil for less than $7. It offers a more elevated texture than most lotions in this price range. 
Walmart.com

7. Tree Hut Hydraglow Body Serum — $11.97
A lighter alternative to body butter. It contains hyaluronic acid and vitamin C and is especially useful during warm weather or underneath a thicker lotion when skin is very dry.

8. Egyptian Magic All Purpose Skin Cream — $13.96
A dense multipurpose balm for dry patches, elbows, heels, cuticles and slugging. Because it is rich, it makes more sense as a targeted treatment than as an everyday moisturizer for acne-prone faces.

9. ITK Weightless Hydrating Moisturizer — $14.82
An overlooked all-rounder containing niacinamide, hyaluronic acid and vitamin E. It has a 4.8-star rating and is a good middle ground between a watery gel and a rich cream.

10. Bubble Tell All Juicy Secret Lip Balm — $7.98
One of Bubble’s quieter products, but arguably one of its most practical. It moisturizes without the thick waxiness or intense stickiness common in inexpensive lip treatments.

Best three to try first

For the strongest combination of price, usefulness and low hype, start with:

Onyx Lotion & Serum Duo for body care

Equate Hydration Gel for facial moisturizing

Garnier Gentle Peeling Micellar Water for cleansing and light exfoliation

Sources

https://www.walmart.com/ip/Equate-Beauty-Hydration-Gel-Facial-and-Neck-Moisturizer-1-7-oz/523896998

https://www.walmart.com/ip/Bevel-Hydrating-Face-Gel-with-Vitamin-C-for-All-Skin-Types-4-oz/725555075

https://www.walmart.com/ip/By-Nature-From-New-Zealand-Vitamin-C-Collagen-Brightening-Hydrating-Cream-Cleanser-for-Dry-Skin/792742456

https://www.walmart.com/ip/Garnier-SkinActive-Micellar-Gentle-Peeling-Water-Facial-Cleanser-13-5-fl-oz/2515444180

https://www.walmart.com/ip/Cliganic-Organic-Rosehip-Oil-1oz/5712596081

https://www.walmart.com/ip/ONYX-Professional-Hydrating-Body-Lotion-Serum-Duo-Rose-Petals-7-fl-oz/5046951137

https://www.walmart.com/ip/Tree-Hut-Hydraglow-Body-Serum-Vanilla/16296052228

https://www.walmart.com/ip/Egyptian-Magic-All-Purpose-Skin-Cream-1-5-fl-oz/153628855

https://www.walmart.com/ip/ITK-Weightless-Hydrating-Face-Moisturizer-with-Niacinamide-Hyaluronic-Acid-2-fl-oz/3353570519

https://www.walmart.com/ip/Bubble-Skincare-Tell-All-Juicy-Secret-Lip-Balm-0-15-oz-4-4-g/5728116697"
What are the best affordable skincare products available at Walmart?,"Best affordable skincare products at Walmart

A strong low-cost routine does not need many steps. Prioritize cleanser, moisturizer, sunscreen, then add one targeted treatment.

Equate Foaming Facial Cleanser
$6.88•Budget-friendly foaming cleanser for normal to oily skin.
CeraVe Hydrating Facial Cleanser
$12.37•Hydrating formula with hyaluronic acid for dry skin.
CeraVe Foaming Facial Cleanser
$12.37•Controls oil and cleanses effectively for oily skin.
Cetaphil Gentle Clear Acne Cleanser
$11.67•Gentle acne face wash suitable for sensitive skin.
CeraVe 4% Benzoyl Peroxide Cleanser
$14.97•Treats inflamed acne with benzoyl peroxide.
Clean & Clear Dual Action Moisturizer
$5.97•Affordable oil-free moisturizer for daily use.
Cetaphil Daily Facial Moisturizer SPF 50
$15.97•Moisturizer with SPF 50 for sun protection.
Neutrogena Hydro Boost Travel Cleanser
$3.97•Travel-sized cleanser with hyaluronic acid.
e.l.f. Holy Hydration Cleanser
$9.97•Gentle gel cleanser for hydration and skin health.
Equate 2% Salicylic Acid Face Wash
$5.73•Effective salicylic acid wash for acne-prone skin.
The top picks

Best overall budget cleanser: Equate Foaming Facial Cleanser — $6.88
A particularly good value for normal, combination, or oily skin. It contains niacinamide, ceramides, and hyaluronic acid and is positioned as an affordable alternative to CeraVe’s foaming cleanser.

Best cleanser for dry or sensitive skin: CeraVe Hydrating Facial Cleanser — $12.37–$16.97
The non-foaming formula uses ceramides, glycerin, and hyaluronic acid to cleanse without stripping moisture. The 19-ounce bottle offers the best unit value at about $0.89 per ounce. 
Walmart.com

Best lightweight moisturizer: Vanicream Daily Facial Moisturizer — $13.97
A fragrance-free option with five ceramides, hyaluronic acid, squalane, and glycerin. It is especially suitable for sensitive or easily irritated skin. 
Walmart.com

Best moisturizer with sunscreen: Cetaphil Daily Facial Moisturizer SPF 50 — $15.97
This combines lightweight hydration and broad-spectrum SPF 50, reducing the need to purchase a separate morning moisturizer.

Best inexpensive acne treatment: Equate Adapalene Gel 0.1% — $9.86
This uses the same active retinoid concentration as Differin. It is a compelling generic choice for recurring clogged pores and acne; introduce it gradually because adapalene can cause dryness and irritation. 
Walmart.com

Best branded acne treatment: Differin Gel 0.1% — $13.48
Differin is fragrance-free, oil-free, non-comedogenic and designed to treat existing acne while preventing new clogged pores. The larger 1.6-ounce size offers better value per ounce than the small tube. 
Walmart.com

Best cleanser for red, inflamed pimples: CeraVe Acne Foaming Cream Cleanser 4% Benzoyl Peroxide — $14.97
Four percent benzoyl peroxide is a sensible starting strength for facial acne and is generally less aggressive than many 10% washes. This formula also includes ceramides, niacinamide, and hyaluronic acid.

Best cleanser for blackheads and clogged pores: Equate 2% Salicylic Acid Face Wash — $5.73
One of the lowest-cost acne washes at Walmart. The 2% salicylic acid formula is most appropriate for oily skin, blackheads, and congestion.

Best oil-control serum: The Ordinary Niacinamide 10% + Zinc 1%
A straightforward serum for excess oil, visible pores, and post-breakout unevenness. It is more useful for oil control than for deeply hydrating dry skin. 
Walmart.com

Best routine by skin type

Dry or sensitive skin:
CeraVe Hydrating Cleanser + Vanicream Daily Facial Moisturizer + Cetaphil SPF 50.

Oily or combination skin:
Equate Foaming Cleanser + Vanicream Daily Facial Moisturizer + Cetaphil SPF 50.

Acne-prone skin:
Gentle cleanser + Vanicream moisturizer + SPF in the morning; adapalene two or three nights per week initially. Use the benzoyl-peroxide cleanser on alternate days rather than introducing every acne active simultaneously.

For the best balance of performance and price, my three-item Walmart basket would be Equate Foaming Facial Cleanser, Vanicream Daily Facial Moisturizer, and Cetaphil SPF 50, totaling roughly $37 before tax at the prices found today. Prices and local stock can vary.

Sources:

https://www.walmart.com/ip/Equate-Beauty-Foaming-Facial-Cleanser-for-Normal-to-Oily-Skin-12-fl-oz/186385280

https://www.walmart.com/ip/CeraVe-Hydrating-Facial-Cleanser-Face-Wash-with-Hyaluronic-Acid-for-Normal-to-Dry-Skin-8-fl-oz/264449278

https://www.walmart.com/ip/CeraVe-Hydrating-Facial-Cleanser-Moisturizing-Non-Foaming-Face-Wash-with-Hyaluronic-Acid-Ceramides-Glycerin-19-Fluid-Ounce/305326083

https://www.walmart.com/ip/Vanicream-Daily-Facial-Moisturizer/131271676

https://www.walmart.com/ip/Cetaphil-Daily-Facial-Moisturizer-Broad-Spectrum-SPF50-Fragrance-Free-1-7-oz/12024546

https://www.walmart.com/ip/Differin-Acne-Treatment-Gel-Retinoid-Treatment-for-Face-with-0-1-Adapalene-15g-Tube/127541271

https://www.walmart.com/ip/CeraVe-Acne-Foaming-Cream-Cleanser-with-4-Benzoyl-Peroxide-for-Face-5-oz/963608583

https://www.walmart.com/ip/Equate-Oil-Free-Daily-Face-Wash-6-5oz/2783552825

https://www.walmart.com/ip/The-Ordinary-Niacinamide-10-Zinc-1-Oil-Control-Serum-2-oz-60-mL/846579278"
Which Walmart deodorants are best for sensitive skin?,"For very sensitive underarms, prioritize fragrance-free and baking-soda-free formulas. Fragrance is a common contact-dermatitis trigger, and dermatologists caution that “unscented” can still contain masking fragrance. 
American Academy of Dermatology
+1

Vanicream Aluminum-Free Gel Deodorant
$13.34•Best overall for sensitive skin, aluminum-free gel deodorant.
Native Fragrance-Free Deodorant
$13.94•Popular solid stick, fragrance-free and aluminum-free.
Humble Brands Sensitive Simply Unscented
$9.80•Simple, vegan formula deodorant for sensitive skin.
Dove 0% Aluminum Sensitive Deodorant
$9.99•Budget-friendly, aluminum-sensitive deodorant for women.
Lume Unscented Cream Stick
$14.97•Long-lasting, unscented cream stick with odor control.
Lume Unscented Deodorant Spray
$14.97•Easy-to-use spray deodorant, aluminum-free and unscented.
Tom’s of Maine Unscented Deodorant
$7.97•Good value size, natural deodorant with odor protection.
Dove Whole Body Unscented Cream
$9.99•Gentle, unscented cream deodorant for whole body.
Best picks

1. Vanicream Aluminum-Free Gel — best overall for reactive skin
The most conservative choice: fragrance-free and specifically formulated for sensitive skin. Its gel format also avoids many powders and plant-based odor absorbers. It controls odor but not perspiration.

2. Native Fragrance-Free — best traditional stick
Free from fragrance, baking soda, and aluminum. This is probably the strongest starting point for someone who likes a standard solid deodorant but has reacted to conventional natural formulas. It was listed at about $13.94.

3. Humble Brands Sensitive Simply Unscented — best minimalist formula
A baking-soda-free, aluminum-free option with just four listed ingredients. It was approximately $9.80, making it one of the more affordable truly sensitive-skin-focused options.

4. Dove 0% Aluminum Sensitive — best budget-friendly mainstream option
Alcohol-free and baking-soda-free, with a moisturizing stick texture. It may be a good choice when dry skin or shaving irritation is the main issue, though Vanicream or fragrance-free Native would be safer starting points for a known fragrance allergy.

5. Lume Unscented — best for persistent odor
Available as a cream stick, tube, or spray and uses mandelic acid to reduce odor. It is aluminum- and baking-soda-free, but acids can sting freshly shaved, cracked, or actively inflamed skin, so patch-test it first.

What I would buy

For eczema-prone or highly reactive skin: Vanicream.
For the best balance of gentleness and odor protection: Native Fragrance-Free.
For a simple formula under $10: Humble Sensitive Simply Unscented.

Avoid starting with strongly scented “sensitive” formulas, essential oils, or baking-soda deodorants. Apply a new product to a small area for several days before using it across both underarms. Stop if you develop burning, itching, scaling, swelling, or a persistent rash. The AAD also recommends applying whole-body deodorants only where odor actually develops, because broader application can cause unnecessary irritation. 
American Academy of Dermatology
+1

Sources used:

https://www.aad.org/public/everyday-care/skin-care-secrets/routine/whole-body-deodorant

https://www.aad.org/public/everyday-care/itchy-skin/rash/itchy-rash-contact-dermatitis

https://www.aad.org/public/everyday-care/skin-care-secrets/prevent-skin-problems/test-skin-care-products

https://www.walmart.com/ip/Vanicream-Aluminum-Free-Gel-Deodorant-2-oz-Unscented-Formula-for-Sensitive-Skin/238641421

https://www.walmart.com/ip/Native-Deodorant-Unscented-Aluminum-Free-for-Women-and-Men-2-65-oz/525176568

https://www.walmart.com/ip/Humble-Brands-Vegan-Sensitive-Skin-Baking-Soda-Free-Deodorant-Simply-Unscented-2-5oz/591525792

https://www.walmart.com/ip/Dove-0-Aluminum-Women-s-Sensitive-Deodorant-Stick-2-6-oz/570386506

https://www.walmart.com/ip/Lume-Deodorant-Underarms-Private-Parts-Aluminum-Free-Baking-Soda-Free-Hypoallergenic-Safe-For-Sensitive-Skin-2-2-Ounce-Stick-Unscented/708179969

https://www.walmart.com/ip/Lume-Whole-Body-Deodorant-for-Women-Spray-Deodorant-Aluminum-Free-Unscented-3-6oz/12860306721"
What is the best budget-friendly self tanner at Walmart?,"Best budget pick: Banana Boat Summer Color Self-Tanning Lotion

At about $7.97, it offers the strongest balance of low price, natural-looking color, and proven customer feedback. It has a 4.4/5 rating from more than 1,200 Walmart reviews, plus a buildable, self-adjusting formula that lets you control how deep the tan becomes.

Why it stands out

Significantly cheaper than most mousses, which typically cost $13–$16

Buildable color works across different skin tones

Lotion format is forgiving and easy to blend

Contains aloe and vitamin E

No separate tanning mitt is strictly necessary, though gloves help prevent stained palms

For the most even result, exfoliate the day before, moisturize knees, elbows and ankles, apply a thin layer, and wash your hands immediately afterward.

Best alternative for beginners: Jergens Natural Glow Daily Moisturizer, around $10.47. It develops gradually, making streaks or overly dark results less likely.

Banana Boat Summer Color Self-Tanning Lotion
$7.97
•
Jergens Natural Glow Daily Moisturizer
$10.47
•
Tanologist Daily Glow Gradual Tan Lotion
$9.88
•
Jergens Natural Glow Firming Self Tanner
$10.47
•
Palmer's Natural Bronze Tanning Oil
$9.47
•
Jergens Instant Sun Tanning Mousse
$13.47
•
b.tan Glow Your Own Way Gel
$13.97
•
Bondi Sands Self-Tanning Foam
$15.98
•

Sources used:

https://www.walmart.com/ip/Banana-Boat-Summer-Color-Self-Tanning-Lotion-Dark-Self-Tanner-Lotion-6-fl-oz/10448309

https://www.walmart.com/ip/Jergens-Natural-Glow-Daily-Moisturizer-Lotion-Medium-to-Deep-Skin-Self-Tanner-7-5-oz/10295455

https://www.walmart.com/browse/personal-care/self-tanners-bronzers/bondi-sands/1005862_1001508_6439038/YnJhbmQ6Qm9uZGkgU2FuZHMie"
Which Walmart beauty products work best for dry skin?,"For dry skin, the strongest Walmart picks are fragrance-free products built around ceramides, glycerin, hyaluronic acid, oatmeal, and petrolatum. Dermatologists generally favor creams or ointments over thin lotions when dryness is more severe. 
American Academy of Dermatology
+1

Vanicream Daily Facial Moisturizer
$13.97•Moisturizes dry skin with a gentle, dermatologist-recommended formula.
Equate Moisturizing Cream
$9.44•Affordable cream with ceramides and hyaluronic acid for hydration.
CeraVe Hydrating Facial Cleanser
$3.97•Gentle daily cleanser suitable for normal to dry skin.
Best Walmart dry-skin products

Best facial moisturizer: Vanicream Daily Facial Moisturizer — about $13.97
A lightweight, unscented option with hyaluronic acid and ceramides. It is especially useful when dry skin is also sensitive or easily irritated. 
Walmart.com

Best rich moisturizer: CeraVe Moisturizing Cream
This thicker face-and-body cream combines three ceramides with hyaluronic acid and carries the National Eczema Association Seal of Acceptance. Choose this over a lotion for flaky, tight or winter-dry skin. 
Walmart.com
+1

Best budget alternative: Equate Moisturizing Cream — about $9.44
Walmart’s lower-priced CeraVe-style option contains ceramides and hyaluronic acid. It is a particularly good value for moisturizing both the face and body.

Best cleanser: CeraVe Hydrating Facial Cleanser — from about $3.97
It cleans without the foamy, stripped feeling that many dry-skin cleansers cause. The formula includes glycerin, ceramides and hyaluronic acid. 
Walmart.com

Best body lotion: Aveeno Skin Relief Fragrance-Free Lotion — about $9.97
Triple oat and shea butter make this a good choice for itchy, sensitive or moderately dry body skin. The formula is fragrance-, dye- and paraben-free. 
Walmart.com

Best for cracked patches and lips: Aquaphor Healing Ointment — from about $6.28
Use a small amount over moisturizer on lips, cuticles, heels or persistently flaky areas. Its water-free ointment base creates a protective layer that reduces moisture loss. 
Walmart.com
+1

Simplest routine

Morning: rinse or use the CeraVe cleanser, apply Vanicream, then sunscreen.
Evening: cleanse, apply CeraVe or Equate cream while the skin is slightly damp, and dab Aquaphor over the driest spots.

Prices and local availability can vary by Walmart store.

Sources:

https://www.aad.org/public/everyday-care/skin-care-basics/dry/pick-moisturizer

https://nationaleczema.org/eczema-products/

https://www.walmart.com/ip/Vanicream-Daily-Facial-Moisturizer-3-oz/131271676

https://www.walmart.com/ip/Equate-Beauty-Moisturizing-Cream-with-Ceramides-and-Hyaluronic-Acid-Normal-to-Dry-Skin-16-oz/335192813

https://www.walmart.com/ip/CeraVe-Hydrating-Facial-Cleanser-Daily-Face-Wash-for-Normal-to-Dry-Skin-3-oz/171336703

https://www.walmart.com/ip/CeraVe-Moisturizing-Cream-Face-Moisturizer-Body-Lotion-for-Normal-to-Very-Dry-Skin-16-oz/681955595

https://www.walmart.com/ip/Aveeno-Skin-Relief-Moisturizing-Body-and-Hand-Lotion-for-Dry-Skin-Fragrance-Free-18-oz/10293845

https://www.walmart.com/ip/Aquaphor-Healing-Ointment-Advanced-Therapy-Skin-Protectant-for-Dry-Compromised-Skin-14-oz-Jar/10810942

https://www.walmart.com/ip/Aquaphor-Advanced-Therapy-Unscented-Hand-and-Body-Moisturizer-Ointment-for-Cracked-Skin-1-75oz/14284656"
What are the best personal care products at Walmart for oily or acne-prone skin?,"The best Walmart picks are products with salicylic acid for clogged pores, benzoyl peroxide for inflamed pimples, plus a lightweight moisturizer and non-comedogenic sunscreen. Dermatology guidelines support salicylic acid, benzoyl peroxide, topical retinoids and azelaic acid as evidence-based acne treatments. 
American Academy of Dermatology
+1

CeraVe Acne Control Cleanser
$14.24•Effective for clogged pores, gentle acne cleansing.
Curology Acne Cleanser
$9.54•Affordable, gentle benzoyl peroxide face wash.
CeraVe Acne Foaming Cream Cleanser
$14.97•All-around acne control with foaming cream cleanser.
Cetaphil Gentle Clear Cleanser
$11.67•Sensitive-skin friendly, salicylic acid face wash.
Cetaphil Mattifying Acne Moisturizer
$10.97•Lightweight moisturizer with salicylic acid for acne.
Eucerin Clear Skin SPF 50
$14.39•Matte finish, oil-control SPF 50 sunscreen.
PanOxyl AM Oil Control Moisturizer
$10.42•Oil-control moisturizer with SPF for daily use.
Equate Oil-Free Daily Face Wash
$5.73•Budget-friendly, oil-free daily face wash.
Differin Daily Deep Cleanser
$9.82•Deep clean for stubborn breakouts, daily use.
Neutrogena Evenly Clear Cleanser
$14.97•Post-acne marks treatment, gentle cleanser.
Best overall picks

CeraVe Acne Control Cleanser, 2% salicylic acid — about $14
My top choice for oily skin, blackheads and frequent clogged pores. It also contains oil-absorbing clay and is fragrance-free.

Curology Acne Cleanser, 2.5% benzoyl peroxide — about $10
A good starting option for red, inflamed pimples because its lower benzoyl-peroxide strength may be easier to tolerate than 5% or 10% formulas.

CeraVe Acne Foaming Cream Cleanser, 4% benzoyl peroxide — about $15
Best for moderate or persistent breakouts. Ceramides and niacinamide help offset some of the dryness associated with benzoyl peroxide.

Cetaphil Gentle Clear Pore Clearing Cleanser — about $12
A gentler 2% salicylic-acid choice for skin that is both oily and sensitive.

Cetaphil Gentle Clear Mattifying Moisturizer — about $11
Lightweight hydration with 0.5% salicylic acid. Because it is medicated, avoid pairing it immediately with several other exfoliating products.

Eucerin Clear Skin SPF 50 — about $14
A strong daytime choice with oil-absorbing ingredients and a finish designed for oily, acne-prone skin.

Simple routine

Morning: gentle cleanser → lightweight moisturizer → SPF 30–50.
Evening: acne cleanser → moisturizer.

Choose one main acne cleanser initially—either salicylic acid or benzoyl peroxide—and use it every other day before increasing. Using both at once, along with scrubs or strong toners, can produce irritation that looks like worsening acne. Benzoyl peroxide can also bleach towels and pillowcases.

For painful cysts, scarring, or acne that does not improve after roughly 8–12 weeks, a dermatologist is the better next step.

Sources:

https://www.aad.org/news/updated-guidelines-acne-management

https://www.jaad.org/article/S0190-9622%2823%2903389-3/fulltext

https://www.walmart.com/ip/CeraVe-Acne-Face-Wash-Acne-Cleanser-with-Salicylic-Acid-and-Purifying-Clay-for-Oily-Skin-8-fl-oz/206652170

https://www.walmart.com/ip/Curology-Acne-Cleanser-Gentle-Clearing-Face-Wash-Benzoyl-Peroxide-Treatment-Prone-Skin-Milky-Gel-Texture-Fragrance-Free-5-07-fl-oz-Pack-1/5247983236

https://www.walmart.com/ip/CeraVe-Acne-Foaming-Cream-Cleanser-with-4-Benzoyl-Peroxide-for-Face-5-oz/963608583

https://www.walmart.com/ip/Cetaphil-Gentle-Clear-Acne-Face-Wash-with-2-Salicylic-Acid-Cream-Facial-Cleanser-8oz/5483446626

https://www.walmart.com/ip/Cetaphil-Gentle-Clear-Mattifying-Acne-Moisturizer-With-0-5-Salicylic-Acid-3oz/695926462

https://www.walmart.com/ip/Eucerin-Sun-Clear-Skin-Oil-Control-Face-Sunscreen-Lotion-SPF-50-2-5-fl-oz-Bottle/900570371"
Which Walmart body care products are best for rough or bumpy skin?,"For rough, bumpy “chicken skin” or keratosis pilaris, look for lactic acid, salicylic acid, glycolic acid, or urea. These ingredients loosen built-up dead skin while moisturizers help prevent the bumps from returning. 
American Academy of Dermatology
+2
Cleveland Clinic
+2

AmLactin Daily Nourish 12% Lactic Acid Lotion
$11.97•Value-packed daily lotion with 12% lactic acid for dry skin.
CeraVe SA Lotion for Rough & Bumpy Skin
$17.86•Lightweight lotion with salicylic acid to improve skin texture.
Eucerin Roughness Smoothing Body Lotion
$14.97•Fragrance-free body lotion ideal for very dry skin.
Gold Bond Rough & Bumpy Cream
$11.97•Affordable cream for rough, bumpy skin.
CeraVe SA Cream for Rough & Bumpy Skin
$21.82•Rich moisturizer for rough and bumpy skin.
La Roche-Posay Lipikar Urea 10% Lotion
$22.97•Urea-based lotion for very dry, rough skin.
Naturium KP Body Scrub & Mask
$17.99•Exfoliating scrub and mask for keratosis pilaris.
AmLactin Calm & Renew Lotion
$15.97•Gentle lotion designed for sensitive skin.
Best Walmart picks

1. AmLactin Daily Nourish 12% Lactic Acid — best overall
Its relatively strong lactic-acid formula exfoliates and hydrates simultaneously. A particularly good choice for widespread bumps on the arms, thighs, or legs. It was listed around $11.97 for 7.9 ounces.

2. CeraVe SA Lotion — best for everyday use
Combines salicylic and lactic acids with ceramides and hyaluronic acid. It is fragrance-free and lighter than the cream version, making it well suited to normal, combination, or mildly dry skin. Walmart listed it around $17.86. 
Walmart.com

3. Eucerin Roughness Smoothing Lotion — best for dry, sensitive skin
The urea-enriched, fragrance-free formula offers substantial moisturization while gradually softening thick, rough skin. It is a strong option when acids tend to sting. Listed around $14.97 for 16.9 ounces.

4. Gold Bond Rough & Bumpy Cream — best budget cream
A thick, highly moisturizing treatment for stubborn patches on the upper arms, thighs, elbows, or knees. It may feel heavier than CeraVe or AmLactin, but Walmart listed it at an affordable $11.97. 
Walmart.com

5. CeraVe SA Cream — best for stubborn bumps plus dryness
The richer counterpart to CeraVe SA Lotion. Salicylic and lactic acids address texture, while ceramides and hyaluronic acid support the moisture barrier. 
Walmart.com

6. La Roche-Posay Lipikar Urea 10% — best premium option
A 10% urea lotion that gently exfoliates while deeply moisturizing. Particularly useful for rough legs, elbows, knees, and very dry KP-prone skin. Walmart listed it around $22.97.

7. Naturium KP Body Scrub & Mask — best occasional treatment
Uses both physical exfoliants and AHA/BHA/PHA acids. Limit it to roughly once or twice weekly rather than combining it every day with another strong exfoliating lotion.

Simple routine

Apply one leave-on treatment after showering, initially three or four nights per week. Increase gradually if your skin remains comfortable. Avoid aggressive scrubbing, picking, or stacking several acid products in the same routine; dermatologists caution that overusing keratolytic ingredients can cause rawness and irritation. 
American Academy of Dermatology

My first choice: AmLactin for the strongest affordable smoothing treatment; CeraVe SA Lotion for a gentler, more balanced everyday option; Eucerin if dryness and sensitivity are the main concerns.

Prices and availability were checked July 14, 2026 and may vary by store.

Sources used:

https://www.aad.org/public/diseases/a-z/keratosis-pilaris-treatment

https://www.aad.org/public/diseases/a-z/keratosis-pilaris-self-care

https://my.clevelandclinic.org/health/diseases/17758-keratosis-pilaris

https://www.walmart.com/ip/AmLactin-Daily-Nourish-Body-Lotion-12-Lactic-Acid-for-Dry-Skin-Exfoliating-7-9-oz/676021327

https://www.walmart.com/ip/CeraVe-SA-Body-Lotion-for-Rough-Bumpy-Skin-with-Salicylic-Acid-To-Improve-Skin-Texture-8-oz/621407615

https://www.walmart.com/ip/Eucerin-Roughness-Relief-Body-Lotion-Fragrance-Free-16-9-fl-oz-Bottle/845487111

https://www.walmart.com/ip/Gold-Bond-Ultimate-Rough-Bumpy-Skin-Daily-Therapy-Skin-Cream-8-oz/38552032

https://www.walmart.com/ip/CeraVe-Renewing-Sa-Body-Cream-For-Rough-And-Bumpy-Skin-12-Oz/581079687

https://www.walmart.com/ip/La-Roche-Posay-Lipikar-Urea-10-Roughness-Smoothing-Lotion-13-52-fl-oz/11150564530

https://www.walmart.com/ip/Naturium-KP-Body-Scrub-Mask-for-Keratosis-Pilaris-Bump-Eraser-Shower-Scrub-Exfoliator-for-Skin-8-oz/1316143508

https://www.walmart.com/ip/AMLCTN-CALM-SMOOTH-LTN/16559671528"
What are the best Walmart beauty products for a simple everyday routine?,"A simple Walmart routine only needs a few dependable products:

Cleanser: CeraVe Hydrating Facial Cleanser — gentle, non-stripping, and best for normal-to-dry skin. For oily skin, choose CeraVe Foaming Facial Cleanser instead.

Morning moisturizer + sunscreen: Neutrogena Hydro Boost Face Moisturizer SPF 50 — combines hydration and broad-spectrum sun protection in one step and layers well under makeup.

Optional primer: e.l.f. Power Grip Primer — useful when you want makeup to last longer, though it is unnecessary for makeup-free days.

Brows: e.l.f. Wow Brow Gel — quickly adds tint, fullness, and light hold.

Mascara: e.l.f. Lash XTNDR — a tubing formula that lengthens, resists smudging, and removes without heavy scrubbing.

Lips: Burt’s Bees Tinted Lip Balm — moisturizing sheer color that is easy to apply without a mirror.

CeraVe Hydrating Facial Cleanser
$13.68•Gentle, hydrating cleanser for dry skin.
CeraVe Foaming Facial Cleanser
$12.37•Foaming formula for oily skin.
Neutrogena Hydro Boost SPF 50 Moisturizer
$19.97•SPF 50 moisturizer with hyaluronic acid.
e.l.f. Power Grip Primer
$10.00•Primer to enhance makeup hold.
e.l.f. Wow Brow Gel
$5.00•Tinted brow gel for quick grooming.
e.l.f. Lash XTNDR Mascara
$7.00•Tubing mascara for easy removal.
Burt’s Bees Tinted Lip Balm
$5.00•Natural tinted lip balm with shea butter.
e.l.f. Clear Brow & Lash Mascara
$3.00•Clear mascara for brows and lashes.
The easiest routine

Morning: rinse or cleanse → Neutrogena SPF moisturizer → brow gel → mascara → tinted lip balm.

Evening: cleanse → apply a basic fragrance-free moisturizer you already own. Skip serums, toners, primer, and foundation unless they address a specific need.

Prices and availability can vary by store and location.

Sources

https://www.walmart.com/ip/CeraVe-Hydrating-Facial-Cleanser-Daily-Face-Wash-for-Normal-to-Dry-Skin-12-fl-oz/491147048

https://www.walmart.com/ip/CeraVe-Foaming-Facial-Cleanser-Daily-Face-Wash-for-Normal-to-Oily-Skin-8-fl-oz/488738806

https://www.walmart.com/ip/Neutrogena-Hydro-Boost-Hyaluronic-Acid-SPF-50-Face-Moisturizer-Lotion-Skin-Care-1-7-oz/749693335

https://www.walmart.com/ip/e-l-f-Power-Grip-Primer-0-811-fl-oz/951334506

https://www.walmart.com/ip/e-l-f-Wow-Brow-Eyebrow-Gel-Neutral-Brown-83573-0-12-oz/830528894

https://www.walmart.com/ip/e-l-f-Lash-XTNDR-Tubing-Mascara-Pitch-Black-0-25oz/5260707290

https://www.walmart.com/ip/Burt-s-Bees-100-Natural-Origin-Moisturizing-Tinted-Lip-Balm-with-Shea-Butter-Rose-1-Tube/117966725

https://www.walmart.com/ip/e-l-f-Clear-Brow-Lash-Mascara-0-08-fl-oz/43984058"
Which affordable hair care products at Walmart are best for damaged hair?,"The strongest affordable Walmart options combine a bond-repair wash routine, a weekly mask, and heat protection. Prices and local availability can vary.

Dove Bond Strength Shampoo & Conditioner Set
$8.84•Affordable set with bond repair benefits for damaged hair.
Suave Bonding Infusion Shampoo & Conditioner Set
$9.68•Budget-friendly repair set for damaged hair.
L’Oréal EverPure Bond Repair Shampoo & Conditioner Set
$16.74•Color-safe bond repair for color-treated hair.
Pantene Miracle Rescue Bond Repair Set
$18.97•Deep repair for severe damage, sulfate-free.
L’Oréal EverPure Bond Repair Shampoo
$9.97•Sulfate-free shampoo for bond strengthening.
Dove Bond Strength Conditioner
$4.84•Budget conditioner for bond strength and damage.
Suave Coconut Oil Infusion Shampoo & Conditioner
$9.81•Repair bundle for comprehensive bond restoration.
Pantene Pro-V Miracles Bond Repair Bundle
$32.91•Low-cost shampoo for bond repair needs.
Dove Bond Repair Shampoo
$5.84•Complete bond repair routine in one bundle.
L’Oréal EverPure Bond Repair Family Shampoo
$17.99•Large size bond repair shampoo for family use.
Best picks

Best overall: Dove Bond Strength Shampoo & Conditioner Set — about $8.84
A particularly good value for hair weakened by bleaching, coloring, straightening, or frequent heat styling. The peptide-complex system is aimed at strengthening damaged strands, and the set has strong Walmart customer ratings.

Best under $10: Suave Bonding Infusion Set — about $9.68
A large 28-ounce shampoo-and-conditioner pair with amino-acid bonding ingredients. This is the most economical choice for families, long hair, or frequent washing.

Best for bleached or color-treated hair: L’Oréal EverPure Bond Repair
The shampoo-and-conditioner set was about $16.74 when checked. The sulfate-free system uses a bond-and-amino-acid complex and is formulated for fragile, damaged and color-treated hair. 
L'Oreal Paris
+1

Best treatment upgrade: Garnier Fructis Hair Filler Inner Fiber Repair Pre-Shampoo — roughly $10 MSRP
Use before shampoo when hair feels especially porous, weak or rough. Garnier says its peptide, citric-acid and bond-repair formula is designed to reinforce damage within the hair fiber. 
garnier
+1

Best weekly mask: Pantene Miracle Rescue Intensive Bond Repair Mask — about $12.97
A useful choice for moderate-to-severe dryness, tangling and breakage. Apply mainly from mid-lengths to ends once weekly rather than replacing conditioner at every wash. 
Walmart.com

Best very-cheap intensive treatment: Hi-Pro-Pac Intense Protein Treatment — about $1.77 per packet
Good for an occasional protein treatment after bleaching or chemical processing. Because protein can make some hair feel stiff, start with once every two to four weeks rather than every wash. 
Walmart.com

Best for mostly dry, rough hair: Aussie 3 Minute Miracle Moist — about $4.97
This is more of a moisture-and-slip treatment than a true bond repairer. It is a better fit when the main problems are dryness, knots and frizz rather than major chemical breakage. 
Walmart.com

A simple routine under $25

Use the Dove Bond Strength set, add either Aussie 3 Minute Miracle for dryness or Hi-Pro-Pac for occasional protein, and minimize flat-ironing. For heat styling, add a heat protectant; L’Oréal’s EverPure Bond Repair Oil-in-Serum claims protection up to 450°F, although using the lowest effective temperature is still preferable. 
L'Oreal Paris

No product can permanently fuse existing split ends. The realistic goals are reducing further breakage, improving softness and protecting new growth; visibly split ends ultimately need trimming.

Sources used:

https://www.walmart.com/browse/beauty/deep-conditioners-masks/1085666_3147628_3650695_5838855

https://www.walmart.com/c/kp/damaged-hair-treatment

https://www.walmart.com/c/kp/shampoo-conditioner-dry-damaged-hair

https://www.lorealparisusa.com/bondrepair

https://www.lorealparisusa.com/hair-care-hair-style/hair-treatments/ever-pure-bond-repair-oil-in-serum

https://www.garnierusa.com/about-our-brands/fructis/hair-filler/inner-fiber-repair-pre-shampoo-treatment

https://www.garnierusa.com/about-our-brands/fructis/hair-filler

https://www.walmart.com/ip/Hi-Pro-Pac-Intense-Protein-Treatment-to-Repair-Extremely-Damaged-Hair-1-75-fl-oz/176017051"
What are the best Walmart products for frizzy or humidity-prone hair?,"The strongest Walmart picks depend on your hair texture and how you style it. For most humidity-prone hair, these stand out:

COLOR WOW Dream Coat Supernatural Spray
$28.99•Best overall supernatural spray for frizz control.
John Frieda Frizz Ease Extra Strength Serum
$10.97•Strong serum for frizz and flyaways.
Garnier Fructis Sleek & Shine Serum
$6.97•Budget-friendly serum for sleek, shiny hair.
Hairitage Mane Event Anti-Frizz Spray
$8.94•Heat protectant spray for anti-frizz and styling.
L’Oréal Elvive Dream Lengths Frizz Killer Serum
$7.17•Lightweight serum for lengthening and smoothing.
Maui Moisture Frizz-Free Leave-In Mist
$10.79•Leave-in mist ideal for dry, frizzy curls.
Not Your Mother’s Curl Talk Bond Building Treatment
$8.74•Bond-building treatment for damaged curls.
Schwarzkopf KERATIME Anti-Frizz Spray
$14.97•Smoothing spray for anti-frizz and shine.
Hask Curl Care 5-in-1 Leave-In Spray
$6.97•Curl leave-in spray for moisture and definition.
Fantasia Frizz Buster Serum
$7.58•Humidity-resistant serum for thick, frizzy hair.
Best overall: Color Wow Dream Coat

This is the best choice for a sleek blowout in very humid weather. It creates a lightweight humidity-resistant coating and is especially effective when applied generously to damp hair and activated with a blow-dryer. It costs more than the drugstore options, but the effect can last through several washes. 
Walmart.com
+1

Best affordable option: Garnier Sleek & Shine Anti-Frizz Serum

At about $7, this offers the best balance of price, quantity and noticeable smoothing. Walmart’s listing claims protection in up to 97% humidity. Use only a small pump on fine hair, since too much can look oily. 
Walmart.com

Best for thick, coarse or very frizzy hair: John Frieda Frizz Ease Extra Strength Serum

This heavier serum is better for dense, coarse, porous or chemically treated hair than for very fine hair. Apply a small amount to soaking-wet hair, concentrating on the mid-lengths and ends. Walmart currently lists it around $10.97. 
Walmart.com
+1

Best for frequent blow-drying: Hairitage Mane Event

A good all-in-one choice when you want humidity control plus heat and UV protection. It provides heat protection up to 450°F and is designed for straight, wavy and curly hair. 
Walmart.com

Best budget blowout product: Marc Anthony Grow Long Anti-Frizz Shield

This is a compelling lower-cost alternative to Dream Coat. It offers heat protection up to 450°F and claims up to 72 hours of humidity protection. The mini size is an inexpensive way to test it before buying the full bottle. 
Walmart.com
+1

Best for curls and waves

Choose Hask Curl Care 5-in-1 Leave-In for a lightweight detangler with 24-hour frizz control, or Not Your Mother’s Curl Talk Bond Building Treatment for damaged curls needing moisture and strengthening. For dry, coarse curls, Maui Moisture Frizz-Free + Shea Butter Mist provides richer conditioning and helps block humidity.

Simplest routine

On damp hair, use a moisturizing leave-in first, followed by either an anti-humidity spray for blow-drying or a serum for smoothing. Finish with one tiny drop of serum after styling. Layering several oils and creams can weigh hair down without providing better humidity resistance.

Best three to start with:

Color Wow Dream Coat for maximum humidity protection and smooth blowouts.

Garnier Sleek & Shine Serum for the best inexpensive everyday option.

Hairitage Mane Event for frizz control combined with heat protection.

Prices and local pickup availability can vary by Walmart location.

https://www.walmart.com/ip/COLOR-WOW-Dream-Coat-Supernatural-Spray-6-7-oz/190957476

https://www.walmart.com/ip/John-Frieda-Frizz-Ease-Extra-Strength-Hair-Serum-Anti-Humidity-Spray-with-Coconut-Oil-1-69-oz/980743967

https://www.walmart.com/ip/Garnier-Fructis-Sleek-Shine-Anti-Frizz-Serum-5-1-fl-oz/653747416

https://www.walmart.com/ip/Garnier-Fructis-Frizz-Control-Hair-Serum-with-Kera-System-Argan-Oil-All-Hair-Types-5-1-fl-oz/17209330

https://www.walmart.com/ip/HAIRITAGE-ANTI-FRIZZ-SPRAY-6-fl-oz/12393622133

https://www.walmart.com/ip/Marc-Anthony-Grow-Long-Anti-Frizz-Shield-ULTIMATE-BLOWOUT-Frizz-control-and-shine-even-in-high-humidity-6-7-oz/7793058078

https://www.walmart.com/ip/Grow-Long-Anti-Frizz-Shield-Ultimate-Blowout-Mini-50ml-1-7-fl-oz/19502311246

https://www.walmart.com/ip/Hask-Curl-Care-5-in-1-Leave-in-Spray-6-fl-oz/976580413

https://www.walmart.com/ip/Maui-Moisture-Frizz-Free-Shea-Butter-Moisturizing-Leave-in-Conditioner-Aloe-8-fl-oz/645487392

https://www.walmart.com/ip/NOT-YOUR-MOTHER-S-CURL-TALK-BONDING-LEAVE-IN-TREATMENT-6-FL-OZ/18261265823"
Which beauty essentials should I buy at Walmart before summer?,"For a practical pre-summer Walmart beauty haul, prioritize products that handle sun, sweat, humidity and dry skin.

Equate Sport SPF 50 Lotion
$4.88•Affordable SPF 50 lotion offers broad protection, great for daily use.
Equate Sport SPF 50 Spray Twin Pack
$8.68•Twin pack ideal for beach days or family outings.
Equate Travel-Size SPF 50 Lotion
$3.28•Travel-size lotion perfect for handbags or on-the-go sun protection.
Equate Sport SPF 50 Value Size
$12.48•Family-sized SPF 50 lotion for extended outdoor activities.
NYX Butter Gloss Bling
$5.97•Non-sticky gloss adds summer shine, easy to wear.
NYX Butter Gloss – Angel Food Cake
$5.97•Neutral gloss suitable for everyday wear.
Not Your Mother’s Beach Babe Spray
$9.33•Sea salt spray creates effortless beach waves.
Bed Head Humidity-Protecting Salt Spray
$15.29•Salt spray provides frizz protection and texture.
The essentials

1. Face sunscreen
Choose a comfortable broad-spectrum SPF 30 or higher that works beneath makeup. Supergoop Unseen SPF 50 is available at Walmart and has a clear, velvety formula, although it is a splurge. The sunscreen you enjoy wearing consistently is usually the best purchase. 
American Academy of Dermatology
+1

2. Water-resistant body sunscreen
The Equate Sport SPF 50 lotion is the standout value: approximately $4.88 for 8 ounces, with broad-spectrum protection and up to 80 minutes of water resistance. A spray twin pack is useful for beach bags and outdoor activities, although sprays still need to be rubbed in thoroughly.

3. Lightweight body moisturizer
Pick a basic lotion or gel oil for skin that becomes dry after swimming, shaving or air conditioning. Walmart’s summer selection currently includes Dove Deep Moisture Body Wash and Vaseline shimmering body gel oil. Apply body oil over slightly damp skin, but never treat shimmer or tanning products as sun protection. 
Walmart.com
+1

4. Humidity-control hair product
For frizz-prone hair, prioritize a leave-in conditioner or humidity-protecting spray. Odele Leave-In Conditioner is listed around $11.98 in Walmart’s summer assortment. For intentionally tousled waves, Not Your Mother’s Beach Babe adds texture, while Bed Head’s salt spray specifically claims humidity and frizz control. 
Walmart.com

5. Long-wear setting spray
Milani Make It Last is a strong drugstore choice for hot or humid days. The standard version is currently listed from about $10.97, while the Dewy version claims makeup wear of up to 16 hours. Choose matte for oily skin and dewy for dry skin. 
Walmart.com
+1

6. Easy summer lip product
NYX Butter Gloss gives sheer-to-medium color without the maintenance of a heavy lipstick and costs roughly $6. Keep a separate SPF lip balm for daytime sun exposure; ordinary gloss does not replace lip sun protection.

7. Optional gradual self-tanner
Jergens Natural Glow is a low-effort option for building color gradually and was listed around $11.72. Use it instead of deliberate tanning—not instead of sunscreen. 
Walmart.com

Best compact haul

For the fewest products, buy:

Face SPF + Equate Sport SPF 50 + Odele leave-in conditioner + Milani setting spray + NYX Butter Gloss.

That covers the most common summer issues without filling your cart with seasonal extras. Prices and availability can vary by store and ZIP code.

Sources:

https://www.aad.org/public/everyday-care/sun-protection/shade-clothing-sunscreen/how-to-select-sunscreen

https://www.walmart.com/browse/beauty/summer-beauty-essentials/1085666_5053208_5868958

https://www.walmart.com/browse/beauty/summer-skin-suncare/1085666_5053208_5868958_6377055

https://www.walmart.com/ip/Supergoop-Unseen-Sunscreen-Invisible-Broad-Spectrum-SPF-50-PA-Color-None-Size-1-7-OZ/15356959762

https://www.walmart.com/ip/Equate-Sport-Broad-Spectrum-Sunscreen-SPF-50-Twin-Pack/16330157870

https://www.walmart.com/ip/Equate-Sport-Broad-Spectrum-Sunscreen-Lotion-SPF-50-8-fl-oz/632800966

https://www.walmart.com/ip/Equate-Sport-Broad-Spectrum-Sunscreen-Lotion-SPF-50-1-5-fl-oz/528262983

https://www.walmart.com/ip/Equate-Sport-Broad-Spectrum-Sunscreen-Value-Size-SPF-50-32-fl-oz/134418690

https://www.walmart.com/c/kp/milani-make-last-setting-spray

https://www.walmart.com/ip/Milani-Make-It-Last-Dewy-Setting-Spray-Dewy/55415386

https://www.walmart.com/ip/NYX-Professional-Makeup-Butter-Gloss-Non-Sticky-Lip-Gloss-Apple-Crisp-0-27-Oz/975320470

https://www.walmart.com/ip/NYX-Professional-Makeup-Butter-Gloss-Non-Sticky-Lip-Gloss-Angel-Food-Cake-0-27-Oz/146266786

https://www.walmart.com/ip/Not-Your-Mother-s-Not-Your-Mother-s-Beach-Babe-Texturizing-Sea-Salt-Spray-Travel-Size-1-6oz-2oz/50462181

https://www.walmart.com/ip/TIGI-Bed-Head-Salty-Not-Sorry-Epic-Texturizing-Salt-Spray-3-38-oz/348716490"
What are the best Walmart beauty products for hot and humid weather?,"For hot, humid weather, prioritize water-resistant SPF, lightweight layers, waterproof eye makeup, matte setting products, and anti-frizz haircare.

e.l.f. Suntouchable! All Set for Sun SPF 45
$13.00•SPF 45 with SPF over makeup, ideal for sun protection.
NYX The Face Glue Setting Spray
$9.97•Strongest grip, keeps makeup in place all day.
L’Oréal Infallible 3-Second Setting Spray
$14.97•Fast-drying mist for quick setting and longevity.
Milani Make It Last Matte Setting Spray
$9.97•Matte finish, controls oil for a matte look.
Maybelline Lasting Fix Setting Spray
$8.38•Affordable matte spray for long-lasting makeup.
NYX Matte Finish Setting Spray
$9.97•Reliable matte finish, controls shine effectively.
Milani Make It Last Original Setting Spray
$10.97•Natural finish, suitable for everyday wear.
Rimmel Stay Matte Fix & Go
$5.97•Budget-friendly, keeps skin matte and fresh.
Best Walmart picks

1. e.l.f. Suntouchable! All Set for Sun SPF 45 — best multitasker
A clear, quick-drying spray that sets makeup and makes sunscreen reapplication over makeup easier. Treat it as supplementary protection rather than your only morning SPF. Walmart listed it at about $13 when checked.

2. A water-resistant SPF 30–50 — most important step
Choose a lightweight face formula and an SPF 50 body sunscreen rated for 80 minutes of water resistance when you will be sweating or swimming. Reapply at least every two hours and after swimming, heavy sweating or towel-drying. 
Allure

3. NYX The Face Glue Setting Spray — best for maximum hold
This is the strongest option for outdoor events, commuting or long days. It claims up to 24-hour wear and is waterproof, fade-resistant and transfer-resistant. Walmart listed it around $9.97.

4. L’Oréal Infallible 3-Second Setting Spray — best lightweight finish
The microfine aerosol dries quickly and is designed to resist sweat and transfer without adding a wet, heavy layer. Walmart listed the smaller size around $10.98.

5. Milani Make It Last Matte — best for oily skin
Charcoal powder and silica help absorb oil, soften the appearance of pores and reduce shine. It is a better humidity choice than an especially dewy mist if your T-zone becomes greasy.

6. Maybelline Sky High Waterproof Mascara — best humidity-proof mascara
The waterproof version is less likely to smudge beneath the eyes or lose its curl during a humid day. Walmart listed it around $10.82 when checked. 
Walmart.com

7. L’Oréal Lash Paradise Waterproof — best for fuller lashes
Choose this instead of Sky High when volume matters more than length. Walmart listed it around $10.97. 
Walmart.com

8. A silicone-based anti-frizz serum or humidity shield — best for hair
Apply a small amount through damp mid-lengths and ends, then dry the hair completely. Lightweight smoothing products generally work better in humidity than piling on heavy oils after frizz has already formed. Summer beauty guidance consistently treats anti-frizz styling as a core warm-weather category. 
Allure

Simple humidity-proof routine

Use lightweight moisturizer, water-resistant sunscreen and thin layers of makeup. Apply waterproof mascara, lightly powder only the oily areas, and finish with NYX Face Glue or L’Oréal Infallible setting spray. Blot perspiration rather than rubbing it, since adding repeated layers of powder can become cakey.

Prices and local pickup availability can vary by Walmart store.

Sources used:

https://www.walmart.com/ip/e-l-f-SKIN-Suntouchable-All-Set-for-Sun-SPF-45/2820485975

https://www.walmart.com/ip/NYX-Professional-Makeup-Miscell-Signat-THE-FACE-GLUE-SETTING-SPRAY-2-fl-oz/7635000453

https://www.walmart.com/ip/L-Oreal-Paris-Infallible-3-Second-Setting-Mist-with-Microfine-up-to-36H-Wear-Clear-1-76-fl-oz/5216421750

https://www.walmart.com/ip/L-Or-al-Paris-Infallible-OAP-INFA-SET-SPRAY-AE150ML-ENG-US/17253470025

https://www.walmart.com/ip/Milani-Make-It-Last-Matte-Setting-Spray-Charcoal/188534432

https://www.walmart.com/browse/beauty/waterproof-mascara/1085666_1007040_6659232_4285565_3785586

https://www.allure.com/story/best-water-resistant-body-sunscreen

https://www.allure.com/the-summer-shop"
Which travel-friendly beauty products can I find at Walmart?,"Walmart’s travel-size section includes compact skincare, hair care, sunscreen, deodorant, body care, and refillable containers. Most liquid picks below are 3.4 oz or less, making them suitable for a carry-on liquids bag under standard TSA limits. Walmart’s assortment and local pickup availability vary by store. 
Walmart.com
+2
Walmart.com
+2

CeraVe Hydrating Cream-to-Foam Cleanser, 3 oz
$4.97•Gentle, hydrating cleanser with hyaluronic acid, removes makeup.
CeraVe Foaming Facial Cleanser, 3 oz
$4.97•Foaming formula ideal for oily skin, cleanses thoroughly.
CeraVe Daily Moisturizing Lotion, 3 oz
$5.76•Moisturizes face and body, suitable for normal to dry skin.
CeraVe Moisturizing Cream, 1.89 oz
$3.97•Rich cream for very dry skin, provides deep hydration.
Batiste Mini Dry Shampoo, 1.06 oz
$4.97•Travel-sized dry shampoo, absorbs oil, refreshes hair.
Neutrogena Ultra Sheer SPF 45, 3 oz
$7.97•Lightweight SPF 45 sunscreen, protects skin from UV rays.
CeraVe Mineral Face Sunscreen SPF 50, 2.5 oz
$13.97•Mineral SPF 50 face sunscreen, suitable for all skin types.
CeraVe Hydrating Facial Cleanser, 3 oz
$3.97•Hydrating facial cleanser, gentle for daily use.
Best products to pack

For a streamlined skincare routine

CeraVe Cream-to-Foam Cleanser works as both a face wash and makeup remover, reducing the number of bottles needed.

CeraVe Daily Moisturizing Lotion can be used on the face, hands, and body.

CeraVe Moisturizing Cream is a richer alternative for dry skin or air-conditioned flights.

Choose the Foaming Cleanser for normal-to-oily skin or the Hydrating Cleanser for normal-to-dry skin.

For hair

Batiste Mini Dry Shampoo refreshes oily roots without requiring a full wash.

Walmart also lists mini shampoo-and-conditioner sets and travel-size styling products, including options from Nexxus and Not Your Mother’s. 
Walmart.com

For sun protection

Neutrogena Ultra Sheer SPF 45 is a practical three-ounce body sunscreen.

CeraVe Mineral SPF 50 is sized for facial use and may suit travelers who prefer mineral protection.

Useful inexpensive extras

Walmart’s current travel section also lists mini deodorant, body wash, lotion, toothpaste, cotton swabs, and refillable three-ounce bottles. Examples include Secret travel deodorant, Native travel body wash, eos body lotion, and Equate refillable bottles. 
Walmart.com
+1

Sources

https://www.walmart.com/browse/beauty/travel-size-essentials/1085666_8097138

https://www.walmart.com/browse/beauty/travel-size-hair-care/1085666_8097138_1650011

https://www.walmart.com/browse/beauty/travel-size-skincare/1085666_8097138_2834166

https://www.walmart.com/browse/personal-care/travel-size-toiletries/1005862_2934243_2802339

https://www.walmart.com/browse/personal-care/travel-size-toiletries/1005862_2934243"
What are the best Walmart personal care items to pack for a weekend trip?,"For a two- or three-night trip, pack a compact set that covers oral care, showering, skincare, deodorant and quick cleanups—without duplicating products your hotel may provide.

Women’s Deluxe 11-Piece Travel Kit
$8.00•All-in-one travel kit for women, compact and versatile.
Men’s Get Away 10-Piece Travel Kit
$8.00•Men’s travel essentials, convenient and complete.
CeraVe Hydrating Cream-to-Foam Cleanser
$4.97•Hydrating cleanser ideal for normal to dry skin.
CeraVe Foaming Facial Cleanser
$4.97•Facial cleanser for normal to oily skin, gentle and effective.
CeraVe Daily Moisturizing Lotion
$5.76•Moisturizer suitable for face and body, travel-friendly size.
Crest Pro-Health Travel Toothpaste
$4.84•Travel toothpaste with fresh mint flavor, compact and effective.
Crest Pro-Health Travel Mouthwash
$1.97•Alcohol-free mouthwash for fresh breath on the go.
Cetaphil Travel Cleansing Cloths
$3.00•Gentle cleansing cloths, easy to use for face and body.
Equate 8-Piece Travel Bottle Kit
$4.00•Affordable travel bottles, perfect for organizing liquids.
Miami CarryOn TSA Travel Set
$10.80•TSA-approved travel set with leak-resistant bottles.
Best packing list

Fastest option: The $8 Women’s Deluxe 11-Piece Kit or Men’s Get Away 10-Piece Kit is the easiest grab-and-go choice. Each contains several TSA-sized everyday toiletries, so you only need to add skincare, sunscreen and any preferred hair products.

Core essentials:

Crest travel toothpaste and a folding or regular toothbrush

Travel deodorant, such as Secret Invisible Solid, listed around $1.50

Travel body wash, such as the 3-ounce Olay Fresh Outlast, listed around $2

CeraVe cleanser: Hydrating Cream-to-Foam for normal-to-dry skin or Foaming Cleanser for oilier skin

CeraVe Daily Moisturizing Lotion, which can serve as both face and body lotion

Travel sunscreen: Equate Sport SPF 50 is a value pick; Banana Boat and other travel options are also listed

Purell hand sanitizer and a few Cetaphil cleansing cloths for transit or late-night cleanup

Small first-aid kit, pain reliever and any daily medications

Walmart’s travel-size section currently includes oral care, skincare, deodorant, bath products, sunscreen, sanitizer and medicine. Most minis are under the common 3.4-ounce carry-on liquid limit, though you should check each package before flying. 
Walmart.com
+2
Walmart.com
+2

Smartest way to avoid overpacking

Skip travel shampoo, conditioner and body wash when you know your hotel supplies products you will use. For favorite full-size formulas, the Equate 8-Piece Travel Kit is the better value: it includes reusable 3-ounce containers and was listed at about $4. Prices and local pickup availability can vary by store. 
Walmart.com

Sources used:

https://www.walmart.com/browse/personal-care/travel-size-toiletries/1005862_2934243_2802339

https://www.walmart.com/c/kp/travel-size-sunscreen

https://www.walmart.com/browse/beauty/travel-size-deodorant/1085666_8097138_7972907

https://www.walmart.com/ip/Woman-On-The-Go-10-Piece-Travel-Kit/16940568

https://www.walmart.com/ip/Man-on-the-Go-Men-8217-s-Get-Away-Travel-Kit-10-pc/44684600

https://www.walmart.com/ip/CeraVe-Hydrating-Cream-to-Foam-Facial-Cleanser-with-Hyaluronic-Acid-for-Normal-to-Dry-Skin-3-fl-oz/917739411

https://www.walmart.com/ip/CeraVe-Foaming-Facial-Cleanser-Daily-Face-Wash-for-Normal-to-Oily-Skin-3-fl-oz/576123120

https://www.walmart.com/ip/CeraVe-Daily-Moisturizing-Lotion-Travel-Size-Face-Body-Hand-Cream-for-Normal-to-Dry-Skin-3-oz/357254801

https://www.walmart.com/ip/Crest-Pro-Health-Smooth-Formula-Toothpaste-Travel-size-Clean-Mint-0-85-oz/859489123

https://www.walmart.com/ip/Crest-Pro-Health-Multi-Protection-Travel-Size-Mouthwash-Alcohol-Free-Mint-3-3-fl-oz/571704937

https://www.walmart.com/ip/Cetaphil-Gentle-Skin-Cleansing-Cloths-10-ct-Fragrance-Free-Face-and-Body-Wipes/1579568409

https://www.walmart.com/ip/Equate-Travel-Kit-8-Piece-Plastics/831029303

https://www.walmart.com/ip/Miami-CarryOn-8-Piece-TSA-Approved-Travel-Set-for-Liquids-Non-Toxic-and-Antibacterial/633593725"
Which Walmart beauty products are good for a low-maintenance vacation routine?,"A low-maintenance vacation routine works best with products that multitask, travel easily, and require little precision.

e.l.f. SKIN Suntouchable Invisi-Stick SPF 50
$13.00•Portable SPF stick with high SPF 50 for easy sun protection.
Cetaphil Tinted Mineral Sunscreen SPF 40
$13.97•Tinted mineral sunscreen with SPF 40 offers protection and coverage.
CeraVe Tinted Mineral Sunscreen SPF 30
$13.97•Skin tint with SPF 30 provides sun protection and a natural look.
CeraVe Travel-Size Moisturizing Cream
$4.00•Travel-size moisturizer suitable for face and body, ideal for dry skin.
CeraVe Mineral Sunscreen Stick SPF 50
$8.97•Mess-free mineral SPF stick with SPF 50 for sensitive skin.
Cetaphil Travel-Size Moisturizing Cream
$5.47•Travel-sized moisturizing cream for very dry skin, unscented.
Cetaphil Mineral Face & Body Sunscreen SPF 50
$12.57•SPF 50 face and body sunscreen suitable for sensitive skin.
Badger Mineral Sunscreen Stick SPF 35
$12.99•Travel-friendly moisturizing cream, ideal for very dry skin.
The easiest routine

Morning

Tinted sunscreen: Cetaphil Tinted Mineral Sunscreen SPF 40 or CeraVe Tinted Mineral Sunscreen SPF 30 can replace separate moisturizer, foundation, and sunscreen on casual days. Shade availability and finish will vary, so test before traveling.

Sunscreen stick for touch-ups: The e.l.f. Invisi-Stick SPF 50 applies clear and is convenient for reapplying to the face, ears, neck, and hands without carrying a liquid bottle.

Add only waterproof mascara, tinted brow gel, and tinted lip balm for a quick polished look.

Evening

Garnier travel-size micellar water or travel cleansing wipes to remove makeup and sunscreen.

CeraVe travel-size moisturizing cream as one moisturizer for the face, hands, and dry body areas.

Hair

Pack Not Your Mother’s travel-size dry shampoo to stretch time between washes.

Bring a mini leave-in conditioner instead of several styling products. Walmart currently lists travel-size dry shampoo, leave-ins, shampoo, and conditioner in its travel section. 
Walmart.com
+1

Best six-item vacation bag

Tinted facial sunscreen

Clear SPF stick

Travel micellar water

Face-and-body moisturizer

Waterproof mascara

Dry shampoo

This setup covers sun protection, light complexion coverage, cleansing, hydration, makeup, and hair refreshes while keeping the routine to roughly five minutes. Walmart’s travel-size section includes TSA-friendly skincare, haircare, deodorant, sunscreen, and toiletries, though local pickup inventory and prices can differ by store. 
Walmart.com
+1

https://www.walmart.com/browse/beauty/travel-size-essentials/1085666_8097138

https://www.walmart.com/c/kp/travel-beauty

https://www.walmart.com/browse/beauty/travel-size-skincare/1085666_8097138_2834166

https://www.walmart.com/ip/ELF-Suntouchable-Invisi-Stick-SPF-50/8877115356

https://www.walmart.com/ip/Cetaphil-Everyday-Sunscreen-Tinted-Lotion-for-Face-1-7-fl-oz-100-Mineral-Sunscreen-Titanium-Dioxide-Zinc-Oxide-SPF-40/7818111210

https://www.walmart.com/ip/CeraVe-Tinted-Hydrating-Mineral-Sunscreen-Lotion-SPF-30-For-Face-with-Sheer-Tint-Medium-1-7-fl-oz/833200251

https://www.walmart.com/ip/CeraVe-Moisturizing-Cream-Travel-Size-Face-Moisturizer-Body-Lotion-Normal-to-Very-Dry-Skin-1-89-oz/116279093"
What are the top beauty upgrades worth making at Walmart this year?,"The best Walmart beauty upgrades in 2026 are products that replace extra steps, improve consistency, or deliver a noticeably better finish.

e.l.f. Halo Glow Skin Tint Mineral SPF 50
$14.00•Multitasker with SPF 50 for a natural glow.
e.l.f. Halo Glow Liquid Filter
$14.00•Instant glow, lightweight liquid filter.
e.l.f. Halo Glow Powder Filter
$14.00•Polished finish with soft-focus effect.
Maybelline Falsies Lash Lift Mascara
$10.98•Lash-lift effect for dramatic lashes.
L’Oréal Elvive Glycolic Gloss Conditioner
$4.97•Budget-friendly gloss for shiny hair.
L’Oréal EverPure Glossing Conditioner
$9.97•Color-safe conditioner for shine.
Revlon One-Step Volumizer
$41.97•Faster blowouts with this volumizer.
Revlon Ionic Volume Booster Dryer
$24.98•Curl-friendly ionic dryer for versatile styling.
The upgrades worth prioritizing

1. Replace heavy foundation with a skin tint
The e.l.f. Halo Glow Skin Tint Mineral SPF 50 gives light, buildable coverage and a dewy finish for about $14. It is a strong upgrade for anyone whose current base feels heavy or takes too long to blend. Treat the SPF as helpful backup rather than your only sunscreen unless you apply the full recommended amount.

2. Add one strategic glow product
The e.l.f. Halo Glow Liquid Filter can be worn alone, under foundation, mixed into foundation or tapped onto high points. At roughly $14, it is a more useful purchase than accumulating several separate primers and highlighters. 
Walmart.com

3. Upgrade from flat powder to a modern finishing powder
The e.l.f. Halo Glow Powder Filter is designed to blur pores and control excess shine while retaining a soft-focus glow. This is especially worthwhile when traditional matte powder leaves your makeup looking dry or heavy.

4. Choose mascara that changes the whole look
The Maybelline Falsies Lash Lift Mascara uses a curved brush and fiber-infused formula to add lift, length and volume. It is a higher-impact upgrade than purchasing another neutral eye palette.

5. Swap ordinary conditioner for a glossing formula
For dull or porous hair, L’Oréal Elvive Glycolic Gloss Conditioner is one of the easiest low-cost upgrades. Walmart currently lists the 13.5-ounce version around $5, and the formula is intended to smooth and improve shine without weighing down multiple hair types.

For color-treated hair, consider the sulfate-free L’Oréal EverPure Glossing Conditioner, currently around $10.

6. Upgrade the tool that consumes the most time
A blow-dry brush such as the Revlon One-Step Volumizer can dry, smooth and add volume in one process. Walmart currently lists versions from roughly $42–$50. It is most valuable for people who routinely use both a dryer and a round brush.

Use moderate heat, avoid repeatedly passing over already-dry sections and do not use it on soaking-wet hair.

7. For curls, prioritize airflow over trendy attachments
The Revlon Ionic Volume Booster Dryer includes a diffuser and ionic technology aimed at reducing frizz while defining curls and waves. At about $25, it may be a smarter functional upgrade than an expensive multi-styler.

Best order to spend

Start with daily facial sunscreen, then upgrade your hair conditioner or styling tool, followed by skin tint and mascara. Glow boosters and finishing powders should come afterward. This aligns with the broader 2026 shift toward simpler routines, established skincare ingredients and products that combine performance with gentler formulas. 
Allure

Prices and local availability can vary by shade, store and fulfillment method.

Sources used:

https://www.walmart.com/ip/e-l-f-Halo-Glow-Liquid-Filter-1-Fair-1-06-fl-oz/1708104247

https://www.walmart.com/ip/e-l-f-Halo-Glow-Skin-Tint-SPF-15-8-Med-Ntrl/15130519268

https://www.walmart.com/ip/e-l-f-Halo-Glow-Powder-Filter-Deep-Warm/6313207115

https://www.walmart.com/ip/Maybelline-The-Falsies-Lash-Lift-Washable-Mascara-Ultra-Black/290237004

https://www.walmart.com/ip/L-Oreal-Paris-Elv-Glycolic-13-5oz-Conditioner/15230663292

https://www.walmart.com/ip/L-Oreal-Paris-EverPure-Glossing-Conditioner-6-8-fl-oz/5724817811

https://www.walmart.com/ip/Revlon-One-Step-Volumizer-Hair-Dryer-and-Hot-Air-Brush-Black/54931349

https://www.walmart.com/ip/Revlon-One-Step-Ceramic-Hair-Dryer-Volumizer-Hot-Air-Brush-Purple/858857786

https://www.walmart.com/ip/Revlon-Ionic-Model-Styler/19400346

https://www.allure.com/story/skin-care-trends-2026"
Which hidden-gem beauty products should I look for at Walmart?,"Walmart’s best hidden gems tend to come from its exclusive, indie and less-prominent brands—not necessarily the products dominating social media. These picks were listed in stock online when checked on July 14, 2026; prices and local availability can vary. Walmart also maintains a dedicated “Hidden Gems” beauty section. 
Walmart.com
+1

Vitamasques Dewy Glow Hydrate Serum
$5.97•Hydrating serum offers a budget-friendly glow boost.
Hip Chic Water-to-Cream Hair Treatment
$7.94•Water-to-cream treatment for glossy, manageable hair.
Palladio Skin Tint
$13.98•Lightweight skin tint for an underrated, natural look.
BODY by TPH Baby Buff’d Body Scrub
$11.97•Effective body scrub for smooth, bright skin.
4U by Tia MultiUse Hair Oil
$7.50•Multiuse hair oil with a weightless feel.
Heritage Store Rosewater & Glycerin Mist
$9.88•Rosewater mist hydrates skin and hair.
Hard Candy Just Glow Body Luminizer
$8.94•Body luminizer adds a subtle glow at an affordable price.
Garnier Erase It All Cleansing Balm
$11.97•Gentle cleansing balm for all skin types.
Urban Hydration Honey Detangling Spray
$7.79•Detangling spray for smooth, manageable hair.
Profusion Artistry On The Go Kit
$14.98•Travel-friendly eyeshadow and face palette.
Bevel Hydrating Face Gel
$12.95•Hydrating gel moisturizer with Vitamin C.
Design Essentials Detoxifying Tonic
$9.98•Detoxifying tonic for scalp health and protection.
Standout finds

Best skincare bargain: Vitamasques Dewy Glow Serum — $5.97
A surprisingly inexpensive formula with 5% niacinamide and a hyaluronic-acid complex. It is a good option for dehydration, dullness or layering beneath makeup.

Best makeup discovery: Palladio Skin Tint — $13.98
This lesser-known tint combines light coverage with aloe, niacinamide and hyaluronic acid. Consider it for a fresh, minimal-makeup finish rather than full coverage.

Best hair-treatment gem: Hip Chic Water-to-Cream Treatment — $7.94
The rinse-out formula changes from water to cream and is designed to add softness, hydration and shine without the commitment of a heavy weekly mask.

Best body-care find: BODY by TPH Baby Buff’d Scrub — $11.97
More sophisticated than a basic sugar scrub: it combines physical exfoliation with glycolic acid, lactic acid and niacinamide. Start once weekly if your skin is sensitive.

Best multipurpose product: Heritage Store Rosewater & Glycerin Mist — $9.88
Useful as a hydrating facial mist, makeup refresher or light hair mist. The glycerin version is the better choice when hydration—not simply fragrance—is the goal. 
Walmart.com

Best for braids, locs or between wash days: Design Essentials Detoxifying Tonic — $9.98
It provides a waterless way to refresh the scalp and remove surface residue without immediately dismantling a protective style.

Best inexpensive glow product: Hard Candy Just Glow Body Luminizer — $8.94
A buildable body shimmer with a non-sticky texture. Apply it selectively to shoulders, collarbones and legs rather than covering the entire body.

Best travel kit: Profusion Artistry On The Go — $14.98
The combination of eye and face shades makes this particularly useful for vacations or gym bags, where one compact can replace several products.

My five-product hidden-gem basket

For the strongest mix of usefulness and value, I would choose the Vitamasques serum, Palladio skin tint, Hip Chic hair treatment, BODY by TPH scrub and Heritage Store mist. Together, they cover skincare, makeup, hair and body care for about $50 before tax.

Sources

https://www.walmart.com/shop/beauty/hidden-gems

https://www.buzzfeed.com/beccaglasserbaker/affordable-walmart-beauty-products-keep-skin-fresh

https://www.walmart.com/ip/Dewy-Glow-Hydrate-Serum/17387618090

https://www.walmart.com/ip/That-Shiny-Hair-Water-To-Cream-Treatment/18470507787

https://www.walmart.com/ip/PR-PALLADIO-Skin-Tint-Light-Ivory/17805621336

https://www.walmart.com/ip/BODY-by-TPH-Baby-Buff-d-Body-Scrub-Brightening-Polish-with-Glycolic-Acid-for-Women-Men-8-oz/450543755

https://www.walmart.com/ip/4U-by-Tia-MultiUse-Hair-Oil-with-Vitamin-E-and-Hemi15-2-fl-oz/1042995495

https://www.walmart.com/ip/Heritage-Store-Rosewater-Spray-Hydrating-Mist-for-Skin-Hair-No-Dyes-or-Alcohol-Vegan-8-oz-60-Day-Money-Back-Guarantee/28645974

https://www.walmart.com/ip/Just-Glow-Body-Luminizer-Moonlit/17633564501

https://www.walmart.com/ip/Gar-Generic-Garnier-Ha-Aloe-Cleansing-Balm/5469989233

https://www.walmart.com/ip/Urban-Hydration-Honey-Health-Repair-Detangling-Spray-9-1-OZ/323396636

https://www.walmart.com/ip/Profusion-Cosmetics-Aritistry-On-The-Go-Eyeshadow-and-Face-Palette-In-The-City/2649462310

https://www.walmart.com/ip/Bevel-Hydrating-Face-Gel-with-Vitamin-C-for-All-Skin-Types-4-oz/725555075

https://www.walmart.com/ip/Design-Essentials-Scalp-Care-Detoxifying-Tonic-4-fl-oz-Wavy-Coily-Hair/413936016"
What are the best new-to-me beauty products to discover at Walmart in 2026?,"Walmart’s 2026 beauty assortment is especially strong in hydrating haircare, glossy lip treatments, and affordable skincare-makeup hybrids. Its live “New Beauty” section spans hundreds of makeup launches and more than 1,000 skincare arrivals, though availability and pricing can vary by store. 
Walmart.com
+2
Walmart.com
+2

Eva NYC H2-Whoa Hydra-Jelly Hair Mask
$12.54•Hydrating hair mask for moisture and shine.
L’Oréal Collagen Moisture Bounce Serum
$9.97•Affordable collagen serum for bouncy skin.
L’Oréal Plump Ambition Hyaluron Lip Oil
$10.97•Glossy lip oil with hyaluronic acid for daily wear.
Neutrogena Hydro Boost Hydrating Lip Oil
$9.97•Hydrating lip oil with a natural finish.
Palladio Lip Glaze Serum
$9.98•Peptide-infused gloss for a shiny, smooth look.
Truly Soft Serve Peptide Lip Oil
$14.97•Luxury peptide lip oil with a fun, hybrid treatment.
The Lip Bar Vegan Lip Gloss
$14.74•Vegan gloss with rich pigmentation and nonsticky feel.
L’Oréal True Match Lumi Glotion
$14.97•Highlighter for an instant glow and radiant complexion.
L’Oréal Collagen Moisture Filler SPF 30
$11.97•SPF moisturizer with collagen for daily hydration.
Babe Original Cloud 9 Lip Serum
$23.00•Premium lip serum for deep nourishment.
Best discoveries to try

1. Eva NYC H2-Whoa Hydra-Jelly Hair Mask — about $13
The most interesting hair find. Its lightweight jelly texture combines hyaluronic acid and squalane to hydrate without the heaviness of a traditional butter mask. It is particularly appealing for dry, porous, curly, or heat-styled hair. Walmart currently shows a 4.8-star rating from more than 200 reviews. 
Walmart.com

2. L’Oréal Collagen Moisture Bounce Serum — about $10
A strong “why is this so inexpensive?” skincare find. The milky serum combines glycerin and squalane with a collagen-focused formula designed for prolonged hydration and a plumper-looking finish. Best for normal-to-dry skin or anyone who dislikes sticky serums.

3. L’Oréal Plump Ambition Hyaluron Lip Oil — about $11
A worthwhile alternative to pricier glassy lip oils. It delivers sheer color, high shine and a cushioned feel, with several shades and a separate pH-adjusting version that creates a personalized pink tint.

4. Palladio Lip Glaze Serum — about $10
A more under-the-radar choice than e.l.f. or NYX. It contains peptides and hyaluronic acid and comes in both shimmer and non-shimmer shades. Choose this when you want a polished gloss rather than an almost-clear oil.

5. Neutrogena Hydro Boost Hydrating Lip Oil — about $10
One of the easiest everyday picks. It combines a sheer tint with hyaluronic-acid hydration and has accumulated hundreds of strong customer ratings. Coral Crush is a good entry shade for a fresh, low-effort look.

6. Truly Soft Serve Luxury Peptide Lip Oil — about $15
The playful discovery: soft pink color, strawberry scent and a formula featuring peptides, ceramides and plant oils. It is more of a glossy treat than an essential, but it makes a good gift or impulse purchase.

7. The Lip Bar Vegan Lip Gloss — about $15
Worth discovering for richer pigmentation and shades intended to complement a broad range of complexions. The formula uses argan oil and aims for a lightweight, nonsticky finish rather than sheer balm-like color.

8. L’Oréal True Match Lumi Glotion — about $15
Not brand-new, but still a great new-to-you product. Use it under foundation, mixed into moisturizer or tapped onto cheekbones. Its glycerin-and-shea-butter formula gives radiance without requiring a separate highlighter. It was also included among potential products in Walmart’s Summer 2026 Beauty Box. 
Hello Subscription

9. L’Oréal Collagen Moisture Filler SPF 30 — about $12
An especially practical discovery for mornings: moisturizer, broad-spectrum SPF 30 and a semi-matte finish in one step. Walmart describes it as lightweight and invisible, without a white cast.

10. Babe Original Cloud 9 Lip Serum — about $23
The splurge of the list. It is positioned more like a treatment than a conventional gloss, promising sustained hydration and improvement in the appearance of lip lines over continued use.

Also watch for these 2026 Beauty Box finds

Walmart’s Summer 2026 Beauty Box assortment may include Curology Emergency Spot Patch clusters, The Lip Bar Tinted Lip Oil, Eva NYC H2-Whoa mask, La Roche-Posay Anthelios UV Pro-Sport SPF 50 and L’Oréal Elvive Collagen Peptide volumizing mousse. Exact boxes vary, but the list is a useful preview of products Walmart is currently highlighting. 
Hello Subscription

Best three-product discovery haul: Eva NYC H2-Whoa Mask, L’Oréal Moisture Bounce Serum and Palladio Lip Glaze Serum. Together, they cover hair, skincare and makeup for roughly $33 before tax.

Sources

https://www.walmart.com/shop/beauty/new-arrivals

https://www.walmart.com/shop/beauty/makeup-new-arrivals

https://www.walmart.com/shop/beauty/skincare-new-arrivals

https://www.walmart.com/ip/Eva-NYC-H2-Whoa-Hydra-Jelly-Hair-Mask-8-4oz/17945713961

https://www.walmart.com/ip/Eva-NYC-H2-Whoa-Hydrating-Shampoo-10oz/14254064873

https://www.walmart.com/ip/L-Oreal-Paris-Collagen-Moisture-Moistue-Bounce-Serum/16192773572

https://www.walmart.com/ip/L-Oreal-Paris-Paradise-PLUMP-AMBITION-BERRY-JOLIE-0-16-fl-oz/5842327185

https://www.walmart.com/ip/L-Oreal-Paris-OA-PARADISE-pH-CRISTAL-0-16-fl-oz/14621561785

https://www.walmart.com/ip/NTGCOS-HB-HYDTG-LIPPLMPOIL-CRLCRUSH-0-2Z/17578411565

https://www.walmart.com/ip/Palladio-Lip-Glaze-Serum-Berry-Spritz/17718273450

https://www.walmart.com/ip/Truly-Soft-Serve-Luxury-Peptide-Lip-Oil/17763615141

https://www.walmart.com/ip/The-Lip-Bar-Vegan-Lip-Gloss-with-Argan-Oil-Baddie-0-30-fl-oz/211872027

https://www.walmart.com/ip/L-Oreal-Paris-True-Match-Lumi-Glotion-Liquid-Hydrating-Highlighter-Glow-Makeup-905-Rich-1-35-fl-oz/1636715855

https://www.walmart.com/ip/L-Oreal-Paris-Collagen-Moisture-Filler-Moisturizer-Broad-Spectrum-SPF-30-1-7-fl-oz/5557002904

https://www.walmart.com/ip/Babe-Original-Cloud-9-Lip-Serum-14ml/14893856808

https://hellosubscription.com/walmart-beauty-box-summer-2026-spoilers/"
Which Walmart beauty products give the best results for the lowest price?,"The best value comes from simple formulas that solve one clear problem—cleanser, moisturizer, mascara, lip color—rather than elaborate “treatment” products.

e.l.f. Lash XTNDR Mascara
$7.00•Affordable tubing mascara with great value for lengthening.
NYX Butter Gloss
$5.97•Budget-friendly gloss adds shine without stickiness.
e.l.f. Sheer For It Blush Tint
$5.00•Multi-use blush tint for cheeks and lips at low cost.
e.l.f. Clear Brow & Lash Mascara
$3.00•Clear mascara for brows and lashes, essential and inexpensive.
Rimmel Wonder'Luxe Mascara
$6.97•Cheap volume mascara for bold, dramatic lashes.
NYX Fat Oil Lip Drip
$9.97•Hydrating glossy lip oil for a natural, shiny look.
Maybelline Lifter Gloss
$7.98•Moisturizing gloss with hyaluronic acid for a plump finish.
Revlon ColorStay Xtensionnaire Mascara
$9.97•Long-wear mascara for all-day definition and volume.
Best results per dollar

1. e.l.f. Lash XTNDR Mascara — $7
The strongest overall makeup value. Its tubing formula creates noticeable length while resisting smudging and flaking, and it removes more easily than many waterproof mascaras. It currently has a 4.6 rating from more than 2,500 reviews. 
Walmart.com

2. NYX Butter Gloss — about $5.65–$6
An inexpensive way to get comfortable color, shine and a smoother lip appearance. The formula is nonsticky, comes in many shades and has thousands of strong customer ratings.

3. e.l.f. Sheer For It Blush Tint — $5
Probably the best minimalist purchase: one product works as both a cheek tint and lip stain. The sheer, buildable finish is forgiving and more durable than a traditional powder blush.

4. e.l.f. Clear Brow & Lash Mascara — $3
The lowest-cost useful upgrade. It shapes brows, controls stray hairs and creates a polished look without requiring shade matching.

5. CeraVe Hydrating or Foaming Facial Cleanser — about $13.68
Not the absolute cheapest cleanser, but a better long-term value than frequently replacing harsh bargain formulas. Choose Hydrating for normal-to-dry skin and Foaming for normal-to-oily skin. Walmart currently lists both 12-ounce versions around $13.68. 
Walmart.com

6. CeraVe Moisturizing Cream, 16 ounces — about $15.97
One jar can replace separate face, hand and body moisturizers for many people. Its large size and roughly $1-per-ounce price make it one of Walmart’s better skincare values, particularly for dry skin. 
Walmart.com

7. Rimmel Wonder’Luxe Mascara — $6.97
The better low-cost choice when you want volume rather than the separated, elongated effect of a tubing mascara. It is marketed as clump-, smudge- and flake-resistant and has more than 1,700 ratings.

8. NYX Fat Oil Lip Drip — $9.97
Worth paying slightly more for when comfort and high shine matter more than pigment. For basic color, Butter Gloss remains the better bargain.

The smartest under-$40 basket

A particularly effective combination is:

CeraVe cleanser: $13.68

e.l.f. Lash XTNDR: $7

e.l.f. blush tint: $5

NYX Butter Gloss: about $6

e.l.f. clear brow gel: $3

Approximate total: $34.68, before tax. Prices and local availability can vary.

The easiest products to skip are dedicated eye creams, expensive face mists, makeup primers without a specific wear problem, and multiple specialized cleansers. Affordable beauty is increasingly competitive—2026 editor testing also continues to identify strong drugstore formulas across skincare and makeup rather than treating low price as an automatic compromise. 
Glamour
+1

Sources used:

https://www.walmart.com/ip/e-l-f-Lash-XTNDR-Tubing-Mascara-Deep-Brown-0-25oz/5206098932

https://www.walmart.com/brand/cerave/10000657

https://www.walmart.com/browse/shop-by-brand/cerave/3734780_3989171_9776908

https://www.glamour.com/gallery/beauty-awards-drugstore-skincare-product-winners

https://www.byrdie.com/best-under-35-beauty-products-2026-12006322"
What are the best everyday makeup products available at Walmart?,"The best Walmart everyday makeup picks are easy to apply, forgiving, and versatile enough for a five- to ten-minute routine. Walmart’s current assortment includes strong options from e.l.f., Maybelline, Milani, NYX, L’Oréal, and CoverGirl. 
Walmart.com
+1

e.l.f. Halo Glow Skin Tint SPF 50
$14.00•Great for everyday wear with SPF 50.
e.l.f. Soft Glam Satin Concealer
$5.00•Natural satin coverage for a subtle look.
Maybelline Sky High Mascara & Primer Kit
$16.98•Enhances length and definition in one kit.
Milani Baked Blush in Luminoso
$9.47•Luminous blush adds a classic glow.
e.l.f. Sheer For It Lip + Cheek Tint
$5.00•Multitasker for lips and cheeks at a low price.
NYX Buttermelt Powder Blush
$9.97•Long-wearing, vibrant powder blush.
L'Oréal True Match Radiant Serum Concealer
$13.97•Brightening concealer for dry undereyes.
L'Oréal Paradise Hyaluron Tint Lip Stain
$10.97•Easy-lasting lip stain with hyaluronic acid.
e.l.f. Halo Glow Liquid Filter
$14.00•Glow booster liquid filter for radiant skin.
CoverGirl Clean Fresh All Over Dewy Tint
$7.98•Dewy tint for a fresh, dewy look.
Best routine by step

Base: e.l.f. Halo Glow Skin Tint SPF 50 — about $14
Light, buildable coverage with a natural dewy finish. It is a better everyday choice than full foundation when you want your skin to remain visible. The 18-shade range is relatively broad for a flexible skin tint, though its SPF should supplement—not replace—your regular sunscreen.

Concealer: e.l.f. Soft Glam Satin Concealer — about $5
The best value pick for medium, buildable coverage without an aggressively matte finish. Its satin texture is suitable for spot concealing and under the eyes.
For drier or more mature under-eyes, consider L’Oréal True Match Radiant Serum Concealer, which combines radiant coverage with hyaluronic acid and caffeine.

Blush: Milani Baked Blush in Luminoso — about $9.47
A dependable everyday powder blush because the color is buildable and the luminous finish adds dimension without requiring a separate highlighter. It currently carries a 4.6-star Walmart rating from more than 1,500 reviews.
Choose NYX Buttermelt Blush instead for stronger pigmentation and longer wear; apply it lightly because the formula is more intense.

Mascara: e.l.f. Lash XTNDR Tubing Mascara
A particularly practical everyday option for people who experience smudging beneath the eyes. The tubing formula is designed to lengthen lashes with a lightweight finish, and the deep-brown shade creates softer definition than black. 
Walmart.com

For a more dramatic effect, Maybelline Sky High offers stronger length and definition; Walmart’s mascara-and-primer kit is currently listed around $16.98.

Lip and cheek multitasker: e.l.f. Sheer For It Blush Tint — about $5
One of the smartest low-cost purchases: it creates a sheer, transfer-resistant stain on both cheeks and lips, reducing the number of products needed.

Longer-wearing lip: L’Oréal Paradise Hyaluron Tint — about $10.97
A useful middle ground between a lightweight serum and a conventional lip stain, with more longevity than an ordinary gloss.

Optional glow: e.l.f. Halo Glow Liquid Filter — about $14
Wear it alone, mix it into foundation, or tap a small amount onto the high points of the face. It is versatile, but unnecessary if your skin tint and blush already provide enough luminosity.

The simplest five-product kit

For the most streamlined routine, buy:

e.l.f. Halo Glow Skin Tint

e.l.f. Soft Glam Satin Concealer

Milani Baked Blush

e.l.f. Lash XTNDR Mascara

e.l.f. Sheer For It Lip + Cheek Tint

That combination provides a natural base, targeted coverage, cheek color, defined lashes, and a coordinated lip in only a few steps. Prices and local inventory can vary by shade and store.

Sources used:

https://www.walmart.com/cp/makeup/1007040

https://www.walmart.com/browse/beauty/face-makeup/1085666_1007040_4989345

https://www.walmart.com/ip/e-l-f-Lash-XTNDR-Tubing-Mascara-Deep-Brown-0-25oz/5206098932

https://www.walmart.com/ip/Milani-Baked-Blush/17655617

https://www.walmart.com/ip/ELF-BlushTint-Plum/15125869370

https://www.walmart.com/ip/NYX-Professional-Makeup-Buttermelt-Powder-Blush-Back-And-Butta/5201736112

https://www.walmart.com/ip/e-l-f-Soft-Glam-Medium-Coverage-Concealer-24-LIGHT-WARM/17405706951

https://www.walmart.com/ip/Maybelline-Lash-Sensational-Sky-High-Mascara-Tinted-Primer-Kit-Blackest-Black/2730496708

https://www.walmart.com/ip/e-l-f-Halo-Glow-Liquid-Filter-3-5-Medium-1-06-fl-oz/3550167919

https://www.walmart.com/ip/LOral-Paris-True-Match-Radiant-Serum-Concealer-Brightening-Under-Eye-Concealer-Make-Up-with-1-5-Hyaluronic-Acid-and-Caffeine-N5-0-33-Oz/3264725005

https://www.walmart.com/ip/L-Oreal-Paris-HYALURON-TINT-WORTH-IT-MEDIUM-0-16-fl-oz/16874161163

https://www.walmart.com/ip/ELF-ST-8-Med-Ntrl/15130519268"
"Which Walmart beauty finds are best for creating a natural, no-makeup look?","For a convincing no-makeup makeup look, prioritize a sheer base, targeted concealing, a translucent cheek tint, softly groomed brows and a tinted balm. Avoid layering several luminous products, which can make the finish look noticeably “done.”

COVERGIRL Clean Fresh Blurring Skin Tint SPF 30
$10.28•Lightweight, SPF 30 skin tint for everyday wear.
Revlon Illuminance Serum Tint
$9.17•Affordable serum tint with a natural glow.
L’Oréal True Match Hyaluronic Tinted Serum
$15.82•Skin-like coverage with hyaluronic acid.
Neutrogena Hydro Boost Hydrating Tint
$12.47•Hydrating tint ideal for dry skin.
e.l.f. Halo Glow Skin Tint SPF 50
$14.00•Dewy SPF tint with a radiant finish.
e.l.f. Halo Glow Liquid Filter
$14.00•Glow-boosting liquid filter for a luminous look.
e.l.f. Halo Glow Powder Filter
$14.00•Shine control powder for a matte finish.
L’Oréal Lumi Le Glow Skin Tint
$13.97•Sheer, radiant skin tint with a luminous effect.
Best picks

Best overall base: COVERGIRL Clean Fresh Blurring Skin Tint SPF 30 — about $10
Weightless coverage and a soft-blur finish make this the easiest choice when you want your skin to look more even without looking covered.

Best natural satin finish: Revlon Illuminance Serum Tint — about $9
Provides light, buildable coverage with less visible shine than many “glowy” tints, making it especially good for normal or combination skin.

Best for uneven tone: L’Oréal True Match Hyaluronic Tinted Serum — about $16
A little more coverage than the average tint, but it still looks skin-like when applied sparingly with fingers or a damp sponge.

Best for dry skin: Neutrogena Hydro Boost Hydrating Tint — about $12
The water-gel texture and hyaluronic acid help prevent the dry, powdery appearance that can reveal makeup.

Best multitasker: e.l.f. Halo Glow Skin Tint SPF 50 — about $14
Combines light, dewy coverage with mineral sunscreen. Apply sunscreen separately when necessary rather than relying on a thin makeup layer for complete protection.

Best sheer cheek color: e.l.f. Sheer For It Blush Tint — about $5
Its watery, buildable texture creates a stain-like flush on cheeks and lips rather than an obvious layer of blush. 
Walmart.com
+1

Best cream blush for a polished finish: L’Oréal True Match Hyaluron Tinted Cream Balm — about $15
Lightweight, hydrating and non-comedogenic, with a radiant finish that blends naturally into a skin tint. 
Walmart.com

Best subtle glow: e.l.f. Halo Glow Liquid Filter — about $14
Use half a pump under your tint or only on the tops of the cheekbones. Wearing a full layer can look more luminous than “no makeup.”

Simple five-minute routine

Apply a small amount of skin tint only where your tone needs evening. Spot-conceal around the nose, under the eyes and over blemishes. Tap cheek tint onto the apples of the cheeks, brush brows upward with clear gel, add brown or brown-black mascara, and finish with tinted lip balm. Powder only the center of the forehead, nose and chin.

Prices and availability can vary by shade, store and ZIP code.

Sources used:

https://www.walmart.com/ip/COVERGIRL-Clean-Fresh-Blurring-Skin-Tint-SPF30-420-Light-Medium-Neutral-1-fl-oz/14254919046

https://www.walmart.com/ip/Revlon-Illuminance-Serum-Tint-Liquid-Foundation-Light-Buildable-Coverage-113-Ivory-Beige-0-94-fl-oz/3694398173

https://www.walmart.com/ip/L-Oreal-Paris-True-Match-Hyaluronic-Tinted-Serum-Foundation-Makeup-2-3-Light-1-fl-oz/383286676

https://www.walmart.com/ip/Ntg-Hydo-Boost-Cos-Ntg-Hydro-Boost-Lmu-60/136654756

https://www.walmart.com/ip/e-l-f-Halo-Glow-Skin-Tint-SPF-15-17-Rich-Warm/15177065628

https://www.walmart.com/ip/e-l-f-Halo-Glow-Liquid-Filter-0-5-Fair-1-06-fl-oz/1221226866

https://www.walmart.com/ip/e-l-f-Halo-Glow-Powder-Filter-Deep-Warm/6313207115

https://www.walmart.com/ip/L-Oreal-Paris-Lumi-Tint-Light-N-120-0-85-fl-oz/5389938491

https://www.walmart.com/ip/e-l-f-Blush-Tint-Red/15172865830

https://www.walmart.com/ip/L-Or-al-Paris-OA-T-MATCH-TINTED-SERUM-BLONZER-AMB/18294019791"
What are the best long-lasting beauty products to buy at Walmart?,"For makeup that survives long workdays, heat, humidity, and events, these are the strongest Walmart buys. Prices and availability vary by shade and location.

e.l.f. Power Grip Primer
$10.00•Best gripping primer for long-lasting makeup hold.
Maybelline Super Stay 24HR Skin Tint
$13.98•Lightweight, long-wear skin tint with Vitamin C.
L’Oréal Infallible Full Wear Concealer
$12.98•Waterproof concealer for full coverage and durability.
Maybelline Sky High Waterproof Mascara
$10.82•Waterproof mascara that resists humidity and smudging.
NYX Epic Ink Waterproof Eyeliner
$10.12•Precise waterproof eyeliner for defined eyes.
Maybelline Super Stay Matte Ink
$9.82•Long-lasting matte lip ink for all-day wear.
L’Oréal Infallible 3-Second Setting Mist
$10.98•Strongest setting mist for up to 36 hours of hold.
Milani Make It Last Matte Setting Spray
$9.97•Matte setting spray ideal for oily skin and shine control.
Best overall picks

1. e.l.f. Power Grip Primer — about $10
A tacky gel primer that helps foundation adhere while keeping the finish hydrated rather than dry. This is the best starting point for increasing the wear of your entire routine.

2. Maybelline Super Stay 24HR Skin Tint — about $14
A strong everyday choice when you want lighter coverage than traditional foundation but significantly better staying power than most skin tints.

3. L’Oréal Infallible Full Wear Concealer — about $13
Offers matte, full coverage with waterproof, transfer-resistant and crease-resistant claims. Use a small amount and blend quickly because it sets firmly.

4. Maybelline Sky High Waterproof Mascara — about $11
The safest pick for humid weather, watery eyes and long events. It emphasizes length and separation while resisting flaking and smudging. It was also recently named a standout drugstore mascara after extensive comparative testing. 
Who What Wear

5. NYX Epic Ink Waterproof Eyeliner — about $10
One of the best values for a sharp, dark wing that resists water and everyday smudging. The flexible tip works for both thin lines and dramatic looks.

6. Maybelline Super Stay Matte Ink — about $10
The standout choice when lip longevity matters most. It promises up to 16 hours of saturated matte color, though the tradeoff is a slightly tackier and drier feel than a balm or gloss.

Best finishing spray

For maximum hold: L’Oréal Infallible 3-Second Setting Mist — about $11
This aerosol-style microfine mist promises up to 36 hours of wear. It is the better option for weddings, outdoor events or very long days.

For oily skin: Milani Make It Last Matte — about $10
Sets and mattifies for up to 16 hours while helping reduce shine and the appearance of pores.

For normal or combination skin: NYX Face Glue Setting Spray — about $10
Walmart lists it as waterproof, fade-resistant and transfer-resistant for up to 24 hours, with a lightweight natural finish. 
Walmart.com

Strong fixing sprays generally provide more resistance to sweat, humidity and transfer than hydrating setting mists, although alcohol-heavy formulas may feel drying on sensitive or very dry skin. 
Allure

Best long-wear routine under $55

Use e.l.f. Power Grip Primer, Maybelline Skin Tint, Sky High Waterproof Mascara, Super Stay Matte Ink, and L’Oréal 3-Second Setting Mist. Apply thin layers and let each layer settle before adding the next; strategic layering usually lasts better than applying one heavy coat. 
Allure

Sources:

https://www.walmart.com/ip/e-l-f-Power-Grip-Primer-0-811-fl-oz/951334506

https://www.walmart.com/ip/Maybelline-Super-Stay-Super-Stay-Up-to-24HR-Skin-Tint-with-Vitamin-C-374-1-fl-oz/2226627268

https://www.walmart.com/ip/L-Oreal-Paris-Infallible-Full-Wear-Concealer-Full-Coverage-Cashew-0-33-fl-oz/583507610

https://www.walmart.com/ip/Maybelline-Lash-Sensational-Sky-High-Waterproof-Mascara-Very-Black/235914757

https://www.walmart.com/ip/NYX-Professional-Makeup-Epic-Ink-Liner-Black/127964802

https://www.walmart.com/ip/Maybelline-Superstay-Matte-Ink/503748081

https://www.walmart.com/ip/L-Oreal-Paris-Infallible-3-Second-Setting-Mist-with-Microfine-up-to-36H-Wear-Clear-1-76-fl-oz/5216421750

https://www.walmart.com/ip/Milani-Make-It-Last-Matte-Setting-Spray-Charcoal/188534432

https://www.walmart.com/ip/NYX-Professional-Makeup-The-Face-Glue-Setting-Spray-2-fl-oz/7635000453

https://www.allure.com/story/how-to-make-makeup-last-all-day

https://www.allure.com/story/best-fixing-sprays-for-makeup

https://www.whowhatwear.com/best-mascaras"
Which personal care products at Walmart are best for sensitive or easily irritated skin?,"For sensitive or easily irritated skin, the safest Walmart strategy is to choose fragrance-free—not merely “unscented”—products with short ingredient lists and gentle, barrier-supporting ingredients such as glycerin, ceramides, petrolatum, colloidal oatmeal, and hyaluronic acid. The American Academy of Dermatology also recommends looking for the National Eczema Association Seal of Acceptance when eczema or severe sensitivity is a concern. 
American Academy of Dermatology
+1

Vanicream Gentle Facial Cleanser
$9.97•Gentle, effective cleanser for sensitive skin.
Vanicream Moisturizing Skin Cream
$13.56•Rich moisturizer ideal for dry skin.
Vanicream Enhanced Moisturizer
$12.97•Lightweight, hydrating moisturizer for all-day wear.
Vanicream Gentle Body Wash
$16.67•Minimalist body wash suitable for sensitive skin.
CeraVe Hydrating Facial Cleanser
$12.37•Hydrating facial cleanser with hyaluronic acid.
Aveeno Calm + Restore Oat Cleanser
$9.97•Calming cleanser for redness-prone skin.
Cetaphil Gentle Skin Cleanser
$8.78•Gentle, non-foaming skin cleanser for sensitive skin.
Neutrogena Hydro Boost Fragrance-Free Cleanser
$11.97•Fragrance-free gel cleanser with hyaluronic acid.
all Free Clear Laundry Detergent
$19.99•Effective stain remover laundry detergent.
Best picks by category

Face cleanser: Vanicream Gentle Facial Cleanser — about $9.97
My top overall pick. It is soap-free, fragrance-free, non-comedogenic, avoids many common irritants, and carries the National Eczema Association Seal of Acceptance. It removes sunscreen and everyday oil without the tight feeling associated with harsher cleansers.

Moisturizer: Vanicream Moisturizing Cream — about $13.56
Best for very dry, itchy, cracked, or reactive skin. Its thick cream texture is especially useful during winter, after handwashing, or when the skin barrier feels compromised.

Lighter moisturizer: Vanicream Enhanced Moisturizer — about $12.97
A better choice for people who find heavy creams uncomfortable. It combines glycerin, hyaluronic acid, and ceramides for hydration and barrier support.

Body wash: Vanicream Gentle Body Wash — about $16.67
A particularly cautious choice for people who react to fragrance, masking fragrance, dyes, lanolin, or botanical extracts. For a less expensive option, Cetaphil Ultra Gentle Body Wash is fragrance-free and was listed around $8.38 when checked. 
Walmart.com

Alternative face cleanser for dry skin: CeraVe Hydrating Facial Cleanser — about $12.37
Its ceramides, glycerin, and hyaluronic acid make it a good non-stripping option for normal-to-dry sensitive skin.

For redness or a tight, uncomfortable feeling: Aveeno Calm + Restore Oat Cleanser — about $9.97
A milky, low-foam cleanser that is particularly appealing when skin feels dry or reactive.

For extremely dry skin that dislikes foam: Cetaphil Gentle Skin Cleanser — about $8.78
Creamy and non-foaming. It is a straightforward option for dry-to-normal sensitive skin.

For normal-to-oily sensitive skin: Neutrogena Hydro Boost Fragrance-Free Gel Cleanser — about $11.97
A lightweight foaming option. Choose the version explicitly labeled fragrance-free, since similarly named formulas may differ.

Laundry detergent: all Free Clear — about $19.99 for the large size
Fragranced detergent left in clothing, towels, and bedding can aggravate reactive skin. Allergy specialists recommend fragrance-free detergent and suggest an additional rinse cycle when residue remains irritating. 
AAAI

Also worth considering

For sunscreen, start with a fragrance-free mineral formula containing zinc oxide, especially if chemical sunscreens sting your face. For cracked lips, hands, or irritated patches, plain petrolatum or Aquaphor Healing Ointment can help reduce moisture loss. Introduce only one new product at a time and patch-test it for several days before applying it widely.

Avoid products featuring fragrance, essential oils, aggressive scrubs, strong exfoliating acids, or multiple new active ingredients at once. “Natural” and “hypoallergenic” do not guarantee that a formula will be non-irritating.

Sources used:

https://www.aad.org/public/diseases/eczema/childhood/triggers/friendly-products

https://nationaleczema.org/eczema-products/

https://www.aaaai.org/tools-for-the-public/conditions-library/allergies/skin-care-tips-atopic-dermatits

https://www.walmart.com/ip/Cetaphil-Daily-Use-Moisturizing-Body-Wash-Unscented-16-9-fl-oz/435650836

https://www.walmart.com/ip/Vanicream-Gentle-Facial-Cleanser-8-oz/191176966

https://www.walmart.com/ip/Vanicream-Moisturizing-Skin-Cream-16-oz-Pump/46108760

https://www.walmart.com/ip/Vanicream-Enhanced-Moisturizer-12-fl-oz-Formulated-without-Common-Irritants-Body-Face-Moisturizer-All-Day-Hydration-Hyaluronic-Acid-Glycerin-Ceramide/19554856084

https://www.walmart.com/ip/Vanicream-For-Sensitive-Skin-Gentle-Body-Wash-12-fl-oz/837979248

https://www.walmart.com/ip/CeraVe-Hydrating-Facial-Cleanser-Face-Wash-with-Hyaluronic-Acid-for-Normal-to-Dry-Skin-8-fl-oz/264449278

https://www.walmart.com/ip/Aveeno-Calm-Restore-Gentle-Nourishing-Oat-Face-Cleanser-7-8-fl-oz/548884805

https://www.walmart.com/ip/Cetaphil-Gentle-Skin-Cleanser-for-Dry-to-Normal-Sensitive-Skin-8-oz/657840628

https://www.walmart.com/ip/Neutrogena-Hydro-Boost-Hyaluronic-Acid-Gel-Facial-Cleanser-and-Face-Wash-Fragrance-Free-7-8-oz/290350505

https://www.walmart.com/ip/all-Liquid-Laundry-Detergent-with-Advanced-OXI-Stain-Removers-and-Whiteners-Free-Clear-184-5-Ounce-103-Loads/52538272"
What are the best Walmart body care products for keeping skin hydrated all day?,"For all-day body hydration at Walmart, these are the strongest current picks:

Best overall: Eucerin Advanced Repair Lotion

Its combination of 5% urea, ceramides, and natural moisturizing factors makes it especially effective for dry or very dry skin. It is fragrance-free, absorbs relatively quickly, and claims up to 48 hours of hydration. The 33.8-ounce pump was listed around $23.97 when checked. 
Walmart.com

Best rich cream: CeraVe Moisturizing Cream

Choose this for very dry skin, winter weather, or areas such as legs, elbows, and arms. The thick cream format is more protective than a lightweight lotion, while ceramides and hyaluronic acid help support the moisture barrier. 
Walmart.com
+1

Best lightweight everyday lotion: Aveeno Daily Moisturizing Lotion

This fragrance-free oat lotion is a good balance of hydration and fast absorption. Walmart listed the 18-ounce bottle around $11.12, with a stated 48-hour hydration benefit. It is particularly suitable for normal-to-dry or mildly sensitive skin. 
Walmart.com

Best budget value: Vaseline Intensive Care Advanced Repair

A solid choice when you want a large, affordable bottle that still seals in moisture effectively. It contains moisturizing lipids and Vaseline jelly, is unscented, and is designed for very dry skin without an especially greasy finish. 
Walmart.com
+1

Best fast-absorbing option: Gold Bond Healing Hydrating Lotion

This provides substantial hydration while feeling less heavy than many creams. The formula includes multiple moisturizers, aloe and vitamins, although it has a light scent. The 24-ounce pump was listed around $12.98. 
Walmart.com

Best elevated formula: Naturium Bio-Lipid Restoring Body Lotion

A good choice when you want a more cosmetically elegant lotion. It uses shea butter, fatty acids, B vitamins and sodium PCA to soften skin and reinforce the barrier. Walmart listed the fragrance-free 14-ounce bottle around $14.88. 
Walmart.com
+1

My simplest recommendation:
Pick Eucerin Advanced Repair for persistent dryness, CeraVe Cream for the richest protection, or Aveeno Daily Moisturizing Lotion when you dislike heavy or sticky formulas.

For better staying power, apply the product within a few minutes of showering while your skin is still slightly damp. Dermatologists generally note that creams hold moisture more effectively than thinner lotions. 
American Academy of Dermatology
+1

Prices and local availability can vary by Walmart location.

Sources used:

https://www.walmart.com/ip/Eucerin-Advanced-Repair-Body-Lotion-Value-Size-Unscented-Body-Lotion-for-Dry-Skin-Body-Moisturizer-33-8-Fl-Oz-Pump-Bottle/554078519

https://www.walmart.com/ip/CeraVe-Moisturizing-Cream-Face-Moisturizer-Body-Lotion-for-Normal-to-Very-Dry-Skin-16-oz/681955595

https://www.walmart.com/ip/Aveeno-Daily-Moisturizing-Body-Lotion-and-Facial-Moisturizer-for-Face-Body-and-Dry-Skin-18-oz/10818473

https://www.walmart.com/ip/Vaseline-Intensive-Care-Body-Lotion-Advanced-Repair-Unscented-for-Women-Dry-Skin-32-oz/19888808

https://www.walmart.com/ip/Gold-Bond-Healing-Hydrating-Hand-and-Body-Lotion-Cream-for-Dry-Skin-with-Aloe-Value-Size-24-oz/1042051569

https://www.walmart.com/browse/personal-care/body-lotions/naturium/1005862_1071969_2566660/YnJhbmQ6TmF0dXJpdW0ie

https://www.aad.org/public/everyday-care/skin-care-basics/dry/pick-moisturizer

https://www.aad.org/public/everyday-care/skin-care-basics/dry/dermatologists-tips-relieve-dry-skin"
Which Walmart beauty products are worth buying in bulk or repurchasing regularly?,"The best Walmart beauty products to buy in bulk are fast-use staples with long shelf lives—not makeup shades or treatment products that may expire before you finish them. Walmart currently has dedicated body-care multipacks, and many of its beauty best sellers are everyday consumables such as moisturizers, cotton products, and body wash. 
Walmart.com
+1

CeraVe Moisturizing Cream, 16 oz
$15.97•All-purpose cream for dry skin hydration.
Equate Moisturizing Cream with Ceramides, 16 oz
$9.44•Affordable moisturizer with ceramides.
Equate Beauty Cotton Rounds, 4-Pack
$8.56•Bulk cotton rounds for daily use.
Equate Cotton Swabs, 1,000 Count
$4.18•Household staple: cotton swabs.
eos Sensitive Skin Body Lotion
$9.97•Fragrance-free lotion for sensitive skin.
CeraVe Daily Moisturizing Lotion, 16 oz
$16.97•Lightweight daily moisturizer for dry skin.
Equate Hydrating Moisturizing Cream, 20 oz
$11.42•Large size hydrating cream for value.
Q-tips Premium Cotton Rounds
$2.97•Premium cotton rounds for gentle application.
Best products to stock up on

1. Cotton rounds and cotton swabs — strongest bulk buy

These are inexpensive, shelf-stable, and useful for skincare, manicures, makeup corrections, and household tasks. The Equate four-pack of cotton rounds was listed at about $8.56 for 400, while the 1,000-count Equate swab twin pack was about $4.18 when checked. Those are more sensible bulk purchases than trendy beauty products that may go unused. 
Walmart.com

2. Face-and-body moisturizer

Large tubs of CeraVe Moisturizing Cream are worth regularly repurchasing when several people use them, or when you apply moisturizer to both face and body. The 16-ounce jar was approximately $15.97 and had a 4.7-star rating across roughly 27,000 reviews when checked.

For a less expensive alternative, Equate Moisturizing Cream with Ceramides and Hyaluronic Acid was about $9.44 for 16 ounces. Buy one first to confirm that your skin tolerates it; then purchase multiples during a rollback.

3. Everyday body lotion

eos Shea Better Body Lotion is one of Walmart’s current beauty best sellers, while the fragrance-free Sensitive Skin version is a better stock-up choice for households with different fragrance preferences. 
Walmart.com

Buy two or three only when you already know you like the texture. Fragranced lotions can become tiring when purchased in large quantities.

4. Body wash and hand soap

Large pumps and multipacks are worthwhile because they are used quickly and can be distributed between bathrooms. Walmart’s bulk body-care section is specifically organized around practical refill and multipack options. 
Walmart.com

Good repeat-buy categories include:

Dove or Olay moisturizing body wash

Suave 30-ounce pump body wash

Dr Teal’s body wash

Sensitive-skin, fragrance-free hand wash

Check the price per fluid ounce, not merely the rollback label.

5. Shampoo and conditioner you already use

Haircare is a good bulk purchase when everyone in the household uses the same formula. Look for twin packs or oversized bottles from brands such as Dove, Pantene, Garnier, and L’Oréal. These brands remain prominent within Walmart’s beauty assortment, alongside affordable brands including e.l.f. and SheaMoisture. 
Allure
+1

Avoid stocking up while experimenting with treatments for dandruff, damage, shedding, or scalp sensitivity.

6. Micellar water and gentle cleanser

These are reliable repeat purchases when they are already established in your routine. Large bottles offer better value and generally last well unopened. Garnier micellar water and gentle cleansers from CeraVe, Cetaphil, Vanicream, or Equate are more sensible to stockpile than active serums.

7. Sunscreen—but only one season’s supply

Sunscreen is worth repurchasing consistently, but not hoarding. Buy enough for the next several months and check expiration dates. Affordable drugstore sunscreens can perform effectively when selected for your skin type and applied correctly. 
Allure

8. Low-cost makeup staples you finish frequently

Regularly repurchase items such as:

Brow gel or pencil

Concealer

Setting powder

Clear lip balm

A signature lip gloss

Makeup sponges

Drugstore staples from Maybelline, e.l.f., NYX, Essence, L’Oréal, and Wet n Wild can provide strong performance at low prices. 
Real Simple

However, mascara should usually be purchased one or two at a time, because it has a relatively short usable life after opening.

Products not to buy heavily in bulk

Skip large backups of foundation, concealer shades, liquid eyeliner, mascara, vitamin C, retinoids, acne treatments, self-tanner, fragrance, and seasonal makeup. Preferences, skin needs, and formulas can change before the backups are opened.

A practical rule: bulk-buy disposables, cleansers, body products, and proven moisturizers; repurchase makeup and active skincare only as you finish them.

Sources used:

https://www.walmart.com/c/best-sellers/beauty-personal-care

https://www.walmart.com/shop/multipacks-and-more-body-care

https://www.walmart.com/c/kp/cotton-rounds

https://www.allure.com/gallery/best-beauty-brands-at-walmart

https://metricscart.com/bestseller-reports/walmart-com/categories/Beauty/

https://www.allure.com/story/best-drugstore-sunscreen

https://www.realsimple.com/makeup-artist-approved-drugstore-makeup-under-10-june-2026-11990891

https://www.walmart.com/ip/CeraVe-Moisturizing-Cream-Face-Moisturizer-Body-Lotion-for-Normal-to-Very-Dry-Skin-16-oz/681955595

https://www.walmart.com/ip/Equate-Beauty-Moisturizing-Cream-with-Ceramides-and-Hyaluronic-Acid-Normal-to-Dry-Skin-16-oz/335192813

https://www.walmart.com/ip/Equate-Beauty-Cotton-Rounds-100-Count/15350762716

https://www.walmart.com/ip/Equate-100-Pure-Cotton-Swabs-Twin-Pack-500-Count-2-Pack/33892458

https://www.walmart.com/ip/eos-Shea-Better-Body-Lotion-for-Dry-Skin-Fragrance-Free-Made-for-Sensitive-Skin-16-fl-oz/1355046306

https://www.walmart.com/ip/CeraVe-Daily-Moisturizing-Face-Body-Lotion-with-Hyaluronic-Acid-for-Normal-to-Dry-Skin-16-oz/614930063

https://www.walmart.com/ip/Equate-Hydrating-Moisturizing-Cream-20oz/16696660538

https://www.walmart.com/ip/Q-Tips-Premium-Ctn-Rnds-24p-80ct/18521950034"
What are the best beauty products at Walmart for beginners building a routine?,"For a beginner, the best routine is one you can repeat consistently: cleanse, moisturize, protect, then add a few easy makeup products. Skip complicated serums and strong actives at first.

CeraVe Daily Essentials Kit — Dry Skin
$23.78•Ideal for dry skin, includes hydrating cleanser and moisturizer.
CeraVe Daily Essentials Kit — Oily Skin
$22.88•Great starter kit for oily skin with foaming cleanser and moisturizer.
CeraVe Hydrating Facial Cleanser
$12.37•Gentle face wash with hyaluronic acid for normal to dry skin.
CeraVe Foaming Facial Cleanser
$12.37•Oily skin-friendly cleanser for daily use.
CeraVe Daily Moisturizing Routine
$22.88•Great starter kit for oily skin with foaming cleanser and moisturizer.
Bioré UV Aqua Rich SPF 50
$14.97•Lightweight SPF 50 sunscreen for daily protection.
e.l.f. Halo Glow Skin Tint SPF 50
$14.00•Easy-to-apply SPF 50 skin tint for natural look.
e.l.f. Wake the e.l.f. Up Kit
$20.00•Affordable skincare trial kit with essential products.
The best beginner lineup
Morning

Gentle cleanser

Dry or sensitive skin: CeraVe Hydrating Facial Cleanser

Combination or oily skin: CeraVe Foaming Facial Cleanser

Both are designed to cleanse without leaving skin feeling stripped; the hydrating version contains ceramides, glycerin and hyaluronic acid. 
Walmart.com
+1

Basic moisturizer

Vanicream Daily Facial Moisturizer is a particularly safe starting point for sensitive skin because it is lightweight and contains hyaluronic acid and ceramides. 
Walmart.com

The CeraVe Daily Essentials Kits are easier and often better-value choices because they pair a cleanser with moisturizer for roughly $23–$24 at the time checked.

Broad-spectrum sunscreen

Bioré UV Aqua Rich SPF 50 is my beginner pick because it combines moisturizer and sunscreen in one lightweight step.

Neutrogena Ultra Sheer SPF 70 is a good alternative for outdoor days or people who prefer a drier finish. 
Walmart.com

Optional five-minute makeup

Skin tint: e.l.f. Halo Glow Skin Tint SPF 50
It provides light, buildable coverage rather than the heavier, less-forgiving finish of traditional foundation. Its SPF is a helpful bonus, but it should not replace a properly applied standalone sunscreen.

Mascara: Maybelline Sky High Washable Mascara
Choose the washable formula rather than waterproof for everyday use—it is easier for a beginner to remove. Walmart listed it around $10.82 when checked, and the product is ophthalmologist-tested and suitable for contact-lens wearers. 
Walmart.com

Optional glow: e.l.f. Halo Glow Liquid Filter
Use one small dot on each cheek or mix a little with moisturizer. It can be worn alone, under makeup or as a highlighter, making it more flexible than buying several complexion products. 
Walmart.com

Simplest shopping list

Start with just these five:

CeraVe cleanser matched to your skin type

Vanicream moisturizer or a CeraVe cleanser-and-lotion kit

Bioré UV Aqua Rich SPF 50

e.l.f. Halo Glow Skin Tint

Maybelline Sky High Washable Mascara

Introduce products individually and give your skin several days before adding another. Avoid starting retinol, exfoliating acids and acne treatments simultaneously—you will have a harder time identifying what caused irritation.

Prices and local availability can vary by store.

Sources used:

https://www.walmart.com/ip/CeraVe-Hydrating-Facial-Cleanser-Daily-Face-Wash-for-Normal-to-Dry-Skin-12-fl-oz/491147048

https://www.walmart.com/browse/beauty/cerave-facial-cleanser/1085666_3316357_9663742_3736807

https://www.walmart.com/ip/Vanicream-Daily-Facial-Moisturizer/131271676

https://www.walmart.com/ip/Neutrogena-Ultra-Sheer-Dry-Touch-Sunscreen-Lotion-SPF-70-Face-Sunblock-3-fl-oz/10309478

https://www.walmart.com/ip/Maybelline-Lash-Sensational-Sky-High-Washable-Mascara-Makeup-Blackest-Black-0-24-fl-oz/320040053

https://www.walmart.com/ip/e-l-f-Halo-Glow-Liquid-Filter-1-Fair-1-06-fl-oz/1708104247"
Which Walmart products can help simplify a crowded skincare routine?,"A crowded routine usually becomes easier when you replace overlapping serums and creams with one moisturizer-plus-SPF, then keep only one treatment for your main concern. Dermatologists generally consider a gentle cleanser, moisturizer, and broad-spectrum SPF 30+ a sufficient foundation. 
American Academy of Dermatology
+1

CeraVe AM Facial Moisturizing Lotion SPF 50
$15.87•Great for daily use with SPF 50, suitable for normal to oily skin.
CeraVe Ultra-Light Moisturizing Lotion SPF 30
$14.28•Lightweight moisturizer with SPF 30, ideal for oily skin.
Vanicream Facial Moisturizer SPF 30
$13.97•Sensitive-skin friendly moisturizer with SPF 30 for daily protection.
Cetaphil DermaControl Moisturizer SPF 30
$14.38•Controls shine and oil with SPF 30, perfect for oily skin.
La Roche-Posay Toleriane Double Repair SPF 30
$25.97•Suitable for dry or normal skin, with SPF 30 for sun protection.
La Roche-Posay Double Repair Matte SPF 30
$25.97•Matte finish moisturizer with SPF 30, ideal for oily skin.
CeraVe Skin Renewing Brightening Lotion SPF 30
$24.88•Targets dark spots while hydrating with SPF 30.
Equate Daytime Face Lotion SPF 30
$9.86•Affordable SPF 30 lotion that targets dark spots and brightens.
Best routine-reducing swaps

For most skin types: CeraVe AM SPF 50
Replaces separate moisturizer, hydrating serum, barrier serum, and sunscreen with ceramides, hyaluronic acid, niacinamide, and SPF 50.

For sensitive or reactive skin: Vanicream Facial Moisturizer SPF 30
A streamlined moisturizer-and-sunscreen option formulated without common fragrance and dye irritants.

For oily skin: Cetaphil DermaControl or La Roche-Posay Double Repair Matte
Both combine hydration and SPF while addressing shine, so you may be able to eliminate mattifying primers, oil-control serums, and a separate sunscreen.

For dark spots or uneven tone: CeraVe Skin Renewing Brightening Lotion SPF 30
Combines hydration, brightening support, and sun protection. This can replace a daytime brightening serum, moisturizer, and SPF.

For several concerns at once: Olay Super Serum
Its formula combines niacinamide, vitamin C, vitamin E, peptides, and an AHA, targeting hydration, texture, brightness, and tone in one serum. Because it contains multiple active ingredients, introduce it gradually rather than combining it immediately with exfoliating toners or other acid serums. 
Walmart.com
+1

For the lowest-cost consolidation: Equate Daytime Face Lotion SPF 30
At the time checked, Walmart listed it at about $9.86, with ceramides, niacinamide, moisturizing ingredients, and sunscreen in one step. Prices and availability vary by store.

A simplified routine

Morning: rinse or gentle cleanser → one moisturizer with SPF.
Night: gentle cleanser → one targeted product, such as Olay Super Serum → plain moisturizer if needed.

Drop separate hyaluronic-acid, niacinamide, peptide, eye, and facial-oil products unless one addresses a specific need that your combined product does not.

Sources used:

https://www.aad.org/public/everyday-care/skin-care-basics/care

https://apnews.com/article/16ce2a56462995c41054fdf147814d7e

https://www.walmart.com/ip/CeraVe-AM-Lotion-Face-Moisturizer-with-SPF-30-Normal-to-Oily-Skin-Sun-Protection-3-fl-oz/633435460

https://www.walmart.com/ip/Olay-Super-Serum-5-in-1-Skin-Care-Benefits-for-Face-1-7-Oz/18021602188

https://www.walmart.com/ip/Olay-Skin-Care-Super-Serum-Facial-Serum-5-in-1-Anti-Aging-All-Skin-Types-1-0-fl-oz/1525408318

https://www.walmart.com/ip/La-Roche-Posay-Toleriane-Double-Repair-Face-Moisturizer-SPF-30-3-38-fl-oz/586368008"
What are the best affordable beauty treats to pick up at Walmart?,"The best affordable Walmart beauty treats are small upgrades that feel indulgent but still cost about $3–$10. Prices and availability can vary by store.

Neutrogena Hydro Boost Face Mask
$2.78•Mini facial for quick hydration.
L’Oréal EverPure Hair Sheet Mask
$4.39•Five-minute hair spa for damaged hair.
Maybelline Lifter Gloss
$7.29•Glossy lip gloss with hyaluronic acid.
Revlon Glimmer Lip Treat
$9.97•Balm and mask combo for lips.
Vitamasques Milk Glaze Face Mist
$9.82•Refreshing milk glaze face mist.
MONDAY Deep Moisture Hair Mask
$6.97•Deep moisture hair mask for dry hair.
e.l.f. Matte Magic Mist & Set
$6.00•Matte finish setting spray.
Vitamasques Coconut Face Mask
$2.98•Budget-friendly coconut face mask.
Burt’s Bees Overnight Lip Treatment
$6.76•Overnight lip treatment for hydration.
SheaMoisture Hydration Masque Packet
$2.97•Trial-size hydration masque for hair.
Best picks

Neutrogena Hydro Boost Hydrating Face Mask — about $2.78
An easy at-home facial for dry or dehydrated skin. The hydrogel format feels more luxurious than its price suggests, and the listing has a 4.5-star rating from more than 1,500 reviews.

L’Oréal EverPure Intense Repair Hair Sheet Mask — about $4.39
A particularly fun shower-night purchase: it is designed as a five-minute, steam-activated treatment for damaged hair.

Maybelline Lifter Gloss — about $7.29
The best makeup treat of the group. It delivers noticeable shine and hydration without committing to an expensive lipstick, and it has thousands of strong customer ratings.

Revlon Glimmer Lip Treat Balm + Mask — about $9.97
A richer option that works as both a daytime balm and an overnight mask. Choose this over a novelty lip mask when you want something you will use regularly.

Vitamasques Milk Glaze Face Mist — about $9.82
A good desk, gym-bag or bedside treat. The formula includes hydrating ingredients such as hyaluronic acid, peptides and ceramides, according to the product listing.

MONDAY Deep Moisture Hair Mask — about $6.97
One of the better values because you get a full-size jar rather than a single treatment. It is aimed at dry or damaged hair and contains keratin, argan oil, shea butter and coconut oil.

e.l.f. Matte Magic Mist & Set — about $6
A practical little treat for anyone who wears makeup. It helps set makeup and control shine, while the compact bottle is travel-friendly.

Vitamasques Coconut Face Mask — about $2.98
A low-risk impulse buy for a self-care evening. It is marketed as a hydrating, biodegradable sheet mask and carries a 4.7-star rating.

Best $15 mini haul: pair the Neutrogena face mask, L’Oréal hair treatment and Maybelline gloss. At the listed prices, the three total approximately $14.46 before tax.

Sources:

https://www.walmart.com/ip/Neutrogena-Moisturizing-Hydro-Boost-Hydrating-Face-Mask-1-oz/491676560

https://www.walmart.com/ip/L-Oreal-Paris-EverPure-Intense-Repair-Hair-Sheet-Mask-1-FL-OZ/818752553

https://www.walmart.com/ip/Maybelline-Lifter-Gloss-Lip-Gloss-Makeup-with-Hyaluronic-Acid-Crystal/635741472

https://www.walmart.com/ip/Glimmer-Lip-Treat-Balm-Mask-008-Sugar-Cookie-0-4-fl-oz/19198163591

https://www.walmart.com/ip/Vitamasques-Hydrate-Milk-Glaze-Face-Mist-3-38-fl-oz/18333102335

https://www.walmart.com/ip/Monday-Haircare-Deep-Moisture-Hair-Mask-With-Keratin-Argan-Oil-Shea-Butter-Coconut-Oil-for-Dry-to-Damaged-Hair-250-ml/14255053211

https://www.walmart.com/ip/Elf-Matte-Magic-Mist-Set/149732354

https://www.walmart.com/ip/Vitamasques-Biodegradable-Coconut-Face-Mask-Hydrating-Hyaluronic-Acid-for-All-Skin-Types-One-Sheet/136160808

https://www.walmart.com/ip/Burts-Bees-Burt-s-Bee-Lip-Treatment-Overnight-Inten/554239187

https://www.walmart.com/ip/SheaMoisture-Manuka-Honey-and-Mafura-Oil-Intensive-Hydration-Hair-Masque-Packette-Trial-Size/983981674"
Which Walmart beauty products feel more expensive than they actually are?,"These Walmart finds deliver the finish, packaging, or performance of pricier beauty products without the prestige markup. Prices shown are current online prices and may vary by shade or store.

e.l.f. Halo Glow Liquid Filter
$14.00•Creates a soft-focus glow for radiant skin.
L’Oréal Lumi Glotion
$14.97•Enhances natural glow with luminous finish.
e.l.f. Power Grip Primer
$10.00•Provides long-lasting grip for makeup.
e.l.f. Halo Glow Skin Tint SPF 50
$14.00•Dewy SPF tint for a natural, radiant look.
e.l.f. Halo Glow Powder Filter
$14.00•Finely milled powder for a luminous glow.
e.l.f. Halo Glow Setting Powder
$8.00•Silky finish for a blurred, radiant complexion.
Olive & June Press-On Nails
$9.02•Salon-quality press-on nails for quick, easy manicures.
e.l.f. Mineral Infused Face Primer
$10.00•Silicone-smooth primer for a flawless base.
Best overall picks

e.l.f. Halo Glow Liquid Filter — $14
The sheer, glossy finish makes foundation look more polished and dimensional. It can be worn alone, mixed into foundation, or placed strategically like a liquid highlighter. Its 4.6-star rating from more than 12,000 reviews reinforces its reputation as an affordable complexion upgrade. 
Walmart.com

L’Oréal True Match Lumi Glotion — about $15
A strong choice for dry or dull-looking skin. Glycerin and shea butter give it a moisturized sheen rather than obvious glitter, making it resemble a higher-end illuminating primer or body luminizer.

e.l.f. Power Grip Primer — $10
The tacky gel texture helps makeup adhere and last longer while leaving skin hydrated. It is especially impressive for the price, with roughly 19,000 Walmart reviews and a 4.7-star rating.

Milani Baked Blush
Milani’s baked formula is one of the best examples of affordable makeup looking genuinely refined: finely textured, luminous and difficult to overapply. Luminoso is the classic warm peach shade, but deeper complexions may prefer one of the richer shades. Milani’s Baked Blush was also recognized among Byrdie’s standout affordable products for 2026. 
Byrdie

Skincare and body care

Naturium The Glow Getter Multi-Oil Body Wash
Its oil-rich texture and sophisticated packaging make an everyday shower feel more spa-like. It is particularly worthwhile for dry skin because it cleanses without leaving the tight, stripped feeling of many inexpensive body washes.

RoC Retinol Correxion Deep Wrinkle Serum
RoC has the clinical-looking packaging and established retinol formula associated with pricier treatment brands. Introduce it gradually—two or three nights weekly—and use sunscreen during the day. Recent coverage highlighted its fast-absorbing texture and strong shopper feedback. 
Real Simple

L’Oréal EverPure Bond Repair Shampoo and Conditioner
This line has the creamy texture, fragrance and sleek finish associated with salon bond-care systems. It is best suited to hair weakened by coloring, bleaching or frequent heat styling.

Small luxuries

Olive & June Press-On Nails — around $9
The generous size selection, modern designs and glossy finish look much more convincing than traditional drugstore press-ons. Walmart lists up to 14 days of wear, although actual longevity depends heavily on nail preparation.

e.l.f. Halo Glow Powder Filter — $14
An ultra-fine pressed powder that reduces excess shine without giving skin a noticeably flat or chalky finish. It is a particularly good “expensive-looking” upgrade for midday touch-ups.

Maybelline Lash Sensational Sky High Mascara
The flexible wand creates clean, separated length rather than heavy, clumpy volume. It is one of the safer inexpensive choices when the desired effect is polished and defined.

My three-cart recommendation: Halo Glow Liquid Filter for visible impact, Power Grip Primer for performance and Olive & June press-ons for the biggest salon-cost savings.

Sources

https://www.walmart.com/ip/e-l-f-Halo-Glow-Liquid-Filter-0-5-Fair-1-06-fl-oz/1221226866

https://www.walmart.com/cp/makeup/1007040

https://www.walmart.com/browse/beauty/face-makeup/1085666_1007040_4989345

https://www.walmart.com/cp/skincare/1007039

https://www.walmart.com/shop/deals/beauty-and-grooming/trending-beauty-products

https://www.byrdie.com/best-under-35-beauty-products-2026-12006322

https://www.realsimple.com/roc-retinol-serum-amazon-july-2026-12016019

https://shopping.yahoo.com/beauty/articles/30-game-changing-beauty-products-023102384.html"
What are the best Walmart beauty and personal care picks for winter dryness?,"For winter dryness, prioritize fragrance-free creams, gentle washes, and petrolatum-based ointments over lightweight lotions. Apply moisturizer while skin is still slightly damp after washing; thicker creams and ointments generally reduce moisture loss better during cold, low-humidity weather. 
American Academy of Dermatology
+1

CeraVe Moisturizing Cream, 16 oz
$15.97•All-around moisturizer for dry skin.
Vanicream Moisturizing Skin Cream, 16 oz
$13.56•Ideal for sensitive skin needs.
Equate Moisturizing Cream with Ceramides, 16 oz
$9.44•Budget-friendly cream with ceramides.
Aveeno Skin Relief Moisturizing Lotion, 8 oz
$7.98•Soothing, fragrance-free lotion.
Aveeno Skin Relief Fragrance-Free Body Wash
$9.97•Gentle, fragrance-free body wash.
CeraVe Healing Ointment, 5 oz
$12.57•Protects cracked patches effectively.
Aquaphor Advanced Therapy Healing Ointment
$16.88•Multi-purpose ointment for skin repair.
CeraVe Intensive Moisturizing Cream
$19.97•Intensive cream for severe dryness.
Eucerin Eczema Relief Cream Body Wash
$13.99•Non-foaming relief for eczema-prone skin.
SheaMoisture Manuka Honey & Mafura Hair Oil
$10.97•Nourishing oil for dry winter hair.
Best picks by need

Best overall: CeraVe Moisturizing Cream
A rich, fragrance-free face-and-body cream with ceramides and hyaluronic acid. The 16-ounce jar was listed around $15.97, making it a strong everyday option for dry legs, arms, hands and cheeks.

Best for reactive or sensitive skin: Vanicream Moisturizing Cream
A simple, fragrance-free formula made without several common irritants. It is especially useful when winter dryness comes with stinging, itching or sensitivity.

Best budget alternative: Equate Moisturizing Cream with Ceramides
Approximately $9.44 for 16 ounces at the time checked. It offers ceramides and hyaluronic acid at a substantially lower price than many comparable creams.

Best body lotion: Aveeno Skin Relief Fragrance-Free Lotion
Triple oat and shea butter make this a good choice for widespread tightness or itchiness when you prefer something easier to spread than a heavy cream.

Best shower swap: Aveeno Skin Relief Fragrance-Free Body Wash
A soap-free-style, oat-and-glycerin cleanser that is less likely to leave skin feeling stripped than strongly fragranced or high-foaming washes.

Best for cracked knuckles, cuticles and heels: CeraVe Healing Ointment or Aquaphor
Use a thin layer over cream at night. Ointments containing petrolatum are particularly helpful for sealing moisture into severely dry areas.

Best for extreme body dryness: CeraVe Intensive Moisturizing Cream
Its richer formula includes hydro-urea, shea butter and ceramides. Reserve it for rough shins, elbows, knees or persistent flaky patches.

Best for eczema-prone dryness: Eucerin Eczema Relief Cream Body Wash
A fragrance-free, non-foaming cleanser with colloidal oatmeal. It may be preferable when conventional body washes cause itching or irritation.

Best for winter-dry hair: SheaMoisture Manuka Honey & Mafura Oil
Useful on dry ends and frizz-prone hair. Apply sparingly, especially on fine hair, to avoid weighing it down.

Simple winter routine

Use the gentle body wash with lukewarm water, pat rather than rub dry, and apply CeraVe, Vanicream or Equate cream immediately. Add healing ointment only to cracked or especially dry spots. Persistent cracking, bleeding, severe itching or a worsening rash should be evaluated by a healthcare professional.

Prices and local availability can vary by store and delivery location.

Sources

https://www.aad.org/public/everyday-care/skin-care-basics/care/winter-skin-survival-kit

https://www.aad.org/public/everyday-care/skin-care-basics/dry/pick-moisturizer

https://www.walmart.com/browse/personal-care/cold-weather-skincare/1005862_8664755

https://www.walmart.com/ip/CeraVe-Moisturizing-Cream-Face-Moisturizer-Body-Lotion-for-Normal-to-Very-Dry-Skin-16-oz/681955595

https://www.walmart.com/ip/Vanicream-Moisturizing-Skin-Cream-for-Sensitive-Skin-16-oz/3420212186

https://www.walmart.com/ip/Equate-Beauty-Moisturizing-Cream-with-Ceramides-and-Hyaluronic-Acid-Normal-to-Dry-Skin-16-oz/335192813

https://www.walmart.com/ip/Aveeno-Active-Naturals-Skin-Relief-Fragrance-Free-Body-Moisturizing-Lotion-8-Oz/13274418

https://www.walmart.com/ip/Aveeno-Skin-Relief-Body-Wash-Fragrance-Free-18-fl-oz/53722502

https://www.walmart.com/ip/CeraVe-Healing-Ointment-Protects-and-Soothes-Cracked-Skin-5-oz/943085031

https://www.walmart.com/ip/Aquaphor-Advanced-Therapy-Healing-Ointment-Skin-Protectant-7-oz/315160658

https://www.walmart.com/ip/CeraVe-Intensive-Moisturizing-Cream-with-3-Essential-Ceramida-1-oz/16375505976

https://www.walmart.com/ip/Eucerin-Eczema-Relief-Cream-Body-Wash-Fragrance-Free-13-5-fl-oz-Bottle/274424851

https://www.walmart.com/ip/SheaMoisture-Ultra-Moisturizing-Nourishing-Manuka-Honey-Mafura-Hair-Oil-3-3-oz/5045309675"
"If I could only buy ten beauty products at Walmart this year, which types should make the list?","If I were limiting myself to ten Walmart beauty buys for the entire year, I’d prioritize high-use staples over trendy, single-purpose products:

Gentle facial cleanser — Choose hydrating for dry/sensitive skin or foaming for oily skin. This is the foundation of any routine.

Barrier-supporting moisturizer — Look for ceramides, glycerin or hyaluronic acid; ideally suitable for both face and body.

Broad-spectrum facial sunscreen, SPF 30–50 — The most important preventative skincare purchase. A comfortable formula is more valuable than extra serums.

Skin tint or light-coverage base — More versatile than full foundation for everyday wear; bonus points for added SPF, though it should not replace dedicated sunscreen.

Cream blush or multipurpose color stick — Works on cheeks and sometimes lips, eliminating the need for several separate products.

Reliable mascara — The quickest single product for making the face look more defined and awake.

Tinted lip balm or lip oil — Combines everyday moisture with wearable color and is easier to finish than another lipstick.

Shampoo and conditioner suited to your actual hair type — Prioritize scalp comfort, moisture or damage repair rather than whatever happens to be trending.

Leave-in conditioner or lightweight hair serum — Provides detangling, frizz control and heat protection in one step.

Moisturizing body wash or body lotion — Pick one excellent formula you will use consistently; very dry skin may benefit more from lotion, while normal skin can start with a conditioning wash.

My budget split: spend more on sunscreen, moisturizer and hair care; save on mascara, blush and lip color. Walmart’s current best-seller and category pages span all of these essentials, with especially broad selections in skincare, makeup and hair care. Prices and availability can vary by location. 
Walmart.com
+4
Walmart.com
+4
Walmart.com
+4

CeraVe Hydrating Facial Cleanser
$15.97•Hydrates dry skin with gentle, daily cleansing.
CeraVe Foaming Facial Cleanser
$13.68•Controls oil while cleansing without stripping moisture.
CeraVe Cream-to-Foam Cleanser
$15.97•Removes makeup and excess oil, suitable for dry skin.
CeraVe Daily Moisturizing Lotion
$13.52•Provides face and body hydration with a lightweight feel.
e.l.f. Suntouchable SPF 45 Setting Spray
$13.00•Easy SPF reapplication for outdoor protection.
e.l.f. Halo Glow Skin Tint SPF 50
$14.00•Buildable coverage with SPF 50 for a natural glow.
CeraVe Gentle Hydrating Shampoo
$8.97•Gentle shampoo ideal for sensitive scalps.
Dove Deep Moisture Body Wash
$10.97•Deeply nourishes skin with moisture-rich body wash.

Sources

https://www.walmart.com/browse/beauty/skincare-best-sellers/1085666_7876574_9967296

https://www.walmart.com/browse/beauty/beauty-best-sellers/1085666_7876574

https://www.walmart.com/browse/beauty/makeup-best-sellers/1085666_7876574_6999697

https://www.walmart.com/c/best-sellers/beauty-hair-care-products

https://www.walmart.com/browse/beauty/sunscreen/1085666_1007039_1001508"
What are the best home upgrades to buy at Walmart in 2026?,"The best Walmart home upgrades in 2026 are practical improvements that reduce chores, improve comfort, or add storage—not purely decorative trend pieces. Walmart’s assortment and third-party marketplace vary by location, so confirm the seller, return policy, replacement-filter costs, and current price before ordering.

Best upgrades by impact

Robot vacuum with LiDAR mapping
A strong choice for homes with pets, hard floors, or frequent crumbs. Prioritize reliable mapping, room-specific cleaning and readily available replacement parts. Good value tiers currently include the Ionvac OptiMax and iRobot Roomba 104 Combo; self-emptying Shark, Eufy and Ecovacs models cost more but require less daily maintenance. 
Walmart.com

Portable carpet and upholstery cleaner
The BISSELL Little Green is one of the most broadly useful purchases: it handles furniture, rugs, stairs, car seats and isolated pet stains without requiring a full-size carpet machine. 
Walmart.com

Right-sized HEPA air purifier
Especially worthwhile for bedrooms, pets, pollen and wildfire-smoke periods. Select by the purifier’s tested room coverage and replacement-filter price—not just claims such as “up to 1,600 square feet.” Walmart currently carries compact and large-room models, including Dreo options with air-quality displays. 
Walmart.com

Blackout or thermal curtains
An inexpensive comfort upgrade that darkens bedrooms, reduces glare and helps limit heat transfer around windows. Choose panels wide enough to cover roughly 1.5–2 times the window width, and hang them above and outside the frame for better coverage.

Cooling cotton or percale bedding
For hot sleepers, breathable sheets and a lightweight quilt generally make a bigger difference than piling on decorative bedding. Walmart’s current Better Homes & Gardens assortment includes cotton quilts and crisp percale sheet sets positioned as affordable warm-weather upgrades. 
Better Homes & Gardens

Rain-style showerhead
A low-cost, low-effort bathroom improvement. A current Better Homes & Gardens option is an adjustable matte-black rainfall showerhead priced around $30 at publication, making it one of the easiest “spa-like” upgrades without remodeling. 
Better Homes & Gardens

Layered, dimmable lighting
Replace harsh overhead-only lighting with warm LED bulbs, table lamps, under-cabinet lights or plug-in sconces. For smart bulbs, check ecosystem compatibility and make sure essential functions still work without an internet connection.

Closed storage that doubles as furniture
Storage ottomans, benches, coffee tables with hidden compartments and under-bed bins reduce visible clutter without consuming additional floor space. Current Walmart outdoor and furniture collections also include coffee tables with concealed storage. 
Homes and Gardens

Peel-and-stick wall or cabinet updates
Removable wallpaper, backsplash tiles and adhesive films can create a noticeable change in rentals or small rooms. Test adhesion in an inconspicuous area first; inexpensive products can damage weak or recently painted surfaces. 
Better Homes & Gardens

Entryway organization system
A compact combination of hooks, a shoe bench, tray and washable runner prevents clutter from spreading through the home. Decorative wall hooks are among the inexpensive, renter-friendly upgrades currently featured in Walmart’s Better Homes & Gardens assortment. 
Better Homes & Gardens

Best order to buy

For the greatest everyday improvement, I would prioritize:

Portable carpet cleaner → air purifier → blackout curtains or better bedding → robot vacuum → improved lighting → hidden storage → showerhead.

Spend more on products with motors, filters or navigation software. Save on curtains, hooks, baskets, pillow covers and trend-driven décor.

iRobot Roomba 104 Combo
$215.00•Balanced value with auto-emptying and smart mapping.
Ionvac OptiMax LiDAR Robot Vacuum
$149.00•Budget-friendly laser navigation robot vacuum.
ECOVACS DEEBOT T10 Plus
$261.80•Vacuum and mop combo with auto-empty station.
Eufy Clean L50 Self-Empty
$234.00•Low-maintenance, multi-floor cleaning station.
Shark IQ Robot Vacuum
$298.00•Highly rated self-empty robot with strong features.
Shark AI Ultra Self-Empty
$396.50•Pet-friendly upgrade with 60-day capacity base.
iRobot Roomba Combo j5+
$169.99•Affordable self-emptying robot with dirt detection.
Dreame Robot Vacuum and Mop
$399.99•Self-emptying robot with ultrasonic sensing and pet hair handling.
Sources

https://www.walmart.com/shop/deals/robot-vacuums

https://www.walmart.com/ip/BISSELL-Little-Green-Portable-Carpet-Cleaner-3369/271925562

https://www.walmart.com/browse/home-improvement/air-purifiers/1072864_133032_1231459_46324

https://www.bhg.com/best-bhg-x-walmart-cooling-bedding-for-summer-12014880

https://www.bhg.com/easy-winter-home-project-supplies-11889483

https://www.homesandgardens.com/collection/gardens/outdoor-living/best-walmart-outdoor-decor

https://www.walmart.com/browse/home/trends-inspiration/4044_1225301_1224843"
Which home improvement products at Walmart offer the biggest impact for the price?,"The best-value Walmart home upgrades are the ones that improve lighting, visible finishes, or everyday function without requiring professional installation.

Hyper Tough 24-inch Under-Cabinet LED Light
$15.97•Bright, energy-efficient LED light for under cabinets.
Rust-Oleum Cabinet & Trim Paint
$19.40•Transform your cabinets with semi-gloss paint in Cadet Gray.
RoomMates Peel-and-Stick Backsplash
$13.97•Removable backsplash for easy, rental-friendly updates.
Peerless 6-Setting Shower Head
$20.48•Adjustable shower head for daily comfort and convenience.
Mainstays Wood Cabinet Knobs
$2.84•Affordable, stylish wood knobs for cabinet updates.
DAP Alex Plus Caulk
$3.48•Caulk for a clean, finished look on your projects.
Duck Brand Rubber Weatherstrip
$10.97•Weatherstrip seal to block drafts and improve insulation.
GE Soft White LED Bulbs
$9.99•Long-lasting LED bulbs to brighten every room.
Biggest impact for the price
1. Under-cabinet lighting — about $16

Best overall upgrade. A plug-in Hyper Tough 24-inch LED bar adds task lighting and makes an older kitchen look more finished. Walmart currently lists the 1,200-lumen model at about $15.97. 
Walmart.com
+1

Choose plug-in bars for brightness and rechargeable magnetic lights when outlets are unavailable.

2. Cabinet and trim paint — about $20 per quart

Painting dated cabinets, a vanity, an interior door, or baseboards creates a much larger visual change than most similarly priced décor. Rust-Oleum’s cabinet-and-trim paint is designed for these high-touch surfaces, though preparation and curing still matter.

Highest payoff: bathroom vanities, small kitchens and worn white trim.

3. Peel-and-stick backsplash — roughly $14–$30 per pack

This can transform a plain kitchen or bathroom wall in an afternoon. Walmart’s current selection includes RoomMates panels around $13.97 and multipacks around $20–$30. Coverage varies significantly, so calculate the full project cost before ordering. 
Walmart.com
+1

Use it on clean, smooth walls; avoid placing standard vinyl products directly beside intense heat.

4. A better shower head — about $20

A six-setting Peerless shower head costs around $20.48 and improves something you use every day. Installation generally requires only a wrench, thread-seal tape and a few minutes.

This has less visual impact than paint, but exceptionally high daily-use value.

5. New cabinet knobs — from about $1.42 each

Replacing dated hardware instantly sharpens a kitchen, bathroom vanity or furniture piece. Mainstays unfinished wood knobs are especially inexpensive and can be painted or stained.

Measure the existing screw length before buying; pulls also require matching the current hole spacing.

6. Fresh caulk — about $3.50

New caulk around trim, backsplashes and gaps makes a room appear cleaner and more professionally finished. DAP Alex Plus is paintable and inexpensive.

For tubs, showers and constantly wet areas, choose a product specifically labeled for kitchen-and-bath use rather than general-purpose painter’s caulk.

7. Door and window weatherstripping — about $6–$14

Weatherstripping is not decorative, but it can noticeably reduce drafts, rattling and outside noise. Walmart lists Duck-brand door-bottom and rubber gap seals in this price range. 
Walmart.com

Match the seal thickness to the gap; oversized weatherstripping can prevent doors or windows from closing properly.

8. Consistent soft-white LED bulbs — about $10 per four-pack

Replacing mismatched bulb colors makes an entire home look more cohesive. A GE four-pack of 60-watt-equivalent LEDs is currently about $9.99.

For living rooms and bedrooms, look near 2700K. Kitchens and work areas may benefit from 3000K–4000K, depending on the desired feel.

Best $50 combinations

Kitchen refresh: under-cabinet light + cabinet paint + caulk — approximately $39.

Bathroom refresh: shower head + cabinet knobs + caulk + LED bulbs — approximately $37–$45.

Renter-friendly refresh: rechargeable lights + peel-and-stick backsplash + removable hardware — approximately $35–$50.

Prices, inventory and marketplace sellers vary by location. For the strongest result, prioritize one conspicuous project rather than buying several small decorative accessories.

Sources used:

https://www.walmart.com/browse/home-improvement/peel-stick-tile/1072864_5379726_6878173_3530082

https://www.walmart.com/browse/home/under-cabinet-lighting/4044_133012_133113_7746950

https://www.walmart.com/browse/home-improvement/backsplashes/1072864_1071485_1230875_1230881

https://www.walmart.com/browse/home-improvement/weatherstripping/1072864_7103650_3511021

https://www.walmart.com/c/kp/under-cabinet-lights

https://www.walmart.com/ip/Hyper-Tough-1200-Lumen-24-LED-Slim-Under-Cabinet-Light-Linkable/690891244

https://www.walmart.com/ip/Duck-Brand-Heavy-Duty-White-XL-Gap-Rubber-Weatherstrip-Seal-5-in-x-31-in-x-10-ft/19395306

https://www.walmart.com/ip/RoomMates-White-Tin-Peel-and-Stick-Tile-Backsplash-Square/679065188

https://www.walmart.com/ip/Peerless-6-Setting-Shower-Head-in-Chrome/830422403

https://www.walmart.com/ip/Mainstays-1-1-2-38mm-Round-Cabinet-Knob-Unfinished-Wood-2-Pack/3875345790

https://www.walmart.com/ip/GE-LED-Light-Bulbs-60-Watt-Soft-White-A19-Bulbs-Medium-Base-9yr-4pk/100933833

https://www.walmart.com/ip/Dap-18156-Clear-Acrylic-Latex-Caulk-with-Silicone/17243993

https://www.walmart.com/ip/Cadet-Gray-Rust-Oleum-Transformations-Semi-Gloss-Cabinet-Trim-Paint-372009-Quart/419121978"
What are the best Walmart home upgrades under $50?,"The best Walmart upgrades under $50 are the ones that fix a visible problem, add useful storage, or make a room look intentionally finished. Prices and availability may vary by location.

GE Advanced Silicone Kitchen & Bath Sealant
$7.97•Seals gaps in kitchen and bath for a practical fix.
Command Damage-Free Picture Ledge
$14.89•Damage-free picture ledge for easy, rental-friendly decor.
Mainstays 7-Piece Gallery Frame Set
$39.96•Create an instant gallery wall with this versatile frame set.
VASAGLE Blanket Ladder
$34.39•Stylish vertical storage for blankets and throws.
My Texas House Woven Rattan Lantern
$19.96•Warm ambient accent lighting with woven rattan lantern.
Stupell Willow Still Life Wall Art
$24.96•Affordable statement art to enhance your wall decor.
Mainstays White Floral Arrangement
$19.97•Polished floral centerpiece for a fresh, elegant look.
Better Homes & Gardens Wildflower Arrangement
$14.97•Easy color upgrade with this vibrant faux flower arrangement.
Mr. Clean Magic Eraser 6-Pack
$5.60•Fast surface refresh with durable magic erasers.
Mainstays 16x20 Picture Frame
$14.46•Large-scale wall upgrade with a rustic gray frame.
Best upgrades by impact

1. Refresh old bathroom and kitchen caulk — about $8
Replacing stained, cracked caulk around a sink, tub, or backsplash is one of the cheapest ways to make a room appear cleaner and better maintained. The GE silicone option is waterproof and rated 4.7 stars from more than 400 reviews.

2. Add a damage-free picture ledge — about $15
A Command ledge provides a spot for small art, framed photographs, or decorative objects without drilling. It is particularly useful for rentals, bathrooms, hallways, and narrow walls.

3. Create a coordinated gallery wall — about $40
The seven-piece Mainstays frame set fills a substantial amount of blank wall space in one purchase. Use family photographs, downloadable art, postcards, or matching black-and-white prints.

4. Introduce attractive vertical storage — about $34
A blanket ladder makes throws look organized rather than piled up. It can also hold towels in a bathroom or guest room without occupying much floor space.

5. Improve evening ambiance — about $20
The woven rattan lantern adds texture and softer lighting when paired with a flameless LED candle. It works well on an entry console, fireplace hearth, covered porch, or bedroom dresser.

6. Fill a large blank wall — about $25
Oversized art generally changes a room more than several tiny decorative objects. The Stupell willow print is inexpensive enough to serve as a temporary focal point while you develop the rest of the room.

7. Upgrade an entryway or dining table — about $15–$20
A ready-made floral arrangement adds height and color without requiring separate flowers and a vase. It is an easy way to make an unfinished surface look styled.

8. Deep-clean scuffed surfaces — about $6
Before purchasing new paint or fixtures, clean doors, baseboards, switch plates, tubs, and suitable painted surfaces. Magic Erasers can noticeably improve worn-looking areas, though they should be spot-tested because they are mildly abrasive.

9. Frame inexpensive artwork at a larger scale — about $14
A 16-by-20-inch frame makes downloadable art, children’s artwork, posters, or personal photography feel much more substantial and intentional.

Where I’d spend a $50 budget

For the biggest visual transformation, choose the gallery-frame set and fresh caulk—approximately $48 total.

For a cozier living room, combine the blanket ladder with the rattan lantern—approximately $54, so look for a rollback or substitute a lower-priced throw basket to remain under budget.

For a rental-friendly refresh, combine a Command picture ledge, a floral arrangement, a large frame, and Magic Erasers—approximately $50–$52, depending on the arrangement selected.

Walmart maintains a broader section devoted to merchandise priced at $50 or less, but marketplace sellers, shipping costs, and local inventory can affect the final price. 
Walmart.com

Sources used:

https://www.walmart.com/shop/deals/under50

https://www.walmart.com/ip/GE-Clear-Kitchen-and-Bath-Silicone-Caulk/19902080

https://www.walmart.com/ip/Command-Picture-Ledge-Quartz-Damage-Free-Decorating-1-Ledge-and-10-Command-Strips/796141492

https://www.walmart.com/ip/Mainstays-7-Piece-Larger-Gallery-Wall-Picture-Frame-Set-Multiple-Sizes-Black/2420654955

https://www.walmart.com/ip/VASAGLE-Blanket-Shelf/13323505716

https://www.walmart.com/ip/MTH-Lanter-15/18643171174

https://www.walmart.com/ip/The-Stupell-Home-Decor-Collection-Willow-Still-Life-Oversized-Wall-Plaque-Art/975302797

https://www.walmart.com/ip/MS-Large-faux-floral/18064908255

https://www.walmart.com/ip/11-H-Artificial-Flower-in-Ceramic-Jug-Vase/13880068317

https://www.walmart.com/ip/Mr-Clean-Magic-Eraser-Original-Cleaning-Pads-with-Durafoam-6-Ct/402132521

https://www.walmart.com/ip/Mainstays-16x20-Rustic-Gray-Museum-Poster-Wall-Picture-Frame/3535294777"
Which affordable home products at Walmart can make a space look more expensive?,"The best “looks expensive” upgrades are usually large-scale, neutral, textured, and functional—not lots of small decorative objects. Walmart currently has especially strong budget options in mirrors, lighting, bedding, curtains, and woven storage. Prices and availability may vary by location. 
Walmart.com
+1

Easy4Home 58-by-19-Inch Arched Floor Mirror
$29.99•Elegant arched mirror adds a statement upgrade to your space.
Easy4Home 50-by-30-Inch Rounded Rectangle Mirror
$39.20•Oversized luxe look with deep frame for a bold statement.
Better Homes & Gardens Natural Stone-Look Table Lamp
$39.94•Natural stone-look lamp offers designer-style lighting.
Better Homes & Gardens Matte Black Urn Table Lamp
$34.92•Matte black urn lamp provides sophisticated contrast.
Mainstays Warm White Ribbed Ceramic Lamp
$27.98•Budget-friendly warm white ribbed ceramic lamp.
Mainstays Off-White Velvet Quilt
$29.82•Hotel-style off-white velvet quilt for cozy elegance.
Mainstays White Garment-Washed Stripe Quilt
$32.82•Crisp layered bed with white garment-washed quilt.
Superior Leaves Curtain Panel Set
$30.00•Fuller window treatment with stylish blackout curtains.
Better Homes & Gardens Large Poly-Rattan Basket
$19.94•Stylish clutter control with large poly-rattan basket.
Better Homes & Gardens Hyacinth Basket with Lid
$14.97•Concealed storage in a hyacinth basket with lid.
Better Homes & Gardens Water-Hyacinth Basket
$11.74•Natural texture with round water hyacinth storage basket.
Mainstays Tan Paper-Rope Basket
$16.57•Affordable organization with large tan paper-rope basket.
Highest-impact buys

1. An oversized arched mirror — about $30–$40
A large mirror makes a room feel brighter and visually larger. A thin black, gold, or aluminum frame generally looks more elevated than an ornate plastic one. The 58-inch floor mirror is probably the strongest transformation-per-dollar option.

2. A substantial ceramic table lamp — about $28–$40
Lighting often determines whether a room feels finished. Choose a lamp with a wide linen-look shade and a ceramic, stone-look, or matte-black base. Avoid very small lamps, which can look underscaled on nightstands and consoles.

3. Neutral, floor-grazing curtains — about $30 per pair
Curtains look most expensive when they are wide enough to appear full and installed close to the ceiling. Solid ivory, oatmeal, flax, or subtle woven patterns are generally safer than shiny fabrics or busy prints.

4. A textured white or off-white quilt — about $30–$40
A simple quilt creates a cleaner, hotel-inspired bed. Layer it over the comforter, fold it across the foot of the bed, or combine it with two larger Euro-style pillows.

5. Matching woven baskets — about $12–$22 each
Natural-looking baskets conceal cords, toiletries, toys, and miscellaneous clutter while adding texture. Repeating the same basket style in two or three places looks more intentional than mixing many unrelated containers.

The best under-$50 formula

For the fastest visible improvement, spend the budget on one larger item, rather than five small accessories:

Living room: arched mirror

Bedroom: neutral quilt plus one woven basket

Entryway: ceramic lamp plus lidded basket

Bathroom: rounded mirror or matching natural baskets

The key is scale: one tall mirror, generously sized lamp, or full curtain treatment will usually make a space look more expensive than multiple trays, signs, figurines, or faux plants."
What are the most underrated home improvement finds at Walmart?,"The most underrated Walmart home-improvement finds are usually small finishing upgrades and inexpensive DIY tools, rather than major fixtures. Prices and availability can vary by location.

Achim Bianco Marble Peel-and-Stick Floor Tile
$19.56•Affordable marble-look peel-and-stick tile for small spaces.
Achim Tivoli Medium Oak Peel-and-Stick Tile
$29.54•Warm oak plank-style peel-and-stick tile.
Better Homes & Gardens Satin Nickel Cup Pulls
$14.97•Modern satin nickel cup pulls for kitchen upgrades.
Design House Brushed Nickel Cabinet Knobs
$15.23•Bulk brushed nickel cabinet knobs for hardware updates.
Mainstays Unfinished Wood Cabinet Knobs
$2.84•Unfinished wood knobs for custom paint projects.
Mainstays Antique Brass Weave Knobs
$5.97•Antique brass knobs add vintage charm.
Hyper Tough 48-Inch I-Beam Level
$9.97•Budget-friendly 48-inch I-beam level for DIY projects.
Achim Brick Pavers Peel-and-Stick Tile
$19.56•Versatile peel-and-stick brick pavers for utility areas.
Better Homes & Gardens Turned Cabinet Knobs
$5.28•Classic satin nickel turned cabinet knobs.
LifeMaster 30-Piece Cabinet Knob Set
$18.99•Complete 30-piece brushed nickel knob set for large projects.
1. Replacement cabinet hardware

New knobs and pulls can make basic cabinets, bathroom vanities and old furniture look substantially newer. Walmart’s Mainstays and Better Homes & Gardens options include two-packs around the $3–$7 range, while larger multipacks can update an entire kitchen inexpensively.

Measure the distance between existing screw holes before buying pulls. Matching that center-to-center measurement avoids drilling new holes.

2. Peel-and-stick flooring

This is especially useful for a laundry room, powder room, pantry, closet or rental-friendly makeover. Achim’s marble-look tiles were listed at about $19.56 for 20 square feet and had more than 600 reviews when checked.

The medium-oak version is another overlooked option for covering dated flooring without power tools. Use it on smooth, thoroughly cleaned floors; uneven grout lines and damaged subfloors may show through.

3. Peel-and-stick backsplash panels

A small backsplash section can visually upgrade a kitchen, coffee bar, laundry sink or bathroom vanity. Walmart currently carries options ranging from simple tin-look sheets to thicker vinyl tile sets. 
Walmart.com
+1

Order samples first when possible. Printed marble and metallic finishes can look quite different under kitchen lighting.

4. Unfinished wood knobs

At roughly $2.84 per two-pack when checked, Mainstays unfinished knobs are an unusually flexible find. Paint them to match cabinetry, stain them for a custom furniture look or use them as inexpensive wall hooks with appropriate mounting hardware.

5. A long aluminum level

The Hyper Tough 48-inch I-beam level was listed at $9.97 and carried a 4.6-star rating from 81 reviews. It is useful for hanging curtain rods, gallery walls, shelving and long mirrors—jobs where a tiny torpedo level is less reliable.

6. Peel-and-stick caulk strip

Caulk tape can quickly conceal messy transitions around sinks, tubs and countertops. Walmart lists several waterproof adhesive strips around the $8–$13 range. 
Walmart.com

This is primarily a cosmetic, light-duty solution. For an actively leaking or constantly wet joint, properly applied bathroom-rated silicone is the better repair.

7. Multipack hardware for whole-room updates

Large cabinet-knob packs are easy to overlook among the single knobs. A 30-piece brushed-nickel LifeMaster set was listed around $18.99, while a 10-pack Design House set was around $15.23. They are particularly cost-effective for kitchens, built-ins and matching furniture sets.

8. Budget corded tools

For occasional DIY work, Walmart’s Hyper Tough corded tools can offer more capability per dollar than battery systems. Current listings include a roughly $25 drill and a roughly $30 orbital sander. 
Walmart.com
 They make sense for someone who works near an outlet and does not need to invest in batteries and chargers.

Best three places to start

For the most visible improvement with the least effort, prioritize:

Cabinet hardware for kitchens and bathrooms.

Peel-and-stick flooring for one small, contained space.

A 48-inch level for cleaner-looking shelves, artwork and curtain rods.

Sources used:

https://www.walmart.com/browse/home-improvement/backsplashes/1072864_1071485_1230875_1230881

https://www.walmart.com/c/kp/magic-peel-stick-caulk

https://www.walmart.com/browse/home-improvement/tools/home-improvement/1072864_1031899/Y2F0ZWdvcnk6SG9tZSBJbXByb3ZlbWVudAieie

https://www.walmart.com/browse/home-improvement/peel-and-stick-backsplashes/1072864_5379726_6878173_3530082_5473876

https://www.walmart.com/ip/Achim-Bianco-Marble-12x12-Self-Adhesive-Vinyl-Floor-Tile-20-Tiles-20-Sq-ft/636606043

https://www.walmart.com/ip/Tivoli-Medium-Oak-Plank-Look-12-x-12-Self-Adhesive-Vinyl-Floor-Tile-223/47836175

https://www.walmart.com/ip/Better-Homes-Gardens-3-76mm-Center-to-Center-Cup-Pull-Satin-Nickel-6-Pack/883631028

https://www.walmart.com/ip/Design-House-182386-10-Pack-Regal-Knobs-in-Brushed-Nickel/264820812

https://www.walmart.com/ip/Mainstays-1-1-2-38mm-Round-Cabinet-Knob-Unfinished-Wood-2-Pack/3875345790

https://www.walmart.com/ip/HT-48-I-BEAM-LEVEL/16053600951

https://www.walmart.com/ip/LifeMaster-30pcs-1-1-4-Brushed-Nickel-Cabinet-Knobs-Rust-Proof-Finish-Modern-Design-Strong-Zinc-Alloy-Construction-Complete-Short-Adjustable-Screws-D/5337847537"
Which Walmart products are best for upgrading a rental without making permanent changes?,"The best rental upgrades are portable, tool-free, and easy to reverse. These Walmart picks deliver the biggest visual or functional improvement without drilling, painting, or replacing permanent fixtures.

Best upgrades by impact

1. Removable wallpaper for an accent wall
Better Homes & Gardens peel-and-stick wallpaper is a strong starting point because it is marketed as fully removable and residue-free. The brand also performed well in independent testing for easy repositioning and minimal drywall damage. Test a small hidden area first, especially on matte, textured, or recently painted walls. 
Walmart.com
+1

2. Command picture-hanging strips
Use these to create a gallery wall, hang mirrors, mount lightweight organizers, or display framed art without nail holes. The large strips support up to 16 pounds when installed according to the package directions and are designed to remove cleanly from suitable smooth surfaces. 
Walmart.com

3. Mainstays tension curtain rods
These are useful for hanging lightweight curtains, concealing open storage, dividing a room, or creating under-sink organization. The smaller spring-tension model installs without tools; larger versions can hold heavier window panels, though the included center bracket would require hardware if used. 
Walmart.com
+1

4. GE Cync smart bulbs
Replacing a bulb is one of the easiest ways to improve harsh rental lighting. Cync bulbs offer dimming, schedules, app control, and voice control without altering the light fixture, and you can take them with you when you move. 
Walmart.com
+1

5. A large washable area rug
A rug can conceal worn flooring, define an open layout, reduce echo, and make a room feel finished. Better Homes & Gardens offers washable and stain-resistant options, including runners for entryways and kitchens. 
Walmart.com
+1

6. No-drill bathroom storage
Look for adhesive shower caddies, tension-pole organizers, and over-the-door storage. These add usable storage without drilling into tile, although adhesive models should be tested carefully because humidity and porous surfaces can affect adhesion. Walmart currently groups several such products under its renter-upgrade selection. 
Walmart.com

7. Temporary window treatments
Pair a tension rod with inexpensive curtain panels to hide basic blinds and soften the room. Curtains also make ceilings appear higher when positioned close to the top of the window opening—provided the tension rod fits securely and the fabric stays within its weight limit. 
Walmart.com
+1

8. Removable contact paper
Use marble, wood-grain, or beadboard-style contact paper on shelves, drawer interiors, desks, or other smooth furniture surfaces. It is generally safer on removable furniture than directly on rental countertops or cabinets, where aging finishes can lift during removal. 
Walmart.com

Better Homes & Gardens Vierra Vine Wallpaper
$29.96•Vierra Vine wallpaper offers a versatile accent with peel-and-stick ease.
Better Homes & Gardens Grey Posey Wallpaper
$29.96•Grey Posey wallpaper adds subtle neutral style to any space.
RoomMates Black Ginkgo Leaves Wallpaper
$34.97•Black Ginkgo Leaves wallpaper makes a bold statement wall.
EasyLiner White Beadboard Wallpaper
$14.75•White Beadboard wallpaper provides budget-friendly texture upgrade.
RoomMates Dancing Leaves Wallpaper
$28.23•Dancing Leaves wallpaper introduces soft botanical charm.
RoomMates Green Palm Wallpaper
$21.93•Green Palm wallpaper creates a tropical focal point.
NuWallpaper Silver Hikarigaoka Wallpaper
$13.80•Silver Hikarigaoka wallpaper is an affordable peel-and-stick option.
InHome Driftwood Peel-and-Stick Wallpaper
$26.24•Driftwood wallpaper offers a furniture refresh with natural appeal.
Best order to buy

Start with smart bulbs, curtains, a rug, and wall art. These upgrades are the lowest-risk, move easily to another home, and can change the entire feel of a room. Add peel-and-stick products only after reviewing the lease and testing the exact surface. Rental-design guidance also recommends keeping original hardware and getting written approval for any uncertain alteration. 
AP News

Sources:

https://www.walmart.com/browse/home-improvement/better-homes-gardens-wallpaper/1072864_7141380_1044050_7192699_4524901

https://www.southernliving.com/best-peel-and-stick-wallpapers-11703511

https://www.walmart.com/ip/Command-Large-Picture-Hanging-Strips-White-Damage-Free-Hanging-20-Pairs/628355167

https://www.walmart.com/ip/Mainstays-Adjustable-Tension-Window-Curtain-Rod-1-Diameter-48-84-White/14658166116

https://www.walmart.com/ip/Mainstays-28-48-in-Adjustable-Spring-Tension-Curtain-Rod-7-16-in-Diameter-Steel-Tube-White-Finish/50015126

https://www.walmart.com/ip/GE-Cync-Smart-LED-Light-Bulb-60-watts-Soft-White-App-and-Voice-Control-Google-Home-Compatible-Medium-Base/479322485

https://www.walmart.com/ip/GE-CYNC-Smart-LED-Light-Bulbs-Soft-White-Bluetooth-and-Wi-Fi-Enabled-A19-Bulbs-2pk/242553115

https://www.walmart.com/ip/Better-Homes-Gardens-Diamond-Machine-Washable-Indoor-Area-Rug-Gray-5-x7/322056547

https://www.walmart.com/ip/Better-Homes-Gardens-Geo-Medallion-Runner-Washable-Non-Skid-Area-Rug-Sage-2-5-x-7/2061035144

https://www.walmart.com/c/kp/renter-upgrade

https://apnews.com/article/1ac6df806af24e20f29d391281afb2d9"
What is the best outdoor lighting at Walmart for a backyard or patio?,"Best overall: Better Homes & Gardens 48-Foot Commercial String Lights

For most backyards and patios, these are the strongest all-around choice. The 24 shatterproof LED bulbs provide a warm, restaurant-style glow, the 48-foot strand covers a typical seating or dining area, and the 4.6-star rating across 800+ reviews gives them a stronger track record than many marketplace alternatives. Current listed price: $39.97.

Better Homes & Gardens 48-Foot Commercial String Lights
$39.97•48-foot string lights with shatterproof bulbs, ideal for outdoor ambiance.
Better Homes & Gardens Corbyn Solar Path Light
$18.88•Solar path light with premium design, perfect for elegant garden lighting.
Hyper Tough Solar Motion Flood Light
$13.97•Affordable solar flood light with motion sensor, enhances security.
GE 3-Head LED Security Floodlight
$46.64•Hardwired security floodlight with multiple heads for bright outdoor coverage.
Mainstays Solar Column Path Lights
$11.64•Solar pathway lights, budget-friendly and easy to install for landscape lighting.
DAYBETTER 50-Foot Outdoor String Lights
$19.99•Long-lasting outdoor string lights with vintage bulbs, great for patios.
Best choices by use
Need	Best pick	Why
Entertaining and ambiance	Better Homes & Gardens 48-ft string lights	Warm light, sturdy cord and shatterproof bulbs
Lower-cost string lights	DAYBETTER 50-ft G40 lights	About $20, weather-resistant and connectable
Walkways and landscaping	BHG Corbyn solar path light	Metal and glass construction, warm 3000K light and 20-lumen output
Lighting a long path cheaply	Mainstays solar column set	Twelve simple solar lights for about $12
Cordless motion lighting	Hyper Tough 800-lumen solar floodlight	Bright, inexpensive and requires no electrical wiring
Maximum security brightness	GE 5,500-lumen three-head floodlight	Adjustable heads, motion detection and dusk-to-dawn operation

Walmart’s current outdoor-lighting selection shows that decorative string lights generally offer the biggest visual improvement, while solar pathway lights work better as accents and navigation lighting—not as the primary light source. Motion floodlights are the better addition for gates, driveways and darker corners. 
Walmart.com
+2
Walmart.com
+2

My recommended setup: use the Better Homes & Gardens string lights over the seating area, then add two to four Corbyn solar lights near steps or along the approach. Add the Hyper Tough motion light only where extra security or task lighting is needed.

Prices and local availability can vary by store and delivery location.

Sources:

https://www.walmart.com/ip/Better-Homes-Gardens-48-Foot-24-Count-Shatterproof-Bulb-Outdoor-Commercial-String-Light-with-Black-Wire/1642151062

https://www.walmart.com/ip/BHG-20L-DOWN-LIGHT/16389368129

https://www.walmart.com/ip/Hyper-Tough-Motion-Sensing-Outdoor-Security-Flood-Light-Dusk-to-Dawn-Black-120-Beam-Angle-800-Lumens-Solar-Power/5119026753

https://www.walmart.com/ip/GE-HW-3-5500LM-FLD/13468114826

https://www.walmart.com/ip/Mainstays-Solar-Powered-Black-Classic-Column-LED-Path-Light-and-Landscape-Light-2-Lumens-12-Count/55124185

https://www.walmart.com/ip/DAYBETTER-50ft-Outdoor-String-Lights-15W-G40-E12-Globe-Patio-Lights-25-Edison-Vintage-Bulbs-Waterproof-Connectable-Hanging-Backyard-Porch-Balcony-Par/961763479

https://www.walmart.com/browse/patio-garden/outdoor-string-lighting/5428_4423804_1871337_6206726

https://www.walmart.com/browse/patio-garden/path-lights/5428_4423804_6556736_3798036

https://www.walmart.com/browse/patio-garden/outdoor-security-lights/5428_4423804_2571940"
Which budget-friendly home gym equipment should I buy at Walmart?,"For the best value, build your Walmart home gym around adjustable resistance and multipurpose equipment, rather than bulky single-exercise machines. Walmart’s own fitness guidance highlights mats, resistance bands and adjustable dumbbells as core home-gym essentials. 
Walmart.com
+1

Best budget setup

Adjustable dumbbell set — about $34–$60
The best first purchase for strength training. A 40-pound cast-iron set can cover presses, rows, squats, lunges and curls. The Athletic Works or CAP 40-pound cast-iron sets offer especially strong value.

Resistance-band kit with handles and door anchor — about $15–$25
Adds pulldowns, rows, presses and assisted mobility exercises without taking up floor space. Look for several resistance levels and carabiner-style attachments.

Exercise mat — about $10–$20
Choose a thicker fitness mat for planks, stretching and floor exercises; very thin yoga mats provide less cushioning.

Jump rope — about $6–$15
Probably the cheapest effective cardio option. An adjustable-length rope with ball bearings will turn more smoothly than a basic plastic rope.

Single kettlebell — about $15–$30
An excellent second weight purchase for swings, goblet squats and carries. Beginners commonly start around 10–20 pounds, depending on the movement and experience level.

Foldable adjustable bench — about $70–$100
Worth adding after weights and bands. Prioritize a stable frame, clearly stated weight capacity and incline positions; avoid ultra-cheap benches with unclear specifications. Walmart currently lists several foldable options around this range. 
Walmart.com

Doorway pull-up bar — about $20–$35
Useful when your doorway and trim are compatible. Confirm the required doorway measurements and weight limit before buying.

Foam roller — about $10–$20
Not essential for exercising, but inexpensive and useful for warmups, mobility and post-workout recovery.

Athletic Works 40lb Cast-Iron Dumbbell Set
$34.00•Great value for versatile home workouts.
CAP 40lb Cast-Iron Dumbbell Set
$34.99•Affordable cast iron option for strength training.
PRCTZ 40lb Adjustable Dumbbell Set
$39.97•Secure grip with adjustable chrome dumbbell.
Athletic Works 40lb 5-in-1 Set
$58.97•Most versatile 5-in-1 set for various exercises.
CAP 40lb Set With Storage Case
$49.99•Includes storage case for easy organization.
Marcy 40lb Vinyl Dumbbell Set
$39.99•Floor-friendly vinyl design for safe use.
Sprint Demon Multifunction Dumbbell Set
$57.37•Multiple exercise modes in portable design.
Alden Design 44lb Adjustable Set
$45.99•Budget-friendly 44lb adjustable set for home use.
What I would buy first

For under approximately $75, start with a 40-pound adjustable dumbbell set, resistance bands and an exercise mat. For around $125, add a jump rope, kettlebell and foam roller. This combination supports full-body strength, cardio, mobility and progressive resistance while fitting in a closet.

I would skip ab machines, vibration plates, very light fixed-dumbbell bundles and inexpensive all-in-one weight stations until you have the essentials. They generally provide less versatility per dollar than free weights and bands.

Prices and local availability can change by store and ZIP code.

Sources used:

https://www.walmart.com/browse/sports-outdoors/exercise-fitness/4125_4134

https://www.walmart.com/browse/sports-outdoors/exercise-fitness-accessories/4125_4134_1078104

https://www.walmart.com/c/kp/adjustable-dumbbells-and-bench

https://www.walmart.com/ip/Athletic-Works-40lb-Adjustable-Cast-Iron-Dumbbell-Set/294821899

https://www.walmart.com/ip/CAP-Barbell-40-Lb-Adjustable-Cast-Iron-Dumbbell-Set/17217217

https://www.walmart.com/ip/PRCTZ-40lb-Adjustable-Dumbbell-Set-Chrome-Black/1972607801

https://www.walmart.com/ip/Athletic-Works-45LB-5-in-1-Adjustable-Dumbbell-Set-Fitness-Exercises-for-Home-Gym-Black/5607156759

https://www.walmart.com/ip/CAP-Barbell-40-lb-Adjustable-Dumbbell-Set/21672286

https://www.walmart.com/ip/Marcy-40lb-Vinyl-Dumbbell-Set-VB-40/11151696

https://www.walmart.com/ip/Signature-Fitness-Adjustable-Dumbbell-Set-Portable-Design-with-Changeable-Weight-Plates-and-Non-Slip-Handles-for-Home-Gym-Workouts/18065413058

https://www.walmart.com/ip/Alden-Design-Adjustable-Dumbbell-Set-for-Home-and-Gym-Exercise-Black-44-Lb/251239791"
What are the best Walmart storage solutions for a small apartment?,"The best small-apartment storage buys at Walmart are the ones that use vertical space, hidden space, and narrow gaps rather than taking up more floor area. Walmart currently has a dedicated small-space organization section covering closets, under-bed areas, kitchens, bathrooms, and compact rooms. 
Walmart.com

Sterilite 28-Quart Under-Bed Storage Box
$10.98•Under-bed storage for space-saving organization.
Mainstays 6-Shelf Hanging Closet Organizer
$7.97•Affordable hanging closet organizer with 6 shelves.
Better Homes & Gardens 24-Pocket Door Organizer
$19.46•Over-the-door door organizer with 24 pockets.
Mainstays 3-Tier Rolling Cart
$14.98•Compact 3-tier rolling cart for versatile use.
Mainstays 4-Tier Metal Rolling Cart
$19.97•Narrow 4-tier metal cart for tight spaces.
Mainstays 3-Cube Storage Organizer
$25.88•Multi-purpose 3-cube storage for flexible storage.
Better Homes & Gardens 10-Shelf Closet Organizer
$19.42•10-shelf closet organizer for extra space.
Mainstays 3-Tier Metal Utility Cart
$29.97•10-shelf hanging closet organizer with side pockets.
Best choices by apartment problem

1. Sterilite 28-quart under-bed boxes — best overall
At roughly 23 × 16⅝ × 5⅞ inches, these are shallow enough for many bed frames and are ideal for seasonal clothes, spare bedding, shoes, and towels. The clear body makes it easier to find items without opening every container. Check your bed clearance before purchasing.

2. Mainstays 6-shelf hanging organizer — best $10-or-less upgrade
This converts a section of closet rod into six vertical shelves for sweaters, jeans, towels, bags, or linens. At about $8, it is one of the highest-impact options for a cramped closet.

3. Better Homes & Gardens 24-pocket door organizer — best zero-floor-space option
Use it for more than shoes: toiletries, cleaning supplies, cords, accessories, snacks, pet products, or small kitchen items all work well. It measures approximately 22 × 63.5 inches and hangs without permanent installation.

4. Mainstays 3-tier rolling cart — best for kitchens and bathrooms
The approximately $15 plastic version is inexpensive, movable, and useful for pantry overflow, toiletries, laundry supplies, or a mobile coffee station. Rolling carts are especially helpful when storage has to serve multiple purposes. Walmart lists numerous narrow and mobile versions for kitchens, bathrooms, offices, and laundry areas. 
Walmart.com

5. Mainstays 4-tier metal cart — best for narrow dead space
Four baskets provide substantial vertical storage without the visual bulk of a cabinet. It is a good fit beside a washer, refrigerator, vanity, desk, or closet wall.

6. Mainstays 3-cube organizer — best multifunctional piece
The three 11-inch cubes can hold books, baskets, electronics, pantry items, or folded clothes. Because the unit can sit vertically or horizontally, it can function as a small bookcase, nightstand, entry console, or low media stand.

7. Better Homes & Gardens 10-shelf hanging organizer — best for small accessories
The narrower 5.5-inch-wide design is better than a full-width hanging unit when closet-rod space is extremely limited. Use the ten compartments for shoes, purses, hats, folded T-shirts, or workout clothing.

8. Mainstays metal utility cart — best sturdier upgrade
Choose the metal three-tier version when storing heavier bottles, cookware, art supplies, or home-office equipment. It costs more than the plastic cart but has a stronger frame and highly rated rolling casters.

What I would buy first

For the biggest improvement with the least money, start with:

Two under-bed boxes

One hanging closet organizer

One over-the-door organizer

One rolling cart

That combination adds storage to four previously underused zones—under the bed, inside the closet, behind a door, and inside a narrow gap—without drilling holes or buying a large cabinet. Vertical and elevated storage also keeps items off the floor, reducing visible clutter and making cleaning easier. 
House Beautiful
+1

Prices and availability can vary by location and delivery address.

Sources used:

https://www.walmart.com/browse/home/small-space-storage-organization/4044_1879527_9330810_6202759

https://www.walmart.com/c/kp/rolling-cart-organizer

https://www.walmart.com/ip/Sterilite-Set-of-2-28-Qt-Storage-Boxes-Plastic-Adult-Soft-Sea/9200313812

https://www.walmart.com/ip/Sterilite-28-Qt-Storage-Box-Plastic-Adult-White/8870703312

https://www.walmart.com/ip/Mainstays-6-Shelf-Non-Woven-Hanging-Closet-Organizer-Arctic-White-Adult-and-Child/295713689

https://www.walmart.com/ip/Better-Homes-Gardens-24-Pocket-Over-the-Door-Polyester-and-Cotton-Closet-Shoe-Organizer/366017507

https://www.walmart.com/ip/Mainstays-3-Tier-Plastic-Multi-Purpose-Rolling-Laundry-Cart-Arctic-White-Case-Pack-1/2042653386

https://www.walmart.com/ip/MS-LAU-CART-WIRE/13023410611

https://www.walmart.com/ip/Mainstays-11-3-Cube-Storage-Organizer-Spring-Pine/5306261213

https://www.walmart.com/ip/Better-Homes-Gardens-Polyester-Cotton-10-Shelf-Hanging-Closet-Organizer-with-4-Side-Pockets/562221303

https://www.walmart.com/ip/Mainstays-3-Tier-Metal-Utility-Cart-Arctic-White-Laundry-Baskets-Easy-Rolling-Adult-and-Child/1744929426

https://people.com/storage-solutions-walmart-may-2026-11981960

https://www.housebeautiful.com/lifestyle/cleaning-tips/a71782488/floor-storage-mistakes/"
Which home organization products at Walmart work best for cluttered closets?,"For a cluttered closet, the best Walmart products are the ones that create vertical storage, contain loose items, and keep frequently used things visible.

Mainstays 6-Shelf Non-Woven Hanging Organizer
$7.97•Budget-friendly 6-shelf hanging organizer for closet storage.
Better Homes & Gardens Charleston 6-Shelf Organizer
$14.88•Sturdy 6-shelf organizer with a stylish design.
Mainstays 10-Shelf Hanging Shoe Organizer
$11.97•10-shelf shoe organizer with ample hanging space.
Better Homes & Gardens 6-Shelf Organizer with Side Pockets
$19.42•6-shelf organizer with side pockets for accessories.
Better Homes & Gardens 4-Shelf Organizer with Hanging Rack
$19.94•4-shelf hanging unit with additional hanging rack.
Better Homes & Gardens 10-Compartment Organizer
$19.36•10-compartment organizer with small sections for organization.
6-Shelf Hanging Organizer with Drawers
$37.99•Concealed storage with 6 shelves and drawers.
Household Essentials 6-Shelf Hanging Organizer
$32.99•Premium 6-shelf hanging organizer with concealed storage.
Best picks by clutter problem

For piles of sweaters and folded clothes:
Choose the Mainstays 6-Shelf Non-Woven Hanging Organizer. At about $8, it is the lowest-cost way to turn unused rod space into shelves. Its 4.6-star rating from more than 1,500 reviews makes it the strongest overall value among the current listings.

For shoes:
The Mainstays 10-Shelf Hanging Organizer is narrow enough to preserve hanging space while separating individual pairs. For a larger collection, combine it with a low freestanding shoe rack or an over-the-door organizer. Stackable or vertical shoe storage generally uses closet space more efficiently than keeping shoes loose on the floor. 
The Spruce

For handbags, jeans and heavier folded items:
Pick the Better Homes & Gardens Charleston 6-Shelf Organizer. Its reinforced shelves are listed to hold up to 11 pounds each, making it more suitable than inexpensive non-woven organizers for denser items.

For belts, scarves and small accessories:
The Better Homes & Gardens 6-Shelf Organizer with Side Pockets provides open shelves plus several narrow pockets, reducing the number of loose accessories collecting on shelves or the floor.

For a closet short on hanging space:
The Better Homes & Gardens 4-Shelf Organizer with Hanging Rack is especially useful because it adds folded storage without eliminating all the rod space underneath.

For socks, underwear and miscellaneous items:
Use a hanging organizer with removable drawers. Concealed compartments prevent small items from visually cluttering the closet, while open shelves remain available for everyday clothing.

The most effective setup

For most standard closets, I would buy:

One six-shelf hanging organizer

One narrow shoe organizer

Matching slim, non-slip hangers

Two or three labeled bins for seasonal or rarely used items

An over-the-door pocket organizer for accessories

Put everyday clothes at eye level, shoes and heavier bins near the bottom, and off-season items on the highest shelf. Experts similarly recommend organizing clothes by category, keeping shoes visible, and moving seasonal items into labeled boxes or vacuum bags. 
Good Housekeeping

Prices and stock can differ by location and may change.

Sources used:

https://www.walmart.com/browse/home/hanging-closet-organizers/4044_90828_1230061_7678618

https://www.walmart.com/ip/Mainstays-6-Shelf-Non-Woven-Hanging-Closet-Organizer-Arctic-White-Adult-and-Child/295713689

https://www.walmart.com/ip/Better-Homes-Gardens-Charleston-Collection-6-Shelf-Closet-Organizer-Grey/925708887

https://www.walmart.com/ip/Mainstays-10-Shelf-Hanging-Closet-Organizer-Canvas/340808847

https://www.walmart.com/ip/Better-Homes-Gardens-6-Shelf-Hanging-Polyester-and-Cotton-Closet-Organizer-with-3-Side-Pockets/328920383

https://www.walmart.com/ip/Better-Homes-Gardens-4-Shelf-Hanging-Polyester-and-Cotton-Closet-Organizer-with-Hanging-Rack/203746206

https://www.walmart.com/ip/Better-Homes-Gardens-Charleston10-Compartment-Hanging-Closet-Organizer-Fabric-16-W-x-12-D-x-48-H/5173567290

https://www.walmart.com/ip/Foldable-Hanging-Closet-Organizer-with-Drawers-6-Shelf-Natural-Polyester-Canvas-13-60-x-12-20-x-42-50-inches/384725356

https://www.walmart.com/ip/Household-Essentials-6-Shelf-Hanging-Closet-Organizer-Hanging-Closet-Shelf-Fabric-Poly-Linen-and-PEVA-Shelving/518991054

https://www.goodhousekeeping.com/home/organizing/a71499320/closet-decluttering-method/

https://www.thespruce.com/how-to-organize-shoes-5248413"
What are the best Walmart upgrades for a small kitchen?,"The best small-kitchen upgrades add vertical storage, usable prep space, or easier access without permanently changing the room.

Best upgrades to prioritize

A compact rolling cart or island
This is the biggest-impact upgrade when counter space is limited. Choose a narrow model with locking wheels and a solid top so it can work as prep space, appliance storage, or a coffee station. The 26-inch Renwick cart is a particularly space-conscious option; the Techni Home cart offers more enclosed storage. 
Walmart.com
+1

An over-the-sink dish rack
Moving dishes, utensils, and drying space above the sink can clear a large section of countertop. Measure the sink width, faucet height, and cabinet clearance carefully; Walmart currently lists expandable options starting around $25. 
Walmart.com

Magnetic refrigerator shelves
These turn the unused side of a refrigerator into storage for spices, oils, paper towels, and utensils—without drilling. Four-piece sets currently start around $13–$17. 
Walmart.com

Expandable cabinet shelf risers
Shelf risers let you use the empty vertical space above plates, mugs, pantry cans, and food containers. Mainstays wire shelves and expandable organizers are generally inexpensive and easy to move between cabinets. 
Walmart.com

A pull-out spice organizer
A sliding two-tier organizer is easier to use than several rows of jars hidden behind one another. The Mainstays version has strong current ratings and can sit inside a cabinet or on the counter.

A slim gap cart
For a 6- to 10-inch gap beside the refrigerator or cabinet, use a narrow rolling cart for cans, bottles, wraps, or cleaning products. Walmart currently carries four-tier versions beginning around $13–$17. 
Walmart.com
+1

Stackable, matching food containers
Replace mismatched tubs with rectangular, nesting containers. Square and rectangular shapes waste less cabinet and refrigerator space than round ones.

A roll-up sink rack
This lower-cost alternative to a large dish rack provides temporary drying or prep space and rolls away when it is not needed. Walmart listings currently begin around $10. 
Walmart.com

Renwick 26-inch Rolling Kitchen Cart
$94.99•Compact, mobile kitchen storage with towel rack and drawer.
Techni Home Mobile Kitchen Cart
$109.37•Enclosed, water-resistant mobile kitchen cart with adjustable storage.
HOMCOM Cart with Wire Baskets
$56.69•Budget-friendly cart with wire baskets for versatile storage.
Howcool Four-Tier Rolling Cart
$45.99•Vertical rolling cart with removable baskets for space efficiency.
Mainstays Expandable Spice Rack
$13.34•Expandable spice rack to upgrade cabinet organization.
Mainstays Pull-Out Spice Organizer
$24.22•Pull-out spice organizer for easy access and space saving.
Thatcher Drop-Leaf Kitchen Cart
$146.99•Drop-leaf kitchen cart ideal for compact spaces.
TMS Sonoma Butcher-Block Cart
$130.19•Butcher-block cart with adjustable shelves and spice rack for prep.

Best value combination: start with cabinet shelf risers, magnetic refrigerator racks, and an over-sink drying rack. Together, they reclaim space without taking up additional floor area. Add a rolling cart only when you have roughly 16–18 inches of clear depth and enough room to move around it.

Prices and availability vary by location and can change.

Sources

https://www.walmart.com/ip/Mainstays-32-3-Tier-Rolling-Round-Kitchen-Storage-Bar-Cart-Red/5323287315

https://www.walmart.com/c/kp/magnetic-spice-rack

https://www.walmart.com/browse/home/dish-racks-over-sink/4044_623679_1032619_7315852

https://www.walmart.com/c/kp/expandable-shelf-organizer

https://www.walmart.com/c/kp/slim-kitchen-storage

https://www.walmart.com/ip/Slim-Storage-Cart-Rolling-Narrow-Kitchen-Cart-on-Wheels-for-Small-Place/900883471

https://www.walmart.com/ip/Renwick-26in-Rolling-Kitchen-Cart-with-Towel-Rack-and-Drawer-White/762655758

https://www.walmart.com/ip/Techni-Home-Deluxe-Mobile-Kitchen-Cart-with-Water-resistant-Top-and-Adjustable-Storage-Cabinets/5870866133

https://www.walmart.com/ip/Mainstays-3-Tier-Expandable-Spice-Rack-White/498001403

https://www.walmart.com/ip/Mainstays-2-Tier-Pull-Out-Spice-Organizer-White/128264013"
Which affordable bathroom upgrades can I find at Walmart?,"The most effective affordable bathroom upgrades at Walmart are the ones that improve color, texture, storage, and coordination without replacing fixtures.

Mainstays 15-Piece Black-and-White Bathroom Set
$19.97•Complete bathroom refresh with this 15-piece set.
Mainstays Natural Geometric Shower Curtain Set
$17.97•Neutral style with fabric shower curtain set.
Mainstays Taupe Ikat Bathroom Set
$19.54•Value-packed taupe Ikat bathroom set.
Mainstays Black-and-White Botanical Bathroom Set
$24.97•Modern botanical design for a polished look.
Mainstays 3-Piece Memory Foam Bath Rug Set
$19.97•Comfortable 3-piece memory foam bath rug set.
Better Homes & Gardens Signature Soft Bath Towel
$8.96•Soft, easy textile upgrade with a white bath towel.
Mainstays Medium-Weight PEVA Shower Liner
$5.88•Budget-friendly PEVA shower liner for daily use.
Mainstays Water-Repellent Fabric Shower Liner
$12.44•Water-repellent microfiber liner for easy maintenance.
Best upgrades by impact

1. Coordinated shower-curtain sets: $16–$25
This is usually the biggest visual change for the least money. Mainstays sets can include the curtain, hooks, rugs and, on some versions, a soap dispenser and tray. The 15-piece black-and-white set is particularly strong value at about $20, while 16-piece sets run around $25.

2. A fresh shower liner: about $6–$12
Replacing a cloudy or stained liner immediately makes the shower look cleaner. The $5.88 Mainstays PEVA liner is the budget choice; the washable fabric version looks and feels more polished.

3. Matching bath rugs: around $20
A coordinated three-piece memory-foam set can cover the tub, vanity and toilet areas while softening hard flooring. Measure door clearance before choosing a thick mat.

4. Better-looking towels: about $9 each
Two or three matching towels displayed on a bar can make a bathroom feel more intentional. White, cream, charcoal and muted green are easy to coordinate and tend to look more expensive.

5. No-drill shower storage: roughly $12–$22
A hanging or adhesive shower caddy removes bottles from the tub ledge. Walmart currently lists options such as the Mainstays over-shower caddy for about $12 and a four-tier tension-pole organizer for about $22. 
Walmart.com
+1

6. Coordinated countertop accessories
A matching soap pump, tray and toothbrush holder can reduce visual clutter. For the best value, choose a bathroom set that already includes these rather than buying each piece separately.

7. Small finishing details
A new toilet-paper holder, adhesive towel hooks, matching storage bins, a framed print or a small faux plant can finish the room for relatively little. Keep finishes consistent—such as all matte black, chrome or brushed nickel—to avoid a pieced-together appearance.

Best use of a $50 budget

Buy a $20 shower-curtain-and-rug set, a $12 shower caddy, a $6 liner and one $9 upgraded towel. That combination refreshes nearly every visible zone for approximately $47, before tax. Prices and availability can vary by location.

Sources:

https://www.walmart.com/cp/bathroom/6801090

https://www.walmart.com/c/kp/hanging-bathroom-caddy

https://www.walmart.com/browse/home-improvement/shower-caddies/1072864_1045879_1230843_7640464

https://www.walmart.com/ip/Mainstays-15-Piece-White-Black-Embossed-Stripe-Polyester-Shower-Curtain-Bath-Set-70-x-72/1757352657

https://www.walmart.com/ip/Mainstays-14-Piece-Fabric-Shower-Curtain-Set-PEVA-Liner-Hooks-Natural-Geometric-72-x-72/2341304393

https://www.walmart.com/ip/Mainstays-Ikat-15-Piece-Shower-Curtain-Bath-Set-70-x-72-Taupe/13317950120

https://www.walmart.com/ip/MS-Bath-Set-Blk-Wht-Botanical/13168754691

https://www.walmart.com/ip/Mainstays-3-Piece-Bath-Rug-Set-Gray/11247410162

https://www.walmart.com/ip/Better-Homes-Gardens-Signature-Soft-Solid-Bath-Towel-Arctic-White/894778897

https://www.walmart.com/ip/Mainstays-Medium-Weight-Shower-Liner-White/215676172

https://www.walmart.com/ip/Mainstays-Water-Repellent-Microfiber-Fabric-Shower-Liner-70-x-72-in-White/868951000"
What Walmart products can help make a bedroom feel more comfortable and polished?,"The fastest way to make a bedroom feel more comfortable and polished is to improve the bed first, then layer in softer lighting, window treatments, texture and one or two larger finishing pieces. Walmart’s bedroom assortment covers all of those categories, and current prices may vary by size, color and location. 
Walmart.com
+2
Walmart.com
+2

Better Homes & Gardens Cotton Percale Sheet Set
$35.97•Crisp hotel bedding feel, perfect for a fresh sleep.
Noble Linens Down-Alternative Comforter
$30.06•Affordable fluffy layer for cozy nights.
Better Homes & Gardens Chunky Knit Throw
$22.34•Textured finishing touch to enhance your decor.
Mainstays Linen-Look Blackout Curtains
$12.00•Tailored window upgrade for a sleek look.
Mainstays Grey Space Bedroom Rug
$34.97•Soft underfoot, ideal for bedroom comfort.
Better Homes & Gardens Full-Length Floor Mirror
$69.86•Opens up the room with a full-length mirror.
Better Homes & Gardens Cozy Knit Blanket
$35.84•Extra cozy layer for warmth and comfort.
Eclipse Corte Blackout Curtain Pair
$15.00•Blackout curtains for better sleep environment.
Mainstays Diamond Indoor Area Rug
$34.97•Neutral room anchor with a stylish rug.
Better Homes & Gardens Cotton Sateen Sheet Set
$35.97•Soft silky option for luxurious sheets.
Best upgrades, in order

1. Better sheets
Choose the Better Homes & Gardens cotton percale sheets for a cool, crisp, hotel-like feel. The sateen version is a better match for someone who prefers smoother, silkier bedding. Both current queen sets are around $36 and have thousands of ratings.

2. A simple, fluffy comforter
A solid white, cream, taupe or muted green comforter instantly looks cleaner than a busy coordinated set. The Noble Linens down-alternative comforter is an especially strong budget choice at roughly $30, with a 4.6 rating from more than 3,000 reviews.

3. A throw folded across the foot of the bed
The Better Homes & Gardens chunky-knit throw adds visible texture without making the room look cluttered. Keep it in the same color family as the bedding, but slightly darker or warmer.

4. Full-length curtains
Blackout curtains improve sleep while also making windows feel more substantial. The Mainstays linen-look panels have a softer, more tailored appearance than shiny polyester curtains. Hang the rod several inches above the window and let the panels reach the floor for a more finished result.

5. A rug beside or beneath the bed
Even a modest rug makes hard flooring feel warmer. The Mainstays Grey Space rug is soft, neutral and about $35; for a larger visual anchor, use a 5-by-7-foot rug with the front two-thirds extending beneath the bed.

6. A large mirror
A full-length mirror reflects light, makes the bedroom appear larger and gives an otherwise empty wall a purpose. The Better Homes & Gardens 27-by-70-inch mirror has a substantial scale that looks more intentional than several small decorations.

A reliable polished-bedroom formula

Use white or cream bedding, a taupe, charcoal, blue or sage throw, floor-length neutral curtains, a soft rug, and warm bedside lighting. Limit decorative pillows to two or three and repeat the same metal or wood finish across the lamps, mirror and curtain rod.

For the biggest change on a limited budget, prioritize sheets, curtains and the throw. Walmart itself recommends using coordinated textiles, lighting, rugs, mirrors and window treatments to create a more pulled-together room. 
Walmart.com
+2
Walmart.com
+2

Sources used:

https://www.walmart.com/cp/bedroom/4928410

https://www.walmart.com/cp/home/4044

https://www.walmart.com/cp/bedding/539103

https://www.walmart.com/cp/decor/133012

https://www.walmart.com/cp/shop-by-room/7756661

https://www.walmart.com/shop/home-catalog/shop-all

https://www.walmart.com/ip/Better-Homes-Gardens-Cool-Crisp-4-Piece-300-Thread-Count-Arctic-White-Cotton-Percale-Sheet-Set-Queen/5126663011

https://www.walmart.com/ip/Noble-Linens-White-All-Season-Alternative-Down-Solid-Comforter-Full-Queen/640425469

https://www.walmart.com/ip/BHG-CHUNKY-KNIT-CHARCOAL-THROW/2414957924

https://www.walmart.com/ip/MS-LIN-LOOK-PP-BEIGE/7958614946

https://www.walmart.com/ip/Mainstays-Grey-Space-Indoor-Rug-3-11-W-x-5-5-L/5298196851

https://www.walmart.com/ip/Better-Homes-Gardens-27-x-70-Rectangular-Full-Length-Gray-Mirror/2476066901

https://www.walmart.com/ip/Better-Homes-Gardens-Cozy-Knit-Blanket-Beige-Full-Queen/5664000714

https://www.walmart.com/ip/Eclipse-Corte-White-Solid-Blackout-Grommet-Curtain-Panel-Pair-37-x-84/5000131381

https://www.walmart.com/ip/Mainstays-Diamond-Area-Rug-Black-5-x-7/610563830

https://www.walmart.com/ip/Better-Homes-Gardens-100-Cotton-Sateen-300-Thread-Count-Sheet-Set-Queen-Arctic-White/5171104719"
Which home office upgrades at Walmart are worth buying for working from home?,"The most worthwhile Walmart home-office upgrades are the ones that improve posture, screen position, lighting, and desk clutter—not decorative accessories.

Mainstays Ergonomic Office Chair with Adjustable Headrest
$60.80•Budget-friendly ergonomic office chair with adjustable headrest.
EDX Heavy-Duty Ergonomic Office Chair
$121.99•Stronger, high-back mesh office chair upgrade.
Mount-It! Single Monitor Desk Mount Arm
$47.62•Frees desk space with full-motion monitor arm.
Lepro Dimmable LED Desk Lamp
$25.99•Dimmable LED desk lamp with USB charging.
Mainstays Dimmable LED Desk Lamp with USB
$27.97•Compact, dimmable LED desk lamp with USB.
Logitech Wireless Keyboard and Mouse Combo
$17.92•Affordable wireless keyboard and mouse combo.
onn. Large Cable Management Box
$11.00•Large cable management box for hiding power strips.
U Brands Drawer Cable Organizer
$8.76•Drawer cable organizer for small cables.
Mainstays LED Desk Lamp with Outlet
$8.28•Low-cost LED desk lamp with outlet.
Lenovo Wireless Keyboard Mouse Combo
$30.00•Comfortable wireless keyboard and mouse set.
Best upgrades, in priority order

1. A supportive office chair

This should be the first purchase for anyone working from home several days a week. Look for adjustable seat height, lumbar support and a breathable back rather than massage cushions or racing-chair styling.

The Mainstays Ergonomic Chair is a sensible budget choice at about $61, with a mesh back, headrest and strong buyer ratings. The EDX heavy-duty chair costs more but offers a higher back, more substantial lumbar support and a larger weight capacity. Adjustable seating is generally more likely to accommodate different body dimensions than fixed furniture. 
TechRadar
+1

2. A monitor arm

The Mount-It! Single Monitor Arm is one of the highest-impact upgrades for a small desk. It lifts the screen off the desktop, creates usable space underneath and makes it easier to position the display at a comfortable height and distance. PCWorld similarly identifies a monitor arm as one of the most effective home-office upgrades. 
PCWorld

Before ordering, confirm that your monitor has a compatible VESA mounting pattern and falls within the arm’s size and weight limits.

3. Adjustable task lighting

A dimmable lamp is more useful than a basic decorative lamp, particularly when working early, late or in a room with uneven natural light.

The Lepro LED lamp is the strongest all-around option here, offering several brightness and color-temperature settings. The Mainstays dimmable USB lamp is a good compact alternative. For the lowest price, the Mainstays catch-all lamp adds lighting, storage and an AC outlet for roughly $8.

Position the lamp beside your monitor rather than directly behind it to reduce screen glare.

4. An external keyboard and mouse

Laptop users will benefit considerably from separating the screen from the keyboard. The Logitech wireless combo is inexpensive, highly reviewed and lets you raise your laptop or place it farther away without making typing awkward. The Lenovo combo is another solid choice with a spill-resistant keyboard and ambidextrous mouse.

This upgrade works particularly well when paired with a laptop stand, monitor riser or external display.

5. Cable management

The onn. cable-management box is a worthwhile $11 purchase if a power strip and chargers are visible under or beside the desk. It hides excess cord length while retaining ventilation. The U Brands organizer is better for storing spare adapters, charging cables and small accessories inside a drawer.

Cable management will not directly improve performance, but it is one of the cheapest ways to make a workspace look calmer and more intentional.

What I would buy by budget

Around $50: Logitech keyboard-and-mouse combo, onn. cable box and the $8 Mainstays desk lamp.

Around $100: Mainstays ergonomic chair plus either the Logitech combo or a dimmable lamp.

Around $175: Mainstays chair, Mount-It! monitor arm, Lepro lamp and cable-management box.

Skip or deprioritize: novelty desk gadgets, very cheap footrests, oversized gaming chairs without meaningful adjustments and charging lamps from unknown marketplace sellers with little or no review history.

Prices and stock can vary by location and seller, so verify the final listing before purchasing.

Sources

https://www.walmart.com/ip/Mainstays-Ergonomic-Office-Chair-with-Adjustable-Headrest-Black-Fabric-275-lb-capacity/1154894041

https://www.walmart.com/ip/High-Back-Mesh-Computer-Office-Chair-Black/5813391791

https://www.walmart.com/ip/Mount-It-Single-Monitor-Desk-Mount-Arm-Full-Motion-Monitor-Mount-Fits-21-30-Inch-Screens/934736513

https://www.walmart.com/ip/Lepro-LED-Dimmable-Reading-Desk-Lamp-with-USB-Charging-Port-15W-96-LEDs-550-Lumens-Soft-Light-Eye-Care-Suitable-for-Home-Work-and-Study-White/1804850465

https://www.walmart.com/ip/Mainstays-Modern-Dimmable-LED-Desk-Lamp-with-USB-Charging-Port-Black-Finish-for-All-Ages/2972979023

https://www.walmart.com/ip/Logitech-Wireless-Keyboard-Mouse-Combo-Windows-2-4-GHz-Wireless-Compact-Mouse-8-Multimedia-Shortcut-Keys-2-Year-Battery-Life-PC-Laptop/605403536

https://www.walmart.com/ip/onn-Large-Foldable-Cable-Management-Box-Black/1651006747

https://www.walmart.com/ip/U-Brands-Drawer-Cable-Organizer-White/18068173448

https://www.walmart.com/ip/Mainstays-LED-Desk-Lamp-with-Catch-All-Base-AC-Outlet-Matte-White/2983688524

https://www.walmart.com/ip/Lenovo-Wireless-Keyboard-Mouse-Combo/633449013

https://www.pcworld.com/article/2000722/best-monitor-arms.html

https://www.techradar.com/best/best-office-chairs

https://arxiv.org/abs/2403.05589"
What are the best Walmart products for improving indoor air quality?,"The biggest indoor-air-quality gains usually come from source control and ventilation first, followed by properly sized filtration. Portable purifiers clean particles in individual rooms but do not replace fresh-air ventilation or solve moisture and mold sources. 
CDC
+2
CDC
+2

Winix C535 Air Purifier
$158.00•Great value for large spaces, with 4-stage cleaning.
Levoit Core 300 Bundle
$124.99•Ideal for bedrooms, with easy filter replacement.
Levoit Core 200S-P
$74.99•Smart, budget-friendly purifier for small rooms.
Levoit Core 400S-P
$219.99•Smart control for large rooms, high-capacity air cleaning.
Coway Airmega 160
$163.58•Compact, premium quality for small spaces.
Cuckoo H13 True HEPA Air Purifier
$119.99•Powerful, large-room smart purifier for extra-large spaces.
Bionaire XL 360° True HEPA Purifier
$199.99•Midrange option with quality HEPA filtration for large rooms.
Levoit Core 300 Replacement Filter
$25.99•Replacement filter for maintaining your Levoit Core 300.
Best Walmart buys

1. Winix C535 — best overall value
At about $158, it offers four-stage filtration and includes two years of filters, making its longer-term ownership cost particularly attractive. It is a strong pick for a living room, open bedroom or pet household.

2. Levoit Core 300 — best for most bedrooms
This is the sweet spot for size, noise and replacement-filter availability. The listed model has a 141 CFM CADR, runs as quietly as 24 dB, and is designed for roughly 219–547 square feet depending on the desired cleaning frequency.

3. Levoit Core 200S-P — best budget smart purifier
At about $75, it provides app controls and three-stage filtration in a compact design. It is most appropriate for a bedroom, nursery or home office rather than a large open-plan space.

4. Levoit Core 400S-P — best smart option for larger rooms
The app, scheduling, filter-life information and real-time air-quality readings make it useful for people who want automatic operation and visibility into particle levels.

5. Coway Airmega 160 — best premium compact model
This model combines a washable pre-filter, deodorization layer, HEPA filtration, auto mode and a filter-change indicator. Its 4.8-star Walmart rating from 165 reviews is also stronger evidence than the unrated marketplace listings surrounding many cheaper models.

6. Cuckoo H13 purifier — best midpriced sensor-equipped alternative
At about $120, it adds real-time dust sensing and automatically changes fan speed. It is a sensible alternative when the Core 300 is unavailable or you particularly value auto mode.

7. Bionaire XL 360° — best for a larger shared space
Its 360-degree intake, air-quality sensor, auto mode and filter-change reminder suit a living room or shared family space. It was listed around $200 with a 4.6-star rating.

Other worthwhile Walmart purchases

Alongside a purifier, consider:

A correctly sized MERV-rated HVAC filter: Use the highest efficiency your HVAC manufacturer permits. Central filtration can improve air throughout a ducted home, whereas a purifier primarily treats one room. 
New York State Department of Health
+1

A digital hygrometer: Use it to identify persistently humid rooms before mold becomes visible.

A dehumidifier: Particularly useful for damp basements, bathrooms and climates where indoor humidity stays high. It addresses moisture; it does not remove airborne particles like a purifier.

A HEPA-filtered vacuum: Helpful for keeping settled dust, pollen and pet debris from being stirred back into the air.

A vented range hood or window fan: Cooking is an important indoor pollution source, so exhausting cooking fumes outdoors can matter more than masking odors with scented products. 
New York City Government

What I would buy

For a typical apartment or two-bedroom home, I would put a Levoit Core 300 in the bedroom and a Winix C535 in the main living area. Before purchasing, check the purifier’s CADR rather than relying only on an advertised “up to” square-foot figure, and price the replacement filters. Walmart currently lists the genuine Core 300 replacement filter at about $26.

Avoid buying a small tabletop purifier for a large room, and avoid devices whose main selling point is ozone generation. Filtration, airflow and appropriate room sizing are the important factors.

Sources used:

https://www.epa.gov/indoor-air-quality-iaq/air-cleaners-and-air-filters-home

https://www.cdc.gov/niosh/ventilation/about/index.html

https://www.cdc.gov/respiratory-viruses/prevention/air-quality.html

https://www.health.ny.gov/environmental/indoors/air/air_cleaners

https://www.nyc.gov/site/doh/health/health-topics/indoor-air-quality.page

https://www.walmart.com/browse/home-improvement/air-purifiers/1072864_133032_1231459_46324

https://www.walmart.com/ip/Winix-Air-Purifier-C535-4-Stage-Cleaning-with-2-Years-of-Filters-Max-Room-Capacity-1728-sq-ft/944548256

https://www.walmart.com/ip/Levoit-Core-300-Replacement-Filter/14972652204

https://www.walmart.com/ip/Levoit-Core-200S-Smart-Air-Purifier/405934731

https://www.walmart.com/ip/Levoit-Air-Purifier-Plasma-Pro-Core-400S-Air-Cleaner-for-Extra-Large-Room-Smart-Control/236587642

https://www.walmart.com/ip/Coway-Air-Purifier-Airmega-160-Port-Navy-True-HEPA-Filtration-System-with-214-sq-ft-Coverage-Cartridge-Filter-Change-Indicator-Auto-Mode/560786112

https://www.walmart.com/ip/CUCKOO-Air-Purifier-H13-True-HEPA-Filter-Quality-Indicator-For-Large-Rooms-1-108-Sq-Ft-Cleaner-Odor-Eliminators-Ozone-Free-Remove-99-97-Dust-Smoke-Mo/149920895

https://www.walmart.com/ip/Bionaire-XL-360-True-HEPA-Air-Purifier-with-Air-Quality-Sensor-Auto-Mode-Extra-Large-Air-Cleaner/2407448935

https://www.walmart.com/ip/Levoit-Air-Purifier-Replacement-Filter-Core-300-RF-for-Core-300-and-Core-300S-Series-1-Pack/2791041611"
Which Walmart home products can help lower energy use or utility costs?,"The Walmart products most likely to reduce utility costs are the ones that control HVAC use, air leaks, lighting, hot water, and standby electricity.

Emerson Sensi Lite Smart Thermostat
$64.26•Smart thermostat upgrade for efficient home climate control.
Great Value 18-Year Dimmable LED Bulbs
$9.77•Long-lasting LED bulbs ideal for energy savings.
Great Value Soft White LED Bulbs
$6.97•Affordable white LED bulbs for general lighting.
Great Value Daylight LED Bulbs
$7.97•Bright daylight LED bulbs for task lighting needs.
Great Value 75W-Equivalent LED Bulbs
$4.27•Higher-output LED bulbs for increased brightness.
GE Dimmable Daylight LED Bulbs
$11.97•Dimmable daylight LED bulbs for customizable lighting.
GE Frosted Daylight LED Bulbs
$11.97•Frosted daylight LED bulbs for versatile use.
Great Value 7W Dimmable LED Bulbs
$9.97•Low-wattage dimmable LED bulbs for energy-efficient lighting.
Best purchases, ranked by likely impact

1. Smart or programmable thermostat

Heating and cooling are usually the biggest opportunity. Walmart currently lists the Emerson Sensi Lite around $64; it is ENERGY STAR certified and supports schedules, remote adjustments, and usage monitoring. ENERGY STAR smart thermostats are independently certified using real-world field data to deliver energy savings. Check HVAC and C-wire compatibility before purchasing. 
ENERGY STAR
+1

2. Adhesive weatherstripping and door sweeps

Use foam or rubber weatherstripping around drafty windows and doors, plus an under-door sweep where daylight is visible. Walmart has basic options around $8–$16. Air sealing is generally a better first purchase than decorative thermal products because it directly reduces conditioned-air loss. 
Walmart.com

3. Window-insulation film kits

Shrink-film kits create a temporary interior air barrier over leaky windows. They are particularly useful for older windows, rentals and rooms that feel noticeably colder or hotter near the glass. Walmart carries seasonal and year-round kits, including shrink film and reflective options. 
Walmart.com

4. LED light bulbs

Replace incandescent and halogen bulbs in the fixtures used most often. Walmart’s Great Value 60-watt-equivalent bulbs typically use only about 7–9 watts, with four-packs currently starting around $7. Prioritize kitchens, living rooms, outdoor fixtures and lamps left on for several hours daily.

5. Advanced power strip

For a television setup, desktop computer or gaming area, choose an advanced power strip with a control outlet rather than merely a Wi-Fi strip. It can shut off accessories such as speakers, monitors, printers or consoles when the main device turns off. Walmart lists a Greenlite seven-outlet energy-saving model with surge protection. 
Walmart.com

6. Thermal blackout curtains

These can improve comfort around sunny or drafty windows. Close them during hot, sunny summer afternoons and cold winter nights; open them when outdoor conditions are beneficial. Treat them as a supplement to weatherstripping—not a substitute for sealing actual gaps.

7. Low-flow showerhead and faucet aerators

Reducing hot-water consumption lowers both the water bill and the energy needed to heat that water. Look for a WaterSense-labeled showerhead, preferably around 1.5–2.0 gallons per minute, rather than choosing solely from marketing claims such as “water-saving.”

8. Water-heater insulation blanket and pipe insulation

These are most relevant for an older tank-style electric water heater located in a basement, garage or other unconditioned space. Check the heater manufacturer’s instructions first; newer, already well-insulated tanks may see little benefit, and blankets should not obstruct controls, vents or safety labels.

Best buying order

For most homes, I would spend in this sequence:

Weatherstripping and door sweeps

LED bulbs for heavily used fixtures

Smart thermostat, provided the HVAC system is compatible

Window film for demonstrably drafty windows

Advanced power strips for entertainment and computer setups

Water-saving showerhead and aerators

Skip plug-in “electricity saver” boxes, radiator-style space heaters marketed as universally cheaper than central heat, and smart gadgets that consume power without actually controlling a meaningful load.

Prices and availability can vary by location and seller, especially for Walmart Marketplace listings.

Sources

https://www.energystar.gov/products/smart_thermostats

https://www.walmart.com/c/kp/energy-star-thermostat

https://www.walmart.com/browse/electronics/smart-thermostats/3944_1229875_4592199_9510136_6058459

https://www.walmart.com/browse/household-essentials/led-light-bulbs/1072864_1067619_1228347_1228390

https://www.walmart.com/browse/home-improvement/window-weatherstripping/1072864_1230778_1230783_8138526

https://www.walmart.com/browse/home-improvement/window-insulation-kits/1072864_1230778_1230783_6020164

https://www.walmart.com/ip/Tier-1-Advanced-Power-Strip-7-Outlet-Surge-Protector-Smart-Energy-Saving-Power-Bar-White/15188065570

https://www.walmart.com/ip/Sensi-Lite-Smart-Programmable-Wi-Fi-Thermostat-1-Count-White/18022451098

https://www.walmart.com/ip/Great-Value-18-Year-LED-Light-Bulbs-A19-60-Watts-Equivalent-E26-Dimmable-Soft-White-Clear-Glass-4-Pack/205523157

https://www.walmart.com/ip/GV-60W-9YR-SW-4PK/17385660876

https://www.walmart.com/ip/Great-Value-LED-Light-Bulb-7W-60W-Equivalent-Daylight-A19-with-E26-Medium-Base-Dimmable-4PK/1994828634"
What are the best home security upgrades available at Walmart?,"The strongest Walmart security setup is layered: reinforce entry points first, then add visibility, alerts, and lighting. Product availability and prices can vary by location.

Best upgrades by priority
1. Video doorbell: best first purchase

A doorbell camera covers visitors, deliveries, and the most-used entrance.

Best overall: eufy E340 — dual cameras capture visitors and packages, 2K video, wired or battery operation, and no mandatory monthly fee.

Best value: TP-Link Tapo TD21 — 2K video, head-to-toe viewing, color night vision, and a strong review history.

Best inexpensive option: TP-Link Tapo TD20 — 2K resolution and a wide field of view for around $40.

Best Google Home option: Google Nest Doorbell — smooth Google Home integration, though the most useful recording features may require a subscription.

Best flexible budget option: Arlo Video Doorbell 2K — battery or wired installation with person and package detection.

Walmart currently carries a broad range of wired and wireless models from Arlo, eufy, Wyze, Google Nest, TP-Link and others. 
Walmart.com
+1

eufy E340 2K Dual-Camera Video Doorbell
$99.99•High-quality 2K video with dual cameras, ideal for overall security.
TP-Link Tapo TD21 Wire-Free 2K Doorbell
$49.99•Affordable wire-free 2K doorbell with night vision, great value.
Arlo Video Doorbell 2K
$49.99•Battery-operated 2K doorbell with flexible installation options.
TP-Link Tapo TD20 2K Doorbell
$39.84•Budget-friendly 2K doorbell under $50, easy to install.
eufy C30 2K Video Doorbell
$68.00•Local storage, no monthly fees, for reliable security.
Wyze Battery Video Doorbell
$65.98•Wireless 2K doorbell with color night vision, budget flexible.
Google Nest Wired Doorbell
$142.06•Best for Google Home integration, wired design.
Google Nest Battery Doorbell
$129.99•Renter-friendly wireless doorbell with 2K video and easy setup.
2. Outdoor cameras

Place weather-resistant cameras where they can see:

The driveway and vehicles

Back and side doors

A detached garage, shed or gate

Any ground-floor area hidden from the street

Prioritize person detection, night vision, two-way audio and adjustable motion zones. Local microSD storage can reduce subscription costs, while cloud storage protects recordings if a camera is stolen. Walmart carries both individual cameras and multicamera surveillance systems. 
Walmart.com
+1

3. Motion-activated floodlights

A bright motion light over the driveway, backyard or side passage is one of the least expensive deterrents. Solar models are easy to install, but hardwired lights generally provide stronger, more reliable illumination.

For maximum coverage, position the light above head height while keeping the sensor aimed toward the approach path—not the sidewalk or street.

4. Door and window contact alarms

These inexpensive sensors sound when an entry point opens. They are particularly useful for:

Sliding patio doors

Basement windows

First-floor windows

Garage-to-house doors

Rental properties where permanent installation is restricted

Standalone alarms are cheapest. App-connected sensors are more useful when you are away, especially as part of an expandable alarm system.

5. Smart deadbolt

A smart lock improves access control by replacing spare keys with temporary or individual codes. Look for:

ANSI Grade 1 or Grade 2 hardware

Auto-locking

A physical-key or external-power backup

Entry logs

Codes that can be revoked remotely

A smart lock adds convenience, but it should be paired with a solid door, properly aligned strike plate and long mounting screws.

6. Physical door reinforcement

This is often more important than adding another camera. Upgrade exterior doors with:

A reinforced strike plate

Three-inch screws anchored into the wall framing

A door-jamb reinforcement kit

A security bar for sliding doors

A wide-angle peephole

Cameras document activity; reinforced hardware makes forced entry more difficult.

7. DIY alarm kit

For whole-home coverage, choose a starter kit with a hub, keypad, motion detector and several entry sensors. Check monitoring costs and whether the system includes battery and cellular backup. Budget systems can lose remote connectivity when home internet fails, so this distinction matters. 
Tom's Guide

Best buying order

For a typical home, I would spend in this order:

Reinforced strike plates and longer screws

Video doorbell

Motion floodlight

Door/window sensors

Backyard or driveway camera

Smart deadbolt

Expandable alarm system

A good budget package is door reinforcement, a Tapo doorbell, two contact alarms and a motion light. A more complete package adds two outdoor cameras, a smart lock and a monitored sensor kit. Security experts generally recommend combining locks, video doorbells, lighting and sensors rather than relying on any single device. 
Homes and Gardens
+1

Sources used

https://www.walmart.com/browse/home-improvement/camera-doorbells/1072864_1067612_1230759_1067613_9329359_7559100

https://www.walmart.com/c/kp/home-surveillance-systems

https://www.walmart.com/browse/electronics/all-smart-doorbells/3944_1229875_3182203_1369584_4879211

https://www.walmart.com/browse/1072864_1068865_1231087_1231007

https://www.tomsguide.com/us/best-diy-security-system%2Creview-5591.html

https://www.homesandgardens.com/solved/home-security-guide

https://www.architecturaldigest.com/story/home-security-systems-explained-from-sensors-to-safe-rooms"
Which Walmart tools and supplies are best for beginner DIY projects?,"For most beginner DIY projects—hanging shelves, assembling furniture, patching walls, replacing hardware, and making simple wood projects—start with a general hand-tool kit, then add a cordless drill and a few safety and measuring supplies.

Hyper Tough 110-Piece Home Project Tool Set
$29.88•Ideal starter set for home projects, versatile tools included.
Hyper Tough 116-Piece Home Repair Tool Set
$19.97•Affordable, comprehensive repair kit for budget-friendly fixes.
Hyper Tough 40-Piece Household Tool Kit
$17.88•Compact household toolkit for quick repairs and small tasks.
Hyper Tough 89-Piece Household Tool Set
$39.97•Complete tool set with a tool bag, perfect for home repairs.
BLACK+DECKER 20V Drill and 100-Piece Kit
$105.68•Powerful cordless drill with 100 accessories for DIY projects.
BLACK+DECKER 20V Drill and 68-Piece Project Kit
$143.17•Full upgrade kit with drill and project accessories for home improvement.
Hyper Tough 102-Piece Power Tool Accessory Kit
$27.86•Wide selection of drill accessories for versatile tool use.
Hyper Tough 27-Piece Home Repair Kit
$19.97•Small repair kit with essential tools for quick fixes.
Best beginner setup

1. General hand-tool kit

The Hyper Tough 110-Piece Home Project Set, around $30 when checked, is the strongest all-around starting point. It includes common tools such as a claw hammer, pliers, a magnetic level and ratchet components in an organized case. 
Walmart.com

For a lighter and cheaper option, the 40-Piece Household Tool Kit covers basic repairs and includes essentials such as a tape measure and hammer. It is better for apartment dwellers or occasional projects than for frequent woodworking.

2. Cordless drill/driver

Choose a compact 12V or 20V drill with variable speed and an adjustable clutch. The clutch helps beginners avoid stripping screws or driving them too deeply.

The BLACK+DECKER 20V kit includes a lightweight drill, battery, charger and a broad assortment of drilling and driving accessories. Its 24-position clutch provides useful control for furniture assembly, wall anchors and basic wood projects. 
Walmart.com

3. Measuring and layout supplies

Make sure your kit includes—or separately purchase:

A 16- or 25-foot tape measure

A 9-inch torpedo level

A pencil or fine-tip marker

A combination square for straight and 90-degree lines

A stud finder for mounting heavier items

A level and stud finder matter more than buying a huge assortment of specialized tools.

4. Cutting and gripping tools

Useful beginner essentials include a retractable utility knife, needle-nose pliers, slip-joint pliers, an adjustable wrench and scissors. The Hyper Tough 45-piece kit combines many of these with a cordless screwdriver, hammer, level and fasteners. 
Walmart.com

5. Drill and driver bits

Look for Phillips, slotted, Torx and hex driver bits, plus basic wood and metal drill bits. The Hyper Tough 102-piece accessory case is a reasonable expansion once you already own a drill.

6. Safety and cleanup supplies

Add safety glasses, work gloves, hearing protection for prolonged power-tool use, a dust mask for sanding, and a small shop vacuum or cleanup brush. Never rely on ordinary prescription glasses as impact protection.

What not to buy initially

Skip large mechanics socket sets, impact wrenches, circular saws and specialty woodworking tools unless a specific project requires them. High piece counts can also be misleading: inexpensive kits often count every small bit and fastener as a separate “tool.”

Best purchase path: buy the Hyper Tough 110-piece hand-tool set first, add a reputable cordless drill kit, and purchase a stud finder and safety glasses separately. That combination handles the majority of beginner household projects without filling your storage area with tools you may never use.

Prices and local availability can vary by Walmart location and seller.

Sources used:

https://www.walmart.com/browse/home-improvement/hyper-tough-tool-sets/1072864_1031899_1574888_3801931_3874082_6011950

https://www.walmart.com/ip/HT-110PC-TOOL-SET/16345112387

https://www.walmart.com/ip/BLACK-DECKER-BDC120VA100-20-Volt-MAX-Lithium-Ion-Drill-Kit-with-100-Accessories/5296406829

https://www.walmart.com/ip/Hyper-Tough-45-PC-Home-Repair-Tool-Set-with-Scissors-Hex-Keys-and-More-New-Condition/836617468

https://www.walmart.com/ip/HT-40PC-TOOL-SET/16034810691

https://www.walmart.com/ip/Hyper-Tough-Ht-102-piece-Power-Tool-Accessory-Kit/16526807460"
What are the best Walmart products for refreshing a room without repainting?,"The best no-paint room refreshes change one large surface, improve the lighting, and add a few coordinated textiles. Walmart’s current home-refresh assortment emphasizes rugs, curtains, mirrors, lighting, wall art, and removable wall coverings. 
Walmart.com
+2
Walmart.com
+2

Rechargeable Wireless Wall Light
$39.05•Wireless wall light with no wiring, dimmable, remote control.
Mainstays Teal Medallion 3-Piece Rug Set
$54.00•Teal medallion rug set adds coordinated style to your room.
Mainstays Washable Ivory Shag Rug
$17.64•Soft, washable ivory shag rug for neutral texture.
My Texas House Gemma Washable Rug
$22.99•Vintage-inspired washable rug with traditional pattern.
Mainstays Neutral Abstract Washable Runner
$24.98•Abstract washable runner brightens narrow spaces.
Mainstays Oversized Floral Area Rug
$38.96•Oversized floral rug makes a bold statement.
Mainstays Faux Sisal 3-Piece Rug Set
$31.59•Faux sisal set offers a clean, tailored look.
Mainstays Multicolor Accent Rag Rug
$6.94•Colorful rag rug adds a budget-friendly pop of color.
Best upgrades, in order

1. A washable area rug
This usually creates the biggest visual change because it establishes the room’s color palette and anchors the furniture. For versatility, choose a neutral abstract, faded medallion, or faux-sisal pattern. Walmart currently carries washable options ranging from small accent rugs and runners to larger room-size styles.

2. Full-length curtain panels
Hang panels close to the ceiling and let them reach the floor. Even inexpensive curtains can make windows—and the entire room—appear taller and more finished. Choose warm white, oatmeal, muted green, or a subtle stripe rather than matching the wall exactly. Walmart includes window treatments among its core home-refresh categories. 
Walmart.com
+1

3. Peel-and-stick wallpaper
Use it on one focal wall, behind open shelving, inside a bookcase, or on a plain dresser rather than covering the whole room. Grasscloth-look wallpaper adds texture; floral or botanical designs add character; faux board-and-batten creates a more architectural effect. Walmart currently lists removable rolls from brands including RoomMates and numerous lower-cost marketplace options. 
Walmart.com
+1

4. A large wall mirror
A mirror opposite or beside a window reflects light and makes a small room feel more open. An arched, organic-shaped, or warm wood-framed design will have more impact than several tiny decorative pieces. Current Walmart listings include Better Homes & Gardens wood-frame mirrors and decorative arched styles. 
Walmart.com

5. Rechargeable accent lighting
Add a portable lamp or cordless wall light where the room currently feels dark. Warm, dimmable lighting generally creates a more dramatic refresh than changing small accessories. Walmart currently offers rechargeable dome lamps, uplights, table lamps, and cordless sconces. 
Walmart.com
+1

6. Coordinated pillow covers and a throw
Choose two or three textures—such as linen-look, boucle, velvet, or chunky knit—but repeat only one or two colors from the rug. Covers are preferable to entirely new pillows because they are easier to store and replace seasonally.

7. Oversized framed art
One substantial piece or a balanced pair usually looks more intentional than a collection of small, unrelated signs. Lightweight poster frames are an affordable way to display downloadable art, personal photography, fabric, or vintage-style prints. Walmart’s decor section currently carries wall art and multi-pack poster frames. 
Walmart.com

8. Decorative storage
A woven basket, lidded box, attractive tray, or matching bins refreshes the room while removing visible clutter. This is especially useful when the room feels tired because too many small objects are competing for attention.

Best three-item combination

For the highest impact without overbuying, start with:

A rug large enough to reach beneath the front legs of the main furniture

Full-length curtains hung higher than the window frame

A warm rechargeable lamp or large mirror

Then repeat one color from the rug in two pillow covers. This creates a coordinated refresh without requiring new furniture or paint.

Sources

https://www.walmart.com/cp/decor/133012

https://www.walmart.com/browse/home-improvement/peel-stick-wallpaper/1072864_7141380_1044050_7487322

https://www.walmart.com/shop/savings/refresh-your-home

https://www.walmart.com/browse/home/decor/4044_133012

https://www.walmart.com/browse/home-improvement/bedroom-wallpaper/1072864_7141380_1044050_5021165_5383620

https://www.walmart.com/cp/shop-by-room/7756661

https://www.walmart.com/ip/Black-rechargeable-wall-light-dimmable-detachable-bulb-remote-wireless-light-suitable-bedroom-living-room-hallway-home-decoration/20046273856

https://www.walmart.com/ip/Mainstays-Teal-Medallion-3-Piece-Indoor-Area-Rug-Set/932448907

https://www.walmart.com/ip/My-Texas-House-Everyday-Living-Traditional-Medallion-Indoor-Area-Rug/5737880137

https://www.walmart.com/ip/Mainstays-Neutral-Abstract-Washable-Indoor-Area-Rug-Abstract-Neutral-2-x6/1517824085"
Which home upgrades at Walmart are easiest to install without professional help?,"The easiest Walmart home upgrades are the ones that use adhesive, existing sockets, existing screw holes, or standard threaded fittings. These deliver noticeable results without electrical, plumbing, or construction work.

Philips Smart Wi-Fi LED Bulbs, 2-Pack
$14.25•Smart upgrade for energy-efficient lighting.
GE Cync Smart Under-Cabinet Light
$23.37•No wiring needed for easy installation.
Mainstays 5-Setting Handheld Showerhead
$21.92•Refresh your bathroom with versatile showerhead.
Mainstays Classic Cabinet Pulls
$8.97•Uses existing holes for quick cabinet update.
RoomMates Peel-and-Stick Backsplash
$13.97•Easy kitchen makeover with peel-and-stick backsplash.
Mainstays Subway Peel-and-Stick Tile
$12.84•Tool-free wall tile for simple decor updates.
Command Large Picture Hanging Strips
$6.53•Damage-free way to hang pictures.
Duck Brand Foam Weatherstripping
$5.58•Seals drafts quickly to improve comfort.
Best upgrades for beginners

1. Smart LED bulbs — easiest overall

They install like ordinary bulbs, with the remaining setup handled through an app. They add dimming, schedules, adjustable white light and, depending on the model, colors without replacing a light fixture. Walmart currently lists Philips Wi-Fi A19 bulbs at about $14.25 for two. 
Walmart.com

Difficulty: Very easy
Typical installation: 5–10 minutes
Watch for: Match the bulb base and confirm whether the bulb requires 2.4 GHz Wi-Fi.

2. Plug-in under-cabinet lighting

A plug-in light bar can brighten countertops, desks or shelving without touching household wiring. Many models attach using adhesive pads or a couple of small screws. Walmart’s GE Cync option combines a plug-in design with smart controls. 
Walmart.com

Difficulty: Very easy
Typical installation: 10–20 minutes
Watch for: Plan where the cord will run before attaching the light.

3. Replacement showerhead

Most standard showerheads simply unscrew from the shower arm. The replacement screws onto the same fitting, usually with thread-seal tape. Walmart specifically describes one Mainstays model as fitting standard shower arms, while another listing notes tool-free installation in minutes. 
Walmart.com
+1

Difficulty: Easy
Typical installation: 10–20 minutes
Watch for: Do not overtighten; check carefully for leaks afterward.

4. Cabinet knobs and pulls

Replacing hardware can modernize a kitchen or bathroom quickly. It is especially simple when the new pulls have the same center-to-center screw spacing as the old ones. Walmart carries common finishes such as matte black, brass, chrome and brushed nickel. 
Walmart.com
+1

Difficulty: Easy
Typical installation: 2–5 minutes per handle
Watch for: Measure the distance between existing screw holes before ordering.

5. Peel-and-stick backsplash

Self-adhesive backsplash tiles avoid mortar and grout and can be trimmed with basic cutting tools. They work best on smooth, clean and fully dry surfaces. Walmart offers both metallic-look RoomMates tiles and water-resistant Mainstays subway-style tiles. 
Walmart.com
+1

Difficulty: Easy to moderate
Typical installation: 1–3 hours
Watch for: Measure and dry-fit the layout first; uneven walls can make seams more noticeable.

6. Command strips, hooks and picture hangers

These make it easy to add framed art, mirrors, entryway hooks or small organizers without drilling. Walmart carries versions rated for different weights, including heavy-duty picture strips. 
Walmart.com
+1

Difficulty: Very easy
Typical installation: 5 minutes
Watch for: Follow the surface-cleaning and curing instructions, and stay below the stated weight limit.

7. Self-adhesive weatherstripping

Weatherstripping presses around door or window gaps and can help block drafts, dust and insects. Walmart’s Duck Brand foam and silicone options are self-adhesive and can be cut to length. 
Walmart.com
+1

Difficulty: Very easy
Typical installation: 15–30 minutes
Watch for: Choose the correct thickness so the door or window can still close properly.

Best starting order

For maximum improvement with minimum effort, start with smart bulbs, then add under-cabinet lighting, replace cabinet hardware, and finish with a new showerhead. Peel-and-stick backsplash creates a bigger visual transformation, but it requires more measuring and patience.

Prices and availability can vary by store and delivery location.

Sources used:

https://www.walmart.com/browse/electronics/smart-light-bulbs/3944_1229875_4592199_5787332_1609462

https://www.walmart.com/c/kp/plug-in-under-cabinet

https://www.walmart.com/browse/home-improvement/shower-heads/1072864_1406684_3247335_4830378_9581595

https://www.walmart.com/ip/Mainstays-Single-Setting-Shower-Head-in-Chrome-with-Rub-Clean-Nozzles/824912162

https://www.walmart.com/browse/home-improvement/cabinet-pulls/1072864_1071485_1230882_5268939_1230798

https://www.walmart.com/browse/home-improvement/cabinet-knobs/1072864_1071485_1230882_5268939_1230796

https://www.walmart.com/browse/home-improvement/backsplashes/1072864_1071485_1230875_1230881

https://www.walmart.com/browse/home-improvement/peel-and-stick-backsplashes/1072864_5379726_6878173_3530082_5473876

https://www.walmart.com/browse/home-improvement/command-strips/1072864_6397176_8070340_2551049

https://www.walmart.com/ip/Duck-Brand-Max-Strength-Silicone-25-Medium-Gap-Weatherstrip-Seal-White-2-Strips/1741267064

https://www.walmart.com/ip/Duck-Brand-Black-Foam-Weatherstrip-Seals-0-75-in-x-0-5-in-x-10-ft/560280599"
What are the top Walmart home upgrades worth making this year?,"The best Walmart home upgrades this year are the ones that improve daily comfort, energy use, security, or storage without requiring a major renovation. Current 2026 trends are leaning toward practical smart-home features, better lighting, concealed storage, and energy-conscious improvements rather than purely decorative changes. 
Forbes
+1

Google Nest Smart Thermostat
$129.98•Energy-efficient thermostat for smart home control.
Govee A19 Smart LED Bulbs, 2-Pack
$18.88•Affordable, color-changing smart LED bulbs.
Arlo 2K Video Doorbell
$49.99•High-quality video doorbell for enhanced security.
Waterpik 6-Mode Handheld Shower Head
$25.34•Easy-to-install shower head for quick bathroom upgrade.
Eclipse Corte Blackout Curtains
$15.00•Blackout curtains to improve privacy and sleep.
Waterpik PowerPulse ShowerCare
$49.92•Premium shower head with massage function.
Govee White Smart Bulbs, 2-Pack
$14.99•Simple, white smart bulbs for easy lighting control.
Mainstays 99% Blackout Curtain Panel
$13.44•Neutral blackout curtains for a sleek window upgrade.
Top upgrades to prioritize
1. Replace an old thermostat

A programmable or smart thermostat is the strongest practical upgrade for homes with compatible central heating and cooling. It lets you automate temperature changes, control the system remotely, and avoid conditioning an empty home.

The Google Nest Thermostat is the most balanced Walmart option, although you should verify HVAC wiring and compatibility before ordering. Walmart also carries simpler Honeywell programmable models for households that do not need app control. 
Walmart.com
+1

2. Upgrade frequently used lights

Start with living-room lamps, bedrooms, the entryway, and exterior fixtures. Smart LED bulbs offer scheduling, dimming, adjustable white tones, and remote control without changing the fixture.

The Govee A19 two-pack is a particularly good low-cost entry point. Reliable lighting is worth favoring over unknown bargain brands, since poor connectivity can quickly outweigh a small upfront saving. 
TechRadar
+1

3. Add a video doorbell

A video doorbell is one of the most noticeable security improvements because it covers visitors, deliveries, and activity around the main entrance.

The Arlo 2K Video Doorbell provides sharper video and wired-or-battery installation. Check which alerts, recording history, or detection features require a paid subscription before choosing a security ecosystem.

4. Install blackout or thermal curtains

Blackout curtains improve sleep, reduce glare, make rooms feel more finished, and may reduce unwanted heat transfer around windows. At Walmart, this is one of the cheapest whole-room upgrades.

Choose panels that are wide enough to cover approximately the full window plus additional overlap. The inexpensive Eclipse and Mainstays options are best for bedrooms, media rooms, and drafty windows.

5. Replace the shower head

A handheld or multi-spray shower head can make an older bathroom feel substantially better for roughly $25–$50. The Waterpik PowerSpray+ is the value choice; the PowerPulse ShowerCare is the stronger comfort upgrade.

Installation is usually straightforward, but use plumber’s tape when appropriate and check for leaks after fitting it.

6. Improve task lighting

Add plug-in or rechargeable lighting under kitchen cabinets, inside closets, above a workbench, or near a desk. This often makes a home feel more functional than replacing decorative fixtures.

Prioritize:

Motion sensing for closets and pantries

Warm or adjustable-white light for kitchens

Plug-in models for frequently used areas

Rechargeable models where wiring would be inconvenient

7. Upgrade closed storage

In 2026, storage that hides visual clutter is generally a better investment than adding more open shelving. Cabinets, drawer units, over-toilet storage, entry benches, and cube organizers with bins make rooms look calmer while increasing usable capacity. Closed cabinetry and more intentional storage are prominent current renovation themes. 
Southern Living
+1

8. Seal drafts before buying decorative items

Weather stripping, door sweeps, outlet gaskets, and window-sealing kits are inexpensive but worthwhile, especially in older homes. They are not visually exciting, but they can improve comfort immediately and complement a thermostat or blackout-curtain upgrade.

Best order for most homes

Begin with draft sealing and lighting, followed by blackout curtains and the shower head. Add a video doorbell for security, and install a smart thermostat when the HVAC system is compatible. Storage should come next, based on the room causing the most daily frustration.

Prices, sellers, availability, and marketplace listings can change; products sold directly by Walmart are generally easier to evaluate for returns and warranty coverage than unfamiliar third-party listings.

Sources used:

https://www.walmart.com/c/best-sellers/home-improvement-programmable-thermostats

https://www.walmart.com/browse/home-improvement/thermostats/1072864_133032_1085409

https://www.forbes.com/sites/jamiegold/2025/12/09/2026-home-improvement-trends-top-6-takeaways-for-your-home/

https://www.southernliving.com/home-renovation-trends-2026-11858320

https://www.techradar.com/news/best-smart-lighting

https://www.realsimple.com/things-homeowners-regret-buying-according-to-interior-designer-july-2026-12013230

https://www.walmart.com/ip/Google-Nest-4th-Gen-GA02081-US-Programmable-Thermostat-Charcoal/231310631

https://www.walmart.com/ip/Govee-A19-E26-800LM-9W-RGBWW-Smart-LED-Bulb-2-Packs/3091655744

https://www.walmart.com/ip/Arlo-AVD4001100NAS-Smart-Wi-Fi-Battery-Operated-Wired-White-Video-Doorbell-2K-2nd-Generation-Camera/5199076425

https://www.walmart.com/ip/Waterpik-6-Mode-PowerSpray-Hand-Held-Shower-Head-White-1-8-GPM-EFN-651E/665844723

https://www.walmart.com/ip/Eclipse-Corte-White-Solid-Blackout-Grommet-Curtain-Panel-Pair-37-x-84/5000131381"
Which hidden-gem home products should I look for at Walmart?,"The best Walmart hidden gems tend to be small, practical upgrades that also look more expensive than they are. Current standouts include textured storage, versatile lighting, washable accents, and elevated basics from Better Homes & Gardens. 
Walmart.com
+2
Today
+2

Better Homes & Gardens Crossmill Shelf Floor Lamp
$77.94•Modern floor lamp with built-in storage for versatile lighting.
Better Homes & Gardens Chunky Knit Throw
$22.34•Chunky knit throw adds cozy, designer texture to any room.
Better Homes & Gardens Water Hyacinth Tank Basket
$18.97•Water hyacinth basket organizes bathroom essentials stylishly.
Better Homes & Gardens Hyacinth Boat Basket
$19.98•Hyacinth boat basket offers functional, decorative clutter control.
Better Homes & Gardens Gray Abstract Rug
$32.44•Abstract rug enhances entryway with contemporary style.
Better Homes & Gardens Cotton Table Runner
$18.38•Cotton table runner upgrades your table with simple elegance.
Better Homes & Gardens Woven Decorative Bowl
$12.47•Woven decorative bowl serves as a stylish catchall.
Better Homes & Gardens Botanical Chenille Throw
$18.69•Botanical chenille throw adds affordable pattern and warmth.
Hidden gems worth looking for

1. Shelf-style floor lamps
The Crossmill lamp combines ambient lighting with three small display shelves, making it especially useful beside a sofa, in a dark corner, or in a small apartment where furniture needs to multitask. It was listed around $78 when checked.

2. Better Homes & Gardens throws
The chunky cotton-blend throw is a particularly good value: it adds substantial texture to a plain sofa or bed and had more than 2,000 reviews with a 4.6-star rating. The botanical chenille version is another inexpensive way to introduce pattern without replacing larger furnishings.

3. Water-hyacinth organizers
These are among Walmart’s strongest under-the-radar home buys. The divided tank basket works for toilet paper, hand towels, pantry packets, mail, or remote controls, while the larger boat basket can conceal blankets and toys. They provide the warmth of natural woven storage without boutique-store pricing.

4. Small decorative catchalls
A low woven bowl can corral keys, sunglasses, chargers, coffee-table remotes, or countertop clutter. These minor organizational pieces often make a room look more finished because they replace several loose objects with one intentional arrangement.

5. Compact accent rugs
The Better Homes & Gardens gray abstract rug is stain- and fade-resistant and sized well for an entry, bedside, kitchen, or bathroom. A small rug is an inexpensive way to test a pattern before committing to a full-size version.

6. Textured table linens
The chunky cotton table runner adds softness to a bare dining table, console, or dresser and can make inexpensive furniture look more layered. Because it is neutral, it works beyond holidays and seasonal decorating.

7. Better Homes & Gardens lighting generally
Walmart’s home section currently includes surprisingly design-forward lamps and fixtures, including ribbed glass and mixed storage-lighting designs. Recent home roundups have also highlighted Walmart floor lamps that resemble considerably more expensive designer styles. 
Best Life

8. Cooling and cotton-rich bedding
The Better Homes & Gardens assortment is easy to overlook, but recent releases include percale sheets, cotton quilts, and lightweight summer bedding designed to feel crisp and breathable. These are worth checking before paying department-store prices for basic bedding. 
Better Homes & Gardens

Best shopping rule

Prioritize Walmart’s Better Homes & Gardens, Mainstays, My Texas House, and Beautiful collections, then check material, dimensions, seller, and review count. Walmart’s marketplace mixes first-party items with third-party listings, so “sold and shipped by Walmart” is usually the simplest choice for predictable fulfillment and returns. Prices and local availability can change. 
Walmart.com
+1

Sources used:

https://www.walmart.com/cp/decor/133012

https://www.walmart.com/shop/home/hidden-gems

https://www.today.com/shop/100-best-walmart-products-rcna227831

https://bestlifeonline.com/best-new-walmart-decor-finds-look-high-end/

https://www.homesandgardens.com/collection/gardens/outdoor-living/best-walmart-outdoor-decor

https://www.bhg.com/best-bhg-x-walmart-cooling-bedding-for-summer-12014880

https://www.walmart.com/ip/Better-Homes-Gardens-Crossmill-Shelf-Modern-Floor-Lamp/2164751880

https://www.walmart.com/ip/BHG-CHUNKY-KNIT-PAPYRUS-THROW/2444800133

https://www.walmart.com/ip/Better-Homes-Gardens-Woven-Water-Hyacinth-Tank-Basket-Natural/152051996

https://www.walmart.com/ip/Better-Homes-Gardens-Large-Natural-Water-Hyacinth-Boat-Basket/570062695

https://www.walmart.com/ip/Better-Homes-Gardens-31-5-x47-2-Gray-Abstract-Indoor-Area-Rug/432230439

https://www.walmart.com/ip/Better-Homes-Gardens-CHUNKY-WH-RNR-14-x-90-White-100-Cotton/5188211537

https://www.walmart.com/ip/Mainstays-Natural-Woven-Water-Hyacinth-Decorative-Bowl-with-Wooden-Handles/582537634

https://www.walmart.com/ip/WOVEN-CHENILLE-THROW/17946513729"
What are the best Walmart products for outdoor entertaining?,"The best Walmart outdoor-entertaining buys are the ones that solve the biggest hosting problems: seating, shade, lighting, food service, cold drinks, and atmosphere.

Mainstays Albany Lane 5-Piece Patio Dining Set
$98.00•Budget-friendly 5-piece patio dining set for outdoor meals.
Better Homes & Gardens 48-Foot String Lights
$39.97•String lights to enhance your outdoor ambiance.
Ktaxon 80-Quart Rolling Cooler Cart
$139.99•Rolling cooler cart with storage, ideal for drinks.
Blackstone 36-Inch Four-Burner Griddle
$297.00•Large 36-inch griddle for cooking big meals outside.
Summit Living 13-Foot Patio Umbrella
$218.00•Big 13-foot umbrella for ample shade.
Mainstays Cabana Outdoor Rug
$37.97•Outdoor rug to complete your patio decor.
Best overall picks

1. Mainstays Albany Lane 5-Piece Patio Dining Set — best starter setup
At about $98, this is a strong value for four chairs and a table. The chairs fold for storage, while the table includes an umbrella opening. It is especially practical for renters, small patios, and occasional hosts.

2. Better Homes & Gardens 48-Foot Shatterproof String Lights — best instant upgrade
String lights make a basic deck or yard feel like a finished entertaining space. This set has weather-suitable, shatterproof LED bulbs and enough length to cover a dining or conversation area.

3. Ktaxon 80-Quart Rolling Cooler Cart — best for self-serve drinks
A wheeled cooler keeps guests from repeatedly going inside. The built-in bottle opener, cap catcher, lower shelf, and raised serving height make it more useful than a standard portable cooler.

4. Blackstone 36-Inch Four-Burner Griddle — best for frequent hosts
This is the splurge pick, but it lets you cook burgers, breakfast, vegetables, tacos, and large batches while still facing your guests. The four cooking zones are useful when serving foods that need different temperatures. Walmart currently lists it around $297, although prices can change. 
Walmart.com

5. Summit Living Oversized Patio Umbrella — best for daytime gatherings
A large umbrella is more impactful than extra décor when the patio receives full sun. This 13-foot model covers considerably more space than a standard market umbrella and is suitable for a dining table or grouped seating.

6. Mainstays 5-by-7-Foot Cabana Outdoor Rug — best finishing touch
The striped pattern visually defines the entertaining zone and makes mismatched furniture feel intentional. Because it is polypropylene, it can be swept, vacuumed, or rinsed with a hose.

Also worth adding

A rolling outdoor bar cart creates a dedicated place for beverages, plates, napkins, and serving utensils; Walmart currently carries options from compact trolleys to weather-resistant carts with cabinets. 
Walmart.com
+1

For evening gatherings, consider a tabletop fire pit, solar lanterns, or a small propane fire table. Recent Walmart outdoor collections emphasize multifunctional pieces, weather-resistant furniture, hidden storage, lighting, and compact fire features. 
Homes and Gardens
+2
Southern Living
+2

Best $200-or-less combination: the Albany Lane dining set, outdoor string lights, cabana rug, and an inexpensive beverage tub. That combination creates a complete-looking hosting area without committing to a major patio renovation.

Sources used:

https://www.walmart.com/cp/patio-garden/5428

https://www.walmart.com/c/kp/patio-serving-carts

https://www.walmart.com/browse/patio-garden/outdoor-bar-carts/5428_91416_6896795_1074684

https://www.homesandgardens.com/collection/gardens/outdoor-living/best-walmart-outdoor-decor

https://www.southernliving.com/walmart-new-outdoor-furniture-releases-july-2026-12014420

https://www.housebeautiful.com/shopping/best-stores/a71886130/scandinavian-patio-walmart-picks/

https://www.walmart.com/ip/MS-ALBANY-5PC-BLK/6944863755

https://www.walmart.com/ip/Better-Homes-Gardens-48-Foot-24-Count-Shatterproof-Bulb-Outdoor-Commercial-String-Light-with-Black-Wire/1642151062

https://www.walmart.com/ip/Ktaxon-80-Qt-Rolling-Ice-Chest-Cooler-Cart-Outdoor-Trolley-with-Storage-Shelf-Bottle-Opener-Cap-Collector-for-48-Hour-Cold-Drinks-Lemon-Yellow/16367309527

https://www.walmart.com/ip/Blackstone-Original-4-Burner-36-Propane-Omnivore-Griddle-with-Hard-Cover/1347629739

https://www.walmart.com/ip/Summit-Living-13-ft-Large-Patio-Umbrella-Double-Sided-Outdoor-Market-Umbrella-Beige/198330289

https://www.walmart.com/ip/MS5X7B-WCABANARUG/16474658687"
Which patio upgrades from Walmart are best for creating a comfortable seating area?,"The best Walmart patio upgrades create a comfortable base first, then add shade, surfaces, and softer finishing touches. Current prices and availability can vary by location.

Best upgrades to prioritize

1. A cushioned conversation set
For a new seating area, choose a loveseat-and-chair set or compact sectional with deep cushions and a coffee table. A four-piece wicker set such as the Leumius conversation set is a strong value option at about $190, while Walmart’s Better Homes & Gardens and Mainstays collections offer more established, higher-review-count choices. 
Walmart.com

2. Better replacement cushions
This is usually the biggest comfort improvement for existing furniture. Look for cushions roughly 4–6 inches thick, with removable or water-repellent covers. The Better Homes & Gardens 24-inch deep-seat cushion has supportive foam, water-and-stain treatment, and strong customer ratings. The Mainstays deep-seat set is a more affordable alternative. Measure the seat before ordering.

3. An ottoman or movable footrest
An ottoman makes upright chairs feel more like lounge furniture and can double as an extra seat. For flexibility, select a modular conversation set that includes movable ottomans rather than buying a fixed sectional.

4. A coffee table plus small side tables
Every seat should have a reachable spot for a drink. Use a central coffee table for serving and narrow side tables between chairs. Tempered-glass tops are easy to clean, but storage tables are more useful for hiding covers, pillows, and small accessories.

5. A patio umbrella or shade canopy
Shade has an outsized effect on comfort. For a conversation area, a cantilever umbrella usually provides better coverage without putting a pole through the middle of the furniture. Confirm the canopy is large enough to shade the entire seating arrangement during peak afternoon sun.

6. An outdoor rug
A rug visually anchors separate chairs into one intentional seating zone. Choose polypropylene or another quick-drying outdoor material, and size it so at least the front legs of every seat rest on the rug.

7. Outdoor pillows and lumbar support
Add one lumbar pillow per chair rather than filling the furniture with decorative cushions. Removable, washable covers and fade-resistant fabric matter more outdoors than elaborate patterns.

8. A deck box
A weather-resistant deck box helps cushions last longer by keeping them away from overnight moisture, pollen, and prolonged sun. It can also work as a serving surface when closed.

9. Warm ambient lighting
Finish the area with outdoor-rated string lights, solar lanterns, or rechargeable table lamps. Several smaller light sources create a more inviting atmosphere than one bright floodlight.

Leumius Four-Piece Conversation Set
$189.99•All-weather set perfect for outdoor gatherings.
Better Homes & Gardens Deep-Seat Cushion
$40.70•Upgrades deep-seats with plush comfort.
Mainstays Cabana Deep-Seat Cushion
$34.98•Affordable cushions for deep-seats.
Better Homes & Gardens Dining Cushion
$24.88•Comfortable dining chair cushions for outdoor dining.
Jordan Three-Piece Wicker Cushion Set
$89.99•Colorful, coordinated outdoor cushion set.
Jordan Olefin Seat Cushions
$56.35•Fade-resistant outdoor seat cushions for durability.
Mainstays High-Back Chair Cushion
$24.98•High-back cushions ideal for outdoor chairs.
Arden Outdoor Seat Pad
$19.99•Water-repellent seat pad for bistro-style seating.
Jordan Green Wicker Cushions
$54.37•Vibrant green cushions to brighten outdoor spaces.
Greendale Tufted Seat Cushion
$42.96•Plush, tufted cushions for outdoor dining comfort.
A practical buying order

Start with comfortable seating and thick cushions, then add shade and a table. After that, use an outdoor rug, lighting, pillows, and storage to make the area feel finished. For a smaller patio, two cushioned chairs, one shared table, a 5-by-7-foot rug, and an umbrella are usually more functional than an oversized sectional.

Sources

https://www.walmart.com/browse/patio-garden/5428_91416_1609170

https://www.walmart.com/cp/patio-furniture/91416

https://www.walmart.com/browse/patio-garden/patio-sets/5428_91416_3013177

https://www.walmart.com/ip/4-Piece-Outdoor-Patio-Conversation-Set-All-weather-Wicker-Conversation-Set-w-Cushions-Light-Gray/19658500730

https://www.walmart.com/ip/Better-Homes-Gardens-Blue-Medallion-Outdoor-24-x-24-2-Piece-Deep-Seat-Cushion-Set/2080960662

https://www.walmart.com/ip/ReplacementCushions/17135022101

https://www.walmart.com/ip/BHG-GREY-UNIV-CSHN/6914208488

https://www.walmart.com/ip/Jordan-Manufacturing-3-Piece-Sanders-Puff-Blue-and-Green-Stripe-Tufted-Outdoor-Cushion-Set-with-1-Wicker-Bench-Cushion-and-2-Wicker-Seat-Cushions/5488916538

https://www.walmart.com/ip/Jordan-Manufacturing-19-x-19-Canvas-Black-Solid-Square-Tufted-Outdoor-Wicker-Seat-Cushion-with-Rounded-Back-Corners-2-Pack/5290129234

https://www.walmart.com/ip/Mainstays-37-L-x-19-5-W-Modern-Multi-Stripe-1-Piece-Rectangle-Outdoor-Chair-Cushion/7015511780

https://www.walmart.com/ip/Arden-Selections-Basics-Outdoor-Seat-Pad-Cushion-17-x-17-Water-Repellent-and-Fade-Resistant-Luna-Geometric/7325819730

https://www.walmart.com/ip/Jordan-Manufacturing-18-x-18-Green-Solid-Tufted-Contoured-Outdoor-Wicker-Seat-Cushion-Set-of-2/1809889448

https://www.walmart.com/ip/Greendale-Home-Fashions-20-x-20-Seaglass-Outdoor-Tufted-Dining-Seat-Cushion/5265483884"
What are the best Walmart products for preparing a backyard for summer?,"The best summer-ready backyard purchases solve four things first: shade, seating, evening lighting, and weather protection. Walmart’s prices and availability vary by location, but these stood out in the current listings.

Mainstays Albany Lane 6-Piece Patio Dining Set
$117.00•Complete patio dining setup for outdoor meals.
Mainstays 9ft Cabana Stripe Patio Umbrella
$68.00•Shade and UV protection with stylish stripe design.
Mainstays 5ft Square Patio Umbrella
$19.94•Compact umbrella ideal for small patios or balconies.
SPECSTAR 11x11 Pop-Up Gazebo with Mosquito Netting
$139.99•Portable gazebo with mosquito net for bug-free shade.
Better Homes & Gardens Shatterproof Edison String Lights
$29.97•Durable string lights for festive outdoor ambiance.
Better Homes & Gardens 48ft Commercial String Lights
$39.97•Wide-area string lights for expansive patio lighting.
Better Homes & Gardens 34ft Solar String Lights
$39.97•Solar-powered string lights, no outlet needed.
Mainstays Solar Mini String Lights
$9.97•Affordable mini string lights for cozy outdoor decor.
Mainstays Rattan Outdoor String Lights
$15.88•Decorative rattan string lights for ambiance.
Villacera 9ft Solar-Lighted Patio Umbrella
$61.72•Solar-lit umbrella with integrated LED for evening use.
Best purchases by priority

1. Mainstays Albany Lane 6-Piece Patio Dining Set — about $117
The strongest value for an empty patio: four folding chairs, a glass-top table, and an umbrella in one package. It has more than 10,000 reviews and works well for dining, games, or casual entertaining.

2. Mainstays 9-Foot Cabana Stripe Umbrella — about $68
A practical upgrade when you already own a table and chairs. The crank lift and three-position tilt make it easier to keep the seating area shaded as the sun moves.

3. SPECSTAR Pop-Up Gazebo with Mosquito Netting — about $140
Best for frequent entertaining or particularly buggy yards. It provides a larger covered area than an umbrella, while the mesh walls help keep insects away from food and guests.

4. Better Homes & Gardens Shatterproof Edison Lights — about $30
A polished choice for illuminating a dining or conversation area. The commercial-grade strand uses shatterproof bulbs and carries an IP65 weather-resistance rating.

5. Better Homes & Gardens 34-Foot Solar String Lights — about $40
Useful for fences, pergolas, sheds, and distant seating areas where an outlet is unavailable. Solar power also eliminates the need to run an extension cord across the yard.

6. Mainstays Solar Mini Lights — about $10
The easiest low-cost improvement. Wrap them around railings, shrubs, small trees, or an umbrella pole to add ambient lighting without wiring.

Round out the setup

After covering shade and seating, add:

A weather-resistant deck box for cushions, toys, grilling tools, and outdoor tableware.

A high-velocity outdoor-rated fan for a covered porch or gazebo.

A hose nozzle or oscillating sprinkler for lawn maintenance and cooling activities.

A mosquito-repellent device or outdoor fan near the seating area; also remove standing water before relying on repellents.

Washable outdoor cushions or an outdoor rug to make hard furniture more comfortable.

A rolling cooler or beverage tub for entertaining without repeated trips indoors.

For most yards, the best-value combination is the Albany Lane dining set, one durable strand of Edison lights, solar lights along the perimeter, and a deck box. Add the screened gazebo instead of an umbrella when insects or limited covered space are the main problems. Walmart currently groups these items within its summer-ready Patio & Garden assortment. 
Walmart.com
+1

Prices shown were listed online on July 14, 2026 and can change by color, seller, delivery address, and store.

Sources

https://www.walmart.com/cp/patio-garden/5428

https://www.walmart.com/shop/deals/outdoor-living-essentials

https://www.walmart.com/ip/Mainstays-Albany-Lane-6-Piece-Outdoor-Patio-Dining-Set-Tan/47423101

https://www.walmart.com/ip/MS-9FT-TAN-CABANA/17192315711

https://www.walmart.com/ip/MS-5FT-BLACK-SQ-UMB/7009558002

https://www.walmart.com/ip/SPECSTAR-Pop-Up-Gazebo-11x11ft-Outdoor-Canopy-Tent-with-Mosquito-Netting-2-Tiers-Roof-and-Center-Lock-for-Patio-Garden-Backyard-Beige/20239072090

https://www.walmart.com/ip/BHG-12CT-EDISON-STRI/7199909991

https://www.walmart.com/ip/Better-Homes-Gardens-48-Foot-24-Count-Shatterproof-Bulb-Outdoor-Commercial-String-Light-with-Black-Wire/1642151062

https://www.walmart.com/ip/Better-Home-Gardens-Solar-String-Lights/752039410

https://www.walmart.com/ip/Mainstays-50-Count-Solar-Powered-Warm-White-LED-Mini-Outdoor-String-Lights/1863726417

https://www.walmart.com/ip/MS-10CT-RATTAN-STRIN/16892864304

https://www.walmart.com/ip/Villacera-9-LED-Lighted-Outdoor-Solar-Powered-Patio-Umbrella-with-8-Steel-Ribs-Forest-Green/148770832"
Which home improvement items at Walmart are useful during winter?,"The most useful winter home-improvement buys at Walmart fall into three groups: preventing heat loss, protecting plumbing, and handling snow or ice.

Best items to prioritize

Weatherstripping and door sweeps
Seal gaps around exterior doors and windows to reduce cold drafts. Adhesive foam tape works for irregular gaps; silicone door sweeps are better beneath doors. Walmart carries both inexpensive rolls and ready-made draft stoppers. 
Walmart.com
+1

Window-insulation film kits
Clear shrink film adds a temporary insulating layer to older or drafty windows. It is especially useful for rentals because it can be removed in spring.

Foam pipe insulation
Install it around exposed pipes in basements, crawl spaces, garages, and exterior walls. Duck Brand’s self-sealing foam covers are inexpensive, well reviewed, and available for common pipe diameters.

Thermostatic pipe-heating cable
For pipes in areas that routinely approach freezing, a properly rated heating cable provides more protection than foam alone. Match the cable to the pipe material and length, and follow the manufacturer’s installation instructions carefully.

Snow shovel or snow pusher
A lightweight poly shovel is suitable for decks and light snow; a wide pusher is faster for driveways. An ergonomic handle is worthwhile if you regularly clear a large area.

Ice melt and a handheld spreader
Keep entry steps and walkways safer. Check whether the formula is suitable for your concrete, pets, and surrounding plants before using it.

Telescoping roof rake
Worth considering in heavy-snow regions, particularly for low roof edges and recurring buildup. Choose one with wheels or a non-scratch head and use it while standing on the ground—not from a ladder. 
Walmart.com
+1

Portable space heater with safety shutoffs
Useful for a frequently occupied cold room, but it should supplement—not replace—central heating. Prioritize tip-over protection, overheat shutoff, a thermostat, and direct wall-outlet use.

Humidifier and digital hygrometer
Heated winter air can feel uncomfortably dry. A hygrometer prevents guesswork, while an easy-to-clean humidifier adds moisture where needed. Walmart sells separate units and combined heater-humidifier products. 
Walmart.com
+1

Outdoor faucet covers and furnace filters
Insulated faucet covers protect exposed hose bibs, while keeping spare correctly sized HVAC filters on hand helps maintain airflow during heavy heating use.

Duck Brand 1-Inch Foam Pipe Cover
$7.97•Ideal for 1-inch pipes, provides insulation and protection.
Duck Brand 0.75-Inch Foam Pipe Cover
$7.47•Suitable for common household pipes, easy to install.
Duck Brand 0.5-Inch Foam Pipe Cover
$8.35•Budget-friendly insulation for 0.5-inch pipes, effective and affordable.
Easy Heat 30-Foot Pipe Heating Cable
$49.99•Long-lasting pipe heating cable for exposed runs, keeps pipes warm.
HEATIT 15-Foot Thermostatic Heating Cable
$41.99•Thermostatic heating cable for 15-foot pipes, automatic temperature control.
Netuera 18-Foot Self-Regulating Heat Tape
$19.55•Self-regulating heat tape for 18-foot pipes, energy-efficient and versatile.
EasyHeat 6-Foot Heating Cable Multipack
$49.68•Highly rated 6-foot heating cable, easy to install for pipe protection.
24-Foot Self-Regulating Heating Cable
$38.75•Self-regulating 24-foot cable, ideal for roof and gutter de-icing.

Best starting combination for most homes: weatherstripping, a door sweep, pipe insulation, a snow shovel, ice melt, and spare furnace filters. Add heating cable or a roof rake only when your home has a specific freezing or snow-load risk.

Sources used:

https://www.walmart.com/browse/home-improvement/window-weatherstripping/1072864_1230778_1230783_8138526

https://www.walmart.com/browse/home-improvement/door-weatherstripping/1072864_7103650_1230916_3185135

https://www.walmart.com/browse/patio-garden/snow-rakes/5428_1102182_8710825_9683905

https://www.walmart.com/c/kp/snow-rakes-for-rooftop

https://www.walmart.com/c/kp/humidifier-heater

https://www.walmart.com/c/kp/heater-humidifier

https://www.walmart.com/ip/Duck-Brand-12-ft-Long-Foam-Pipe-Cover-Fits-1-in-Pipes-Black/2813837869

https://www.walmart.com/ip/Duck-Brand-12-ft-Long-Foam-Pipe-Cover-Fits-5-in-Pipes-Black/1684276634

https://www.walmart.com/ip/Duck-Brand-12-ft-Long-Foam-Pipe-Cover-Fits-75-in-Pipes-Black/2200052135

https://www.walmart.com/ip/Easy-Heat-AHB-130-Cold-Weather-Valve-and-Pipe-Heating-Cable-30-Feet/1642863207

https://www.walmart.com/ip/HEATIT-HISD-15-feet-Pipe-Heating-Cable-with-Built-in-Thermostat/243766693

https://www.walmart.com/ip/18-Feet-Heat-Tape-8-Watts-Per-Foot-Heating-Cable-Suitable-Roof-Snow-Melting-De-icing-Drainage-Ditch-Metal-Plastic-Home-Pipes-Freeze-Protection-120V-6/2300620070"
What are the best Walmart upgrades for maximizing space in a small home?,"The best small-home upgrades do one of three things: use vertical space, add hidden storage, or make one piece of furniture perform multiple jobs. Walmart currently has dedicated small-space furniture and organization sections covering these categories. 
Walmart.com
+1

Mainstays 3-Shelf Over-the-Toilet Unit
$29.97•Space-saving over-toilet unit offers great value.
Mainstays Over-the-Toilet Storage Cabinet
$49.97•Conceals clutter with a sleek over-toilet cabinet.
Mainstays Slim Bathroom Storage Tower
$49.88•Narrow storage tower fits tight bathroom spaces.
Mainstays 4-Piece Bathroom Storage Set
$45.88•Complete 4-piece set for organized bathroom storage.
Organize It All Bamboo Space Saver
$86.16•Polished bamboo shelf adds style and function.
Organize It All Steel Space Saver
$26.23•Budget-friendly steel shelf for vertical storage.
Home Zone Living Over-the-Toilet Organizer
$26.99•Rental-friendly over-toilet organizer for easy setup.
Mainstays Electric Standing Desk
$149.00•Electric desk provides flexible, adjustable workspace.
Best upgrades by priority
1. Over-the-toilet shelving

This is one of the highest-impact upgrades because it converts otherwise unused wall space into storage for towels, paper products and toiletries. The Mainstays three-shelf steel unit is especially practical at roughly 23 inches wide and under 10 inches deep; the current listing shows a $29.97 price and more than 3,800 reviews.

Choose an open metal rack for the lowest price and smallest visual footprint. Choose a cabinet-style unit when you want to hide mismatched bottles and cleaning supplies.

2. Under-bed storage boxes

Use shallow, lidded bins for spare linens, seasonal clothes and shoes. Clear or translucent rigid boxes are preferable to bulky fabric bags because you can identify their contents and stack them more reliably. A recent Walmart storage roundup specifically highlighted Sterilite 28-quart boxes for under-bed storage. 
People.com

Measure the clearance beneath the bed before ordering, including any center supports.

3. Over-the-door organizers

An over-the-door organizer can replace a shoe rack, bathroom shelf or cleaning-supply cabinet without consuming floor space. Walmart’s current small-space recommendations include multi-pocket shoe organizers and hanging closet shelving as useful vertical-storage options. 
People.com

Use one on:

A bedroom door for shoes and accessories

A pantry door for snacks and wraps

A utility door for cleaners and tools

A bathroom door for hair products

4. A storage ottoman

A hinged ottoman can act as seating, a footrest, an occasional table and concealed storage. It is particularly useful for blankets, games, exercise accessories or children’s items. Better Homes & Gardens’ hinged storage ottoman is among the multifunctional pieces recently highlighted for compact homes. 
Better Homes & Gardens

For maximum flexibility, choose a firm, flat-topped model that can support a tray.

5. Slim rolling carts

A narrow three-tier cart fits into gaps beside a refrigerator, washer, vanity or desk. Unlike permanent shelving, it can be moved to wherever storage is needed and pulled out completely for access.

Before buying, measure the narrowest point in the gap—not just the opening—and allow space for handles, baseboards and appliance doors.

6. Hanging closet shelves and a second closet rod

These provide more usable capacity than simply adding additional hangers. Use the upper rod for shirts and jackets, the lower rod for pants, and hanging shelves for sweaters, bags or linens. Recent Walmart recommendations specifically feature six-shelf hanging organizers as space-saving closet upgrades. 
People.com

Avoid filling every shelf with opaque fabric cubes; organizers note that flimsy, nontransparent cubes can reduce usable shelf capacity and make items harder to find. 
Good Housekeeping

7. Floating corner shelves

Corners frequently remain empty because conventional bookcases are too deep. A narrow floating corner shelf gives you space for books, plants, toiletries or charging stations while keeping the floor visible. Floating furniture can also make a compact room appear more open because the eye can see the floor beneath it. 
Livingetc

Mount shelves into studs or use anchors rated for both the shelf and its expected contents.

8. Foldable or wall-mounted desks

For occasional remote work, a folding desk is usually more space-efficient than a full-time workstation. Recent Walmart small-space selections include a foldable storage desk with integrated charging, allowing the work surface to serve additional functions. 
Better Homes & Gardens

A conventional standing desk is better when you work from home daily, but it will require a permanent footprint.

9. Nesting tables

Nesting tables give you two or three surfaces when guests visit but occupy approximately one table’s footprint when stored. They are more adaptable than a large coffee table and can function as side tables, laptop stands or temporary nightstands.

10. A convertible sofa or daybed

In a studio or one-bedroom home, a sleeper sofa can eliminate the need for a dedicated guest bed. A recent Walmart roundup highlighted a three-in-one convertible sleeper sofa specifically for combining seating and sleeping in small spaces. 
Better Homes & Gardens

Check the product’s open dimensions, not merely its sofa dimensions, and verify that doors and walkways will remain usable.

Best purchase order

Start with an over-the-door organizer, under-bed boxes and an over-the-toilet shelf. These usually create the most storage with the least expense or disruption. Next, add a storage ottoman or rolling cart. Replace major furniture with foldable, nesting or convertible pieces only when the existing furniture is no longer working.

Prices and availability can vary by location and seller, so verify the current Walmart listing before purchasing.

Sources used:

https://www.walmart.com/browse/furniture/small-space-furniture/4044_103150_1225290

https://www.walmart.com/browse/home/small-space-storage-organization/4044_1879527_9330810_6202759

https://www.walmart.com/browse/home/over-the-toilet-storage/4044_539095_4632169_4792254

https://www.walmart.com/ip/Mainstays-Over-the-Toilet-Steel-3-Shelf-Storage-Shelf-Unit-Matte-Black-Finish-for-Adults/325144070

https://www.walmart.com/ip/White-Bathroom-Space-Saver-with-3-Fixed-Shelves-Mainstays-over-the-Toilet-Storage/974854757

https://www.walmart.com/ip/MS-WOOD-TOWER/14073519363

https://www.walmart.com/ip/Mainstays-4-Piece-Over-the-Toilet-Bathroom-Storage-Shelf-Unit-Set-Satin-Nickel/17089665501

https://www.walmart.com/ip/Organize-It-All-3-Shelf-over-the-Toilet-Bamboo-Space-Saver-Cabinet-in-White/50049233

https://www.walmart.com/ip/Organize-It-All-3-Shelf-Duplex-Line-Steel-Tube-over-the-Toilet-Space-Saver-Storage-Shelf-Unit/138192737

https://www.walmart.com/ip/Home-Zone-Living-3-Tier-Over-The-Toilet-Bathroom-Storage-Rack-White/12350324509

https://www.walmart.com/ip/Mainstays-Electric-Standing-Desk/5201153319

https://www.bhg.com/space-saving-furniture-walmart-may-2026-11983868

https://people.com/storage-solutions-walmart-may-2026-11981960

https://www.goodhousekeeping.com/home/organizing/a71882742/storage-items-organizers-dont-recommend/

https://www.livingetc.com/shopping/floating-furniture"
Which multifunctional furniture and storage products are worth buying at Walmart?,"Better Homes & Gardens Lift-Top Coffee Table
$103.00•Stylish farmhouse style with lift-top for versatile use.
Mainstays Lift-Top Coffee Table
$117.00•Affordable lift-top table with built-in storage shelf.
Mainstays Large Storage Ottoman
$42.64•Large, budget-friendly ottoman with hidden storage.
Simpli Home Avalon Storage Ottoman
$319.00•Elegant storage ottoman ideal for entertaining spaces.
Mainstays Coffee Table with Drawers
$128.00•Coffee table with easy-access drawers for convenience.
DEXTRUS Coffee Table and Rolling Ottoman
$191.99•Multi-function table with rolling Ottoman for flexibility.
Alden Design Lift-Top Coffee Table
$109.99•Wide sofa-friendly lift-top with dual storage compartments.
Gianna Lift-Top Coffee Table
$94.50•Compact square design with large hidden storage.

The most worthwhile multifunctional Walmart purchases are pieces that replace at least two separate items and provide easy-to-access storage, rather than merely adding shelves.

Best choices

1. Better Homes & Gardens lift-top coffee table — best overall
The top raises into a laptop or dining surface, while the concealed compartment and lower shelf handle remotes, games and blankets. At roughly $103 with more than 1,600 ratings when checked, it offers a strong balance of price, function and review history.

2. Mainstays lift-top coffee table — best simple option
A good choice for a small living room that doubles as a work area. It combines a raised work surface, hidden storage and a bottom shelf without an overly complicated design. It was listed at $117 and carried a 4.5-star rating from over 460 reviews.

3. Mainstays large cube storage ottoman — best under $50
This works as a footrest, occasional seat, side table with a tray and concealed storage. The 20-inch cube is compact enough for apartments and was priced around $43.

4. Storage ottoman with reversible trays — best for entertaining
The Simpli Home Avalon functions as seating, a coffee table, serving trays and blanket storage. It costs considerably more, but it can replace several living-room pieces and has a strong 4.7-star rating.

5. Coffee table with drawers — best for everyday clutter
Drawers are often more practical than a deep lift-top compartment for chargers, controllers and paperwork. The Mainstays model has two full-extension drawers and is finished on every side, allowing flexible placement.

6. Coffee table-and-ottoman combination — best maximum-function piece
The DEXTRUS model combines a lift-top desk or dining surface with hidden storage and a separate rolling storage ottoman. It is especially useful in a studio, although its limited review count makes it a less proven purchase.

Other product types worth considering

A rolling kitchen island is one of the highest-impact purchases for a small kitchen because it adds countertop space, drawers or shelves and a mobile serving station. Drop-leaf versions are preferable when floor space is tight. Walmart currently carries carts ranging from slim utility models to larger islands with drawers, towel bars and locking wheels. 
Walmart.com
+1

An entryway bench with shoe cubbies combines seating and closed-loop organization: shoes come off, go directly into storage and do not migrate across the room. Look for adjustable cubbies and a removable cushion rather than a purely decorative bench. 
Walmart.com

A daybed with drawers or a trundle is worthwhile in a home office or guest room. It can serve as a sofa during the day, a guest bed at night and either storage or a second sleeping space underneath. Check mattress-height requirements carefully before ordering. 
Walmart.com
+1

What I would skip

Avoid very inexpensive lift-top tables with no established reviews, oversized ottomans that leave too little walking space, and storage benches without stated weight limits. Marketplace furniture can also vary significantly in return terms, assembly quality and replacement-part availability.

Prices and stock vary by finish, seller and delivery location.

Sources used:

https://www.walmart.com/ip/Better-Homes-Gardens-Modern-Farmhouse-Rectangle-Lift-Top-Coffee-Table-Rustic-Gray-Finish/55680860

https://www.walmart.com/ip/Mainstays-Lift-Top-Coffee-Table-with-Storage-Shelf-Blackwood/2294455888

https://www.walmart.com/ip/Mainstays-Large-Cube-Storage-Ottoman-Cream/5401958672

https://www.walmart.com/ip/Simpli-Home-Avalon-Coffee-Table-Storage-Ottoman-with-4-Serving-Trays/56245178

https://www.walmart.com/ip/STORAGE-COFFEE-TABLE/18983450989

https://www.walmart.com/ip/DEXTRUS-Lift-Top-Coffee-Table-with-Ottoman-Bench-on-Wheels-Farmhouse-Storage-Center-Table-Brown/18320652651

https://www.walmart.com/ip/Alden-Design-47-5-Lift-Top-Coffee-Table-with-2-Storage-Compartments-Rustic-Gray/983368676

https://www.walmart.com/ip/Gianna-Lift-Top-Coffee-Table-with-Large-Hidden-Storage-Adjustable-Shelves-White-new/20014518536

https://www.walmart.com/browse/home/kitchen-islands-carts/4044_103150_4037_132192

https://www.walmart.com/browse/home/kitchen-carts/4044_103150_4037_3753153

https://www.walmart.com/c/kp/cube-organizer-bench

https://www.walmart.com/browse/home/daybeds/4044_103150_102547_5907928

https://www.walmart.com/ip/Twin-Size-Daybed-with-Two-Drawers-Multi-Functional-Furniture/17853205424"
What Walmart home upgrades are best for families with children?,"The best Walmart home upgrades for families with children are the ones that improve safety first, then reduce clutter and make everyday messes easier to manage.

Hangman All-Steel Furniture Anti-Tip Kit
$4.98•Secure furniture with anti-tip kit for stability.
Safety 1st TV & Furniture Safety Straps
$9.98•Secure TVs and furniture with straps for safety.
Safety 1st 46-Piece Safety Essentials Set
$10.94•Childproof your home with a comprehensive safety set.
Safety 1st Power Strip Cover
$17.99•Hides plugs and cords to prevent accidents.
Regalo Extra-Wide Stairway Safety Gate
$39.96•Stairway safety gate ideal for stairs and hallways.
Regalo Retractable Baby Safety Gate
$29.99•Space-saving retractable gate for wider openings.
Regalo Outlet Covers
$9.99•Easy outlet upgrade with protective covers.
Toddleroo Baby-Gate Wall Guards
$11.49•Protect walls with wall guards for safety.
Momcozy Retractable Baby Gate
$30.20•Wide doorway baby gate for larger spaces.
Regalo Deluxe Super-Wide Safety Gate
$69.99•Adjustable safety gate for wide doorways.
Highest-priority upgrades

1. Furniture and TV anchors
Anchor dressers, shelving units, bookcases and televisions to wall studs. This is the most important upgrade in rooms where children play or sleep. The Hangman steel kit is inexpensive and rated to hold substantially more weight than basic nylon straps; Safety 1st straps are better suited to televisions and flexible installations.

2. Properly installed safety gates
Use a hardware-mounted gate at the top of stairs rather than relying on a pressure-mounted model. Retractable gates are useful across kitchens and low-risk doorways because they disappear when not needed, while extra-wide metal gates work better for stairs, hallways and open-plan rooms.

3. Cabinet, drawer and outlet protection
A multipiece childproofing kit is a cost-effective starting point for kitchens, bathrooms and living rooms. Add full outlet or power-strip covers anywhere plugs remain connected; small plug inserts alone do not protect exposed cords or power-strip switches.

Best upgrades for everyday family life

4. Low, labeled storage
Cube organizers with fabric bins make it easier for children to put away toys, books and craft supplies independently. Place frequently used items in the bottom cubes and anchor the organizer to the wall. Walmart’s Better Homes & Gardens eight-cube unit has eight large compartments, but its safe use in a family home still depends on secure anchoring. 
Walmart.com

5. Cordless window coverings
Replace older blinds with dangling pull cords, especially in bedrooms and playrooms. Walmart currently carries inexpensive Mainstays cordless vinyl blinds as well as sturdier faux-wood versions. Measure every window individually before ordering. 
Walmart.com

6. Washable and wipe-clean surfaces
For playrooms and dining areas, prioritize machine-washable rugs, washable slipcovers, wipe-clean table mats and closed bins. These are often more useful than decorative upgrades because they reduce the time and cost of dealing with spills, crumbs and art supplies.

7. Motion-activated night lighting
Small plug-in or rechargeable night-lights can make hallways, bathrooms and stairs easier to navigate without leaving bright overhead lights on. Choose warm, low-output models and keep cords completely out of reach.

Buying priorities by age

For babies and toddlers, start with anchors, stair gates, outlet protection, cabinet locks and cordless blinds. For preschool and elementary-age children, focus more on anchored storage, washable rugs, entryway organization and accessible hooks or cubbies. In every age group, check Walmart’s recall information and the Consumer Product Safety Commission database before buying used or clearance furniture; a Mainstays nine-drawer fabric dresser was recalled in June 2026 because of a child tip-over and entrapment hazard. 
New York Post

Sources

https://www.walmart.com/ip/Hangman-All-Steel-Furniture-Anti-Tip-Kit-1-Kit-Includng-Hardware-Holds-400-lbs/1907696663

https://www.walmart.com/ip/Safety-1-TV-Furniture-Safety-Straps-Black/601267732

https://www.walmart.com/ip/Safety-1-D-cor-Safety-Essentials-Set-46pc-Grey/408137430

https://www.walmart.com/ip/Safety-1-Power-Strip-Cover-White/23528826

https://www.walmart.com/ip/Regalo-Extra-Wide-2-in-1-Stairway-and-Hallway-Baby-Safety-Gate-with-Mounting-Kit-Age-Group-6-to-24-Months/104319308

https://www.walmart.com/ip/Regalo-Retractable-Baby-Gate-Expands-up-to-50-Wide-Includes-Wall-Mounts/232033534

https://www.walmart.com/ip/Better-Homes-Gardens-8-Cube-Storage-Organizer-White-Texture/1779339803

https://www.walmart.com/browse/home/cordless-blinds/4044_133012_4449369_6138085_7152426

https://nypost.com/2026/06/03/lifestyle/walmart-recalls-165k-childrens-dressers-over-serious-injury-or-death-risk/"
Which easy-to-clean home products at Walmart are best for pet owners?,"The best easy-to-clean Walmart buys for pet owners prioritize machine-washable fabrics, waterproof barriers, smooth wipeable surfaces, and removable parts.

Best overall picks

BISSELL Little Green Portable Carpet Cleaner — Best for accidents
A strong all-around choice for spot-cleaning rugs, sofas, stairs, and car upholstery. The standard Little Green was about $88 when checked and had a 4.4-star rating from more than 26,000 reviews. 
Walmart.com

Waterproof, machine-washable couch cover — Best for shedding pets
Look for a reversible quilted model with elastic straps. It can catch fur, muddy paw prints, drool, and minor accidents before they reach the upholstery. Walmart currently lists options from roughly $9 upward, although sizing and quality vary. 
Walmart.com

Drymate washable litter-box mat — Best for cats
The waterproof backing protects the floor, while the absorbent top traps scattered litter and occasional moisture. Unlike honeycomb mats, this style can typically be machine-washed. 
Walmart.com

Low-pile machine-washable rug — Best for high-traffic rooms
Choose polyester or olefin rather than shag. Low-pile rugs release hair more easily, dry faster and are less likely to trap odors. Better Homes & Gardens has highlighted washable Walmart rugs specifically for handling stains and pet hair. 
Better Homes & Gardens

Pet bed with a removable zippered cover — Best for odor control
Favor a bed whose outer cover is machine-washable and whose foam insert is protected by a separate waterproof liner. Avoid beds that require washing the entire foam-filled cushion.

Silicone feeding mat with dishwasher-safe bowls — Best for messy eaters
A raised edge contains spilled water and food. Silicone can be wiped, rinsed or placed in the dishwasher, while stainless-steel bowls are easier to sanitize than porous plastic.

Rubber-backed indoor entrance mat — Best for muddy paws
Place one inside the door most often used by your pet. A washable, low-profile mat catches moisture and grit before it reaches carpets or furniture.

Cordless vacuum with a removable brush roll — Best for daily fur
A removable roller is much easier to clear when long pet hair wraps around it. Also look for an emptied-from-the-bottom dustbin and washable filters.

Air purifier with a washable prefilter — Best for dander
The prefilter catches visible fur and larger particles before they reach the replaceable filter. This simplifies maintenance and can extend filter life.

Plastic or metal pet-food storage bin — Best for kibble dust
A smooth-sided airtight container is easier to wipe clean than storing food in an open bag or woven basket. Wheels are useful for large bags.

What I’d buy first

For a dog, start with the Little Green cleaner, waterproof sofa cover and washable entry mat. For a cat, prioritize the washable litter mat, low-pile rug and removable-cover pet bed.

Avoid shag rugs, boucle upholstery, untreated woven baskets and pet beds without removable covers—they hold hair and odors and are considerably harder to clean.

BISSELL Little Green Portable Cleaner
$87.94•Great value portable carpet cleaner for small spaces.
BISSELL Little Green Max Pet
$119.99•Pet mess-specific portable cleaner for quick cleanup.
BISSELL Little Green ProHeat Pet
$124.00•Heated cleaning power for stubborn stains and pet messes.
BISSELL Little Green Mini
$84.72•Ideal for small homes, compact and effective.
BISSELL Little Green Pro
$137.00•Enhanced deep cleaning with stronger suction.
Tineco GO Spot Cleaner
$69.99•Affordable spot cleaner for quick stains.
BISSELL Little Green HydroSteam Pet
$249.99•Premium steam option for deep sanitation.
BISSELL ProHeat Turbo Pet
$98.00•Powerful pet-focused deep cleaner with built-in heater.

Sources used:

https://www.walmart.com/ip/BISSELL-Little-Green-Portable-Carpet-Cleaner-3369/271925562

https://www.walmart.com/c/kp/dog-proof-couch-cover

https://www.walmart.com/browse/pets/cat-litter-mats/5440_202073_202098_4774575_8788022

https://www.bhg.com/washable-rugs-walmart-december-2024-8767112"
What are the best Walmart products for making an older home feel more modern?,"The best Walmart upgrades for making an older home feel modern are the ones that simplify dated finishes, improve lighting, and create consistency across rooms. Prices and availability can vary by location.

Mainstays Slim Integrated LED Flush Mount
$23.44•Brighten your space with an energy-efficient LED flush mount.
GlideRite Modern Matte Black Cabinet Pulls
$26.95•Modern matte black pulls add sleek style to cabinets.
Mainstays White Subway Peel-and-Stick Tile
$12.84•Affordable peel-and-stick subway tiles for quick backsplash updates.
Nourison Washable Jute 8' x 10' Rug
$109.00•Large washable jute rug offers natural style and easy cleaning.
Nourison Astra Washable Persian Rug
$26.99•Persian-inspired washable rug adds vintage-modern charm.
Mainstays Washable Abstract Rug
$24.98•Inexpensive abstract rug brings color and comfort to floors.
RoomMates White Subway StickTILES
$13.75•Peel-and-stick tiles refresh kitchen backsplashes easily.
Design House Matte Black T-Pull Knobs
$12.77•Matte black T-pull knobs upgrade cabinet hardware effortlessly.
Highest-impact upgrades

1. Replace dated ceiling fixtures

The Mainstays Slim Integrated LED Flush Mount is one of the strongest values. Its low-profile shape looks cleaner than old dome or “boob” lights, while its selectable 3000K, 4000K and 5000K settings let you choose the room’s light temperature. At about $23, replacing several fixtures can unify an entire hallway or floor.

For living spaces, use 3000K rather than cool 5000K light; it will feel updated without making an older home look clinical.

2. Modernize cabinet hardware

The GlideRite matte-black bar pulls offer a noticeable kitchen transformation for roughly $27 per 10-pack. For cabinets that currently use single-hole knobs, the Design House T-pulls avoid drilling a second hole.

Measure the existing screw spacing before ordering. Reusing the current holes makes this one of the easiest upgrades on the list.

3. Add a simple backsplash

The Mainstays white subway peel-and-stick tile is an affordable way to visually clean up a dated kitchen or bathroom. Walmart currently lists peel-and-stick backsplash options in subway, marble, herringbone and metal-look designs. 
Walmart.com
+1

Choose plain white, warm white or subtle stone rather than a busy faux-marble pattern. Simpler finishes tend to look more convincingly modern.

4. Cover dated flooring strategically

A large neutral rug can soften worn hardwood, old tile or wall-to-wall carpet without replacing the floor. The Nourison washable jute-look rug provides a more contemporary, organic appearance, while the Nourison Astra Persian rug works well when you want to retain an older home’s character.

Walmart’s current selection includes modern, washable and natural-fiber-style rugs in a range of sizes. 
Walmart.com
+1

5. Introduce smart-home functionality

A Wi-Fi thermostat will not change the architecture, but it immediately makes an older house feel more current. Walmart carries Nest, Honeywell, Ecobee and other smart or programmable thermostats. Check HVAC and C-wire compatibility before purchasing. 
Walmart.com
+1

Best order of operations

Start with lighting, cabinet hardware and one oversized rug. Those three changes generally create the greatest visual improvement without committing to permanent renovations. Next, tackle the backsplash and thermostat. Keep metal finishes consistent—such as matte black throughout the kitchen or brushed nickel throughout the bathroom—rather than mixing several trendy finishes.

Sources

https://www.walmart.com/browse/home-improvement/backsplashes/1072864_1071485_1230875_1230881

https://www.walmart.com/browse/home-improvement/peel-and-stick-backsplashes/1072864_5379726_6878173_3530082_5473876

https://www.walmart.com/browse/electronics/all-smart-thermostats/3944_1229875_4592199_9510136_7483114

https://www.walmart.com/browse/electronics/smart-thermostats/3944_1229875_4592199_9510136_6058459

https://www.walmart.com/browse/home/modern-rugs/4044_133012_110892_6718514_8883425

https://www.walmart.com/browse/home/all-area-rugs/4044_133012_110892_418437"
Which home improvement finds at Walmart provide better value than more expensive alternatives?,"The best-value Walmart home improvement finds tend to be simple products where premium brands charge extra for finish, accessories, or professional-grade durability you may not need.

Hyper Tough 116-Piece Home Repair Tool Set
$19.97•Basic starter toolkit for home repairs.
Hyper Tough 2500-Lumen LED Work Light
$19.97•Bright, budget-friendly LED work light.
Hyper Tough Corded Oscillating Multi-Tool
$29.88•Occasional DIY multi-tool for versatile tasks.
Hyper Tough 5-Tier Plastic Shelf Unit
$39.68•Affordable plastic shelf for garage storage.
Mainstays Blackout Curtain Panel Pair
$12.97•Low-cost blackout curtain for room privacy.
Great Value Dimmable LED Bulbs
$9.77•Energy-efficient LED bulbs for savings.
Hyper Tough 48-Inch I-Beam Level
$9.97•Great occasional-use level for precise measurements.
Hyper Tough 264-Piece Fastener Assortment
$9.97•Useful hardware assortment for quick fixes.
Hyper Tough Drywall Repair Kit
$16.24•Small drywall repair kit for minor damages.
Hyper Tough 16-Inch Toolbox
$9.88•Basic 16-inch toolbox for organizing tools.
Best overall values

Hyper Tough home tool sets are excellent for renters, new homeowners and occasional repairs. The 116-piece set was listed around $20 with a 4.8-star rating, making it considerably more practical than assembling an equivalent collection from premium hand-tool brands. Upgrade individual pieces only after you wear them out.

The Hyper Tough LED work light is another standout. At roughly $20, it provides 2,500 lumens, a fold-flat design and a die-cast aluminum housing. That is enough for painting, garage work, plumbing repairs and emergency lighting without paying contractor-equipment prices.

The corded oscillating multi-tool offers strong value for small renovation jobs. It can handle tasks such as cutting trim, scraping adhesive and detail sanding. A premium cordless model is better for frequent use, but the inexpensive corded version avoids the added cost of batteries and chargers.

Hyper Tough shelving is worthwhile when appearance is secondary. The $40 plastic unit provides five shelves and a stated 350-pound total capacity. It is a sensible alternative to more expensive garage systems for storing paint, seasonal decorations and lighter tools.

Surprisingly effective upgrades

Mainstays blackout curtains can deliver much of the light control, privacy and visual impact of substantially more expensive window treatments. The basic two-panel sets start around $13 and have thousands of customer ratings. Confirm the panel width carefully; inexpensive sets sometimes use narrower panels.

Great Value LED bulbs are better value than designer or heavily marketed bulb brands when you only need conventional illumination. The dimmable 60-watt-equivalent four-pack was listed under $10, with 800-lumen output and a claimed 18-year rated life under the manufacturer’s usage assumptions.

The 48-inch Hyper Tough level is a particularly good occasional-use purchase. At roughly $10, it is sufficient for hanging shelves, aligning cabinets and checking furniture. Professionals may benefit from a more rigid, precisely calibrated model, but most homeowners will not.

Fastener assortments and basic toolboxes are also areas where paying more rarely improves the finished project. The Hyper Tough screw-and-anchor assortment and inexpensive toolbox provide organization and convenience at a fraction of what branded storage and individually packaged hardware can cost.

Where not to choose the cheapest option

Spend more on tools you use weekly, safety equipment, extension cords carrying heavy loads, ladders, precision measuring tools and plumbing components hidden behind walls. Walmart’s budget products provide the strongest value for visible, reversible or occasional-use improvements, rather than jobs where failure could cause injury or expensive damage.

Prices and availability can vary by store and delivery location. Walmart’s standard return rules apply to most purchases, though exceptions and product-specific restrictions may apply. 
Walmart.com
+1

Sources used:

https://www.walmart.com/ip/Hyper-Tough-116pc-Home-Repair-Tool-Set-New-11inX13inX3in-6-06lb/3774971782

https://www.walmart.com/ip/Hyper-Tough-2500-Lumen-Corded-LED-Work-Light-Powder-Coating-Finish/270424905

https://www.walmart.com/ip/Hyper-Tough-2-1-Amp-New-Condition-Corded-Oscillating-Multi-function-Tool-Variable-Speed-Hex-Key-Sanding-Pad-Quarter-inch-Blade-Scraper-Blade-3-Sheets/735286612

https://www.walmart.com/ip/Hyper-Tough-HT-BLK-5SH-5-Tier-Plastic-Garage-Shelving-Storage-Black/578084826

https://www.walmart.com/ip/MS-BLKOUT-PP-84-BLCK/7954304237

https://www.walmart.com/ip/Great-Value-18-Year-LED-Light-Bulbs-A19-60-Watts-Equivalent-E26-Dimmable-Soft-White-Clear-Glass-4-Pack/205523157

https://www.walmart.com/ip/HT-48-I-BEAM-LEVEL/16053600951

https://www.walmart.com/ip/Hyper-Tough-264-Piece-1-Inch-Multi-Size-Screw-and-Ribbed-Anchor-Fastener-Assortment-with-Clear-Storage-Case-5512/1922214039

https://www.walmart.com/ip/Hyper-Tough-Drywall-Repair-Kit-5-Piece/640129813

https://www.walmart.com/ip/Hyper-Tough-16-inch-Toolbox-Plastic-Tool-and-Hardware-Storage-Black/40075730

https://www.walmart.com/browse/home-improvement/hart-drills/1072864_1808984_4037404_6665563_6500858

https://www.walmart.com/help/article/walmart-standard-return-policy/adc0dfb692954e67a4de206fb8d9e03a"
What are the best Walmart home products to buy when moving into a new place?,"The best Walmart purchases for a new place are the unglamorous essentials you will need immediately, followed by a few products that reduce clutter and daily chores. Walmart’s own moving and first-apartment sections emphasize cleaning, storage, bedding, bathroom basics, kitchenware, and packing supplies as the main move-in categories. 
Walmart.com
+2
Walmart.com
+2

O-Cedar EasyWring Spin Mop & Bucket
$34.96•Deep-cleaning mop with spin bucket for efficient cleaning.
Shark VACMOP Cordless Hard Floor Vacuum Mop
$66.50•Cordless vacuum-mop combo for quick floor maintenance.
Mainstays 10-Piece Stainless Steel Cookware Set
$29.97•Affordable stainless steel cookware set for everyday use.
Mainstays 28-Piece Kitchen Gadget Bundle
$13.33•Low-cost kitchen tools bundle for basic cooking needs.
Sterilite 12-Piece Kitchen Set
$12.18•Move-in ready kitchen essentials in a compact set.
Rubbermaid EasyFindLids 24-Piece Food Storage Set
$23.70•Food storage containers with easy-find lids for daily use.
Great Value Wet & Dry Mop Sweeper Kit
$11.98•Budget-friendly wet & dry mop for quick floor care.
Cuisinart Chef’s Classic 10-Piece Cookware Set
$129.95•Premium stainless steel cookware upgrade for serious cooks.
Rubbermaid Brilliance 20-Piece Storage Set
$47.98•Clear, durable food storage set for organized kitchens.
U-Haul Kitchen Moving Kit
$69.99•Complete kitchen moving kit for fragile items and packing.
Buy these first

1. A complete cleaning setup

Buy an all-purpose cleaner, disinfecting wipes, toilet cleaner, dish soap, sponges, microfiber cloths, trash bags, a broom or vacuum, and a mop. Clean before unpacking so you are not moving furniture and boxes twice. Walmart currently lists the O-Cedar EasyWring at about $35 and a basic Great Value wet/dry sweeper kit around $12, though prices vary by location. 
Walmart.com

2. Trash cans and correctly sized bags

Get a 13-gallon kitchen can, small bathroom cans, and matching liners. Confirm the can dimensions before buying bulk bags; poorly fitting bags are one of the easiest move-in purchases to regret.

3. Basic kitchen equipment

A practical starter setup includes:

One skillet, two saucepans and a stockpot

Chef’s knife, cutting board and can opener

Spatula, serving spoon, tongs and measuring cups

Four place settings

Food-storage containers

The Mainstays stainless-steel cookware set is a particularly strong budget option at roughly $30, while the 28-piece kitchen gadget bundle covers many smaller tools for about $13. Prices are current search results and can change. 
Walmart.com

4. Bedding that fits the actual mattress

Verify whether the mattress is Twin, Twin XL, Full, Queen or King before ordering. Buy two sheet sets, pillows, a washable mattress protector and an all-season comforter. A second sheet set matters more than decorative throw pillows during the first few weeks.

5. Bathroom essentials

Prioritize a shower curtain and liner, hooks, bath mat, plunger, toilet brush, towels, hand soap and over-the-toilet or under-sink storage. Put the shower curtain, toilet paper and towels in a clearly marked “open first” box.

Best organization purchases

Clear, lidded storage bins: Better than opaque bins because you can see what is inside. Choose a few standardized sizes that stack securely rather than buying assorted bins individually.

Slim hangers and an over-door organizer: These quickly increase usable closet space without installation.

Under-bed storage: Especially valuable in apartments, but measure the bed clearance first.

Food-storage containers: Rubbermaid EasyFindLids is the better-value everyday choice; Rubbermaid Brilliance costs more but offers clearer, more secure containers. The current sets shown above have strong customer ratings, but avoid buying an oversized set until you know your cabinet layout.

A compact shelving unit or utility cart: Useful in kitchens, bathrooms, laundry areas and entryways. Wait until after move-in to measure the intended space.

Small safety and maintenance essentials

Keep a compact toolkit with screwdrivers, pliers, an adjustable wrench, hammer, tape measure, level, utility knife and flashlight. Also purchase:

Surge protectors rather than relying on extension cords

Spare batteries and lightbulbs

A fire extinguisher for the kitchen

A first-aid kit

Furniture pads and removable hooks

A step stool

Check whether smoke and carbon-monoxide alarms are already installed and working before purchasing replacements. Renters should report missing or malfunctioning required alarms to the landlord rather than simply covering up the issue.

What to postpone

Wait on rugs, large shelving, curtains, decorative lighting and substantial furniture until you have measured the rooms and lived in the space briefly. Storage products are only helpful when they fit the actual cabinets, closets and under-bed clearance.

A sensible priority order is cleaning and bathroom supplies first, bedding second, kitchen basics third, safety and tools fourth, then storage and décor.

Sources used:

https://www.walmart.com/shop/home-moving-essentials

https://www.walmart.com/cp/first-apartment/9330810

https://www.walmart.com/shop/household-essentials-for-moving

https://www.walmart.com/cp/moving/2696828

https://www.walmart.com/cp/storage-organization/90828

https://www.walmart.com/cp/household-essentials/1115193

https://www.walmart.com/browse/feature/home-essentials/14503_1987240_6545138_2504225"
Which affordable upgrades at Walmart can improve a home’s curb appeal?,"The best affordable Walmart curb-appeal upgrades are the ones that improve lighting, contrast, greenery, and cleanliness around the entrance.

Solar pathway lights — roughly $15–$35 per set
Line the walkway or driveway rather than scattering them randomly. Solar lights require no wiring and can improve both nighttime appearance and visibility. Walmart carries disc lights, stake lights, lanterns, and flame-effect options, many under $50. 
Better Homes & Gardens
+1

Modern house numbers — roughly $7–$30
Replace small, faded numbers with larger black, brass-look, floating, or illuminated numbers. Solar address plaques are especially useful when the existing address is difficult to see from the street. 
Walmart.com
+1

Matching front-door planters — roughly $10–$40 each
Place two identical planters on either side of the door for an intentional, balanced look. Fill them with inexpensive seasonal flowers, ornamental grasses, or evergreens. Symmetrical planters are a frequently recommended low-effort curb-appeal improvement. 
Southern Living

A fresh outdoor doormat — roughly $8–$20
Choose a mat wide enough to feel proportional to the doorway. A simple coir or striped mat generally looks more polished than a small novelty design. Layering it over a larger outdoor rug can make the entrance feel more substantial.

Exterior paint for the front door or shutters — roughly $15–$35
A quart of exterior paint can create more visual impact than several decorative accessories. Deep blue, muted green, black, charcoal, and classic red can work well, depending on the siding and trim. Painting the door, shutters, or trim is a recognized high-impact budget upgrade. 
Southern Living
+1

Updated porch hardware — roughly $10–$40
Replace a worn door knocker, handle, doorbell cover, mailbox, or porch-light fixture. Keep the finishes consistent—such as all matte black or all aged brass—to avoid a mismatched appearance.

Fresh mulch and clean landscape edging — roughly $3–$5 per bag
Dark mulch creates immediate contrast around shrubs and flower beds. Before adding it, pull weeds and define the edges; neat boundaries often matter more than adding more plants. 
Southern Living

A simple wreath or door decoration — roughly $10–$30
Choose one appropriately scaled, weather-resistant piece instead of several small signs. Walmart currently lists seasonal wreaths and welcome decorations starting around the low teens, though selection and pricing vary. 
Walmart.com

Window boxes or hanging planters — roughly $10–$35
These are especially effective on plain façades lacking architectural detail. Use only a few and repeat the same plants or colors for a cohesive appearance.

Outdoor cleaning supplies — often under $25
Cleaning the siding, steps, windows, porch furniture, and existing light fixtures may produce the biggest improvement per dollar. A stiff brush, exterior cleaner, glass cleaner, and hose attachment can revive features that do not actually need replacing.

Best upgrade sequence for about $100: clean the entrance, spread fresh mulch, repaint the front door, install modern house numbers, and add two matching planters. That combination will usually look more substantial than spending the same amount on assorted seasonal decorations.

Prices and availability can vary by store, seller, and location.

Sources used:

https://www.walmart.com/c/kp/curb-appeal-design

https://www.walmart.com/c/kp/house-number-light

https://www.walmart.com/c/kp/curb-address

https://www.bhg.com/outdoor-lighting-walmart-deals-under-50-8646933

https://www.realsimple.com/mainstays-solar-led-outdoor-lights-review-8643960

https://www.southernliving.com/small-changes-curb-appeal-11907026

https://www.bhg.com/home-improvement/remodeling/budget-remodels/25-home-improvement-ideas-under-150/"
"If I had a limited budget, which Walmart home upgrades should I prioritize first?","With a limited budget, prioritize upgrades that improve how the home functions and feels every day, rather than decorative items for rarely used rooms.

Best order to spend

1. Fix lighting first — roughly $10–$25

Replace dim, mismatched, or cool-blue bulbs in the main living areas. Consistent soft-white LEDs can make rooms feel warmer, cleaner, and more finished while using less electricity than incandescent bulbs. Current Walmart listings include four-packs around $9–$19 and larger value packs around $13.

For a kitchen or dark workspace, rechargeable or plug-in under-cabinet lighting offers an especially noticeable improvement for about $20–$22.

2. Address visible clutter — roughly $15–$40

Buy storage only for the areas that repeatedly become messy: the entryway, kitchen counter, bathroom vanity, or bedroom closet. A small set of matching bins, an over-the-door organizer, or a shoe rack will usually improve the space more than scattered decorative purchases.

3. Upgrade one major textile — roughly $20–$50

Choose whichever is currently making the room look least finished:

Curtains hung higher and wider

A larger, correctly proportioned area rug

A coordinated shower curtain and bath mat

Fresh bedding or throw-pillow covers

Do not divide a small budget among all four. One substantial textile change generally creates more impact.

4. Replace dated small hardware — roughly $10–$30

Prioritize highly visible, frequently touched pieces such as cabinet knobs, drawer pulls, switch plates, vent covers, or a worn showerhead. Confirm the existing hole spacing before buying cabinet pulls.

5. Add inexpensive automation — roughly $10–$20

A smart plug is useful for scheduling lamps, fans, or seasonal lighting. Walmart currently lists options such as a GE Cync plug around $12 and a three-pack of Merkury plugs around $12, although prices and availability can vary by location. 
Walmart.com
+1

Great Value 75W-Equivalent Soft White LED Bulbs
$9.47•Basic, energy-efficient bulbs for everyday lighting.
Sylvania 60W-Equivalent LED 16-Pack
$13.15•Great value pack for whole-home LED lighting needs.
Bell + Howell Rechargeable Under-Cabinet Lights
$19.96•Rechargeable, no-wiring task lighting for under cabinets.
Enbrighten Linkable Under-Cabinet Light
$21.97•Linkable LEDs ideal for bright, customizable kitchen lighting.
GE Cync Smart LED Bulb
$8.97•Smart bulb compatible with voice and app control.
GE LED+ Color-Changing Bulbs
$10.99•Color-changing bulbs for versatile mood lighting.
Philips Soft White LED 8-Pack
$12.94•Soft white LEDs perfect for comfortable, daily use.
Monster Smart LED Bulbs 4-Pack
$19.88•Smart LED multipack for convenient, programmable lighting.
A practical $50 plan

Spend about $10–$15 on matching LED bulbs, $20 on under-cabinet or task lighting, and the remaining $15–$20 on storage or one set of new hardware. That combination improves appearance, usability, and organization without committing the whole budget to décor.

Skip large furniture, trendy accessories, and peel-and-stick projects until lighting, clutter, and minor repairs are handled. Walmart’s home-improvement section currently emphasizes comparing projects by installation needs and skill level, which is a useful filter when professional installation would erase the savings. 
Walmart.com
+1

Sources:

https://www.walmart.com/cp/home-improvement/1072864

https://www.walmart.com/cp/home-improvement/4324967

https://www.walmart.com/browse/electronics/smart-plugs-smart-outlets/3944_1229875_8778408_5446707_8121412

https://www.walmart.com/c/kp/smart-plug-in

https://www.walmart.com/ip/Great-Value-A19-LED-Light-Bulbs-75-Watts-Eqv-Soft-White-General-Purpose-9yr-Medium-Base-4pk/5027623923

https://www.walmart.com/ip/Sylvania-Everyday-LED-Light-Bulbs-A19-60-Watt-E26-Soft-White-16-pack-Value-Pack/5587743824

https://www.walmart.com/ip/Bell-and-Howell-Under-Cabinet-Lights-2-Pack-Rechargeable-LED-Light-Bar-400-Lumens-Motion-Sensor/1678155854

https://www.walmart.com/ip/Enbrighten-355-Lumen-10-LED-Under-Cabinet-Light-Linkable/929945273

https://www.walmart.com/ip/GE-Cync-Smart-LED-Light-Bulb-60-watts-Soft-White-App-and-Voice-Control-Google-Home-Compatible-Medium-Base/479322485

https://www.walmart.com/ip/GE-LED-Color-Changing-LED-Light-Bulbs-60-Watt-A19-Bulbs-Medium-Base-2pk/682021576

https://www.walmart.com/ip/Philips-LED-60-Watt-Equivalent-A19-General-Purpose-Household-Light-Bulb-Frosted-Soft-White-Non-Dimmable-E26-Medium-Base-8-Pack/12249866944

https://www.walmart.com/ip/MONSTER-SMART-BULB-4PK/18081551924"
What are the best camping products to buy at Walmart in 2026?,"For most car campers in 2026, Walmart’s strongest value is concentrated in Ozark Trail basics, with Coleman worth the upgrade for cooking equipment. Prices and local stock can change.

Ozark Trail 6-Person Instant Cabin Tent with LED Light
$149.00•Spacious family tent with LED lighting for easy setup.
Ozark Trail 6-Person Clip & Camp Dome Tent
$79.00•Affordable dome tent ideal for budget camping.
Ozark Trail 6-Piece Camping Combo
$120.47•Starter bundle includes tent, chairs, sleeping bags, and table.
Ozark Trail 35°F Cool Weather Sleeping Bag
$23.91•Warm-weather sleeping bag offers good value for cool nights.
Ozark Trail Inflatable Camp Sleeping Pad
$30.88•Inflatable sleeping pad is compact and easy to carry.
Ozark Trail Oversized Mesh Camp Chair with Cooler
$33.96•Oversized mesh chair with cooler for comfortable outdoor seating.
Ozark Trail Director Chair with Side Table
$29.44•Director chair with side table for convenient camp-kitchen use.
Ozark Trail Basic Quad Camp Chair
$8.97•Basic quad chair with cup holder, perfect for budget camping.
Best Walmart camping buys

1. Ozark Trail 6-Person Instant Cabin Tent with LED Light — best overall family tent
At roughly $149, it has a 60-second setup, room for two queen air beds, integrated lighting and a strong 4.3-star rating from hundreds of buyers. It is especially compelling for weekend family camping where convenience matters more than minimum packed weight.

2. Ozark Trail 6-Person Clip & Camp Dome Tent — best budget tent
Around $79 buys a seam-taped rainfly, enlarged dome design and space for a small family or two campers with generous gear room. Its thousands of ratings make it a more proven budget choice than many obscure marketplace tents.

3. Ozark Trail 6-Piece Camping Combo — best beginner package
This approximately $120 bundle includes a tent, two chairs, two sleeping bags and a table. The individual pieces are basic, but it is an efficient starting point for occasional campers who currently own nothing.

4. Coleman Classic two-burner propane stove — best cooking upgrade
The standard model supplies two independently adjustable 10,000-BTU burners, wind protection and a removable grate. For campers who cook real meals rather than only boiling water, a dependable two-burner stove is worth prioritizing over novelty accessories. 
Walmart.com

5. Ozark Trail 35°F sleeping bag — best affordable three-season bag
At about $24, it has a soft liner, insulated zipper draft protection and machine-washable construction. Treat the 35°F figure as a general product rating rather than a guarantee of comfortable sleep at that exact temperature; colder sleepers should bring additional insulation.

6. Ozark Trail inflatable sleeping pad — best compact sleep system
This approximately $31 pad is 3.5 inches thick and easier to transport than a full air mattress. Its R-value of 1.5 makes it primarily a warm-weather choice, generally for conditions around 40°F and above.

7. Ozark Trail Full air mattress — best comfort-per-dollar option
At roughly $16 without a pump, it provides a flocked surface, coil-beam construction and room for two adults. It is inexpensive and comfortable for car camping, though a sleeping pad is better when packed size, insulation or puncture resistance matters. 
Walmart.com

8. Ozark Trail 4000-lumen rechargeable lantern — best campsite light
At about $30, this lantern offers four modes, water resistance and Qi wireless charging. Its maximum output is far brighter than most tents require, but the lower settings and charging function make it useful as a central campsite and emergency light. 
Walmart.com

9. Ozark Trail oversized mesh chair with cooler — best comfort chair
For approximately $34, it combines a 400-pound stated capacity, breathable mesh, drink storage and an umbrella holder. It offers a meaningful comfort upgrade over Walmart’s basic $9 quad chair without becoming overly expensive.

10. Ozark Trail 26-quart hard-sided cooler — best rugged cooler
This model offers a 32-can capacity and a portable hard-sided format. Walmart also lists higher-performance roto-molded versions with multi-day insulation and bear-resistant certification, but those versions can go out of stock, so check the exact listing carefully. 
Walmart.com
+1

What to prioritize on a limited budget

Buy in this order:

Tent with a full rainfly or solid weather protection

Sleeping pad or mattress

Temperature-appropriate sleeping bag

Lantern or headlamp

Stove and cooler

Chairs, tables and comfort accessories

For two people, do not buy a two-person tent unless compact size is critical. A four- or six-person tent usually provides much more comfortable room for bedding and gear. For backpacking, most of these recommendations are too bulky; they are primarily suited to drive-up campsites.

Sources

https://www.walmart.com/ip/Ozark-Trail-10-x-9-6-Person-Instant-Cabin-Tent-with-LED-Light-19-38-lbs/854577974

https://www.walmart.com/ip/OT-6P-DOME-TENT/6249506446

https://www.walmart.com/ip/Ozark-Trail-6-Piece-Camping-Combo-Green-Includes-tent-chairs-sleeping-bags-and-table/230446306

https://www.walmart.com/ip/Coleman-2000020943-2-Burner-Propane-Stove/1118007215

https://www.walmart.com/ip/Ozark-Trail-35-Degree-Cool-Weather-Sleeping-Bag-Blue-33-x77/817629060

https://www.walmart.com/ip/Ozark-Trail-Adult-Inflatable-Camp-Sleeping-Pad-Blue-Size-78-L-x-25-W-x-3-5-H/3679114451

https://www.walmart.com/ip/Ozark-Trail-Air-Mattress-Full-10/478912646

https://www.walmart.com/ip/OT-4000L-LANTERN/17270401006

https://www.walmart.com/ip/Ozark-Trail-Adult-Oversized-Mesh-Camp-Chair-with-Cooler-Green-Gray/536752671

https://www.walmart.com/ip/Ozark-Trail-Adult-Basic-Quad-Folding-Camp-Chair-with-Cup-Holder-Black/983249623

https://www.walmart.com/ip/Ozark-Trail-26-QT-Ice-Chest-Cooler-Hard-Sided-Portable-Cooler-32-Can-Capacity-25L-Grey/950399288

https://www.walmart.com/ip/Ozark-Trail-26-Quart-High-Performance-Roto-Molded-Cooler-with-Microban-Gray/273217345"
Which outdoor essentials at Walmart are worth adding to a basic camping setup?,"Assuming your basic setup already includes a tent and sleeping bag, these Walmart add-ons deliver the most noticeable gains in comfort, safety, and convenience:

Ozark Trail Closed Cell Foam Sleeping Pad
$14.98•Comfortable, lightweight foam pad for camping sleep.
Ozark Trail LED Camping Lanterns 3-Pack
$19.96•Bright, portable lanterns with useful area lighting.
Be Smart Get Prepared 134-Piece First Aid Kit
$24.77•Comprehensive first aid kit for outdoor safety.
Reliance Aqua-Tainer 7-Gallon Water Container
$19.88•Durable water container for easy campsite hydration.
Igloo 48-Quart Laguna Cooler
$25.77•Affordable cooler for food storage and picnics.
Ozark Trail Quad Folding Camp Chair
$8.97•Low-cost camp chair with cup holder for comfort.
LifeStraw Personal Water Filter
$15.47•Personal water filter for emergency hydration.
Duraflame Firestart Cubes 18-Pack
$5.99•Firestarter cubes for quick, easy campfire lighting.
Add these first

1. Sleeping pad — about $15
The Ozark Trail closed-cell foam pad is arguably the best upgrade per dollar. It cushions hard ground and provides insulation beneath your sleeping bag. Unlike an air mattress, it cannot puncture.

2. Lanterns — about $20 for three
A three-pack lets you illuminate the tent, picnic table, and cooking area simultaneously. Keep a separate flashlight or headlamp available for walking after dark.

3. First-aid kit — about $25
The 134-piece outdoor kit is more useful than assembling loose supplies and forgetting something important. Add any personal medications, allergy treatments, and blister care you specifically need.

4. Water container — about $20
The seven-gallon Aqua-Tainer provides a central supply for drinking, cooking, and handwashing. Fill it close to camp when possible—it weighs roughly 58 pounds once filled.

Worth adding for car camping

5. Igloo 48-quart cooler — about $26
This is a sensible size for a weekend trip without taking over the vehicle. Use separate sealed bags or containers for raw food, and keep frequently used drinks near the top.

6. Folding chair — about $9
A very inexpensive comfort upgrade, especially at campsites without picnic tables or around a permitted fire ring.

7. LifeStraw — about $15
Treat this as an emergency backup rather than your primary water plan. Bring sufficient potable water and verify what contaminants a filter does and does not remove before relying on it.

8. Fire-starting cubes — about $6
Helpful in damp conditions, but only where fires are allowed. Check current campground restrictions and purchase firewood locally to reduce the risk of transporting invasive pests. 
REI

Best purchase order

For a limited budget, prioritize:

Sleeping pad → lighting → first aid → water storage → cooler → chair

That combination covers the biggest beginner pain points: cold or uncomfortable sleep, poor nighttime visibility, minor injuries, inadequate water, and food storage. Walmart’s camping department currently groups these same core needs around sleeping gear, lighting, coolers, seating, cooking equipment, and accessories. Prices and local availability can vary. 
Walmart.com
+1

https://www.walmart.com/cp/camping-gear/4128

https://www.walmart.com/browse/sports-outdoors/all-sleeping-pads-mats/4125_546956_4128_4639316_1080584

https://www.rei.com/learn/expert-advice/family-camping-checklist.html

https://www.walmart.com/ip/Ozark-Trail-3-Pack-AAA-AA-Batteries-LED-Camping-Lanterns/309066896

https://www.walmart.com/ip/Ozark-Trail-Closed-Cell-Foam-Blue-Camp-Sleeping-Pad/634956813

https://www.walmart.com/ip/Igloo-48-QT-Laguna-Hard-Sided-Ice-Chest-Cooler-White/5055219918

https://www.walmart.com/ip/Be-Smart-Get-Prepared-Outdoor-First-Aid-Happy-Wanderer-134-Pcs/598866814

https://www.walmart.com/ip/Reliance-Aqua-Tainer-Water-Container-7-Gallon-9410-03/872426

https://www.walmart.com/ip/Ozark-Trail-Adult-Basic-Quad-Folding-Camp-Chair-with-Cup-Holder-Black/983249623

https://www.walmart.com/ip/LifeStraw-Personal-Water-Filter/22209336

https://www.walmart.com/ip/Duraflame-Firestart-CUBES-18-ct-Fire-Starters-for-Wood-or-Charcoal-Fires/610531368"
What are the best Walmart camping gear finds under $30?,"The strongest Walmart camping finds under $30 are practical basics that improve sleep, lighting, storage, cooking, and campsite comfort. Prices and availability can vary by store and delivery location.

Ozark Trail Oversized 30°F Sleeping Bag
$24.97•Warm, oversized sleeping bag ideal for cool weather camping.
Ozark Trail 30-Quart Hard-Sided Cooler
$18.44•Affordable, durable cooler with 42-can capacity.
Ozark Trail 1500-Lumen LED Lantern
$14.97•Bright, portable LED lantern for campsite lighting.
Ozark Trail Hard-Arm Camping Chair
$19.97•Comfortable, budget-friendly camping chair.
Ozark Trail 25L Hiking Backpack
$10.88•Lightweight hiking backpack for day trips.
Ozark Trail Reversible Cast-Iron Griddle
$19.92•Reversible cast-iron griddle for versatile camp cooking.
Ozark Trail Rechargeable Lantern 3-Pack
$19.98•Rechargeable lantern pack with multiple light zones.
Ozark Trail 2500-Lumen Rechargeable Flashlight
$26.97•Powerful rechargeable flashlight for outdoor use.
Ozark Trail Memory-Foam Camping Pillow
$12.33•Memory-foam pillow for compact, comfortable sleep.
Ozark Trail 15L Waterproof Backpack
$16.97•Waterproof backpack to keep gear dry during outdoor adventures.
Ozark Trail 750-Lumen Flashlight 2-Pack
$18.97•Convenient two-pack of compact flashlights for emergencies.
Ozark Trail 2L Hydration Pack
$19.97•Hydration pack with 2L reservoir for trail hydration.
Best overall picks

1. Ozark Trail Oversized 30°F Sleeping Bag — about $25
A notably good value for mild-weather car camping. The oversized shape provides more room than a typical narrow sleeping bag, though the 30°F rating should not be treated as a guaranteed comfort temperature in genuinely cold conditions.

2. Ozark Trail 30-Quart Hard-Sided Cooler — about $18
One of the best capacity-for-price purchases. It is appropriate for weekend food and drinks, but it is a basic cooler rather than a premium, multi-day ice-retention model.

3. Ozark Trail 1500-Lumen LED Lantern — about $15
The sweet spot for illuminating a picnic table or central campsite. It offers substantially more usable area lighting than small tent lanterns without approaching the $30 limit. Walmart’s current lantern selection also includes several well-reviewed Ozark Trail models below $20. 
Walmart.com
+1

4. Ozark Trail Hard-Arm Camping Chair — about $20
Worth the upgrade over the least-expensive folding chairs because the solid armrests make getting in and out easier and provide a more stable place to rest your arms.

5. Ozark Trail 25L Hiking Backpack — about $11
An unusually affordable daypack for carrying layers, snacks, water, and small campsite supplies. It is better suited to day hikes and casual use than loaded overnight backpacking.

Other worthwhile finds

For cooking: The reversible cast-iron griddle, around $20, provides flat and ridged cooking surfaces and works well when weight is not a concern.

For distributed lighting: The rechargeable three-lantern pack, around $20, lets you place separate lights in the tent, cooking area, and around the campsite.

For nighttime walking: The 750-lumen flashlight two-pack, around $19, is the more practical shared-camping choice. The 2500-lumen rechargeable model, around $27, is better when maximum brightness matters.

For comfort: The memory-foam camping pillow, around $12, is a meaningful improvement over using rolled clothing as a pillow.

For wet conditions: The 15L roll-top waterproof backpack, around $17, is useful for rain, paddling, and storing wet items, although Walmart states it is not intended for full submersion.

For hiking: The 2L hydration pack, around $20, provides an included reservoir and is a better purchase than a standard daypack when easy water access is the main priority.

Best $30 starter combination

For the most utility from a strict $30 budget, I would combine:

25L hiking backpack: approximately $10.88

1500-lumen lantern: approximately $14.97

Mini headlamp: approximately $1.97

Estimated total: $27.82 before tax. This covers gear transport, campsite lighting, and hands-free nighttime use. Walmart’s broader Ozark Trail assortment currently includes camping furniture, sleeping bags, backpacks, coolers, lighting, and camp-kitchen equipment at value-oriented prices. 
Walmart.com
+2
Walmart.com
+2

Sources used:

https://www.walmart.com/cp/ozark-trail/2559937

https://www.walmart.com/browse/outdoor-sports/camping/ozark-trail/4125_546956_4128/YnJhbmQ6T3phcmsgVHJhaWwie

https://www.walmart.com/browse/sports-outdoors/ozark-trail-lanterns/4125_546956_4128_645883_1334277_8817699

https://www.walmart.com/browse/sports-outdoors/ozark-trail-lanterns/4125_546956_4128_645883_7572132_8729237_8817699

https://www.walmart.com/browse/sports-outdoors/ozark-trail/4125_546956_4128_2487866_2559937

https://www.walmart.com/ip/Ozark-Trail-Oversized-30F-Cool-Weather-Sleeping-Bag-Gray/677794987

https://www.walmart.com/ip/Ozark-Trail-30-Quart-42-Can-Capacity-Gray/1995571256

https://www.walmart.com/ip/OT-1500L-LANTERN/17208817585

https://www.walmart.com/ip/OT-HARD-ARM-OPP-CHAI/9191368055

https://www.walmart.com/ip/Ozark-Trail-Hiker-Backpack-25-Liter-Color-2-Adult/17424424320

https://www.walmart.com/ip/Ozark-Trail-9-in-Cast-Iron-Griddle-Reversible-16-5-x-9-in/55208725

https://www.walmart.com/ip/DAWN-RISE-LANTER-OZARK-TRAIL/17540315403

https://www.walmart.com/ip/OT-2500L-FLASHLIGHT/11078453274

https://www.walmart.com/ip/MEMORY-FOAM-PILLOW/17543164706

https://www.walmart.com/ip/Ozark-Trail-15L-Waterproof-Backpack-Forest-Green-Unisex/9817171056

https://www.walmart.com/ip/OT750-2PK-FL/17772307809

https://www.walmart.com/ip/Ozark-Trail-Pearson-Creek-2-Ltr-Hydration-Pack-with-2-Liter-Reservoir-Black-Unisex/395466062"
Which affordable camping products at Walmart give you the most value for the money?,"The best value at Walmart usually comes from simple Ozark Trail basics, while safety-critical or heavily used gear is worth buying from established brands such as Igloo, LifeStraw, or Coleman.

Ozark Trail 3-Person Dome Tent
$29.97•Budget-friendly dome tent for outdoor camping.
Ozark Trail Quad Folding Camp Chair
$8.97•Affordable quad folding camp chair with cup holder.
Ozark Trail 1000-Lumen LED Lantern
$9.97•Bright LED lantern with 1000 lumens for camping.
Best affordable camping values
Product	Current price found	Why it offers strong value
Ozark Trail 3-Person Dome Tent	$29.97	A practical starter tent with a seam-taped rainfly and enough space for one or two campers plus gear. Its 4.3 rating from more than 3,200 reviews makes it a relatively proven budget choice.
Ozark Trail Quad Folding Chair	$8.97	One of the clearest bargains: steel frame, cup holder, compact folding design, and a 4.5 rating from over 27,000 reviews.
Ozark Trail 1000-Lumen Lantern	$9.97	Produces enough light for a campsite or family tent and includes five modes. It provides substantially more utility than small novelty lanterns costing nearly as much.
Igloo 48-Quart Laguna Cooler	$25.77	Large enough for a weekend car-camping trip without the premium attached to high-end rotomolded coolers. 
Walmart.com

Reliance 7-Gallon Aqua-Tainer	$19.88	A reusable water-storage solution that improves nearly every car-camping setup—drinking, cooking, washing, and extinguishing a campfire. 
Walmart.com

LifeStraw Personal Water Filter	$15.47	Lightweight backup water treatment for hikes and emergencies. It is especially valuable when dispersed camping, though it should not replace carrying adequate water. 
Walmart.com

Ozark Trail 11-Piece Silicone Mess Kit	$12.46	Consolidates dishes and utensils into one inexpensive, reusable kit, reducing both packing bulk and disposable-tableware costs. 
Walmart.com

Ozark Trail 750-Lumen Headlamp	$8.97	A headlamp is more useful than a handheld flashlight for cooking, pitching a tent, and nighttime bathroom trips. Batteries are included. 
Walmart.com

Ozark Trail three-pack of LED lanterns	$19.96	Better for families than buying one expensive lantern: place separate lights in the tent, cooking area, and around the campsite. Batteries are included. 
Walmart.com

Duraflame Firestart Cubes, 18-count	$5.97	A small purchase that saves time and frustration when wood is damp or kindling is limited. 
Walmart.com
Where to spend first

For a basic two-person car-camping setup, prioritize the tent, two $8.97 chairs, lantern, water container, headlamp, and cooler. At the prices found, those items total roughly $111 before tax and cover shelter, seating, lighting, water storage, and food storage.

Skip elaborate multitools, oversized tents, premium coolers, and specialized camp furniture until you know you will camp regularly. Also avoid the recalled Ozark Trail one-burner butane camping stove; reports associated that model with fires, explosions, and injuries. 
Houston Chronicle

Prices and inventory can vary by color, store, and delivery location.

Sources

https://www.walmart.com/ip/OT-3P-DOME-TENT/6311816943

https://www.walmart.com/ip/Ozark-Trail-Adult-Basic-Quad-Folding-Camp-Chair-with-Cup-Holder-Black/983249623

https://www.walmart.com/ip/OT-1000L-LANTERN/17188821838

https://www.walmart.com/cp/camping-gear/4128

https://www.walmart.com/browse/sports-outdoors/camping-clearance/4125_1854758_8455293

https://www.houstonchronicle.com/news/houston-texas/trending/article/walmart-amazon-products-recalled-nationwide-21218767.php"
What are the most underrated camping items available at Walmart?,"The most underrated camping buys at Walmart are not the big-ticket items—they’re the inexpensive problem-solvers that keep a minor inconvenience from spoiling the trip.

Ozark Trail 10-Quart Collapsible Sink
$10.97•Ideal for camping kitchens, collapsible and space-saving.
Gear Aid Tenacious Tape Patches
$4.50•Great for quick repairs, emergency gear fixes.
Ozark Trail 10,000 mAh Water-Resistant Power Bank
$12.87•Weather-resistant power bank for outdoor use.
Ozark Trail 6' x 8' Heavy-Duty Tarp
$10.87•Heavy-duty tarp offers versatile rain protection.
Gorilla Black Tape
$6.26•Strong tape for heavy-duty quick fixes.
onn. 10,000 mAh Power Bank with Built-In USB-C Cable
$21.47•Built-in USB-C cable for convenient portable charging.
Sigman 6' x 8' Heavy-Duty Tarp
$11.27•Compact shelter with reinforced durability.
onn. 8,000 mAh Portable Power Bank
$12.88•Portable power bank with high capacity and affordability.
Best overlooked picks

1. Collapsible camp sink — about $11

The Ozark Trail 10-quart sink folds flat but gives you a dedicated place for washing dishes, carrying water, soaking dirty gear or keeping food-prep items contained. The drain plug is especially useful. It is one of the highest-value campsite organization upgrades Walmart sells.

2. Tent and gear repair patches — about $5

Gear Aid Tenacious Tape patches can repair small tears in tents, rain jackets, sleeping bags, air mattresses and backpacks without sewing. Most campers do not think about repairs until something rips, making these more valuable than many larger accessories. 
Walmart.com

3. A compact waterproof or water-resistant power bank — about $13

A power bank is not just for entertainment. It keeps phones, rechargeable headlamps and other USB devices working during outages or emergencies. The Ozark Trail 10,000 mAh model is IPX4 water-resistant and has two charging ports.

4. A separate utility tarp — roughly $11–$20

Even when your tent includes a rainfly, a tarp can become a cooking-area roof, groundsheet, windbreak, gear cover, picnic shelter or emergency tent repair. A smaller 6-by-8-foot heavy-duty tarp is easier to handle than an oversized model. 
Walmart.com

5. A miniature headlamp for every camper — around $2 each

Walmart’s inexpensive Ozark Trail mini headlamps are easy to dismiss because they are only 25 lumens, but they are ideal for bathroom trips, searching inside a tent or serving as backups. Hands-free lighting is considerably more practical than holding a flashlight while cooking or setting up camp. 
Walmart.com

6. Waterproof pouches — about $10 for two

These are useful for separating phones, matches, medication, documents, keys and wet toiletries. They also make it easier to find small essentials inside a crowded tent or gear bin. Walmart currently lists an Ozark Trail two-pack with adjustable straps. 
Walmart.com

7. Head mosquito net — about $4

Bug spray does not always provide enough protection, particularly around the face or when insects are persistent. A head net weighs almost nothing and can dramatically improve evenings, hikes and campsite meal preparation. 
Walmart.com

8. Paracord plus inexpensive carabiners — roughly $9 combined

This combination can secure tarps, create clotheslines, hang lanterns, organize equipment and stabilize loose items. Walmart lists 50 feet of Ozark Trail utility cord for about $5.50 and small carabiner two-packs for about $3.50. These carabiners are for gear organization, not climbing or personal safety. 
Walmart.com

9. Portable solar-style camp shower — about $13.50

A five-gallon camp shower can also function as a warm-water reservoir for washing hands, rinsing dishes or cleaning muddy feet. It becomes especially valuable at primitive campsites without nearby facilities. 
Walmart.com

10. Collapsible or compact mess kit — about $12.50

A nesting or silicone mess kit prevents disposable plate waste and takes up little space. It is easy to overlook because ordinary kitchen dishes technically work, but purpose-built pieces are easier to pack and less likely to break. 
Walmart.com

Best three for most campers

Start with the collapsible sink, repair patches and small utility tarp. Together they address campsite cleanliness, damaged gear and unexpected weather for under roughly $30–$35 at the prices observed. Prices and inventory can vary by location and fulfillment method.

Sources

https://www.walmart.com/ip/Ozark-Trail-10-Quart-Collapsible-Sink-12-1-in-L-x-12-1-in-W-x-2-75-in-H-7-87-in-Expanded/776443591

https://www.walmart.com/ip/Gear-Aid-Tenacious-Tape-Patches-Black/37022260

https://www.walmart.com/ip/Gear-Aid-Tenacious-Tape-1-5-x-60-Repair-Tape-Clear/51085311

https://www.walmart.com/ip/10000MAH-POWER-BANK/9371109713

https://www.walmart.com/ip/Ozark-Trail-Heavy-Duty-Tarp-6-x-8-Material-PE/497167369

https://www.walmart.com/ip/Gorilla-Glue-6012160-Gorilla-Tape-12-Yard-Roll/15085311

https://www.walmart.com/ip/ONN-10K-WITH-C/14817413636

https://www.walmart.com/ip/Sigman-6-x-8-Silver-Heavy-Duty-Tarp/742666070

https://www.walmart.com/ip/onn-8000mAh-Portable-Battery-Power-Bank-with-USB-A-to-C-Charging-Cable-LED-Indicator-Black/5266111773

https://www.walmart.com/browse/sports-outdoors/camping-accessories/ozark-trail/4125_546956_4128_1080844/YnJhbmQ6T3phcmsgVHJhaWwie"
Which Walmart camping essentials should every beginner buy first?,"For a first car-camping trip, buy essentials in this order:

Tent with rainfly — choose one rated for at least one more person than will actually sleep in it. The Ozark Trail 4-person dome tent is a strong low-cost starter; the instant cabin version costs more but is much easier to pitch.

Temperature-appropriate sleeping bag — Walmart’s 50°F Ozark Trail bags are suitable for warm summer nights, not genuinely cold weather. Check the overnight forecast before choosing a rating.

Sleeping pad or air mattress — insulation underneath you matters nearly as much as cushioning. Add a battery-powered pump if using an air mattress. Walmart currently lists airbeds and pumps among its core camping categories. 
Walmart.com

Headlamp plus lantern — a headlamp keeps both hands free; a lantern lights the tent or picnic table. Walmart currently lists a three-pack of Ozark Trail lanterns for about $20, though local pricing can vary. 
Walmart.com

Cooler and drinking-water container — beginners should bring more water than they expect to use. Walmart’s current camping assortment includes a 48-quart Igloo cooler and a seven-gallon Reliance water container. 
Walmart.com

Simple cooking setup — start with a single-burner stove, fuel, lighter, one pan, utensils and easy meals. A stove is more dependable than planning every meal around a campfire. Walmart currently lists a Coleman single-burner stove around $25 and tabletop models from roughly $30. 
Walmart.com

First-aid kit, insect repellent and sunscreen — keep these accessible rather than buried inside the tent. Walmart’s camping section currently features outdoor first-aid kits and DEET insect repellent. 
Walmart.com

Camp chair — not technically necessary, but it makes a first trip considerably more comfortable; basic Ozark Trail chairs are currently listed under $10. 
Walmart.com

Ozark Trail 6-Piece Camping Combo
$120.47•Ideal starter bundle for camping beginners.
Ozark Trail 4-Person Instant Cabin Tent
$109.00•Quick setup tent with LED-lit hub.
Ozark Trail 4-Person Dome Tent
$34.97•Affordable 4-person dome tent for budget camping.
Ozark Trail 3-Person Dome Tent
$29.97•Compact tent designed for two campers.
Ozark Trail 50°F Sleeping Bag
$16.48•Warm-weather sleeping bag, great for mild nights.
Ozark Trail 50-Degree Rectangular Sleeping Bag
$19.97•Basic rectangular sleeping bag for casual camping.
Ozark Trail 2-Person Hiker Tent
$55.87•Lightweight tent perfect for hikers.
Ozark Trail 2-Person Tent with Vestibule
$79.88•Spacious tent with extra vestibule storage.

Best beginner strategy: spend first on a weather-appropriate tent, sleep system and lighting. Borrow or use household cookware for the first trip, and skip large canopies, premium grills, oversized multitools and survival gadgets until you know what kind of camping you enjoy.

Sources used

https://www.walmart.com/cp/camping-gear/4128

https://www.walmart.com/c/kp/camping-gear-checklist

https://www.walmart.com/browse/sports-outdoors/shop-camping-brands/4125_546956_4128_2487866

https://www.walmart.com/ip/Ozark-Trail-6-Piece-Camping-Combo-Green-Includes-tent-chairs-sleeping-bags-and-table/230446306

https://www.walmart.com/ip/Ozark-Trail-4-Person-Instant-Cabin-Tent-with-LED-Lighted-Hub/755815422

https://www.walmart.com/ip/Ozark-Trail-9-x-7-4-Person-Dome-Backpacking-Tent/22630912

https://www.walmart.com/ip/Ozark-Trail-3-Person-Clip-Camp-Dome-Tent-7-x-7-x-44/587622916

https://www.walmart.com/ip/Ozark-Trail-50-Degrees-Fahrenheit-Warm-Weather-Sleeping-Bag/688639580

https://www.walmart.com/ip/Ozark-Trail-50-Degree-Rectangular-Sleeping-Bag-33-x75/250528859

https://www.walmart.com/ip/Ozark-Trail-2-Person-Hiker-Tent/5173151151

https://www.walmart.com/ip/Ozark-Trail-2-Person-Tent-with-Oversized-Vestibule-Blue/974920483"
What is the best sleeping bag at Walmart for cold-weather camping?,"Best overall: OmniCore Designs 10°F Mummy Sleeping Bag

The OmniCore Designs M-3D 10°F Mummy Sleeping Bag is my top Walmart pick for serious cold-weather camping. Its mummy shape retains heat better than roomy rectangular bags, and OmniCore says its 10°F rating was validated through independent EN-standard testing. It is currently about $139.97, with a 4.8/5 rating from 61 reviews.

OmniCore Designs 10°F Mummy Sleeping Bag
$139.97•All-season mummy bag with multi-down insulation, ideal for cold camping.
Coleman Heritage 0°F Big & Tall Sleeping Bag
$74.89•Affordable, spacious bag for cold weather, great for big and tall users.
TETON Celsius XL Sleeping Bag
$84.97•Extra room and comfort with a large, all-season design.
Kelty Cosmic 0 Sleeping Bag
$229.99•Premium down fill for warmth and durability in cold conditions.
Best value for car camping

Choose the Coleman Heritage Big & Tall when comfort and price matter more than packed size. At roughly $74.89, it has a flannel liner, draft tube, spacious 40-by-84-inch design and a strong 4.6/5 rating from 129 buyers.

One caution: Walmart markets the current version as a 0°F bag, while Coleman’s own product page describes the Heritage as a 10°F cold-weather bag. I would therefore treat it as a comfortable car-camping choice around 15–25°F, rather than depend on it at an actual 0°F. 
Walmart.com
+1

Whichever bag you select, pair it with an insulated sleeping pad. A cold ground can pull away substantial heat even when the sleeping bag itself has a low temperature rating.

Sources used

https://www.walmart.com/ip/OmniCore-Designs-M-3D-10F-12-2C-Multi-Down-Hooded-Mummy-Sleeping-Bag/450081261

https://www.walmart.com/ip/Coleman-Heritage-10-Degree-Cold-Weather-Rectangular-Big-and-Tall-Sleeping-Bag-Brown-40-x-84/28966578

https://www.walmart.com/ip/TETON-Sports-Celsius-XL-Sleeping-Bag-Cold-Weather-20-F-All-Season-Camping-Gear-Mummy-Hood-Draft-Tubes-Compression-Sack-Fits-Adults-6-6-Ivy-Green/17599571474

https://www.walmart.com/ip/Kelty-Cosmic-0-Sleeping-Bag/572510911

https://www.coleman.com/camp-sports/sleeping-bags-beds/sleeping-bags-by-temp/heritage-big-and-tall-sleeping-bag/SAP_2000008710.html"
Which budget camping chair at Walmart is the most comfortable?,"The Coleman Camping Chair with Built-In 4-Can Cooler is the most comfortable budget pick at Walmart. It costs about $35 and combines a fully cushioned seat and back with adjustable armrests and a roomy design. It also has a strong 4.6/5 rating from over 2,000 reviews. An independent 2026 camping-chair test named the Coleman Cooler Quad Chair its best budget option. 
Treeline Review

Coleman Camping Chair with Built-In 4-Can Cooler
$34.99•Comfortable camping chair with built-in cooler pouch.
Ozark Trail Adult Oversized Mesh Camp Chair with Cooler
$33.96•Oversized mesh chair with cooler, ideal for larger users.
Ozark Trail Deluxe Folding Camping Arm Chair
$20.97•Affordable folding arm chair for casual camping.

The Ozark Trail Oversized Mesh Chair is a strong alternative for larger campers or hot weather. It supports up to 400 pounds, has breathable mesh and earns a higher 4.7/5 customer rating, but its less-padded construction may not feel as plush during long sits.

Bottom line: Choose the Coleman for lounging around a campsite, tailgate or fire for several hours. Choose the Ozark Trail oversized model when extra room, airflow or weight capacity matters more.

Sources:

https://www.walmart.com/ip/Coleman-Oversized-Quad-Chair-with-Cooler-Pouch/20594238

https://www.walmart.com/ip/Ozark-Trail-Adult-Oversized-Mesh-Camp-Chair-with-Cooler-Green-Gray/536752671

https://www.walmart.com/ip/Ozark-Trail-Deluxe-Folding-Camping-Arm-Chair/23864494

https://www.treelinereview.com/gearreviews/best-camping-chairs"
What are the best Walmart tents for first-time campers?,"For most first-time car campers, the best Walmart tent is a simple four- or six-person dome tent. They are easier to pitch, cheaper, and less cumbersome than large multiroom tents.

Ozark Trail 4-Person Clip & Camp Dome Tent
$39.97•Affordable 4-person dome tent, ideal for budget camping.
Coleman Sundome 4-Person Tent
$82.00•Reliable 4-person dome tent with good overall features.
Ozark Trail 6-Person Clip & Camp Dome Tent
$79.00•Spacious 6-person dome tent, great for family camping.
Ozark Trail 4-Person Instant Cabin Tent with LED Hub
$109.00•Easy-to-setup 4-person cabin tent with LED lighting.
Top recommendations
1. Ozark Trail 4-Person Clip & Camp Dome Tent — best budget choice

At about $40, this is the most sensible starter tent for one or two adults who expect mild-weather camping. It weighs under eight pounds, fits a queen air mattress, and includes a seam-taped removable rainfly, mesh ventilation, storage pockets, a mud mat, and electrical-cord access. Its 4.3-star rating across more than 1,200 reviews is strong for such an inexpensive tent. 
Walmart.com

Best for: solo campers, couples and occasional weekend trips.
Drawback: its 50-inch peak height means adults cannot stand upright.

2. Coleman Sundome 4-Person — best overall for beginners

The Coleman costs more—currently around $82—but provides a better balance of straightforward setup, ventilation and proven weather features. Walmart lists a roughly 10-minute setup, a rainfly, large windows, a ground vent and a frame designed for winds above 35 mph. It currently has a 4.5-star rating from more than 1,300 reviews.

Independent testing also characterizes the Sundome as an affordable, uncomplicated car-camping tent, though its relatively short rainfly makes it better for ordinary summer conditions than severe storms. 
Wilderness Times
+1

Best for: beginners who anticipate camping several times rather than only once.
Drawback: costs roughly twice as much as the basic Ozark Trail dome.

3. Ozark Trail 6-Person Clip & Camp Dome Tent — best for a small family

This model measures 12 by 8.5 feet, has a six-foot center height and accommodates two queen air mattresses. At roughly $79–$82, it gives two adults and one or two children considerably more usable room than a nominal four-person tent. It also has a seam-taped rainfly, ventilation panels, storage pockets and a 4.3-star rating from thousands of reviews. 
Walmart.com

Best for: families of three or four, or couples wanting standing room.
Drawback: larger footprint and slightly more setup work.

4. Ozark Trail 4-Person Instant Cabin with LED Hub — easiest to pitch

Pre-attached poles allow an advertised 60-second setup, removing one of the most frustrating parts of a beginner’s first trip. The built-in LED hub is convenient at night, and the tent fits one queen airbed. Its current price is about $109.

Best for: campers prioritizing convenience over price.
Drawback: heavier and bulkier than a conventional dome tent.

My buying recommendation

For one or two campers, buy the Ozark Trail 4-Person Dome when minimizing cost is the priority, or the Coleman Sundome 4-Person for a more dependable long-term purchase.

For three or four campers, choose the Ozark Trail 6-Person Dome. Tent capacity ratings assume people sleeping closely together, so beginners are usually happier buying a tent rated for roughly two more people than will actually use it.

Whichever model you choose, practice setting it up at home first, stake out every corner and rainfly line, and place a footprint or properly folded tarp beneath it. Do not let the tarp extend beyond the tent floor, where it can collect rainwater.

Sources

https://www.walmart.com/ip/Ozark-Trail-4P-Dome-Tent/6298615813

https://www.walmart.com/ip/Ozark-Trail-8-x-8-5-x-50-4-Person-Clip-Camp-Dome-Tent/257465101

https://www.walmart.com/ip/OT-6P-DOME-TENT/6249506446

https://www.walmart.com/ip/Ozark-Trail-4-Person-Instant-Cabin-Tent-with-LED-Lighted-Hub/755815422

https://www.walmart.com/ip/Coleman-Sundome-4-Person-Dome-Camping-Tent-1-Room-Green/5499826626

https://wildernesstimes.com/tents/coleman-sundome-4-person-tent-review/

https://www.sfgate.com/shopping/article/best-camping-tents-20290322.php"
Which Walmart camping gear works best for families?,"For most families, the best Walmart camping gear is roomy, quick to set up, easy to clean, and suitable for car camping. These are the strongest current picks:

Ozark Trail 10-Person Instant Cabin Tent
$159.00•Spacious family tent with quick setup, ideal for group camping.
Ozark Trail 10-Person Tent with Screen Porch
$129.00•Tent with screened porch for outdoor relaxing and bug protection.
Ozark Trail 6-Piece Camping Combo
$120.47•Starter bundle includes tent, chairs, sleeping bags, and table.
Ozark Trail 2-Burner Propane Stove
$46.84•Portable stove with two burners, perfect for family cooking.
Ozark Trail Aluminum Camping Table
$35.96•Lightweight aluminum table for outdoor meals and prep.
Ozark Trail Oversized Mesh Chair with Cooler
$33.96•Oversized mesh chair with cooler, great for relaxing.
Coleman Chair with Built-In Cooler
$34.99•Comfortable camping chair with built-in cooler for long stays.
Ozark Trail Inflatable Sleeping Pad
$30.88•Inflatable sleeping pad designed for warm-weather camping.
Ozark Trail 50-Degree Sleeping Bag
$16.48•Budget-friendly sleeping bag for temperatures down to 50°F.
Ozark Trail Basic Quad Chair
$9.97•Affordable quad chair with cup holder, suitable for kids or casual use.
Best overall setup

Tent: The Ozark Trail 10-Person Instant Cabin Tent is my top family pick. It sets up in under two minutes, fits two queen airbeds, and has a divider that creates separate sleeping areas. At about $159, it offers a good balance of space and convenience.

For families dealing with bugs, muddy shoes, or lots of gear, the 10-Person Modified Dome Tent with Screen Porch is arguably more practical. It has three rooms, space for three queen airbeds, and a screened entry area, currently around $129.

Cooking: Choose the Ozark Trail 2-Burner Propane Stove. Two independently usable 10,000-BTU burners make it much easier to prepare a family meal than a single-burner stove. It was listed around $47.

Dining and organization: The lightweight Ozark Trail Aluminum Camping Table works well for meals, food preparation, games, and keeping supplies off the ground. It folds down and weighs under five pounds.

Seating: Basic $9–$10 Ozark Trail quad chairs are sufficient for children or occasional trips. Adults spending several evenings around the fire will probably prefer the oversized mesh chair or Coleman cushioned chair with a built-in cooler.

Sleeping: The Ozark Trail inflatable pad is an affordable option for summer camping, but its stated R-value of 1.5 makes it better for temperatures above approximately 40°F. Pair it with the inexpensive 50-degree sleeping bags only for warm-weather trips.

Best purchase order for a family

A tent rated for at least two more people than your actual group size

Sleeping pads or air mattresses

Temperature-appropriate sleeping bags

Two-burner propane stove

Cooler and water containers

Chairs and folding table

Lanterns, headlamps, tarp and first-aid kit

A family of four should generally shop for a six- to ten-person tent, rather than a four-person model. Manufacturer capacity ratings normally assume people sleeping closely together and leave little room for bags, clothing, or children’s gear. Walmart’s current camping department includes tents, canopies, sleeping bags, coolers and cooking equipment. 
Walmart.com

Prices and availability can vary by location and delivery address.

Sources used:

https://www.walmart.com/ip/Ozark-Trail-14-x-10-10-Person-Instant-Cabin-Tent-31-86-lbs/41474526

https://www.walmart.com/ip/Ozark-Trail-10-Person-Modified-Dome-Tent-with-Screen-Porch/171995710

https://www.walmart.com/ip/Ozark-Trail-10-Person-Modified-Dome-Tent-with-Screen-Porch/5180321072

https://www.walmart.com/ip/Ozark-Trail-6-Piece-Camping-Combo-Green-Includes-tent-chairs-sleeping-bags-and-table/230446306

https://www.walmart.com/ip/2-BURNER-CAMP-STOVE/9531902692

https://www.walmart.com/ip/Ozark-Trail-Aluminum-Camping-Table-Silver/531930310

https://www.walmart.com/ip/Ozark-Trail-Adult-Oversized-Mesh-Camp-Chair-with-Cooler-Green-Gray/536752671

https://www.walmart.com/ip/Coleman-Adult-Camping-Chair-with-Built-In-4-Can-Cooler-Blue/20594236

https://www.walmart.com/ip/Ozark-Trail-Adult-Inflatable-Camp-Sleeping-Pad-Blue-Size-78-L-x-25-W-x-3-5-H/3679114451

https://www.walmart.com/ip/Ozark-Trail-50-Degrees-Fahrenheit-Warm-Weather-Sleeping-Bag/688639580

https://www.walmart.com/ip/Ozark-Trail-Adult-Basic-Quad-Folding-Camp-Chair-with-Cup-Holder-Orange/5370390850

https://www.walmart.com/cp/camping-gear/4128"
What are the best lightweight camping products at Walmart for easy packing?,"Ozark Trail 1-Person Lightweight Backpacking Tent
$80.00•Lightweight shelter ideal for solo backpacking.
Ozark Trail 50°F Compact Mummy Sleeping Bag
$19.88•Compact sleeping bag for cold nights.
Aonhom Ultralight Inflatable Sleeping Pad
$26.89•Inflatable pad with built-in pump, space-saving.
Ozark Trail Closed-Cell Foam Sleeping Pad
$14.98•Dependable foam pad for basic camping.
Ozark Trail Folding Butane Stove
$44.62•Portable stove perfect for small campsites.
Ozark Trail 25L Hiking Backpack
$10.88•Affordable 25L backpack for day hikes.
Ozark Trail LED Camping Lantern
$14.97•Bright LED lantern for budget outdoor lighting.
Ozark Trail Quad Folding Camp Chair
$8.97•Folding camp chair with cup holder, great for camping.
Best lightweight Walmart camping picks

1. Ozark Trail 1-Person Lightweight Backpacking Tent — best overall shelter
At a listed 3.65 pounds, this is the strongest option for solo campers who need a tent that is genuinely manageable on foot. Aluminum poles and stakes, a full rainfly and a vestibule make it more trail-ready than Walmart’s inexpensive family dome tents.

2. Ozark Trail 50°F Compact Mummy Sleeping Bag — best warm-weather bag
The mummy shape saves space, and the included compression stuff sack makes it much easier to pack than a bulky rectangular sleeping bag. Its 50°F rating makes it primarily a mild-weather choice, not a cold-season bag.

3. Aonhom Ultralight Inflatable Sleeping Pad — best for minimum packed volume
An inflatable pad is the best choice when backpack space matters more than absolute simplicity. This one includes a pillow and foot pump, although it is sold by a Walmart Marketplace seller rather than directly by Walmart.

4. Ozark Trail Closed-Cell Foam Pad — best reliable budget pad
It is lightweight, waterproof and inexpensive, with no valves or pump to fail. The tradeoff is that it rolls up rather than packing down into a tiny bundle, so it is better attached outside a backpack.

5. Ozark Trail Folding Butane Stove — best compact cooking option
The burner folds into its integrated carrying case and provides 5,300 BTUs with push-button ignition. It is a practical space-saving stove for simple meals, though the fuel canister still adds weight and volume.

6. Ozark Trail 25L Hiking Backpack — best for day trips
The 25-liter capacity, hydration compatibility and padded back make it suitable for short hikes or carrying essentials around camp. For an overnight backpacking trip, most campers will need something closer to 40–60 liters. Walmart’s backpacking department specifically organizes products around lightweight tents, sleeping bags, pads, stoves and packs. 
Walmart.com
+1

7. Ozark Trail LED Lantern — best compact campsite light
This is inexpensive and highly rated, but 1,500-lumen-class lanterns are more appropriate for car camping than ultralight backpacking. For hiking, a small headlamp would usually provide better light per ounce.

8. Ozark Trail Quad Chair — best low-cost packable chair
It folds into a carry bag and costs very little, but its steel frame means it is only “portable,” not truly ultralight. Skip it when carrying everything for several miles; take it for car camping, festivals and short walks.

Best easy-packing combination

For a lightweight solo warm-weather setup, I would choose the 1-person tent, compact mummy bag, inflatable pad, folding stove and a small headlamp or lantern. Add the foam pad when durability matters more than packed size, and add the chair only when you are camping near your vehicle.

Prices and availability can vary by location and change frequently; Walmart currently maintains dedicated backpacking, sleeping-pad and Ozark Trail sections for comparing alternatives. 
Walmart.com
+2
Walmart.com
+2

Sources:

https://www.walmart.com/ip/Ozark-Trail-1-Person-Lightweight-Backpacking-Tent-82-in-x-51-in-3-65-lb-Carry-Weight-Orange/3388813994

https://www.walmart.com/ip/Ozark-Trail-50F-Compact-Mummy-Adult-Sleeping-Bag-Green-88-6-x-31-5/5016405570

https://www.walmart.com/ip/Aonhom-Camping-Sleeping-Pad-Ultralight-Inflatable-Mat-Pillow-Built-in-Foot-Pump-Pads-Compact-Backpacking-Hiking-Traveling-Tent-Grey/17449822452

https://www.walmart.com/ip/Ozark-Trail-Closed-Cell-Foam-Blue-Camp-Sleeping-Pad/634956813

https://www.walmart.com/ip/STOVE/18582357361

https://www.walmart.com/ip/Ozark-Trail-Hiker-Backpack-25-Liter-Black/1471296137

https://www.walmart.com/ip/OT-1500L-LANTERN/17208817585

https://www.walmart.com/ip/Ozark-Trail-Adult-Basic-Quad-Folding-Camp-Chair-with-Cup-Holder-Black/983249623

https://www.walmart.com/browse/sports-outdoors/backpacking-gear/4125_546956_4128_4639316

https://www.walmart.com/browse/sports-outdoors/all-sleeping-pads-mats/4125_546956_4128_4639316_1080584

https://www.walmart.com/cp/ozark-trail/2559937

https://www.walmart.com/browse/sports-outdoors/hiking-backpacking-packs/4125_546956_4128_4639316_1319797_2024633"
Which Walmart outdoor essentials are best for staying dry in rainy weather?,"For staying dry outdoors, the best setup is a layered rain kit: wearable protection, waterproof storage, and a tarp for shelter.

Frogg Toggs Ultra-Lite2 Rain Suit
$26.59•Full coverage rain suit for reliable protection.
Frogg Toggs Ultra-Lite2 Rain Poncho
$12.99•Packable poncho ideal for quick rain protection.
Ozark Trail EVA Rainwear Suit
$18.76•Budget-friendly rain suit with good coverage.
Frogg Toggs Emergency Poncho
$7.86•Emergency backup poncho for unexpected rain.
Ozark Trail Dry Bags 2-Pack
$14.98•Value-packed dry bags for waterproof storage.
Ozark Trail Tritech 5L Dry Bag
$9.97•Compact dry bag for small essentials.
Outdoor Products 20L Watertight Dry Bag
$8.88•Large waterproof dry bag for valuables.
Ozark Trail Heavy-Duty 6' x 8' Tarp
$10.87•Heavy-duty tarp for durable outdoor shelter.
Hyper Tough Light-Duty 6' x 8' Tarp
$4.97•Affordable tarp for light weather protection.
Outdoor Products 5L Go Dry Bag
$4.97•Lightweight dry bag for small items.
Best choices

Best overall: Frogg Toggs Ultra-Lite2 Rain Suit — about $26.59
The jacket-and-pants combination provides considerably better protection than a poncho when rain is heavy, windy, or prolonged. The adjustable hood and storm flap are especially useful for hiking, fishing, sporting events, and campsite setup.

Best lightweight option: Frogg Toggs Ultra-Lite2 Poncho — about $12.99
It weighs roughly nine ounces, packs into its own storage sack, and has an adjustable hood and side snaps. It is easier to carry than a full suit and can also cover part of a daypack.

Best budget suit: Ozark Trail EVA Rainwear Suit — about $18.76
This includes both a hooded jacket and elastic-waist pants. It is a sensible choice for occasional camping, yardwork, festivals, or keeping in a vehicle, although the EVA construction may feel less breathable during strenuous activity.

Best emergency backup: Frogg Toggs Emergency Poncho — about $7.86
Small enough to keep permanently in a backpack, glove compartment, tackle box, or stadium bag. Walmart also carries basic Ozark Trail emergency ponchos from around $1.98, but those are better regarded as single-use insurance than dependable camping gear. 
Walmart.com
+1

Best gear protection: Ozark Trail Dry Bags 2-Pack — about $14.98
The set includes 5-liter and 10-liter roll-top bags with welded seams and an IPX6 rating. Use one for electronics and documents and the other for spare clothing or food. 
Walmart.com

Best tarp: Ozark Trail Heavy-Duty 6' × 8' Tarp — about $10.87
A tarp is one of the most versatile rainy-weather purchases: suspend it above a campsite, place it beneath gear, cover firewood, or create a dry cooking area. Add several lengths of paracord or utility rope, since the tarp alone cannot form a shelter.

My recommended rain kit

For most people, I would buy:

Frogg Toggs Ultra-Lite2 poncho

Ozark Trail two-pack dry bags

Ozark Trail 6' × 8' heavy-duty tarp

One inexpensive emergency poncho per person

That combination costs roughly $40–$45 before tax and protects both you and your equipment. Choose the full Frogg Toggs rain suit instead of the poncho when you expect sustained rain, strong wind, or significant walking.

Prices and local availability can vary by size, color, store, and seller.

Sources

https://www.walmart.com/browse/sports-outdoors/rainwear/4125_546956_4128_1800746_5376162

https://www.walmart.com/ip/Ozark-Trail-Emergency-Poncho-Clear-One-Size/624182994

https://www.walmart.com/ip/Ozark-Trail-Dry-Bags-2-pack/10056713384"
What are the best camping lights and lanterns to buy at Walmart?,"Best camping lights and lanterns at Walmart

For most campers, the best setup is one bright central lantern plus one small lantern per tent. Rechargeable models are convenient, while hybrid or replaceable-battery lights provide better backup on longer trips. Current expert guides similarly emphasize adjustable brightness, practical runtime, weather resistance, and easy hanging or placement. 
CleverHiker
+1

COAST EAL30R 1000-Lumen Rechargeable Lantern
$19.97•Rechargeable lantern offers high brightness and versatility.
Ozark Trail 600-Lumen Lantern and String Light
$18.46•Combo lantern and string light ideal for campsite ambiance.
Ozark Trail 1000-Lumen LED Lantern
$9.97•Affordable LED lantern with bright 1000 lumens.
Ozark Trail 4000-Lumen Rechargeable Lantern
$29.97•Powerful rechargeable lantern with 4000 lumens for outdoor use.
Jeep 1000-Lumen Hybrid Rechargeable Lantern
$29.99•Hybrid lantern with 1000 lumens and multiple power options.
Ozark Trail 1500-Lumen Tri-Power Lantern
$39.96•Tri-power lantern provides emergency backup with 1500 lumens.
Ozark Trail 180-Lumen Mini Lantern
$6.97•Mini tent light with 180 lumens, compact and easy to carry.
Ozark Trail 500-Lumen Mini Lantern
$4.97•Small, bright lantern with 500 lumens for camping or home.
Ozark Trail Rechargeable Lantern 3-Pack
$19.98•Family set of rechargeable lanterns for group camping.
Energizer Vision 1200-Lumen Lantern
$26.27•Proven brand LED lantern with 1200 lumens for reliable lighting.
Top recommendations

Best overall: COAST EAL30R — $19.97
Its combination of 1,000 lumens, USB-C charging and backup operation using four AA batteries makes it one of the most practical choices for multiday camping. It also offers warm, cool and daylight-white modes.

Best value: Ozark Trail 1000-Lumen LED Lantern — $9.97
A strong choice for first-time campers. It has five modes, including low and candle-flicker settings, and over 460 customer reviews. Walmart also lists a 1,500-lumen version for $14.97. 
Walmart.com

Best for lighting the whole campsite: Ozark Trail 600-Lumen Lantern and String Light — $18.46
This versatile model functions as a lantern, a 32.5-foot string light or both simultaneously. It is especially useful around picnic tables, shelters and family campsites.

Best high-output option: Ozark Trail 4000-Lumen Rechargeable Lantern — $29.97
Ideal for large campsites, cooking areas and power outages. It adds water resistance, four light modes and a Qi wireless charging pad. The tradeoff is greater size and faster battery consumption at maximum brightness.

Best for extended or emergency use: Ozark Trail Tri-Power Lantern — $39.96
It can recharge through USB, solar power or a hand crank and includes a 4,000-mAh power bank. This is the most versatile choice for remote camping, although solar and crank charging should generally be treated as backup methods.

Best small tent light: Ozark Trail 180-Lumen Mini Lantern — $6.97
Its white, red and red-flashing modes make it more tent-friendly than an excessively bright lantern. Red light is helpful when you need low-level illumination without flooding the tent with white light.

Best family bundle: Ozark Trail Rechargeable 300-Lumen 3-Pack — $19.98
Place one in each tent or distribute them among family members. The retractable design and stepless dimming make them easier to use as personal lights.

Buying recommendation

For a typical weekend car-camping trip, I would buy the COAST EAL30R as the main lantern and one Ozark Trail 180- or 500-lumen mini lantern for each tent. For a larger family campsite, replace the main lantern with the Ozark Trail lantern/string-light combination.

Prices and stock were checked on July 14, 2026, but Walmart availability can vary by store and delivery location.

Sources

https://www.walmart.com/browse/sports-outdoors/ozark-trail-lanterns/4125_546956_4128_645883_1334277_8817699

https://www.cleverhiker.com/camping/best-lanterns/

https://gearjunkie.com/camping/best-camping-lantern

https://www.walmart.com/ip/EAL30R-1000-Lumen-Rechargeable-Lantern/11542952308

https://www.walmart.com/ip/OT-2IN1-LIGHT/9372772533

https://www.walmart.com/ip/OT-1000L-LANTERN/17188821838

https://www.walmart.com/ip/OT-4000L-LANTERN/17270401006

https://www.walmart.com/ip/Jeep-Hybrid-Rechargeable-LED-Lantern-1-000-Lumens/17242854648

https://www.walmart.com/ip/OT-1500L-TRI-LANTERN/17673072254

https://www.walmart.com/ip/Ozark-Trail-Lantern-180-Lumens-LED-Mini-Camping-White-and-Red-Light/1631378753

https://www.walmart.com/ip/Ozark-Trail-500-Lumen-3AAA-LED-Lantern/18070124932

https://www.walmart.com/ip/DAWN-RISE-LANTER-OZARK-TRAIL/17540315403

https://www.walmart.com/ip/Energizer-14438842-Vision-LED-USB-Lantern-1200-Lumens-Light-Output/191465282"
Which portable cooking products at Walmart are best for campsite meals?,"For most campsite meals, a two-burner propane stove plus one durable skillet is the most practical setup. It handles breakfast, boiling water, pasta, chili, and side dishes without taking up the space of a full grill.

Ozark Trail 2-Burner Propane Camping Stove
$46.84•Affordable 2-burner propane stove with good value.
Coleman Triton+ 2-Burner Camping Stove
$97.44•Precise heat control for camping cooking.
Coleman Classic 3-in-1 Camping Stove
$168.00•Versatile 3-in-1 stove with multiple cooking options.
Coleman 4-in-1 Portable Cooking System
$114.99•Compact 4-in-1 system for versatile outdoor cooking.
Coleman Bottle Top 1-Burner Stove
$39.99•Ideal solo stove, lightweight and easy to carry.
Coleman Cascade 18 1-Burner Stove
$76.99•Space-saving tabletop stove with reliable performance.
Mainstays 12-Inch Cast Iron Skillet
$12.19•Budget-friendly cast iron skillet for camping.
Lodge 10.25-Inch Cast Iron Skillet
$29.92•Durable, seasoned cast iron skillet for outdoor use.
Best choices by campsite need

Best overall value: Ozark Trail 2-Burner Propane Stove — about $47
Its two 10,000-BTU burners let you cook a main dish and side simultaneously, while built-in wind guards help maintain the flame. With a 4.5-star rating from more than 2,000 reviews, it is the strongest budget choice for regular car camping. 
Walmart.com

Best upgrade: Coleman Triton+ — about $97
Choose this for better burner control, push-button ignition and a built-in carrying handle. It is particularly useful when you need to simmer sauces, oatmeal or rice rather than simply boil and fry. 
Walmart.com

Best for varied meals: Coleman Classic 3-in-1 — about $168
The removable cast-iron grill and griddle make it easy to switch between pancakes, eggs, burgers, vegetables and standard pots. It costs more, but reduces the number of separate cooking accessories you need to pack.

Best compact cooking system: Coleman 4-in-1 — about $115
This includes stove, wok and reversible grill/griddle inserts. Its 100-square-inch surface is better for one or two campers than a large group, but the removable legs and nesting components make packing easier.

Best for solo campers: Coleman Bottle Top Stove — about $40
A simple 10,000-BTU burner that attaches directly to a propane cylinder. It is suitable for coffee, canned meals, soup and one-pot dinners, though it is less stable and versatile than a tabletop two-burner model.

Best inexpensive pan: Mainstays 12-Inch Cast Iron Skillet — about $12
It can be used on a camp stove, grill or directly over a campfire. The large surface is useful for bacon, eggs, burgers and one-pan meals, although cast iron is heavy and better suited to car camping than backpacking.

My recommended campsite kit

For two to four people, I would buy:

Ozark Trail 2-Burner Propane Stove

Mainstays 12-Inch Cast Iron Skillet

A medium saucepan with lid

Long-handled tongs and a spatula

One-pound propane cylinders

A lighter as backup, even when the stove has electronic ignition

That combination provides the best balance of cost, cooking capacity and simplicity. For frequent camping, replace the Ozark Trail stove with the Coleman Triton+. Prices and local availability can vary by Walmart store and delivery location. 
Walmart.com
+1

Sources

https://www.walmart.com/browse/sports-outdoors/all-camping-stoves/4125_546956_4128_1080705_1080725_3765979

https://www.walmart.com/browse/sports-outdoors/camp-kitchen/4125_546956_4128_1080705

https://www.walmart.com/ip/2-BURNER-CAMP-STOVE/9531902692

https://www.walmart.com/ip/Coleman-Triton-Portable-Gas-Camping-Stove-2-Burners-Black/599728105

https://www.walmart.com/ip/Coleman-Classic-3-in-1-Camping-Stove-2-Burners-Blue-Nights/15867571717

https://www.walmart.com/ip/Coleman-4-in-1-Portable-Propane-Gas-Camping-Stove-Black/8487813186

https://www.walmart.com/ip/Coleman-One-Burner-Propane-Stove/20369794

https://www.walmart.com/ip/MS-12-CAST-IRON-PAN/145094021"
What are the best Walmart camping products for keeping food and drinks cold?,"The best choice depends on trip length, vehicle access, and how much you need to carry.

Best overall: Lifetime 55-qt Bear-Resistant Cooler

A strong choice for multi-day car camping. It holds about 60 cans, has heavy-duty construction, and is designed for high ice retention. Walmart currently lists it around $109, though prices can change. 
Walmart.com
+1

Best compact high-performance option: Lifetime 28-qt Cooler

Better for one or two campers who want premium insulation without hauling a large chest. Walmart’s listing claims up to five days of ice retention, and the cooler is IGBC-certified as bear-resistant when properly locked. 
Walmart.com
+1

Best budget hard cooler: Ozark Trail 30-qt Hard-Sided Cooler

This is the value pick for weekend trips, picnics, and campground stays where fresh ice is reasonably accessible. It holds approximately 42 cans and costs considerably less than premium rotomolded-style coolers. 
Walmart.com

Best for easy transport: Ozark Trail 30-qt Wheeled Cooler

Choose the wheeled version when the cooler will be heavily loaded or the campsite is some distance from the vehicle. It offers similar capacity to the standard 30-qt model but is easier to move around developed campgrounds. 
Walmart.com

Best iceless option: Ozark Trail HighLine 24L Electric Cooler

Useful for road trips, RV camping, or powered campsites. It plugs into a vehicle’s 12V outlet, holds about 31 cans, and cools to approximately 36°F below the surrounding temperature. Because it is thermoelectric rather than compressor-based, it is best for cool drinks and pre-chilled food—not reliably freezing items or protecting highly perishable food in extreme heat. 
Walmart.com

Best personal carry option: Ozark Trail 20-can Cooler Backpack

A practical secondary cooler for hikes, beach trips, or carrying lunches away from the main campsite. It is more portable than a hard chest, although it will not retain ice as long. 
Walmart.com

My buying recommendation

For two- to four-night car camping, get the Lifetime 55-qt. For one or two people, the Lifetime 28-qt offers a better balance of portability and insulation. For an inexpensive weekend campground trip, the Ozark Trail 30-qt is likely sufficient. Choose the HighLine electric cooler primarily when you will have continuous vehicle or campsite power.

To extend cooling time, pre-chill the cooler, start with frozen food, use block ice or frozen jugs beneath loose ice, keep drinks in a separate cooler, and minimize lid opening.

Sources:

https://www.walmart.com/ip/Lifetime-New-55-Qt-Capacity-High-Performance-Polyethylene-Cooler-Light-Gray-90949/490384164

https://www.walmart.com/browse/sports-outdoors/lifetime-coolers/4125_546956_4128_4547850_6877179_6956589

https://www.walmart.com/ip/Lifetime-28-Quart-Hard-Cooler-High-Performance-Ice-Chest-Made-in-USA/17456517036

https://www.walmart.com/ip/Lifetime-28-Quart-New-High-Performance-Polyethylene-Cooler-Gray-91289/5197667930

https://www.walmart.com/c/kp/ozark-cooler

https://www.walmart.com/ip/Ozark-Trail-Highline-12V-Iceless-30-Cans-24-L-26qt-Electric-Cooler-Portable-Travel-Thermoelectric-Car-Cooler-Grey/864893524"
Which outdoor sleeping essentials at Walmart make camping more comfortable?,"The biggest camping comfort upgrade is insulation and cushioning under your body. Build your sleep setup in this order: sleeping pad, temperature-appropriate sleeping bag, pillow, then a cot if space and weight allow.

Ozark Trail Self-Inflating Large Rectangular Sleeping Pad
$32.44•Great value sleeping pad for camping comfort.
Klymit Static V Base Sleeping Pad
$49.94•Compact design makes it easy to pack.
Teler 2-Inch Memory Foam Sleeping Pad
$41.99•Plush foam for a soft, comfortable sleep.
Coleman Ridgeline Cot with Foam Pad
$109.00•Bundle includes a cot and foam pad for convenience.
Ozark Trail Folding Camping Cot
$64.44•Affordable cot with easy setup for camping.
Ozark Trail 35°F Sleeping Bag
$19.97•Budget-friendly sleeping bag for cool weather.
Ozark Trail Closed-Cell Foam Pad
$14.98•Reliable foam pad as a backup insulator.
BreezCamp Inflatable Camping Pillow
$19.18•Inflatable pillow offers compact comfort for travel.
Best outdoor sleeping essentials

1. Ozark Trail Self-Inflating Sleeping Pad — best overall
At about $32, this 2-inch pad offers a strong balance of cushioning, packability and insulation. Its listed R-value of 5.0 makes it notably more useful in cool conditions than a basic air mattress. 
Walmart.com

2. Klymit Static V — best for backpacking-style comfort
The V-shaped chambers and side rails help distribute weight and reduce rolling off the pad. It is a better option for campers who want something lighter and less bulky than memory foam.

3. Teler Memory Foam Pad — most bed-like option
A 2-inch memory-foam mattress is ideal for car camping, SUV sleeping or placing on top of a cot. It is heavier and bulkier, but substantially more comfortable for side sleepers and people with pressure-point discomfort.

4. Coleman Ridgeline Cot with Foam Pad — best all-in-one setup
This combines an elevated cot with a foam sleeping pad. Elevation makes getting in and out easier, creates storage underneath and keeps you farther from cold or uneven ground. It was listed at $109 with a 4.5-star rating. 
Walmart.com

5. Ozark Trail Folding Cot — best affordable cot
A low-profile cot gives you a flatter sleeping surface without consuming as much tent headroom as a tall cot. Add a thin pad on top; sleeping directly on a cot can still feel firm and cold.

6. Ozark Trail 35°F Rectangular Sleeping Bag — best budget bag
At about $20, this roomy rectangular bag is a good value for mild spring, summer and early-fall car camping. Walmart listed it with more than 4,600 reviews, though the 35°F label should not be treated as a guaranteed comfort temperature for every sleeper. 
Walmart.com

7. Closed-cell foam pad — best inexpensive add-on
Use this alone for basic summer camping or beneath an inflatable pad for extra warmth, puncture protection and redundancy. The Ozark Trail version was listed around $15. 
Walmart.com

8. Inflatable camping pillow — best small luxury
A contoured inflatable pillow takes almost no packing space and is usually more supportive than stuffing clothes into a sack. Walmart carries both inflatable and foam-based camping pillow options. 
Walmart.com

Best setup by camping style

For car camping, choose a memory-foam pad or cot, rectangular sleeping bag and full-size pillow.

For tent camping with limited space, use a self-inflating pad, compact pillow and sleeping bag matched to the forecast.

For backpacking, prioritize the Klymit-style inflatable pad, a lightweight mummy bag and an inflatable pillow.

For cold nights, combine a self-inflating pad with a closed-cell foam pad. Ground insulation often improves warmth more than adding another blanket on top.

Prices and availability can vary by location and delivery method.

Sources:

https://www.walmart.com/browse/sports-outdoors/all-sleeping-pads-mats/4125_546956_4128_4639316_1080584

https://www.walmart.com/browse/sports-outdoors/camping-cots/4125_546956_4128_1080625_9599083

https://www.walmart.com/browse/sports-outdoors/sleeping-bags/4125_546956_4128_6402971

https://www.walmart.com/browse/sports-outdoors/camping-pillows/4125_546956_4128_1075006_6334652

https://www.walmart.com/ip/Ozark-Trail-35-Degree-Cool-Weather-Rectangular-Sleeping-Bag-Blue-33-x77/446606039

https://www.walmart.com/ip/OT-SELFINFL-CAMP-PAD/17413066339

https://www.walmart.com/ip/Ozark-Trail-Closed-Cell-Foam-Blue-Camp-Sleeping-Pad/634956813

https://www.walmart.com/ip/Ozark-Trail-Camping-Folding-with-Easy-Setup-Cot-Gray-Adult-75-6-in-x-25-in-x-8-46in/575222454

https://www.walmart.com/ip/Coleman-Ridgeline-Camping-Cot-with-Foam-Sleeping-Pad-26-x-13-x-75-in-Green/17215240

https://www.walmart.com/ip/Klymit-Static-V-BASE-Sleeping-Pad/17554615209

https://www.walmart.com/ip/Teler-CertiPUR-US-Foam-Camping-Mattress-Pad-Portable-Foam-Sleeping-Pad-for-Camping-Roll-up-Sleeping-Mat-for-Adults-Car-Tent-SUV-Cot-Mattress/13361156716"
What are the best Walmart products for camping in hot weather?,"For hot-weather camping, prioritize shade, airflow, cold water, food-safe cooling, and a sleep setup that does not trap heat.

Wakeman Camping Fan and Tent Light
$26.99•Best tent fan for outdoor comfort.
TELESCEPE Portable Misting Fan
$29.23•Powerful misting fan with rechargeable battery.
Frogg Toggs iCOOL Cooling Towel
$4.88•Affordable cooling towel for hot days.
Arctic Air Grip Go Cooler
$29.94•Compact evaporative cooler for portable cooling.
Arctic Air Chill Zone Cooler
$29.86•Evaporative cooler ideal for dry climates.
24000mAh Camping Misting Fan
$55.74•Long-lasting misting fan with large battery.
5-in-1 Rechargeable Misting Fan
$74.45•Versatile rechargeable misting fan with remote.
PatungKu Outdoor Misting Fan
$83.74•High-capacity outdoor misting fan for groups.
Best Walmart hot-weather camping products

1. Ozark Trail 10′ × 10′ Straight-Leg Instant Canopy
My highest-priority purchase for a sunny campsite. It provides about 100 square feet of shade, UV 50+ protection and roof ventilation. Set it over the eating and seating area—not directly above a campfire—and stake it securely. 
Walmart.com
+1

2. Rechargeable camping fan with a hanging hook
The Wakeman fan combines tent airflow with an LED light and can hang above the sleeping area or sit on a table. For harsher heat, a rechargeable misting model provides stronger daytime relief, although marketplace-brand reliability and warranties may vary.

3. Igloo 2-Gallon Insulated Beverage Jug
A separate water dispenser makes it easier for everyone to drink regularly without repeatedly opening the food cooler. Walmart’s Igloo model is insulated and has a push-button spigot and wide opening for ice. 
Walmart.com
+1

4. Ozark Trail 26-Quart High-Performance Cooler
A good choice for a weekend trip where food safety matters. The roto-molded version has thick insulation, a sealing gasket and heavy-duty latches; Walmart says certain versions can retain ice for more than four days under suitable conditions. 
Walmart.com
+1

5. Frogg Toggs iCOOL Cooling Towel
At roughly $5 when checked, this is one of the least expensive heat-comfort upgrades. Wet it, wring it out and place it around your neck during setup, hiking or cooking. It is reusable and has strong customer ratings.

6. Ozark Trail folding cot
A cot allows air to move beneath your body and is often more comfortable in heat than a thick foam or memory-foam mattress. Walmart carries several Ozark Trail models, including basic folding and oversized options. 
Walmart.com
+1

7. Reflective tarp or extra canopy wall
Use a light-colored tarp above the tent as a separate rainfly, leaving an air gap between the tarp and tent roof. That prevents direct solar load from heating the tent fabric. Avoid sealing the tent with walls during the day, since airflow is more valuable than privacy in extreme heat.

8. Reusable ice packs and two-cooler setup
Keep drinks in one cooler and food in another. The beverage cooler will be opened frequently, while the food cooler stays closed and cold. Freeze water bottles before departure so they serve as both ice and drinking water as they thaw.

Best-value setup

For most campers, I would buy these first:

Ozark Trail straight-leg canopy

Rechargeable hanging fan

Igloo two-gallon water jug

Frogg Toggs cooling towel

A dependable hard-sided cooler

Skip small evaporative “air conditioners” for humid destinations. They work best in hot, dry air and generally provide only localized cooling. A straightforward fan is usually simpler and more dependable inside a ventilated tent.

Prices and local inventory can change by store and delivery location.

Sources used:

https://www.walmart.com/ip/Ozark-Trail-10-x-10-Simple-Push-Straight-Leg-Instant-Canopy-100-Sq-ft/2912169921

https://www.walmart.com/ip/Ozark-Trail-10-x-10-Straight-Leg-Canopy-Blue/14726360422

https://www.walmart.com/ip/Wakeman-Outdoors-Camping-Fan-and-Tent-Light-Battery-Powered-Fan-Green/16669473328

https://www.walmart.com/ip/Portable-Misting-Fan-RGB-Lantern-30000-mAh-Rechargeable-Camping-Mist-Emergency-Battery-Power-Bank-Hurricane-Supplies-Perfect-Cooling-Mister-Outdoor-T/19984006283

https://www.walmart.com/ip/Igloo-2-Gal-Sports-Beverage-Cooler/24413773

https://www.walmart.com/ip/Igloo-2-Gallon-Sports-Plastic-Beverage-Jug-with-Hooks-Blue/584600534

https://www.walmart.com/ip/Ozark-Trail-26-Quart-High-Performance-Roto-Molded-Cooler-with-Microban-Gray/273217345

https://www.walmart.com/ip/Ozark-Trail-26-Quart-High-Performance-Cooler/55703255

https://www.walmart.com/ip/Frogg-Toggs-iCOOL-Cooling-Towel-Size-26-X-17/52676317

https://www.walmart.com/browse/sports-outdoors/ozark-trail-camping-cots/4125_546956_4128_1080625_9599083_3960570

https://www.walmart.com/ip/Ozark-Trail-Oversized-Cot-87-L-x-35-W-x-18-H-300-lb-Max-Polyester-Fabric/3628780024"
Which Walmart gear is best for summer camping trips?,"For summer camping, prioritize ventilation, shade, cold storage, and airflow. These Walmart picks cover the essentials without adding too much unnecessary gear. Prices and local availability may vary.

Coleman Sundome 4-Person Tent
$82.00•Ventilated 4-person tent ideal for hot weather camping.
Ozark Trail 10x10 Instant Canopy
$98.94•Provides shade and quick setup for outdoor spaces.
Igloo Latitude 52-Quart Cooler
$34.99•Large, durable cooler perfect for keeping food and drinks cold.
Ozark Trail 30-Quart Cooler
$18.44•Affordable cooler with ample capacity for budget camping.
Ozark Trail Lantern with Fan
$24.94•Lightweight lantern with fan for cooling and illumination.
Ozark Trail 1500-Lumen Lantern
$14.97•Bright 1500-lumen lantern for high visibility in campsites.
Ozark Trail Oversized Mesh Chair
$33.96•Oversized mesh chair with built-in cooler, great for summer.
Wakeman Fan and Lantern
$10.17•Portable fan and lantern combo for outdoor comfort and light.
Best overall setup

Coleman Sundome 4-Person Tent — best summer tent
Large windows and a ground vent help release trapped heat, while the included rainfly provides protection during summer showers. Its current Walmart listing shows a strong 4.5-star rating and a price around $82. 
Walmart.com

Ozark Trail 10-by-10 Instant Canopy — best daytime upgrade
A canopy is often more valuable in summer than extra tent accessories. This model provides 100 square feet of shade, UV 50+ protection and roof vents for airflow. It currently lists for about $99. 
Walmart.com

Igloo 52-Quart Overland Cooler — best for multi-day trips
For families or longer weekends, consider the wheeled Overland rather than the basic Latitude shown above. It holds up to 80 cans, has thick insulated walls, all-terrain wheels and a telescoping handle; Walmart currently lists it around $108. 
Walmart.com

Best affordable additions

Ozark Trail lantern-and-fan combo: Useful inside a warm tent because one device provides both airflow and illumination. It is currently about $25 and rated 4.2 stars.

Ozark Trail oversized mesh chair: The breathable mesh is preferable to a heavily padded chair in hot weather. It also has a built-in cooler, umbrella attachment and 400-pound capacity.

Ozark Trail 30-quart cooler: A straightforward, inexpensive option for a one- or two-night trip, currently around $18.

Ozark Trail 1500-lumen lantern: A strong campsite light with multiple modes and long low-mode runtime, currently about $15.

What I would buy first

For a typical two- or three-night car-camping trip, I would choose the Coleman Sundome, Ozark Trail canopy, a 30- to 52-quart cooler, mesh chairs and a hanging fan-light. Add a lightweight summer sleeping bag or sheet rather than a heavily insulated cold-weather bag.

Remember that a fan improves comfort but does not prevent heat illness. Bring considerably more drinking water than usual, seek shade during peak afternoon heat and never rely on a closed vehicle or poorly ventilated tent for cooling.

Sources:

https://www.walmart.com/cp/camping-gear/4128

https://www.walmart.com/ip/Ozark-Trail-10-x-10-Simple-Push-Straight-Leg-Instant-Canopy-100-Sq-ft/2912169921

https://www.walmart.com/ip/Coleman-Sundome-4-Person-Camping-Tent/5499826626

https://www.walmart.com/ip/Igloo-52-QT-Overland-Ice-Chest-Cooler-with-Wheels-White/10234262884

https://www.walmart.com/ip/OT-1500L-LANTERN/17208817585

https://www.walmart.com/ip/Camping-Lantern-with-Fan-18-LED/18095219693

https://www.walmart.com/ip/Ozark-Trail-30-Quart-Hard-Side-Cooler-42-Can-Capacity-Gray/1995571256

https://www.walmart.com/ip/Ozark-Trail-Adult-Oversized-Mesh-Camp-Chair-with-Cooler-Green-Gray/536752671

https://www.walmart.com/ip/LED-Lantern-2-1-Battery-Powered-Fan-Lantern-Wakeman-Outdoors-Emergency-Light-Portable-Fan-Camping-Gear-Hiking-Fishing-Outages/55572241"
What camping essentials should I buy at Walmart for a fall weekend outdoors?,"For a two-night fall camping trip, prioritize insulation and rain protection over extra campsite comforts. Cooler nights, damp ground, shorter daylight, and sudden weather changes are the main differences from summer camping.

What to buy first

A properly rated sleeping bag
Choose a bag rated at least 10–15°F below the forecast nighttime low. For mild early fall, the Ozark Trail 30°F oversized bag is a strong budget option at about $25; skip Walmart’s 50°F bags unless nights will remain genuinely warm.

An insulated sleeping pad
This matters nearly as much as the sleeping bag because the ground draws away body heat. Look for an insulated pad with an R-value around 3 or higher for typical fall conditions. An ordinary air mattress provides comfort but may offer little insulation. 
Condé Nast Traveler

A rain-ready tent and groundsheet
Buy a tent with a full or substantial rainfly, enough room to keep gear away from the walls, and a footprint slightly smaller than the tent floor. Walmart’s $5–$11 Hyper Tough tarps are useful as groundsheets or cooking-area rain covers. Do not let the groundsheet extend beyond the tent, where it can collect rainwater.

A headlamp and lantern
Fall gets dark early. A headlamp handles cooking and bathroom trips hands-free, while a lantern lights the table and tent. The Ozark Trail 750-lumen headlamp and 1,000-lumen lantern are inexpensive, highly rated options.

Basic cooking and food storage
Bring a camp stove with the correct fuel, lighter or matches in a waterproof bag, one pot or skillet, utensils, insulated mug, water container and cooler. Verify campground restrictions before relying on a fire for cooking.

Warm, moisture-managing clothing
Pack thermal base layers, a fleece or insulated midlayer, rain jacket, warm hat, gloves, wool or synthetic socks and a completely dry sleeping outfit. Avoid depending on cotton when conditions may be wet.

Safety and utility supplies
Bring a first-aid kit, medications, power bank, multitool, duct tape, trash bags, insect repellent, sunscreen, toilet paper, hand sanitizer and extra batteries. Walmart’s Band-Aid 160-piece kit covers common minor cuts, burns and scrapes.

Ozark Trail Oversized 30°F Sleeping Bag
$24.97•Budget-friendly, oversized sleeping bag for cool weather.
Tekari Summit 20°F Sleeping Bag
$69.97•Warm sleeping bag designed for colder nights outdoors.
Hyper Tough 6 × 8-Foot Tarp
$4.97•Affordable tarp for ground coverage and weather protection.
Hyper Tough Heavy-Duty 6 × 8-Foot Tarp
$10.94•Heavy-duty tarp for stronger rain and wind resistance.
Ozark Trail 1,000-Lumen Lantern
$9.97•Bright, energy-efficient lantern for camping illumination.
Ozark Trail 750-Lumen Headlamp
$8.97•Hands-free headlamp with powerful 750 lumens.
Ozark Trail 500-Lumen Lantern
$11.48•Compact, versatile lantern with 500 lumens for camping.
Ozark Trail Solar Rechargeable Lantern
$39.96•Rechargeable solar lantern with backup power option.
Band-Aid 160-Piece First-Aid Kit
$18.36•Comprehensive first-aid kit for basic safety needs.
Best purchasing order

On a limited budget, spend first on the sleeping bag, insulated pad, rain-resistant shelter and waterproof clothing. Then add lighting, cooking supplies and campsite furniture. For two people who already own a tent, a practical Walmart fall setup can often be assembled for roughly $100–$175, excluding clothing and a stove, though prices and local stock vary.

Before leaving, check the campsite’s precise overnight forecast and fire rules. A 30°F sleeping bag may be reasonable for a 40–45°F night, but it is not the right choice when temperatures are expected near freezing.

Sources:

https://www.walmart.com/ip/Ozark-Trail-Oversized-30F-Cool-Weather-Sleeping-Bag-Gray/677794987

https://www.walmart.com/ip/Tekari-Summit-20-Sleeping-Bag/17603407692

https://www.walmart.com/ip/Ozark-Trail-50-Degrees-Fahrenheit-Warm-Weather-Sleeping-Bag/688639580

https://www.walmart.com/ip/Hyper-Tough-Weather-Resistant-Light-Duty-6-x-8-Polyethylene-Tarp/603949195

https://www.walmart.com/ip/Hyper-Tough-Weather-Resistant-Heavy-Duty-Polyethylene-6-x-8-FT-Tarp/747374045

https://www.walmart.com/ip/OT-1000L-LANTERN/18124650702

https://www.walmart.com/ip/OT-750L-HEADLAMP/18160560783

https://www.walmart.com/ip/Ozark-Trail-500-Lumen-Lantern-Versatile-LED-Camping-Light-Durable-42-Hour-Runtime-Gray-Orange/3756285522

https://www.walmart.com/ip/OT-1500L-TRI-LANTERN/17673072254

https://www.walmart.com/ip/Johnson-Johnson-All-Purpose-Portable-Compact-First-Aid-Kit-160-pc/123036922

https://www.cntraveler.com/story/fall-camping-gear-essentials"
Which Walmart products are most useful for cold nights at a campsite?,"For cold campsite nights, prioritize insulation beneath you, a properly rated sleeping bag, dry base layers, and small heat accessories. The ground can pull away substantial body heat, so a sleeping pad matters almost as much as the sleeping bag. 
National Park Service
+2
REI
+2

Ozark Trail 15°F Canvas Sleeping Bag
$54.77•Warm, 15°F canvas sleeping bag for cold camping.
Ozark Trail 30°F Mummy Sleeping Bag
$34.88•Compact 30°F mummy bag with soft liner.
Ozark Trail 35°F Sleeping Bag and Camp Pad
$50.85•Sleep system bundle with 35°F bag and camp pad.
Ozark Trail Oversized 30°F Sleeping Bag
$24.97•Oversized 30°F bag offers roominess and warmth.
Ozark Trail 35°F Doublewide Sleeping Bag
$49.88•Doublewide sleeping bag, ideal for two campers.
ClimateRight Stretch-Fleece Base-Layer Top
$11.48•Stretch-fleece base-layer top for added warmth.
ClimateRight Stretch-Fleece Base-Layer Leggings
$6.89•Affordable fleece leggings for thermal layering.
Russell Heavyweight Fleece Thermal Pants
$18.00•Heavyweight fleece thermal pants for cold days.
Coghlan’s Disposable Hand Warmers
$4.19•Disposable hand warmers for quick heat.
Ozark Trail 500-Lumen Camping Lantern
$11.48•Bright 500-lumen lantern for outdoor lighting.
Most useful choices

1. Ozark Trail 15°F canvas sleeping bag — best for genuinely cold car camping
Its heavy canvas-and-flannel build and 15°F rating make it the strongest Walmart option here for colder nights. It weighs about eight pounds, so it is better for drive-in campsites than backpacking.

2. Ozark Trail 30°F mummy bag — best balance of warmth and portability
The mummy shape, insulated hood and drawcord reduce heat loss around your head and shoulders. This is the better choice when packing space matters.

3. Insulated sleeping pad — essential, not optional
The sleeping-bag-and-pad bundle is convenient, but check whether the pad lists an R-value. Higher R-values provide more resistance to ground heat loss; for genuinely cold conditions, look for roughly R-4 or higher, and around R-5.5 or more for extreme cold. 
REI
+1

4. Fleece or synthetic base layers
Wear a clean, dry top and leggings reserved for sleeping. Synthetic layers such as the ClimateRight or Russell options manage moisture better than ordinary cotton clothing. The National Park Service specifically recommends synthetic or wool-blend base layers and warns that cotton retains moisture against the skin. 
National Park Service

5. Hand and body warmers
Disposable warmers are inexpensive, battery-free backup heat for pockets, gloves and boots. Do not place very hot warmers directly against bare skin or leave them compressed against your body while asleep.

6. A reliable lantern or headlamp
Cold nights get dark early, and a lantern helps with changing clothes, checking gear and safely entering the tent. Keep spare batteries protected from extreme cold.

A practical cold-night kit would be the 15°F or 30°F sleeping bag, an insulated pad, fleece base layers, dry wool-blend socks, a knit hat and hand warmers. Choose a bag rated comfortably below the forecast low rather than matching it exactly, since individual cold tolerance and manufacturers’ ratings vary.

Safety: Never run a camping stove, charcoal source or fuel-burning heater inside a tent. These can create deadly carbon-monoxide concentrations, particularly while occupants are sleeping. 
CDC
+1

https://www.walmart.com/ip/SLEEPING-BAG/11053423257

https://www.walmart.com/ip/Ozark-Trail-30-Degree-Cold-Weather-Mummy-Sleeping-Bag-with-Soft-Liner-Blue-85-x33/2755268810

https://www.walmart.com/ip/OT-35-Degree-sleeping-bag-and-camp-pad/16365764017

https://www.walmart.com/ip/Ozark-Trail-Oversized-30F-Cool-Weather-Sleeping-Bag-Gray/677794987

https://www.walmart.com/ip/Ozark-Trail-35F-Doublewide-Sleeping-Bag/5040310726

https://www.walmart.com/ip/ClimateRight-by-Cuddl-Duds-Stretch-Fleece-Women-s-Long-Sleeve-Crew-Neck-Base-Layer-Top-Sizes-XS-to-4XL/1493949010

https://www.walmart.com/ip/ClimateRight-by-Cuddl-Duds-Stretch-Fleece-Women-s-High-Rise-Base-Layer-Legging-Sizes-XS-to-4XL/2058580997

https://www.walmart.com/ip/Russell-Men-s-Big-Men-s-Heavyweight-Fleece-Baselayer-Thermal-Pant-Sizes-M-5XL/305242487

https://www.walmart.com/ip/Coghlans-Hand-Warmers-Set-of-4/23544119

https://www.walmart.com/ip/Ozark-Trail-500-Lumen-Lantern-Versatile-LED-Camping-Light-Durable-42-Hour-Runtime-Gray-Orange/3756285522

https://www.nps.gov/noca/planyourvisit/winter-safety.htm

https://www.rei.com/learn/expert-advice/sleeping-pads.html

https://www.rei.com/c/sleeping-pads

https://www.nps.gov/grca/planyourvisit/winter-recreation.htm

https://www.cdc.gov/mmwr/preview/mmwrhtml/mm4832a1.htm"
What are the best camping essentials for car camping at Walmart?,"For car camping, prioritize comfort and convenience over ultralight gear. Walmart’s strongest value options are typically Ozark Trail, while Coleman is often worth paying more for in stoves, chairs, and long-term durability. Walmart currently organizes its camping selection around tents, sleeping gear, coolers, cooking equipment, lighting, and furniture. 
Walmart.com
+2
Walmart.com
+2

Ozark Trail 4-Person Instant Cabin Tent
$109.00•Fast setup, spacious cabin tent with LED lighting.
Ozark Trail 3-Person Dome Tent
$29.97•Affordable 3-person dome tent for budget camping.
Ozark Trail 6-Person Dome Tent
$79.00•Roomy 6-person tent with standing height for comfort.
Ozark Trail Full Air Mattress with USB Pump
$34.97•Full air mattress with USB pump for easy camping sleep.
Ozark Trail Inflatable Sleeping Pad
$30.88•Inflatable sleeping pad, ideal for warm nights outdoors.
Ozark Trail 2-Burner Propane Stove
$46.84•Two-burner propane stove for practical campsite cooking.
Ozark Trail Oversized Mesh Chair with Cooler
$33.96•Oversized mesh chair with cooler for comfort and refreshment.
Coleman Cooler Quad Chair
$34.99•Padded camping chair with built-in cooler for convenience.
Ozark Trail Director Chair with Side Table
$29.44•Director chair with side table, perfect for relaxing.
Ozark Trail 6-Piece Camping Combo
$120.47•Complete 6-piece camping bundle for easy outdoor setup.
Best essentials to buy

1. A tent sized above your headcount
For two campers, choose a four-person tent; for four campers, consider a six-person model. The extra room accommodates air mattresses, clothes, and wet-weather time inside. The Ozark Trail instant cabin is the easiest setup, while the three-person dome tent is the strongest low-budget option.

2. A comfortable sleep system
Combine an air mattress or sleeping pad with a temperature-appropriate sleeping bag and regular pillows from home. The full air mattress with a USB pump is especially practical because it can run from a suitable vehicle power source or power bank. The inflatable camp pad shown above has an R-value of 1.5 and is intended for roughly 40°F and warmer, so it is not suitable by itself for cold-weather camping.

3. A two-burner propane stove
Two burners let you prepare coffee and breakfast simultaneously and are considerably more useful for car camping than a tiny backpacking stove. Add propane cylinders, a lighter, one skillet, one pot, utensils, and a small cutting board.

4. A hard-sided cooler
Choose approximately 30–50 quarts for a weekend for two people, or larger for a family. Pack raw food separately, use block ice or frozen water bottles, and keep drinks in a second cooler when possible.

5. Lanterns plus headlamps
Bring one rechargeable lantern for the table and one headlamp per camper. Headlamps are more useful than flashlights when cooking, setting up the tent, or walking to the restroom.

6. Chairs and a table
The basic Ozark Trail chairs are inexpensive, but the oversized mesh chair or Coleman Cooler Quad Chair will be more comfortable for long evenings. A director chair with a side table is useful when the campsite lacks a picnic table.

7. Weather protection
Buy a tarp or footprint for underneath the tent, extra stakes, a small mallet, and a separate tarp or canopy for the cooking area. The groundsheet should remain completely beneath the tent floor so it does not collect rainwater.

8. Water and campsite organization
Bring a dedicated drinking-water container, reusable bottles, plastic storage totes, trash bags, paper towels, biodegradable soap, and a wash basin. Lidded totes help keep food and equipment organized in the vehicle.

9. Safety supplies
Pack a first-aid kit, sunscreen, insect repellent, emergency blanket, multitool, duct tape, spare batteries, vehicle jump starter, and a fire extinguisher. Store food according to campground rules, particularly in bear country.

Best-value starter setup

For two people on a moderate-weather weekend, I would purchase:

Ozark Trail 4-Person Instant Cabin Tent

Full air mattress with USB pump

Two suitable sleeping bags

Two-burner propane stove

30–50-quart cooler

Two camp chairs

Rechargeable lantern and two headlamps

Tarp, stakes and mallet

First-aid kit and water container

One safety warning: avoid the Ozark Trail tabletop one-burner butane stove, model BG2247A1. It was recalled on November 26, 2025 because it could explode or catch fire. The Ozark Trail 64-ounce stainless-steel bottle, model 83-662, was also recalled in 2025. 
U.S. Consumer Product Safety Commission
+1

Sources used

Walmart.com


Walmart.com


Walmart.com


Walmart.com


U.S. Consumer Product Safety Commission


U.S. Consumer Product Safety Commission"
Which Walmart outdoor products are best for a short weekend camping trip?,"Ozark Trail 4-Person Clip & Camp Dome Tent
$39.97•Budget-friendly 4-person tent for easy shelter.
Ozark Trail Queen Air Mattress
$19.44•Comfortable queen air mattress for car camping.
Coleman Tabletop Butane Camping Stove
$29.97•Portable butane stove for simple campsite cooking.
Coleman Chiller 16-Quart Cooler
$22.99•Compact cooler ideal for weekend trips.
Ozark Trail 1000-Lumen LED Lantern
$9.97•Bright LED lantern for reliable campsite lighting.
Ozark Trail Quad Folding Camp Chair
$8.97•Affordable quad folding camp chair with cup holder.
Ozark Trail 100-Lumen Mini Lantern
$6.87•Mini lantern provides lightweight, space-saving light.
Coleman Single-Burner Backpacking Stove
$24.87•Lightweight stove perfect for backpacking and travel.

For a two-night car-camping trip, these Walmart products offer the best balance of low cost, portability, and usefulness:

Best core setup

Ozark Trail 4-Person Clip & Camp Dome Tent — about $40
The strongest budget shelter for one or two campers with gear. It weighs under eight pounds, includes a seam-taped rainfly and mud mat, and accommodates a queen air mattress. Although marketed for four people, it will be much more comfortable for two adults. 
Walmart.com

Ozark Trail Queen Air Mattress — about $19
A worthwhile comfort upgrade for car camping. Bring a compatible battery-powered or manual pump; the basic mattress does not appear to include one.

Coleman Tabletop Butane Stove — about $30
A compact, matchless-ignition stove with 7,650 BTUs—plenty for coffee, eggs, soup, and one-pan meals. It is simpler to pack than a two-burner stove for a short trip. 
Walmart.com

Coleman Chiller 16-Quart Cooler — about $23
A practical size for two people over a weekend without taking up excessive trunk space. Choose a larger 28–50-quart cooler when carrying substantial fresh food or drinks for a group.

Ozark Trail 1000-Lumen Lantern — about $10
Excellent value for illuminating a picnic table or the general campsite. Add the mini lantern for softer light inside the tent.

Ozark Trail Quad Folding Chair — about $9 each
Basic but highly affordable, compact, and easy to carry. It has a cup holder and comes with a storage bag.

Also pack

Bring a sleeping bag or blankets appropriate for the overnight temperature, pillows, drinking water, cookware, utensils, a lighter as stove backup, batteries, trash bags, insect repellent, sunscreen, a first-aid kit, and a tarp or footprint beneath the tent. Walmart organizes these items across its tents, sleeping bags, coolers, cooking equipment, lighting, and camping-accessory departments. 
Walmart.com
+1

For most couples, the tent, mattress, stove, cooler, lantern, and two chairs total roughly $150 before bedding, fuel, food, taxes, and local price differences. Prices and availability can vary by store.

Sources used:

https://www.walmart.com/cp/camping-gear/4128

https://www.walmart.com/ip/Ozark-Trail-4P-Dome-Tent/6298615813

https://www.walmart.com/browse/sports-outdoors/camping-clearance/4125_1854758_8455293

https://www.walmart.com/browse/sports-outdoors/coleman-camping/4125_546956_4128_2487866_6320218

https://www.walmart.com/ip/OT-4P-DOME-TENT/6298615813

https://www.walmart.com/ip/Ozark-Trail-Air-Mattress-Queen-10-with-Antimicrobial-Coating/976366017

https://www.walmart.com/ip/Coleman-Camp-Bistro-1-Burner-Butane-Camp-Stove/34761205

https://www.walmart.com/ip/Coleman-Chiller-16-Quart-11-Can-Portable-Hard-Cooler-Blue/270756161

https://www.walmart.com/ip/OT-1000L-LANTERN/17188821838

https://www.walmart.com/ip/Ozark-Trail-Adult-Basic-Quad-Folding-Camp-Chair-with-Cup-Holder-Black/983249623

https://www.walmart.com/ip/Ozark-Trail-100-Lumen-LED-Mini-Camping-Lantern/954677571

https://www.walmart.com/ip/Coleman-Single-Burner-Butane-Propane-Backpacking-Stove/49578606"
What are the best space-saving camping products available at Walmart?,"Ozark Trail Ultralight Backpacking Chair
$34.97•Compact, lightweight backpacking chair with front pocket.
Ozark Trail Ultralight Camp Table
$29.94•Smallest useful camp table for easy setup.
Ozark Trail 5-Piece Mess Kit
$12.46•Budget-friendly 5-piece mess kit for camping.
Coghlan’s Folding Camp Stove
$15.84•Folds nearly flat for easy transport and storage.
Wakeman Collapsible Wash Bin
$19.23•Multi-purpose collapsible wash basin for camping.
Ozark Trail 3-Shelf Folding Table
$21.82•Folding table with three shelves for storage and prep.
Ozark Trail Aluminum Roll-Top Table
$33.66•Durable aluminum roll-top table for dining.
Coleman 4-in-1 Cooking System
$114.99•Versatile 4-in-1 portable camping stove.
Ozark Trail Collapsible Cabinet
$47.44•Collapsible cabinet with table top for organization.
Ozark Trail Instant Compact Chair
$52.00•Instant, compact chair that packs under 16 inches.
Best overall space-saving picks

1. Ozark Trail Ultralight Backpacking Chair — best compact seating
The collapsible aluminum frame and removable fabric seat pack into a small carry bag, making this substantially easier to store than a conventional quad chair. It currently costs about $34.97 and has a 4.2-star rating from roughly 210 reviews.

2. Ozark Trail Ultralight Camp Table — best small table
A lightweight fabric-topped table with two integrated cup holders. It provides a useful surface without consuming the trunk space required by a rigid folding table. Current listed price: approximately $29.94.

3. Ozark Trail 5-Piece Space-Saving Mess Kit — best value
The fry pan, plate, cup and other pieces nest together rather than being packed separately. At about $12.46, it is one of the strongest low-cost upgrades for minimizing kitchen gear. It also has a 4.3-star rating from about 450 reviews.

4. Coghlan’s Folding Camp Stove — best minimalist stove
This simple stove folds flat and works with solid-fuel tablets or canned camp fuel. It is particularly practical for emergency kits, solo trips and campsites where you only need to boil water or heat a small meal. Current listed price: around $15.84.

5. Wakeman Collapsible Multiuse Wash Bin — best multipurpose item
It collapses when empty and can function as a dish basin, water container, storage tub or ice bucket. That versatility can eliminate several rigid containers from your setup. Current listed price: about $19.23.

Best for organizing a small campsite

6. Ozark Trail 3-Shelf Folding End Table
This combines a side table, cup holder, basket and lower storage shelf in one folding unit. It is a smart choice beside a camp chair or inside a larger tent. Current listed price: approximately $21.82.

7. Ozark Trail Aluminum Roll-Top Table
The slatted aluminum top rolls up, while the frame collapses into the included carry bag. It offers a larger and sturdier surface than ultralight fabric tables without requiring a rigid tabletop. Current listed price: about $33.66.

8. Ozark Trail Collapsible Cabinet with Tabletop
This combines three storage shelves and a work surface, reducing the need for separate bins and a second table. It makes the most sense for car camping rather than backpacking. Current listed price: approximately $47.44.

Best multi-function upgrades

9. Coleman 4-in-1 Portable Cooking System
The removable components provide stove, wok, griddle and grill functions in one system, with the legs and inserts fitting inside for transport. It costs considerably more—around $114.99—but can replace several individual cooking products.

10. Ozark Trail Instant Compact Chair
This chair folds to less than 16 inches and weighs approximately 4.7 pounds, making it especially useful when trunk length is the limiting factor. Current listed price: about $52.

Best compact setup for most campers

For the most space savings without sacrificing basic comfort, I would combine the ultralight backpacking chair, ultralight camp table, nesting mess kit, folding stove and collapsible wash bin. Together, they cover seating, food preparation, dining and cleanup while avoiding bulky rigid equipment.

Prices, colors, sellers and local availability can change by location.

Sources used:

https://www.walmart.com/ip/Ozark-Trail-Ultra-lightweight-Backpacking-Chair-with-front-pocket-and-carry-bag-Turquiose-Sea-Frame/1586518863

https://www.walmart.com/ip/ULTRA-LIGHT-TABLE/9190762636

https://www.walmart.com/ip/Ozark-Trail-Space-Saving-5-Piece-Cookware-Mess-Kit-Stainless-Steel-and-Plastic/3275781442

https://www.walmart.com/ip/Coghlans-9957-Folding-Stove/21799292

https://www.walmart.com/ip/Wakeman-10L-Collapsible-Multi-Use-Ice-Bucket-Basin-and-Dish-Tub-Gray/373709941

https://www.walmart.com/ip/Ozark-Trail-3-Shelf-Camping-Table-Red-14-L-x-14-W-x-18-H/39511137

https://www.walmart.com/ip/Ozark-Trail-Aluminum-Roll-Top-Camping-Table-Dark-Brown/1990292402

https://www.walmart.com/ip/Coleman-4-in-1-Portable-Propane-Gas-Camping-Stove-Black/8487813186

https://www.walmart.com/ip/Ozark-Trail-3-Shelf-Collapsible-Cabinet-with-Table-Top-Blue-23-L-x-19-W/39511133

https://www.walmart.com/ip/Ozark-Trail-Instant-Compact-Chair-Navy/5011260155"
Which Walmart camping items are easiest to pack for a road trip?,"For a road trip, prioritize camping gear that folds flat, collapses into a carry bag, or replaces bulkier equipment.

Ozark Trail Self-Inflating Sleeping Pad
$32.44•Compact self-inflating sleeping pad for easy camping setup.
Ozark Trail Foldable Sleeping Pad
$35.77•No pump needed foldable sleeping pad, lightweight and portable.
Ozark Trail Rechargeable Mini Lantern
$7.98•Tiny rechargeable lantern with 250 lumens, ideal for camping.
RTIC 15-Can Collapsible Soft Cooler
$33.98•Collapsible soft cooler that folds into its lid, 15 cans capacity.
Ozark Trail 24-Can Soft Cooler Tote
$11.94•Packs flat, 24-can soft cooler tote for convenient outdoor use.
Ozark Trail Aluminum Camping Table
$35.96•Lightweight aluminum table, easy to carry and set up.
Ozark Trail 3-Shelf Camping Table
$21.82•Versatile 3-shelf camping table with storage and surface.
Ozark Trail 100-Lumen Mini Lantern
$6.87•Budget-friendly mini lantern with 100 lumens, compact size.
Arrowhead Outdoor Folding Table
$29.99•Heavy-duty folding camping table with carry-bag included.
Ozark Trail Folding 6-Can Cooler
$7.94•Personal-sized cooler, perfect for day trips or picnics.
Easiest items to pack

1. Ozark Trail self-inflating sleeping pad — about $32
A strong alternative to a bulky air mattress and pump. It rolls up, inflates with minimal effort, and provides more insulation than a basic summer pad.

2. Ozark Trail foldable foam sleeping pad — about $36
The simplest option: no pump, valves, cords, or puncture concerns. Its accordion shape is easy to stack vertically behind a seat or alongside storage bins.

3. Ozark Trail 250-lumen rechargeable mini lantern — about $8
Small enough for a glove compartment or camp-kitchen bin. USB-C charging also means you can recharge it from the vehicle rather than packing spare batteries.

4. RTIC 15-can collapsible cooler — about $34
One of the most road-trip-friendly coolers because it folds into its lid when empty. Choose it when cargo space becomes more important later in the trip.

5. Ozark Trail 24-can soft cooler tote — about $12
A good value for food and drinks. The tote shape fits around other luggage more easily than a rigid cooler and packs flat after use.

6. Ozark Trail aluminum camping table — about $36
At roughly 4.9 pounds and folding in half, it gives you a usable food-prep or dining surface without taking up the space of a full camp kitchen.

7. Ozark Trail three-shelf table — about $22
Useful when you want one item to serve as a side table, drink holder, and campsite organizer. It folds into an included carrying bag.

8. Ozark Trail 100-lumen mini lantern — about $7
A compact, inexpensive tent light with white and red modes. Easy to distribute among several tents without packing full-size lanterns.

Best compact road-trip setup

For two people, I would pack:

One self-inflating or foldable sleeping pad per person

One collapsible soft cooler

Two compact folding chairs or stools

One lightweight folding table

Two mini lanterns

Nesting cookware, reusable utensils, and a small camp stove stored together in one lidded bin

Avoid oversized rocking chairs, large hard-sided coolers, thick memory-foam mattresses, and elaborate camp kitchens unless you have a truck bed or substantial SUV cargo space. Walmart’s compact-chair selection includes backpacking chairs, stools, and models with carry bags that are easier to fit than director-style chairs. 
Walmart.com
+1

Prices and local inventory can vary by store and delivery location.

Sources used:

https://www.walmart.com/browse/sports-outdoors/lightweight-camping-chairs/4125_546956_4128_1080625_6170779_1331222_6762215

https://www.walmart.com/c/kp/compact-folding-chair

https://www.walmart.com/ip/OT-SELFINFL-CAMP-PAD/17413066339

https://www.walmart.com/ip/Ozark-Trail-Foam-Lightweight-Sleeping-Pad-72-8-L-X-21-65-W-Silver-Gray/553650004

https://www.walmart.com/ip/Ozark-Trail-250-Lumen-Mini-Filament-Lantern/12362557115

https://www.walmart.com/ip/RTIC-15-Can-Everyday-Soft-Cooler-16-qt-Collapsible-with-Bottle-Opener-Berry-Jam/17512266861

https://www.walmart.com/ip/Ozark-Trail-24-Can-Wide-Mouth-Soft-Cooler-Tote-Tan/3935037125

https://www.walmart.com/ip/Ozark-Trail-Aluminum-Camping-Table-Silver/531930310

https://www.walmart.com/ip/Ozark-Trail-3-Shelf-Camping-Table-Red-14-L-x-14-W-x-18-H/39511137

https://www.walmart.com/ip/Ozark-Trail-100-Lumen-LED-Mini-Camping-Lantern/954677571

https://www.walmart.com/ip/ARROWHEAD-OUTDOOR-26-66cm-Heavy-Duty-Portable-Camping-Folding-Table-2-Cup-Holders-Compact-Square-Carrying-Case-Included-Steel-Frame-High-Grade-600D-C/324336786

https://www.walmart.com/ip/OT-6C-FF-COOLER/17662261469"
What are the top camping upgrades worth buying at Walmart this year?,"For car camping, the best upgrades are the ones that noticeably improve sleep, shade, lighting, seating, and campsite organization. These Walmart picks offer the strongest practical value this year; prices and local availability can vary.

Ozark Trail Self-Inflating Sleeping Pad
$32.44•Comfortable, self-inflating pad for better sleep outdoors.
Ozark Trail 2-in-1 Lantern and String Light
$18.46•Dual-purpose lantern and string light for ambient lighting.
Ozark Trail Padded Glamping Chair
$36.97•Padded chair offers extra comfort for relaxing at camp.
Ozark Trail 10' x 10' Pop-Up Canopy
$49.97•Pop-up canopy provides quick shade in outdoor settings.
Ozark Trail Folding Camp Kitchen
$69.00•Folding camp kitchen for organized outdoor meal prep.
Ozark Trail Folding Side Table
$14.97•Affordable side table for extra campsite convenience.
Ozark Trail Solar Rechargeable Lantern
$39.96•Solar lantern offers reliable light during emergencies.
Ozark Trail Aluminum Roll-Top Table
$33.66•Durable aluminum table for outdoor dining and prep.
Top upgrades worth buying

1. A self-inflating sleeping pad — about $32
The Ozark Trail Self-Inflating Large Rectangular Pad is the most important upgrade for anyone currently sleeping directly on the tent floor or using a thin foam mat. Its foam core adds cushioning and insulation without requiring a separate pump.

2. A canopy for a weatherproof living area — about $50
The Ozark Trail 10-by-10-foot pop-up canopy creates a separate shaded area for cooking, eating and relaxing. It is especially useful at exposed campsites where the tent provides little daytime shelter.

3. A proper camp kitchen — about $69
The Ozark Trail Folding Camp Kitchen provides a roll-top work surface, adjustable stove platform, lantern hanger, storage shelf and utensil hooks. It keeps cooking equipment organized and off picnic tables or the ground.

4. A padded chair — about $37
The Ozark Trail Glamping Round Chair has quilted padding, an attached pillow and a rotating cup holder. It is bulkier than a basic quad chair, but the comfort difference is significant during longer campsite stays.

5. Lantern-and-string-light combination — about $18
The Ozark Trail 2-in-1 light combines a 600-lumen lantern with 32.5 feet of string lights. The lantern handles setup and cooking, while the string lights provide softer illumination around a canopy or tent entrance.

6. A small folding side table — about $15
This simple 19-inch table gives each chair a clean place for drinks, phones, flashlights and food. It folds flat and supports up to 35 pounds, making it one of the cheapest campsite upgrades with everyday usefulness.

7. A solar rechargeable emergency lantern — about $40
The Ozark Trail 1500-lumen lantern can recharge through USB, solar power or a hand crank and includes a 4,000-mAh power bank. It is particularly worthwhile for longer trips, stormy weather and campsites without electricity.

8. A roll-top dining or prep table — about $34
The Ozark Trail aluminum roll-top table offers considerably more usable surface than a side table, supports up to 110 pounds and packs into a carry bag. It is a good middle ground when the full camp kitchen is unnecessary.

Best order to buy them

For the greatest improvement per dollar, prioritize:

Sleeping pad

Canopy

Better lighting

Comfortable chair

Side table or camp kitchen

For a balanced upgrade package, the sleeping pad, padded chair, 2-in-1 light and folding side table total roughly $102 before tax at the prices shown. For a more complete car-camping setup, add the canopy and camp kitchen, bringing the package to roughly $221.

Sources

https://www.walmart.com/ip/OT-SELFINFL-CAMP-PAD/17413066339

https://www.walmart.com/ip/OT-2IN1-LIGHT/9372772533

https://www.walmart.com/ip/COZY-CAMP-CHAIR/8730750981

https://www.walmart.com/ip/Ozark-Trail-10-x-10-Instant-Slant-Leg-Canopy-Outdoor-Shade-Shelter-Blue/5464754172

https://www.walmart.com/ip/Ozark-Trail-Folding-Camp-Kitchen-Table-41-in-x-18-in-with-Adjustable-Stove-Platform/1810689245

https://www.walmart.com/ip/Ozark-Trail-19-inch-Plastic-Folding-Camp-Side-Table-Gray-Wood-Grain/8871950692

https://www.walmart.com/ip/OT-1500L-TRI-LANTERN/17673072254

https://www.walmart.com/ip/Ozark-Trail-Aluminum-Roll-Top-Camping-Table-Dark-Brown/1990292402"
Which hidden-gem camping products should I look for at Walmart?,"The best Walmart camping hidden gems are small, inexpensive products that fix recurring problems—poor lighting, bugs, heat, cleanup and bulky cookware. Prices and availability can vary by location.

Ozark Trail 500-Lumen Mini Lantern
$4.97•Affordable mini lantern offers bright light for camping.
Ozark Trail 11-Piece Silicone Mess Kit
$12.46•Compact silicone mess kit for easy outdoor dining.
Ozark Trail 5-Gallon Camp Shower
$13.47•Portable 5-gallon shower suitable for camping and beyond.
Merryhome Rechargeable Camping Fan
$23.99•Rechargeable fan with light, ideal for hot weather camping.
PIC Mosquito Coils with Terra-Cotta Burner
$5.97•Long-lasting bug coils with terracotta burner for outdoor control.
Ozark Trail Mini LED Headlamp
$1.97•Mini LED headlamp provides a cheap backup light.
Coleman Citronella Candle Lantern
$9.88•Citronella lantern combines light and insect repellent.
Coghlan’s Toaster Forks
$4.47•Toaster forks for easy campfire cooking and roasting.
Best finds to look for

Ozark Trail 500-lumen mini lantern — about $5
Probably the standout value. It has multiple lighting modes, a carabiner-style handle and enough brightness for a tent or picnic table. Buy two rather than relying on one central lantern.

Ozark Trail silicone mess kit — about $12.50
The collapsible cups make this much less bulky than standard camp dinnerware. The 11-piece kit serves two and is especially useful for small cars and packed storage bins.

Ozark Trail five-gallon camp shower — about $13.50
More versatile than its name suggests: use it to rinse dishes, wash muddy feet, clean equipment or provide running water beside the cooking area. Its dark bag warms in sunlight.

Rechargeable fan with an integrated light — about $24
A surprisingly meaningful upgrade for humid nights. The Merryhome model combines a rechargeable 7,200mAh battery, four fan speeds, a timer, remote control and tent lighting. Because it is sold by a marketplace seller, check the seller and return terms before ordering.

PIC mosquito coils and terra-cotta burner — about $6
Useful for creating a more comfortable seating area around camp. Each coil is listed for roughly five to seven hours of burn time. Use only outdoors and follow the placement and safety directions.

Ozark Trail mini headlamp — about $2
Not your primary backcountry light, but an excellent spare for bathroom trips, children or an emergency kit. Batteries are included, although its three-hour listed runtime makes it best for intermittent use.

Coleman citronella candle lantern — about $10
Combines table-level ambient light with citronella and a listed burn time exceeding 70 hours. It is better suited to relaxed evenings than hiking or task lighting.

Coghlan’s toaster forks — about $4.50 for four
Simple, lightweight and easier to pack than elaborate fire-cooking gadgets. Besides marshmallows, they work well for hot dogs and other small foods.

My three-cart shortlist

For the biggest improvement per dollar, start with the mini lantern, collapsible mess kit and five-gallon shower. Together, they address lighting, storage, dining and campsite cleanup for roughly $31 at the prices shown during this search. Walmart’s current camping section also includes many inexpensive accessories, but third-party marketplace listings deserve closer scrutiny than Walmart-sold Ozark Trail and established-brand products. 
Walmart.com
+1

Sources used:

https://www.walmart.com/browse/sports-outdoors/camping-accessories/4125_546956_4128_1080844

https://www.walmart.com/browse/sports-outdoors/ozark-trail-camping-accessories/4125_546956_4128_2487866_2559937_4438585

https://www.walmart.com/ip/5-GAL-CAMP-SHOWER/9970365428

https://www.walmart.com/ip/Ozark-Trail-11-Piece-Silicone-Camping-Mess-Kit/49759703

https://www.walmart.com/ip/Ozark-Trail-500-Lumen-3AAA-LED-Lantern/18070124932

https://www.walmart.com/ip/Pic-Corp-COMBO-Coil-Burner-Terracotta/21924852

https://www.walmart.com/ip/Merryhome-Camping-Fan-with-Light-7200mAh-Rechargeable-Fan-with-Remote-4-Speed-Timer-LED-Lantern-for-Camping-Travel-Emergency-Khaki/19899069168

https://www.walmart.com/ip/Ozark-Trail-Single-Mini-LED-Headlamp-25-Lumens-Battery-Powered-Teal/1832307583

https://www.walmart.com/ip/Coghlan-s-Toaster-Forks-4-Pack-20-Length-for-Toasting-Campfire-Camping-Tool/19704985

https://www.walmart.com/ip/Coleman-40-Hour-Citronella-Lantern/21783653"
What are the best Walmart outdoor products for creating a more comfortable campsite?,"For a more comfortable car-camping setup, prioritize sleep, seating, shade, lighting and airflow—in that order. Walmart’s camping selection covers all five, but availability and prices can vary by store and delivery location. 
Walmart.com
+1

Ozark Trail Inflatable Camp Sleeping Pad
$30.88•Compact inflatable sleeping pad for lightweight camping.
Coleman AlwayzAire Queen Air Mattress
$83.17•Ideal for couples, durable queen air mattress.
CORE 4-Season Self-Inflating Camping Bed
$129.99•Self-inflating bed offers comfort for all seasons.
GCI Outdoor Comfort Pro Rocker
$64.00•Premium chair with added comfort for outdoor relaxing.
Ozark Trail Quad Folding Camp Chair
$8.97•Budget-friendly quad folding camp chair with cup holder.
Ozark Trail 14' x 14' Lighted Canopy
$245.00•Lighted canopy provides shade and space for gatherings.
Wakeman Lantern and Ceiling Fan
$10.73•Portable lantern with ceiling fan for versatile lighting.
Coleman Ridgeline II Camp Bed
$99.53•Raised camp bed for comfortable sleeping in rough terrains.
Best upgrades by priority

1. Improve your sleeping surface

The Ozark Trail inflatable pad is a practical upgrade over sleeping directly on a tent floor. It is compact, 3.5 inches thick and intended for warmer conditions—its listed R-value is 1.5, so it is better suited to roughly 40°F-and-above camping than cold nights.

For maximum comfort near a vehicle, choose the Coleman AlwayzAire queen mattress. The rechargeable pump is more campsite-friendly than mattresses that require a wall outlet. For cooler-weather trips, the CORE self-inflating bed offers thicker foam and four-season insulation.

2. Choose a chair you will actually enjoy sitting in

The GCI Comfort Pro Rocker is the comfort pick: it has a tall angled back, ventilation and a rocking mechanism. For occasional camping or outfitting several people cheaply, the basic Ozark Trail quad chair is harder to beat on value.

Walmart also sells oversized padded “glamping” chairs with attached pillows and cup holders, which may be worth the added bulk when packing space is not an issue. 
Walmart.com
+1

3. Add a dedicated shade and rain area

A large canopy creates a usable living room outside the tent—somewhere to cook, eat and relax without direct sun or light rain. The Ozark Trail lighted canopy combines substantial shade coverage with integrated lighting, although it is best for roomy car campsites because of its size and price.

4. Improve nighttime lighting and hot-weather airflow

The Wakeman combination lantern and ceiling fan is an inexpensive comfort upgrade for warm nights. Hang it inside a properly ventilated tent or beneath a canopy for both overhead lighting and modest airflow. A separate headlamp is still useful for walking around camp because it keeps both hands free. 
Country Living

5. Consider a cot when ground-level sleeping is uncomfortable

The Coleman Ridgeline II raises you off uneven or cold ground and includes a mattress pad. It is especially useful for campers who find it difficult to get up from a low air mattress, though it takes more vehicle space than a sleeping pad.

A balanced comfort setup

For most weekend campers, I would buy:

Ozark Trail inflatable sleeping pad

GCI Comfort Pro Rocker

A canopy or inexpensive tarp shelter

Lantern/fan combination

Small outdoor rug or waterproof picnic blanket

Supportive camp pillow

The sleeping pad and chair will produce the biggest immediate improvement. Add the canopy next when camping in hot, exposed or unpredictable weather.

Sources

https://www.walmart.com/cp/camping-gear/4128

https://www.walmart.com/c/kp/comfort-camping

https://www.walmart.com/ip/Ozark-Trail-Glamping-Round-Chair-Oversized-Padded-Soft-Cozy-Fabric-300-lbs-Capacity-Portable-Camping-Outdoor-Chair-Tan/8730750981

https://www.walmart.com/browse/sports-outdoors/ozark-trail-camping-chairs/4125_546956_4128_1080625_6170779_7550558_4102656

https://www.countryliving.com/shopping/g66040315/best-walmart-camping-gear/

https://www.walmart.com/ip/Ozark-Trail-Adult-Basic-Quad-Folding-Camp-Chair-with-Cup-Holder-Black/983249623

https://www.walmart.com/ip/COMFORT-PRO-ROCKER/17995264239

https://www.walmart.com/ip/Ozark-Trail-Adult-Inflatable-Camp-Sleeping-Pad-Blue-Size-78-L-x-25-W-x-3-5-H/3679114451

https://www.walmart.com/ip/Portable-2-in-1-LED-Camping-Lantern-with-Ceiling-Fan-by-Wakeman-Outdoors/937714297

https://www.walmart.com/ip/Coleman-AlwayzAire-Tough-Guard-Air-Mattress-Queen-14-with-Rechargeable-Dual-Pump/3449574259

https://www.walmart.com/ip/OT-14X14-LIGHTED-CPY/17567618359

https://www.walmart.com/ip/Coleman-Ridgeline-II-Camp-Bed/10957834

https://www.walmart.com/ip/Core-Equipment-4-Season-Self-Inflating-Camping-Bed/5173101592"
Which camping accessories at Walmart can make setup and cleanup easier?,"The most useful Walmart accessories are the ones that reduce hauling, keep gear contained, and prevent dirt or dishwater from becoming a bigger job.

Ozark Trail Quad Fold Camping Wagon
$69.98•Quad fold design for easy hauling and storage.
Ozark Trail 10 qt Collapsible Sink
$10.97•Collapsible sink ideal for dish cleanup on the go.
Ozark Trail 9' x 12' Heavy-Duty Tarp
$17.83•Heavy-duty tarp keeps gear clean and protected.
Ozark Trail 19-inch Folding Camp Table
$14.97•Folding camp table provides a convenient work surface.
Best accessories for easier setup and cleanup

1. Folding camping wagon
The biggest time-saver for car camping. Load your tent, chairs, cooler, water and firewood into one cart instead of making several trips. The Ozark Trail quad-fold model stores compactly and has pockets for smaller items.

2. Collapsible wash basin
Use it as a dedicated dishwashing station, handwashing basin or catch-all for dirty utensils. The Ozark Trail version folds flat and has a drain plug, making it considerably easier to empty than a solid plastic tub.

3. Heavy-duty tarp or tent footprint
Put it beneath the tent to reduce mud and moisture on the tent floor. It can also become a clean staging area while unpacking, or cover equipment during rain. Choose a tarp slightly smaller than the tent floor so water does not collect underneath.

4. Small folding table
A compact table keeps cookware, lanterns, tent stakes and setup tools off the ground. During teardown, it provides a clean place to fold and organize smaller equipment before packing.

5. Clear, lidded storage totes
Pack by category—kitchen, lighting, sleeping and tools—rather than using loose shopping bags. Clear sides make items easier to find, while lids help contain dirt and protect gear from light rain.

6. Compact broom and dustpan
Sweep the tent before pulling out bedding and collapsing it. This prevents sand, leaves and food crumbs from being rolled into the tent and brought home. Walmart currently lists compact handheld sets specifically suitable for tents and vehicles. 
Walmart.com

7. Pop-up trash or laundry container
Place a bag inside for campsite garbage, then use the container for dirty clothes or muddy shoes during the drive home. A collapsible design takes up very little room when packed.

Best three-item starter combination

For the greatest improvement with the fewest purchases, get:

A folding wagon

A collapsible sink

A ground tarp

Together, they simplify unloading, campsite organization, dishwashing and final teardown. Walmart’s camping assortment currently includes dedicated categories for wagons, camp-kitchen accessories, tarps and other Ozark Trail setup equipment. 
Walmart.com
+2
Walmart.com
+2

Sources:

https://www.walmart.com/browse/sports-outdoors/folding-wagons/4125_546956_4128_1080625_9360203

https://www.walmart.com/browse/sports-outdoors/ozark-trail-camping-accessories/4125_546956_4128_2487866_2559937_4438585

https://www.walmart.com/cp/camping-gear/4128

https://www.walmart.com/c/kp/camping-broom

https://www.walmart.com/ip/Ozark-Trail-Quad-Fold-Camping-Wagon-with-Telescoping-Handle-Blue-Polyester/941379949

https://www.walmart.com/ip/Ozark-Trail-10-Quart-Collapsible-Sink-12-1-in-L-x-12-1-in-W-x-2-75-in-H-7-87-in-Expanded/776443591

https://www.walmart.com/ip/Ozark-Trail-Heavy-Duty-Tarp-9-x-12-Material-PE/189015984

https://www.walmart.com/ip/Ozark-Trail-19-inch-Plastic-Folding-Camp-Side-Table-Gray-Wood-Grain/8871950692"
What are the best Walmart camping products for couples?,"Ozark Trail 4-Person Instant Cabin Tent with LED Hub
$109.00•Spacious, quick setup with integrated LED hub for camping.
CORE Loveseat Double Camp Chair
$99.99•Comfortable double seat for shared outdoor relaxation.
Ozark Trail 6-Person Dark Rest Instant Cabin Tent
$125.00•Dark-rest design for late sleeping in a 6-person tent.
CORE 4-Person Straight Wall Cabin Tent
$149.99•Standing room cabin tent ideal for family camping.
Ozark Trail 4-Person Dome Tent with Storage Locker
$44.00•Affordable dome tent with storage for budget trips.
Ozark Trail 4-Person Tent with Vestibule
$89.00•Dome tent with vestibule for gear and weather protection.
Ozark Trail 4-Person Clip & Camp Dome Tent
$39.97•Low-cost dome tent perfect for quick, budget camping.
Coleman Skylodge 4-Person Instant Tent
$189.99•Instant 4-person tent with premium features for easy setup.
Best Walmart camping products for couples

For car camping, couples should generally buy a four-person tent rather than a two-person model. That leaves enough room for a queen mattress, clothing, and gear without feeling cramped.

1. Ozark Trail 4-Person Instant Cabin Tent with LED Hub — best overall

At about $109, this is the strongest all-around choice. It fits a queen airbed, uses pre-attached poles for roughly 60-second setup, and has built-in lighting—one less lantern to manage at bedtime. It also has more than 1,600 ratings, giving it a more established track record than many marketplace tents.

2. CORE Loveseat Double Camp Chair — best campsite seating

This is a genuine couple-focused upgrade rather than two unrelated chairs. It supports up to 500 pounds, includes a locking steel frame and gives both campers a shared place to sit by the fire. It was listed at $99.99 when checked.

3. Ozark Trail Dark Rest 6-Person Instant Cabin Tent — best for comfort

The extra capacity gives two people room for a queen mattress plus bags, shoes and changing space. Its Dark Rest design reduces incoming light, while the instant frame sets up in about a minute. At roughly $125, it is a worthwhile step up for couples who camp regularly.

4. CORE 4-Person Straight Wall Cabin Tent — best standing room

Nearly vertical walls and a 72-inch center height make this noticeably easier to move around and change clothes in than a low dome tent. Its taped rainfly and sealed seams also make it the better choice when comfort and weather protection matter more than the lowest price.

5. Ozark Trail 4-Person Dome Tent — best budget option

At approximately $44, this tent fits a queen air mattress and includes a storage locker with inside-and-outside access. It is a practical starter tent for occasional fair-weather weekends.

6. Ozark Trail 4-Person Tent with Vestibule — best for keeping gear organized

The vestibule creates covered space for footwear and equipment, helping keep dirt and clutter outside the sleeping area. Two doors also make nighttime exits easier without climbing over one another.

7. Ozark Trail Clip & Camp Dome Tent — best ultra-affordable pick

This model was listed around $39.97, fits a queen mattress and includes a seam-taped removable rainfly. It is ideal for couples testing whether they enjoy camping before investing in an instant cabin tent.

8. Coleman Skylodge 4-Person Instant Tent — best premium upgrade

The Skylodge combines one-minute setup with Coleman's WeatherTec features, including welded corners, inverted seams and taped seams. At about $189.99, it makes the most sense for couples expecting frequent trips or less predictable weather.

Recommended couple setup

The best-value combination is the Ozark Trail 4-Person Instant Cabin Tent, a queen air mattress, and either the CORE loveseat or two individual chairs. Add a medium cooler, rechargeable lantern and compact folding table. A double sleeping bag can be cozy, but two compatible individual bags are often more practical because each person can regulate temperature independently.

Prices and availability can vary by location and Walmart marketplace seller, so check the seller, return policy and delivery date before ordering.

Sources

https://www.walmart.com/ip/Ozark-Trail-4-Person-Instant-Cabin-Tent-with-LED-Lighted-Hub/755815422

https://www.walmart.com/ip/Loveseat-Double-Outdoor-Camp-Chair/18145055282

https://www.walmart.com/ip/Ozark-Trail-10-X-9-6-Person-Dark-Rest-Instant-Cabin-Tent-16-81lbs/53734745

https://www.walmart.com/ip/Core-Equipment-4-Person-Straight-Wall-Cabin-Tent/775782484

https://www.walmart.com/ip/Ozark-Trail-4-Person-Outdoor-Camping-Dome-Tent/945795612

https://www.walmart.com/ip/Ozark-Trail-4-Person-Dome-Tent-with-Vestibule-and-Full-Coverage-Fly/5375073716

https://www.walmart.com/ip/OT-4P-DOME-TENT/6298615813

https://www.walmart.com/ip/Coleman-Skylodge-4-Person-Instant-Camping-Tent-Blackberry/13735455811"
Which Walmart outdoor essentials are best for camping with children?,"The best Walmart camping essentials for children are products that make sleeping, nighttime movement, seating, and minor emergencies easier. Prices and local availability can vary.

Ozark Trail 35°F Cool Weather Sleeping Bag
$19.97•Ideal for cool nights, compact sleeping bag.
Ozark Trail 50°F Warm Weather Sleeping Bag
$19.97•Great for summer camping, lightweight design.
Ozark Trail Kids Quad Camp Chair
$10.97•Affordable kids camp chair with good support.
Ozark Trail Kids Canopy Chair
$15.87•Shade and safety lock for kids' canopy chair.
Firefly Finn the Shark Kids Lantern
$8.56•Fun shark lantern, perfect for kids' outdoor adventures.
Ozark Trail Rechargeable Mini Lantern
$7.98•Rechargeable mini lantern for tents or campsites.
Ozark Trail Mini LED Flashlight
$1.97•Inexpensive LED flashlight, portable and bright.
Ozark Trail Mini LED Headlamp
$1.97•Hands-free headlamp for nighttime activities.
Happy Hiker 65-Piece First Aid Kit
$11.46•Compact first aid kit for outdoor emergencies.
Justin Case 131-Piece Family First Aid Kit
$10.97•Larger family first aid kit for camping or travel.
Best essentials to prioritize

1. A temperature-appropriate sleeping bag
For typical warm summer trips, the Ozark Trail 50°F bag is inexpensive, machine washable and easy to roll up. For spring, fall or cooler locations, choose the 35°F model instead. Temperature ratings should be matched to the expected overnight low rather than treated as a guarantee of comfort.

2. A child-sized chair with a locking frame
The Ozark Trail Kids Quad Chair is the strongest value at about $11 and includes a cupholder, carry bag and locking mechanism. The canopy version costs a little more but provides useful shade around the campsite.

3. A light for every child
Giving each child a flashlight or headlamp makes bathroom trips and moving around after dark much easier. The $1.97 Ozark Trail options are affordable enough to buy several; the Firefly shark lantern is a more engaging tent light for younger children. Keep spare and button-cell batteries secured away from small children.

4. A rechargeable family lantern
The Ozark Trail 250-lumen lantern has multiple brightness settings, an integrated clip, a flashlight base and USB-C charging. It is a practical shared light for the tent or picnic table.

5. A well-organized first-aid kit
The Happy Hiker kit is a compact campsite option designed for minor cuts, burns, bites, stings and blisters. For a larger family, the 131-piece Justin Case kit provides more general supplies and organized storage. Add any child-specific medicines your family uses separately.

Beyond these, pack sunscreen, child-appropriate insect repellent, refillable water bottles, rain jackets, closed-toe shoes, wet wipes, extra clothing and a lidded storage tote. Walmart’s kids’ camping section also groups sleeping bags, tents, backpacks, chairs and lanterns in one place. 
Walmart.com
+1

Best basic bundle: cool-weather sleeping bag + locking chair + headlamp + shared rechargeable lantern + first-aid kit. Using the listed prices, that setup starts at roughly $55 per child, excluding the shared first-aid kit and other consumables.

Sources used:

https://www.walmart.com/ip/Ozark-Trail-35-Degree-Cool-Weather-Rectangular-Sleeping-Bag-Blue-33-x77/446606039

https://www.walmart.com/ip/Ozark-Trail-50-Degree-Rectangular-Sleeping-Bag-33-x75/250528859

https://www.walmart.com/ip/Ozark-Trail-Childs-Camp-Chair-Blue-Weight-Limits-125-lbs-Ages-5-12/5040539815

https://www.walmart.com/ip/Ozark-Trail-Kids-Canopy-Chair-with-Safety-Lock-125-lb-Capacity-Red-Blue/5023829987

https://www.walmart.com/ip/Firefly-Outdoor-Gear-Finn-the-Shark-100-Lumen-Battery-Powered-Kid-s-Lantern-3-AA-Batteries-Not-Included/712553485

https://www.walmart.com/ip/Ozark-Trail-250-Lumen-Mini-Filament-Lantern/12362557115

https://www.walmart.com/ip/Ozark-Trail-Single-Mini-Handheld-LED-Flashlight-50-Lumens-3-AAA-Batteries-Teal-0-14-lbs/1646341275

https://www.walmart.com/ip/OT-MINI-HEADLAMP-T/18357211884

https://www.walmart.com/ip/Be-Smart-Get-Prepared-Outdoor-First-Aid-Happy-Hiker-65-Pcs/474414890

https://www.walmart.com/ip/Justin-Case-Family-First-Aid-Kit/30253160

https://www.walmart.com/browse/sports-outdoors/kids-camping-gear/4125_546956_4128_2042504

https://www.walmart.com/c/kp/sunscreen-bug-repellent"
What camping gear at Walmart is useful for both campsites and backyard use?,"The most versatile Walmart camping gear is equipment that also works for backyard cookouts, sleepovers, patio lounging, and power outages.

Ozark Trail 1500-Lumen LED Lantern
$14.97•Bright utility lantern for outdoor use.
Ozark Trail 2-in-1 Lantern and String Light
$18.46•Dual-purpose lantern and string light for versatile ambiance.
Ozark Trail Director Chair with Side Table
$29.44•Comfortable director chair with convenient side table.
Ozark Trail Quad Folding Camp Chair
$8.97•Affordable quad folding camp chair with cup holder.
Ozark Trail Sun Shelter
$37.88•Portable sun shelter with UV protection, lightweight.
Ozark Trail 4-Person Instant Cabin Tent
$109.00•Instant cabin tent for quick setup during camping or sleepovers.
Coleman Trailhead II Camping Cot
$54.99•Sturdy camping cot for extra guest sleeping space.
Ozark Trail 2-Burner Propane Stove
$46.84•Two-burner propane stove for outdoor cooking.
Camco Portable Propane Campfire
$127.99•Portable propane campfire for cozy outdoor fires.
Ozark Trail 2-Room Utility Shelter
$95.00•Two-room shelter ideal for privacy and changing at campsites.
Best crossover purchases

Lantern or lantern/string-light combo: Useful for illuminating a picnic table, tent, patio, shed, or backyard gathering. The Ozark Trail lantern is listed at $14.97, while the 2-in-1 model combines a 600-lumen lantern with 32.5 feet of string lights for $18.46.

Folding chairs: A basic quad chair is inexpensive, compact, and easy to keep in the garage or car. For regular backyard use, the director chair’s integrated side table and cupholder make it considerably more comfortable.

Sun shelter or canopy: These provide shade at campgrounds but are equally practical for children’s games, gardening breaks, picnics, and sporting events. The Ozark Trail sun shelter offers UPF 50+ protection and weighs 4.8 pounds.

Instant tent: A four-person instant tent can serve as a normal campsite shelter, a children’s backyard clubhouse, or a sleepover tent. Its pre-attached poles allow a roughly 60-second setup, and its built-in LED hub reduces the need for separate tent lighting.

Camping cot: At camp, it keeps you off cold or uneven ground. At home, it becomes a temporary guest bed, poolside lounger, or sleepover bed. The Coleman Trailhead II folds for vehicle or garage storage and supports up to 300 pounds.

Two-burner propane stove: This is useful for campsite cooking, backyard breakfasts, tailgating, and emergency meal preparation during an outage. The Ozark Trail model provides two 10,000-BTU burners and built-in wind guards. Use it outdoors only.

Portable propane fire pit: It can create a campfire-style gathering area at a campsite or on a suitable backyard patio. The Camco unit includes an eight-foot propane hose and is marketed for camping, tailgating, and patio use. Always follow local fire rules and clearance requirements.

Utility shelter: More specialized, but useful as a campsite shower or changing room and as backyard privacy for pool days, outdoor events, or temporary storage.

For the strongest all-around value, start with a lantern, two folding chairs, a shade shelter, and an instant tent. Those four items will likely see the most frequent use in both settings. Prices and availability can vary by store and delivery location.

Sources:

https://www.walmart.com/cp/camping-gear/4128

https://www.walmart.com/browse/sports-outdoors/ozark-trail/4125_546956_4128_2487866_2559937

https://www.walmart.com/ip/OT-1500L-LANTERN/17208817585

https://www.walmart.com/ip/OT-2IN1-LIGHT/9372772533

https://www.walmart.com/ip/OZARK-TRAIL-DIRECTOR-S-CHAIR-WITH-SIDE-TABLE/243426372

https://www.walmart.com/ip/Ozark-Trail-Adult-Basic-Quad-Folding-Camp-Chair-with-Cup-Holder-Black/983249623

https://www.walmart.com/ip/Ozark-Trail-Sun-Shelter-Tent-8-x-6-UV-Protectant-Coating-Weight-4-8-lbs-60-Center-Height/5180523795

https://www.walmart.com/ip/Ozark-Trail-4-Person-Instant-Cabin-Tent-with-LED-Lighted-Hub/755815422

https://www.walmart.com/ip/Coleman-Trailhead-II-Cot/20594106

https://www.walmart.com/ip/2-BURNER-CAMP-STOVE/9531902692

https://www.walmart.com/ip/Camco-Portable-Propane-Campfire-with-Storage-Bag-8-Foot-Propane-Hose-14-5-Inch-Fire-Tray-58047/5023879165

https://www.walmart.com/ip/Ozark-Trail-2-Room-Instant-Shower-Utility-Shelter/42391766"
Which Walmart camping products are worth paying a little more for?,"The Walmart camping categories most worth spending extra on are shelter, sleep, cold storage, cooking equipment, and dependable lighting. Those upgrades materially improve comfort, durability, and trip reliability.

Lifetime 65-Quart High-Performance Cooler
$129.98•High-capacity cooler offers great value for outdoor trips.
Lifetime 55-Quart High-Performance Cooler
$209.99•Smaller, premium cooler with excellent ice retention.
Coleman Pack-Away Camping Cot
$84.99•Spacious camping cot with side table for comfortable sleep.
Coleman Trailhead II Camping Cot
$54.99•Affordable, sturdy cot for budget-conscious campers.
Coleman Even-Temp 3-Burner Stove
$156.18•Ideal for group cooking with three burners.
Coleman Classic 3-in-1 Camping Stove
$168.00•Versatile 3-in-1 stove for various camping meals.
COAST EAL40R Rechargeable Lantern
$38.49•Reliable rechargeable lantern with high lumen output.
Ozark Trail 4000-Lumen Rechargeable Lantern
$29.97•Bright rechargeable lantern for campsite illumination.
Life+Gear Rechargeable Lantern and Power Bank
$29.99•Multi-mode lantern doubles as a power bank.
Swiss Tech Tragbar Rechargeable Lantern
$24.88•Weatherproof compact lantern with long battery life.
1. A weather-resistant tent

This should usually receive the biggest share of the budget. Better tents tend to provide stronger poles, more reliable seams and zippers, a fuller rainfly, and easier setup. Coleman’s Instant Cabin models, for example, use pre-attached poles, weather-protection features and heavier fabric, although current prices vary substantially by size and seller. 
Walmart.com
+1

Spend more when: camping several weekends per year, expecting rain, or camping with children.
Save when: using the tent mainly in the backyard or only in consistently mild weather.

2. Your sleeping surface

A better cot or insulated sleeping pad often improves the trip more than a larger tent. The Coleman Pack-Away Cot adds an extra-wide frame and side table, while the cheaper Trailhead II still provides a steel frame and 300-pound capacity.

For car camping, paying roughly $55–$100 for a solid cot is often worthwhile. Add a foam or insulated pad because a cot by itself can feel cold underneath.

3. A high-performance cooler

Basic coolers are adequate for an afternoon, but thicker insulation, durable hinges, stronger latches and better drainage become valuable on two- or three-night trips. Walmart’s Lifetime high-performance models advertise heavy-duty construction and extended ice retention; the 65-quart model was listed around $130 during this search. 
Walmart.com

A premium cooler is worth it when you camp frequently, transport meat or dairy, or cannot easily buy more ice. For overnight trips near stores, a basic cooler is usually sufficient.

4. A regulated two- or three-burner stove

Spend above the entry level when cooking for several people. The Coleman Even-Temp 3-Burner provides three independently adjustable burners, up to 28,000 total BTUs and regulated fuel pressure. The Coleman 3-in-1 includes removable grill and griddle surfaces, making it more versatile but also more expensive.

For solo trips and simple boiling, a basic single-burner stove remains the better value.

5. A rechargeable, weather-resistant lantern

The upgrade is worthwhile for better battery indicators, adjustable brightness, water resistance and power-bank functionality—not merely extreme lumen output. The COAST EAL40R combines rechargeable operation with multiple light modes, while the Ozark Trail 4000-lumen model adds wireless device charging at a lower listed price.

For most campsites, prioritize long runtime on medium or low over the highest brightness number.

Usually safe to buy cheaply

Tent stakes, basic tarps, enamel dishes, storage bins, camp towels, folding side tables and simple flashlights generally do not require premium pricing. Camping chairs are also fine at the budget level unless you need lumbar support, a high weight capacity or frequent-use durability.

Best allocation: put extra money into the tent first, then the sleeping setup, followed by the cooler or stove depending on how you camp.

Sources used:

https://www.walmart.com/ip/Coleman-8-Person-Cabin-Camping-Tent-with-Instant-Setup-Blue/14937170392

https://www.walmart.com/ip/Coleman-6-Person-Instant-Cabin/15138359812

https://www.walmart.com/ip/Lifetime-New-55-Qt-Capacity-High-Performance-Polyethylene-Cooler-Light-Gray-90949/490384164

https://www.walmart.com/ip/Lifetime-65-Quart-High-Performance-Cooler-90997/12789974592

https://www.walmart.com/ip/Coleman-Pack-Away-Camping-Cot-with-Side-Table/20594107

https://www.walmart.com/ip/Coleman-Trailhead-II-Cot/20594106

https://www.walmart.com/ip/Coleman-Eventemp-3-Burner-Propane-Camp-Stove/43195699

https://www.walmart.com/ip/Coleman-Classic-3-in-1-Camping-Stove-2-Burners-Blue-Nights/15867571717

https://www.walmart.com/ip/COAST-EAL40R-2500-Lumen-Rechargeable-Emergency-Camping-Lantern/13713013987

https://www.walmart.com/ip/OT-4000L-LANTERN/17270401006"
What are the best low-cost Walmart items for upgrading an existing camping setup?,"The best low-cost upgrades are the small items that remove recurring campsite annoyances—poor lighting, dead phones, messy cooking areas, wet gear, and uncomfortable evenings.

Ozark Trail 600-Lumen Lantern and String Light
$18.46•Creates cozy ambiance for outdoor spaces.
Ozark Trail Lantern and Tent Fan
$24.94•Ideal for hot tents, combines light and fan.
Ozark Trail Rechargeable Mini Lantern
$7.98•Compact, rechargeable mini lantern for portability.
Ozark Trail 6-Piece Lighting Set
$11.99•Affordable multi-light set for versatile illumination.
Ozark Trail 1500-Lumen Lantern
$14.97•Long-lasting lantern for extended outdoor use.
Ozark Trail 3-Pack Rechargeable Lanterns
$19.98•Rechargeable lanterns that light up multiple zones.
Ozark Trail 100-Lumen Mini Lantern
$6.87•Budget-friendly mini lantern for tents.
Ozark Trail 4000-Lumen Rechargeable Lantern
$29.97•Powerful rechargeable lantern with phone charging.
Ozark Trail 3-Pack Collapsible Lanterns
$19.96•Floating lantern perfect for water activities.
Ozark Trail Floating Lantern
$9.37•Great for water-side camping or poolside lighting.
Best upgrades under roughly $30

1. Ozark Trail lantern/string-light combination — about $18.46
The 32.5-foot string light makes a campsite significantly easier to navigate while the 600-lumen lantern provides concentrated light for cooking or setup. It delivers more of an “upgraded campsite” feeling than another basic flashlight.

2. Ozark Trail lantern with rotating tent fan — about $24.94
A particularly useful summer upgrade. It can hang inside the tent or sit on a table, combining airflow and illumination without requiring two separate devices.

3. Ozark Trail 10,000 mAh water-resistant power bank — about $12.87
This is one of the highest-impact upgrades for keeping phones, headlamps and other USB devices running. Walmart currently lists it with an IPX4 water-resistance rating. 
Walmart.com

4. Ozark Trail 10-quart collapsible sink — about $10.97
Use it for washing dishes, carrying water or separating dirty kitchen equipment. Because it collapses, it adds useful functionality without consuming much permanent storage space. 
Walmart.com

5. Ozark Trail 750-lumen headlamp — about $8.97
A headlamp is more useful than a handheld flashlight when pitching a tent, cooking after dark or walking to campground facilities. This model includes multiple modes and batteries. 
Walmart.com

6. Ozark Trail 50-foot paracord — about $5.48
Keep it available for clotheslines, securing tarps, hanging lightweight equipment and making temporary repairs. It is a cheap addition that solves many small problems, although it should not be used for climbing or other life-safety applications. 
Walmart.com

7. Ozark Trail pre-seasoned cast-iron skillet — about $11.94
For campers already using a stove or fire grate, this is an inexpensive way to improve campsite meals. Cast iron retains heat well and can replace several more specialized pans. 
Walmart.com

8. Rechargeable mini lantern/flashlight — about $7.98
This compact model has an integrated clip, USB-C charging and a base-mounted flashlight. It works well as a personal tent light or backup rather than the campsite’s primary lantern.

9. Emergency ponchos and blanket — approximately $2–$5 each
Walmart currently lists a clear emergency poncho around $1.98 and a reusable emergency blanket around $4.78. Store them permanently in your camping bin; they take up little space and provide inexpensive protection when the weather changes unexpectedly. 
Walmart.com

10. Small carabiners — about $3.48 per two-pack
Useful for attaching mugs, lanterns, gloves, keys and lightweight gear to bags or campsite loops. Treat inexpensive utility carabiners as organizers—not as climbing or load-bearing equipment. 
Walmart.com

Best $50 upgrade bundle

For the greatest practical improvement per dollar, I would combine:

Lantern/string light: $18.46

Power bank: $12.87

Collapsible sink: $10.97

Paracord: $5.48

Estimated total: $47.78 before tax. This bundle improves lighting, charging, camp-kitchen organization and general utility without duplicating major equipment you probably already own.

Prices and availability can vary by store and shipping location. Also avoid the recalled Ozark Trail tabletop one-burner butane stove, model BG2247A1; approximately 201,000 units were recalled after fire and explosion incidents. 
Houston Chronicle
+1

Sources:

https://www.walmart.com/browse/sports-outdoors/ozark-trail-camping-accessories/4125_546956_4128_2487866_2559937_4438585

https://www.walmart.com/ip/OT-2IN1-LIGHT/9372772533

https://www.walmart.com/ip/Camping-Lantern-with-Fan-18-LED/18095219693

https://www.walmart.com/ip/Ozark-Trail-250-Lumen-Mini-Filament-Lantern/12362557115

https://www.walmart.com/ip/Ozark-Trail-6-Piece-LED-Flashlight-Headlamp-Lantern-Penlight-Combo-Model-4937-1-36-lb/417564564

https://www.walmart.com/ip/OT-1500L-LANTERN/17208817585

https://www.walmart.com/ip/DAWN-RISE-LANTER-OZARK-TRAIL/17540315403

https://www.walmart.com/ip/Ozark-Trail-100-Lumen-LED-Mini-Camping-Lantern/954677571

https://www.walmart.com/ip/OT-4000L-LANTERN/17270401006

https://www.walmart.com/ip/Ozark-Trail-3-Pack-AAA-AA-Batteries-LED-Camping-Lanterns/309066896

https://www.walmart.com/ip/Ozark-Trail-LED-Floating-Lantern/12041852015

https://www.houstonchronicle.com/news/houston-texas/trending/article/walmart-amazon-products-recalled-nationwide-21218767.php

https://www.eatingwell.com/walmart-recalls-camping-stoves-nationwide-11859818"
Which camping products at Walmart can handle repeated use across multiple trips?,"For camping gear that can survive trip after trip, prioritize products with simple construction, replaceable fuel or batteries, reinforced materials, and few fragile moving parts.

Lodge 12-inch Dual-Handle Cast-Iron Pan
$24.79•Durable cast-iron pan ideal for long-term use.
Coleman Classic 3-Burner Propane Stove
$156.18•Reliable camp stove with three burners for versatile cooking.
Ozark Trail 6-by-8 Heavy-Duty Tarp
$10.87•Heavy-duty tarp offers compact ground protection.
Ozark Trail 9-by-12 Heavy-Duty Tarp
$14.33•Versatile tarp suitable as a shelter layer.
Ozark Trail 1500-Lumen LED Lantern
$14.97•Bright LED lantern provides reliable campsite lighting.
Lodge 9-inch Outdoor Cast-Iron Fry Pan
$17.92•Compact fry pan perfect for outdoor cooking.
Lodge 8-inch Carbon-Steel Skillet
$38.75•Lighter alternative to cast iron skillet for easy handling.
Sigman 6-by-8 Heavy-Duty Tarp
$11.98•Reinforced budget tarp for affordable outdoor protection.
Best repeat-use purchases

1. Lodge cast-iron cookware
Probably the safest long-term buy. It has no coatings or delicate components, works on campfires, grills and stoves, and can last for decades when dried and lightly seasoned after use. The dual-handle 12-inch pan is particularly practical for group meals.

2. A Coleman propane stove
A traditional metal propane stove is generally a better repeat-use investment than ultracheap single-burner or electronic cooking systems. Look for removable grates, protected burners and widely available fuel canisters. Avoid the recalled Ozark Trail one-burner butane stove. 
Houston Chronicle

3. A 10-mil heavy-duty tarp
Tarps take substantial abuse from rocks, mud, rain and repeated folding. Ozark Trail’s heavy-duty versions have reinforced corners and grommets and are more suitable for repeated use than thin all-purpose tarps. They can serve as a tent footprint, rain shelter, windbreak or equipment cover.

4. A full-size LED lantern
A sturdy battery-powered lantern usually lasts longer than lanterns with small built-in rechargeable batteries that cannot be replaced. The Ozark Trail 1500-lumen model offers multiple settings and a claimed runtime of up to 275 hours on low.

5. Hard-sided coolers and storage trunks
Choose thick, molded plastic rather than soft-sided coolers for frequent trips. Hard coolers tolerate loading, dragging and washing better, while latching storage trunks protect cookware, fuel and loose supplies in the vehicle.

6. Steel-frame chairs and cots
For repeated use, select chairs with steel frames, reinforced fabric and published weight limits. Basic quad chairs are inexpensive, but heavier-duty chairs or cots generally hold up better around the hinge points and fabric seams.

7. Coleman tents over the least-expensive tent available
For campers taking several trips each year, paying more for sturdier poles, better seams and stronger weather protection is usually worthwhile. Budget Ozark Trail tents can work well for occasional fair-weather camping, but current comparisons generally position Coleman as the stronger frequent-use choice. 
Camping Needs

Where durability matters less

Sleeping bags, inexpensive tables and basic accessories can provide good value from Ozark Trail. Spend more selectively on the items that experience heat, structural loads or prolonged weather exposure: stove, tent, chair, cooler and cookware.

Prices and availability vary by location and can change quickly.

Sources

https://www.walmart.com/cp/ozark-trail/2559937

https://www.walmart.com/browse/sports-outdoors/ozark-trail/4125_546956_4128_2487866_2559937

https://www.walmart.com/ip/Lodge-Cast-Iron-12-Seasoned-Dual-Handle-Pan-L10SKL/475670422

https://www.walmart.com/ip/Coleman-Classic-Camping-3-Burners-Stove-Black/888106140

https://www.walmart.com/ip/Ozark-Trail-Heavy-Duty-Tarp-6-x-8-Material-PE/497167369

https://www.walmart.com/ip/Ozark-Trail-Heavy-Duty-Tarpaulin-9-x-12/141001393

https://www.walmart.com/ip/OT-1500L-LANTERN/17208817585

https://www.walmart.com/ip/Lodge-Cast-Iron-Seasoned-Savor-The-Outdoors-9-Fry-Pan/8336022129

https://www.walmart.com/ip/Lodge-Cast-Iron-8-Seasoned-Carbon-Steel-Skillet-CRS8-8-Diameter/44803509

https://www.walmart.com/ip/Sigman-6-x-8-Brown-Silver-Heavy-Duty-Tarp/710962788

https://www.houstonchronicle.com/news/houston-texas/trending/article/walmart-amazon-products-recalled-nationwide-21218767.php

https://campingneed.com/coleman-vs-ozark-trail-tent/"
"If I could only buy ten camping essentials at Walmart, which types of products should I prioritize?","For a typical car-camping trip, prioritize these ten product types—in this order:

Weather-resistant tent
Choose one rated for at least one more person than will sleep inside. A full rainfly, sealed floor, ventilation, and easy setup matter more than extra rooms.

Temperature-appropriate sleeping bag
Select a rating comfortably below the coldest expected nighttime temperature. Walmart currently carries warm-weather 50°F bags, cooler 30–35°F options, and colder models.

Insulated sleeping pad or air mattress
This provides cushioning and reduces heat loss into the ground. A simple closed-cell foam pad is inexpensive, durable, and cannot leak. 
Walmart.com

Portable water container
Bring enough drinking and cooking water unless the campsite has a confirmed potable source. A rigid jug with a spigot is convenient at camp.

Cooler
Use a hard-sided model sized for your trip length and group. For most weekend trips, roughly 25–50 quarts is practical.

Camp stove plus compatible fuel
A one-burner stove is adequate for one or two campers; families benefit from two burners. Do not rely solely on a campfire, since fires may be restricted. 
Walmart.com

LED lantern or headlamp
A headlamp is best for hands-free tasks, while a lantern lights a shared campsite. Ideally, buy a headlamp first or choose a lantern with long low-mode runtime.

First-aid and emergency kit
Include wound care, blister treatment, necessary medications, an emergency whistle, fire starter, and basic repair supplies. Walmart’s starter kits can cover some emergency tools, but they do not replace a proper medical kit.

Tarp or groundsheet with cord
It can protect the tent floor, cover equipment, create shade, or provide backup rain protection. Make sure the groundsheet does not extend beyond the tent floor, where it could collect rainwater.

Camp chair
This ranks below safety and sleeping gear, but it makes a major difference during a multi-day stay. Choose a basic folding chair with a weight rating comfortably above the user’s weight.

Best place to spend more: tent, sleeping pad, and sleeping bag.
Best places to economize: chair, lantern, tarp, cookware, and storage bins.

A representative Walmart starter selection:

Ozark Trail 4-Person Dome Tent
$34.97•Budget dome tent for 4 campers, affordable shelter.
Ozark Trail 2-Person Hiker Tent
$55.87•Compact 2-person tent, easy for backpacking.
Ozark Trail 30°F Sleeping Bag
$24.97•Warm-weather sleeping bag, great for cool nights.
Ozark Trail 50°F Mummy Sleeping Bag
$19.88•Lightweight sleeping bag, ideal for warmer nights.
Sleeping Bag and Camp Pad Set
$50.85•Sleep-system bundle with sleeping bag and pad for comfort.
Ozark Trail 1500-Lumen Lantern
$14.97•Bright 1500-lumen lantern, ideal for campsites.
Ozark Trail 500-Lumen Lantern
$11.48•Affordable 500-lumen lantern, versatile for camping.
Ozark Trail Camping Starter Set
$24.98•Starter camping set with essential emergency gear.

Prices and local availability can vary by store.

Sources:

https://www.walmart.com/cp/camping-gear/4128

https://www.walmart.com/browse/sports-outdoors/all-sleeping-pads-mats/4125_546956_4128_4639316_1080584

https://www.walmart.com/browse/sports-outdoors/coleman-camping/4125_546956_4128_2487866_6320218

https://www.walmart.com/ip/Ozark-Trail-9-x-7-4-Person-Dome-Backpacking-Tent/22630912

https://www.walmart.com/ip/Ozark-Trail-Oversized-30F-Cool-Weather-Sleeping-Bag-Gray/677794987

https://www.walmart.com/ip/Ozark-Trail-50F-Compact-Mummy-Adult-Sleeping-Bag-Green-88-6-x-31-5/5016405570

https://www.walmart.com/ip/OT-1500L-LANTERN/17208817585

https://www.walmart.com/ip/Ozark-Trail-500-Lumen-Lantern-Versatile-LED-Camping-Light-Durable-42-Hour-Runtime-Gray-Orange/3756285522

https://www.walmart.com/ip/Ozark-Trail-Camping-Starter-Set-Includes-8-Items/5109928288"
What are the top solar motion lights at Walmart right now?,"Top solar motion lights at Walmart right now
Hyper Tough 3-Head Solar Security Flood Light, 2000 Lumens
$39.94•Solar flood light with high lumens, ideal for security.
GE Solar Motion Wall Light, 2400 Lumens
$29.84•Bright wall light perfect for outdoor illumination.
HALO Solar Twin-Head Security Light, 2000 Lumens
$28.20•Twin-head floodlight offering good value and coverage.
Hyper Tough Solar Security Flood Light, 800 Lumens
$13.97•Affordable solar flood light for basic outdoor security.
Hyper Tough Linkable Solar Motion Lights, 2-Pack
$29.94•Linkable solar lights for customizable outdoor lighting.
GE Solar Street Light, 5000 Lumens
$44.84•Powerful street light for large outdoor areas.
Bell + Howell Bionic Spotlight Deluxe
$19.96•Deluxe solar spotlight for focused outdoor lighting.
HART Decorative Solar Motion Light, 1200 Lumens
$24.97•Decorative solar light adds charm to outdoor spaces.
Hyper Tough 4-Head Solar Security Lights, 2-Pack
$59.97•Two-pack of adjustable security lights for versatile setup.
Better Homes & Gardens Solar Motion Sconce
$32.97•Elegant sconce enhances curb appeal with solar power.
My strongest picks

1. Best overall: Hyper Tough 3-Head, 2,000 lumens — about $39.94
The best balance of brightness, adjustable coverage and buyer history. It has a 4.4-star rating from more than 500 reviews, making it a safer choice than many inexpensive marketplace-brand lights. Best for garages, side yards and medium-size driveways.

2. Best value: HALO Twin-Head, 2,000 lumens — about $28.20
This is the standout deal. It offers a 40-foot motion range, broad adjustable lighting and a strong 4.7-star rating. At the listed price, it provides unusually good output for the money.

3. Best wall-mounted option: GE 2,400-lumen Wall Light — about $29.84
A strong choice for mounting above a garage door, back entrance or driveway. It is brighter than most similarly priced models, although its IP44 weather rating is less robust than IP65 models for highly exposed locations.

4. Best inexpensive light: Hyper Tough 800-lumen Flood Light — about $13.97
A practical choice for a porch, shed, gate or narrow walkway. It has a 4.5-star rating from nearly 500 reviews. It will not illuminate an entire driveway, but it offers excellent value for a smaller area.

5. Best for covering multiple entrances: Hyper Tough Linkable 2-Pack — about $29.94
These lights can communicate so that motion detected by one activates the others. That makes the set especially useful along a side yard, fence line or detached garage. Each light produces 800 lumens.

6. Brightest: GE 5,000-lumen Solar Street Light — about $44.84
The best option for a broad driveway, barn, basketball area or large backyard. Its pivoting heads give it much wider coverage than a conventional wall light. Mounting height and several hours of unobstructed sunlight will be important.

Also worth considering

The Bell + Howell Bionic Spotlight Deluxe is better for illuminating one specific location, such as a gate, shrub line or shed door. The HART 1,200-lumen decorative light is a better-looking option near a front entrance. For a coordinated two-light installation, the Hyper Tough four-head 2-pack offers 1,000 lumens per fixture and includes remote controls.

Walmart’s current category pages also show numerous low-priced third-party models advertising 2,500–3,000 lumens. Some have thousands of reviews, but specifications and long-term consistency can be harder to verify. For permanent security lighting, I would prioritize Hyper Tough, GE, HALO, HART or Westinghouse over an unfamiliar marketplace brand. Current prices and inventory can vary by ZIP code and seller. 
Walmart.com
+3
Walmart.com
+3
Walmart.com
+3

Sources used:

https://www.walmart.com/browse/patio-garden/solar-security-lights/5428_1102183_4423804_1739171_8266419

https://www.walmart.com/c/best-sellers/solar-outdoor-lights-motion-sensor

https://www.walmart.com/c/best-sellers/outdoor-solar-lights-motion-sensor

https://www.walmart.com/c/kp/sensor-lights

https://www.walmart.com/ip/Hyper-Tough-Solar-Three-Head-LED-Motion-Sensing-Security-Flood-Light-Outdoor-Black-2000-Lumen/349878111

https://www.walmart.com/ip/GE-SLR-2400LM-WALL/13461718477

https://www.walmart.com/ip/Halo-Solar-Outdoor-LED-Twin-Head-Flood-and-Security-Light-180-Degree-Motion-Sensor-2000-Lumens/149997502

https://www.walmart.com/ip/Hyper-Tough-Motion-Sensing-Outdoor-Security-Flood-Light-Dusk-to-Dawn-Black-120-Beam-Angle-800-Lumens-Solar-Power/5119026753

https://www.walmart.com/ip/Hyper-Tough-Solar-Outdoor-Motion-LED-Security-Light-with-Linkable-Technology-800-Lumens-2-Pack/452184754

https://www.walmart.com/ip/GE-SOLAR-5000LM-STRT/13475206356

https://www.walmart.com/ip/Bell-and-Howell-Bionic-Spotlight-LED-Solar-Lights-Outdoor-Security-Light-Deluxe-60-Beam-Angles/803832339

https://www.walmart.com/ip/HART-Solar-Motion-Sensing-Decorative-Outdoor-LED-Light-Dusk-to-Dawn-Operation-1200-Lumens/1470663105"
What's the best solar motion light you can get at Walmart?,"Best overall: GE 3-Head Solar Motion Security Flood Light

My top pick at Walmart is the GE Outdoor Security 3-Head Solar Flood Light, 2,500 Lumens, currently listed around $49.84. 
Walmart.com
+1

Why it stands out:

2,500-lumen output, substantially brighter than most Walmart solar lights in the $15–$30 range.

Three independently adjustable heads for covering a driveway, garage, or broad backyard.

240° motion detection up to 40 feet, with adjustable sensitivity and illumination duration.

Detachable solar panel with a 10-foot cord, so the panel can receive direct sun even when the light is mounted beneath an eave.

IP65 weather resistance and a two-year limited warranty.

Five selectable white-light temperatures, from warmer light to cool daylight.

A solid 4.3/5 rating from roughly 170 Walmart reviews. 
Walmart.com
+1

Verdict: This is the best choice when you want genuinely strong security lighting rather than a small accent light. The cheaper Hyper Tough models offer good value, but most provide only 800–1,000 lumens and less flexible coverage. 
Walmart.com
+1

Better budget option: The Hyper Tough 800-Lumen Solar Motion Flood Light at about $13.97 is the value pick for a doorway, shed, or narrow side yard. 
Walmart.com

Sources used:

https://www.walmart.com/ip/Outdoor-Motion-Security-Solar-Floodlight-5-White-Tones-3-Head/13474712584

https://business.walmart.com/ip/Outdoor-Motion-Security-Solar-Floodlight-5-White-Tones-3-Head/13474712584

https://www.walmart.com/ip/Hyper-Tough-Single-Head-LED-Solar-Motion-Sensing-Security-Flood-Light-White-1000-Lumens/884042186

https://www.walmart.com/ip/Hyper-Tough-Solar-Motion-Street-Area-Light-Dusk-to-Dawn-Wall-Mount-120-degree-800-Lumens-Black/5094543471

https://www.walmart.com/ip/Outdoor-Security-Solar-Pathway-Light-5-White-Tones/13461718477"
What solar motion light should I buy at Walmart?,"Best overall: Hyper Tough 1000-Lumen Solar Motion Flood Light

At $24.97, it is the Walmart solar motion light I’d buy for most homes. It has a 180° motion-detection zone, a detection range of up to 45 feet, and a separate solar panel with 15 feet of cable, so you can mount the light in a shaded area while placing the panel in direct sun. It currently has a 4.4/5 rating from more than 560 reviews.

Hyper Tough 1000-Lumen Solar Motion Flood Light
$24.97•Bright, solar-powered flood light ideal for outdoor security.
GE 2400-Lumen Solar Security Wall Light
$29.84•Trusted, high-lumen solar wall light for bright outdoor illumination.
Bell + Howell Bionic Spotlight Deluxe
$19.96•Portable solar spotlight with wide beam for outdoor security.
SZRSTH 2500-Lumen Solar Motion Light
$29.89•High-coverage solar motion light with remote control for outdoor areas.
Other good choices

For a driveway or larger area: Choose the GE 2400-Lumen Solar Wall Light. It is substantially brighter, costs about $29.84, and has motion plus dusk-to-dawn operation. Its IP44 rating is adequate for normal outdoor exposure, though less robust than IP65-rated alternatives.

For a gate, shed, or targeted spot: The Bell + Howell Bionic Spotlight Deluxe is only $19.96 and can be wall-mounted or installed with its ground stake. It is better for directing light at one specific location than flooding an entire driveway.

For maximum brightness per dollar: The marketplace-sold SZRSTH 2500-lumen model offers wide 270° coverage and strong review volume. However, I would still favor Hyper Tough or GE for a simpler purchase from a recognizable established brand.

Bottom line: Buy the Hyper Tough 1000-Lumen light unless you need to illuminate a broad driveway, in which case spend roughly $5 more for the GE 2400-Lumen model.

Sources:

https://www.walmart.com/ip/Hyper-Tough-Single-Head-LED-Solar-Motion-Sensing-Security-Flood-Light-White-1000-Lumens/884042186

https://www.walmart.com/ip/GE-SLR-2400LM-WALL/13461718477

https://www.walmart.com/ip/Bell-and-Howell-Bionic-Spotlight-LED-Solar-Lights-Outdoor-Security-Light-Deluxe-60-Beam-Angles/803832339

https://www.walmart.com/ip/SZRSTH-Solar-Lights-Outdoor-210-LED-Waterproof-Motion-Sensor-Security-Wireless-Remote-Control-2500LM-Flood-Patio-Garage-Yard-Entryways/641276075"
What's the best budget solar motion light at Walmart?,"Best budget pick: Hyper Tough 800-Lumen Solar Motion Security Flood Light — $13.97.

It offers the strongest balance of price and proven performance: 800 lumens, a 120° beam, dusk-to-dawn operation, motion activation, and a 4.5/5 rating from roughly 500 reviews. It is also sold directly by Walmart rather than an unfamiliar marketplace seller. 
Walmart.com

For a driveway, garage entrance, side yard, or shed, this is the budget model I’d choose. The $12.88 Mainstays light is slightly cheaper but produces only 200 lumens; the Hyper Tough is substantially brighter for about $1 more. For a larger area, the $24.97 Hyper Tough model adds 1,000 lumens, a 180° detection zone, and a separate solar panel with a 15-foot cable.

Hyper Tough 800-Lumen Solar Motion Flood Light
$13.97
Hyper Tough 800-Lumen Pathway & Security Light
$16.78
Hyper Tough Simulated-Camera Solar Security Light
$17.97
Hyper Tough 1,000-Lumen Motion Flood Light
$19.94
Hyper Tough Separate-Panel 1,000-Lumen Flood Light
$24.97
Hyper Tough Linkable Solar Lights, 2-Pack
$29.94
HART Decorative 1,200-Lumen Solar Light
$24.97
Hyper Tough 1,500-Lumen Two-Head Light
$34.94

One caveat: solar performance depends heavily on getting several hours of unobstructed sunlight. Avoid mounting it beneath a deep roof overhang or in a heavily shaded area.

Sources used:

https://www.walmart.com/ip/Hyper-Tough-Motion-Sensing-Outdoor-Security-Flood-Light-Dusk-to-Dawn-Black-120-Beam-Angle-800-Lumens-Solar-Power/5119026753

https://www.walmart.com/browse/patio-garden/solar-security-lights/5428_4423804_1739171_8266419"
What are the best new or trending solar motion lights at Walmart this year,"Best new or trending solar motion lights at Walmart in 2026
Hyper Tough 800-Lumen Solar Area Light
$17.78•Great value solar light, dusk-to-dawn wall mount.
HART 1,200-Lumen Decorative Security Light
$24.97•Stylish security light with 1200 lumens.
Bell + Howell Bionic Flood Light 2-Pack
$25.19•Wide-area 2-pack floodlights for outdoor security.
Bell + Howell Bionic Wall Light XL Pro
$29.97•Premium 1000-lumen wall light, solar-powered.
TorchStar 178-LED Solar Lights 4-Pack
$22.98•Multi-light pack with 178 LEDs for outdoor lighting.
Tolsprint 156-LED Solar Lights 2-Pack
$12.99•Affordable 156-LED floodlights with remote control.
SZRSTH 118-LED Solar Lights 6-Pack
$24.89•Perimeter coverage with 118-LED solar lights, 6-pack.
Mainstays 200-Lumen Motion Wall Light
$12.88•Basic 200-lumen motion wall light, easy to install.
Better Homes & Gardens Solar Motion Sconce
$32.97•Elegant solar sconce with dusk-to-dawn sensor.
Westinghouse Linkable Solar Lights 2-Pack
$50.34•Linkable 2-pack solar lights for customizable outdoor lighting.
My top recommendations

1. Hyper Tough 800-Lumen Solar Motion Area Light — best overall value
At about $17.78, it delivers substantially more light than most similarly priced compact wall lights. Its dusk-to-dawn operation and 800-lumen output make it a strong choice for driveways, side yards and detached garages.

2. HART 1,200-Lumen Decorative Solar Light — best combination of looks and brightness
This is one of the more compelling newer-style options: 1,200 lumens, motion detection to approximately 25 feet and a housing that looks more finished than a typical plastic floodlight. It was listed around $24.97 with a 4.4-star rating.

3. Bell + Howell Bionic Flood Light 2-Pack — best proven multipack
The adjustable three-head layout provides better directional coverage than a flat wall light. At roughly $25 for two, it is particularly suitable for lighting two corners of a house, a driveway and garage combination, or opposite sides of a backyard. It also has hundreds of customer ratings, making it less speculative than newly listed marketplace products.

4. DAYBETTER 318-LED split-panel lights — best emerging design
A notable trend this year is the separate solar panel, which lets you place the lamp in a shaded area while mounting its panel where it receives direct sun. The DAYBETTER model offers five modes, remote control and IP65 weather resistance. The two-pack was listed around $25.99. 
Walmart.com
+1

5. TorchStar 178-LED four-pack — best for covering several entrances
For approximately $22.98, you get four IP65-rated lights with three modes and adjustable brightness. This is a better fit for fences, sheds and multiple doors than buying one extremely bright fixture.

Other worthwhile trending picks

The Tolsprint 156-LED two-pack stands out at roughly $12.99, with adjustable heads, remote control and more than 800 ratings. The SZRSTH six-pack is better for broad perimeter coverage, while the Mainstays 200-lumen wall light is the simplest low-risk choice because it is sold directly under Walmart’s house brand.

For a front porch where appearance matters, the Better Homes & Gardens motion sconce is more attractive than most security-focused designs. For a larger property, the Westinghouse linkable two-pack is interesting because multiple lights can activate together when one detects motion.

Walmart’s current bestseller assortment is heavily concentrated around multi-head floodlights, remote controls, multiple operating modes and wide-angle illumination. Prices and marketplace sellers can change quickly, so check who fulfills the order before purchasing. 
Walmart.com
+1

What I would buy

For most homes, I would choose the Hyper Tough 800-lumen light for a single location or the Bell + Howell Bionic two-pack when two coverage zones are needed. Choose the DAYBETTER split-panel model when the mounting location does not receive enough direct sunlight.

Sources used:

https://www.walmart.com/c/best-sellers/solar-outdoor-lights-motion-sensor

https://www.walmart.com/browse/patio-garden/solar-security-lights/5428_1102183_4423804_1739171_8266419

https://www.walmart.com/ip/DAYBETTER-Solar-Lights-Outdoor-318LED-5-Modes-Split-Motion-Sensor-Outdoor-Lights-Remote-Control-IP65-Waterproof-180-Wide-Angle-Outdoor-Solar-Lights-Y/16334004483

https://www.walmart.com/ip/DAYBETTER-Solar-Lights-Outdoor-318LED-5-Modes-Split-Motion-Sensor-Outdoor-Lights-Remote-Control-IP65-Waterproof-180-Wide-Angle-Outdoor-Solar-Lights-Y/16288573770

https://www.walmart.com/ip/Bell-and-Howell-Solar-Bionc-Floodlight-Elite-2-Pcs-Solar-Outdoor-Lights/5229777577

https://www.walmart.com/ip/Hyper-Tough-Solar-Motion-Street-Area-Light-Dusk-to-Dawn-Wall-Mount-120-degree-800-Lumens-Black/5094543471

https://www.walmart.com/ip/HART-Solar-Motion-Sensing-Decorative-Outdoor-LED-Light-Dusk-to-Dawn-Operation-1200-Lumens/1470663105

https://www.walmart.com/ip/TorchStar-Led-Solar-Motion-Sensor-Lights-Wireless-Outdoor-Wall-Lights-Outdoor-Security-Wall-Mount-Light-Black-Pack-of-4/881587174"
What are the top outdoor doormats at Walmart right now?,"Top outdoor doormats at Walmart right now
Mainstays Sunburst Coir & Rubber Doormat
$19.96•Durable, natural coir and rubber blend for outdoor use.
GORILLA GRIP WeatherMax Doormat
$18.99•All-weather waterproof doormat with stain resistance.
Achim Wrought Iron Rubber Door Mat
$18.94•Stylish wrought iron rubber mat for a classic look.
Mainstays Plain Coir Doormat
$6.47•Affordable coir doormat, great for budget-conscious homes.
Mainstays Home Coir Mat
$9.96•Decorative coir mat with farmhouse charm.
Beautiful Geometric Doormat
$12.88•Modern geometric design for contemporary entryways.
My Texas House Scalloped Welcome Mat
$10.11•Farmhouse-style scalloped edge welcome mat.
Mainstays Thick Plain Coir Doormat
$9.96•Thick, sturdy coir for heavy foot traffic.
Better Homes & Gardens Soleil Floral Mat
$19.97•Elegant floral pattern for a welcoming entrance.
Best picks

1. Mainstays Sunburst Coir & Rubber, 24"" × 36"" — best overall
Around $19.96, with a 4.7-star rating from roughly 750 reviews. Its larger size, textured coir surface and skid-resistant rubber construction make it a strong balance of appearance and shoe-scraping performance.

2. GORILLA GRIP WeatherMax, 17"" × 29"" — best for exposed entrances
Around $18.99. Deep grooves, a retention border and weather-resistant construction make this the better choice for rain, mud and frequent foot traffic.

3. Achim Wrought Iron Rubber Mat, 18"" × 30"" — best low-maintenance option
Around $18.94, rated 4.7 stars. The recycled-rubber design can be shaken, brushed or rinsed with a hose, making it particularly practical for uncovered porches.

4. Mainstays Plain Coir, 18"" × 30"" — best budget buy
Around $6.47, with more than 1,600 reviews. It provides a natural coir scraping surface and skid-resistant backing at one of the lowest current prices.

5. Mainstays Home Coir Mat, 18"" × 30"" — best inexpensive decorative mat
Around $9.96, rated approximately 4.7 stars from more than 750 reviews. A good choice when you want a traditional design without paying substantially more.

6. Beautiful by Drew Barrymore Geometric Mat — best modern-looking option
Around $12.88. The arched geometric pattern is more stylish than a basic coir mat, though Walmart specifies it for a covered outdoor entry.

7. My Texas House Scalloped Welcome Mat — best farmhouse style
Around $10.11. It has an attractive scalloped edge and textured coir face, but is also intended primarily for covered entrances.

8. Mainstays Thick Plain Coir — best customizable mat
Around $9.96. Its thick, unprinted surface works well as a simple neutral mat or as a base for a DIY stencil. Use it under a covered porch to extend its life.

My recommendation

Choose the Mainstays Sunburst for the best overall combination of size, durability and curb appeal. For an entrance exposed directly to rain or snow, choose the GORILLA GRIP WeatherMax or Achim rubber mat instead. Traditional coir mats scrape shoes effectively, but Walmart marks several of them for covered-entry use, so they should not remain continually soaked. Walmart’s current listings show especially broad selection among coir, rubber and low-profile weather-resistant mats. 
Walmart.com
+2
Walmart.com
+2

Prices and local availability can vary by ZIP code.

Sources

https://www.walmart.com/c/kp/heavy-duty-outdoor-mats

https://www.walmart.com/browse/home/coir-doormats/4044_133012_110892_4768882_5500233

https://www.walmart.com/browse/home/rubber-doormats/4044_133012_110892_4768882_4096378

https://www.walmart.com/ip/Mainstays-Coir-Doormat-18-x-30/872529719

https://www.walmart.com/ip/Sunburst-Coir-and-Rubber-Outdoor-Doormat-Mainstays-24-x-36-Half-Round-Natural/838713557

https://www.walmart.com/ip/Achim-Home-Furnishings-Wrought-Iron-Rubber-Door-Mat-18-L-x-30-W-Rectangle-Lattice/56212026

https://www.walmart.com/ip/Mainstays-18x30-Thick-Plain-Coir-Doormat/5354931492

https://www.walmart.com/ip/My-Texas-House-Welcome-Natural-Scalloped-Edge-and-Border-Outdoor-Coir-Doormat-18-x-30/5089315602

https://www.walmart.com/ip/Beautiful-Arched-Coir-Doormat-By-Drew-Barrymore-18-x-30-Natural/8973060468

https://www.walmart.com/ip/Gorilla-Grip-Waterproof-WeatherMax-Doormat-17x29-Indoor-Outdoor-Stain-and-Fade-Resistant-Door-Mat-Steel-Gray/8591161516

https://www.walmart.com/ip/Mainstays-18x30-Home-Coir-Mat/5482968418

https://www.walmart.com/ip/BHG-20X30-WOVEN-COIR/18131374440"
What's the best outdoor doormat you can get at Walmart?,"Best overall: Mainstays Ridge Scraper Rubber Doormat, 24"" × 36""

At $12.97, it offers the strongest mix of price, durability, size, and proven customer feedback. It is made from 100% rubber, has raised bars that scrape dirt and mud from shoes, and is designed for outdoor weather and daily foot traffic. It currently has a 4.5/5 rating from 302 reviews at Walmart. 
Walmart.com

The larger 24"" × 36"" size provides better doorway coverage than most inexpensive 17"" × 30"" mats. Its plain black design is practical rather than decorative, and rubber should hold up better in exposed locations than coir, which can shed and retain water.

One caveat: Walmart recommends keeping it in a somewhat sheltered area to extend its life. 
Walmart.com

Mainstays Ridge Scraper Rubber Doormat, 24 × 36 in.
$12.97
•
Ottomanson Heavy-Duty Rubber Mat, 20 × 39 in.
$17.76
•
Mainstays Scottsdale All-Weather Doormat, 23 × 47 in.
$19.99
•
Mainstays Welcome Rubber Frame Doormat
$12.94
•
Home & More Sungate Rubber Door Mat
$25.99
•
Calloway Mills Welcome Arch Rubber Doormat
$34.48
•
Gorilla Grip Traffic Guard Doormat
$34.99
•
Home & More Rubber Ridge Scraper Door Mat
$20.00
•

Sources:

https://www.walmart.com/ip/Mainstays-Ridge-Scraper-Rubber-Doormat-24-x-36/878114108

https://www.walmart.com/c/kp/scraper-door-mats"
What outdoor doormat should I buy at Walmart?,"Best overall: SIXHOME 17"" × 30"" Outdoor Doormat

The SIXHOME non-slip outdoor doormat is the strongest all-around choice for most entrances. It has a polypropylene dirt-trapping surface, heavy rubber backing, a low-profile design that should clear most doors, and a 4.7-star rating from more than 4,000 reviews. It was listed around $9.71, though price and availability can vary.

Choose the Mainstays Plain Coir Doormat instead when the entrance is under a covered porch. Its coarse coconut fibers are better at scraping dried mud and debris, and it costs around $6.47, but coir can shed and deteriorate faster when repeatedly soaked. 
WellFizz

SIXHOME Outdoor Non-Slip Doormat
$9.71•Durable, absorbent rubber doormat with non-slip backing.
Mainstays Plain Coir Doormat
$6.47•Affordable coir scraper mat for outdoor use.
Mainstays Coir Hello Doormat
$9.96•Decorative coir doormat with welcoming 'Hello' message.
Mainstays Rambling Vine Outdoor Doormat
$39.88•Large outdoor doormat with vine pattern, ideal for bigger entryways.
Mainstays Gray Sunburst Utility Mat
$27.88•Simple, functional utility mat in neutral gray for outdoor spaces.

My buying rule:

Exposed to rain: Buy the SIXHOME.

Covered porch with lots of dirt or mud: Buy the Mainstays Plain Coir.

Need a wider 24"" × 36"" mat: Consider the Mainstays Rambling Vine, but confirm you are not selecting the four-pack listing by mistake.

Sources used:

https://www.walmart.com/ip/SIXHOME-Outdoor-Mat-Non-Slip-Doormat-17-x30-Front-Door-Absorbent-Rubber-Welcome-Low-Profile-Dirt-Trapper-Indoor-Thick-Crosshatch-Entryway-Rug-Floor-B/1239944716

https://www.walmart.com/ip/Mainstays-Coir-Doormat-18-x-30/872529719

https://www.walmart.com/ip/Mainstays-Coir-Hello-Doormat-18-x30/1473878266

https://www.walmart.com/ip/Mainstays-Brown-Rambling-Vine-Utility-Polyester-Outdoor-Doormat-24-x-36/15298772718

https://www.walmart.com/ip/Mainstays-18-x30-Gray-Sunburst-Polyester-Utility-Mat/15358718985

https://www.walmart.com/browse/home/outdoor-doormats/best-rated/4044_133012_110892_4768882_5814303/Y3VzdG9tZXJfcmF0aW5nOjQgLSA1IFN0YXJz

https://wellfizz.com/best-doormat-for-outdoors/"
What's the best budget outdoor doormat at Walmart?,"Best budget pick: Mainstays Flexible Rubber Pin Doormat

At about $6.38, it is the strongest low-cost outdoor option I found at Walmart. It has a 4.4-star rating from nearly 800 reviews, and its raised rubber pins scrape dirt, sand, leaves, and debris from shoes. Because it is all rubber, you can simply shake it out or rinse it with a hose. 
Walmart.com
+1

Best for: uncovered porches, back doors, garages, and muddy or rainy entrances.

Trade-off: It is more functional than decorative. For a nicer-looking front-door mat, the Mainstays Gray Sunburst Utility Mat costs about $6.97 and has a 4.7-star rating, but its polyester surface may retain more moisture than the rubber mat. 
Walmart.com

Sources:

https://www.walmart.com/ip/Mainstays-Rubber-Pin-Doormat-for-Entryways/5357489155

https://www.walmart.com/ip/2-pack-Mainstays-Rubber-Pin-Doormat-for-Entryways/14952507601

https://www.walmart.com/ip/Mainstays-18-x30-Gray-Sunburst-Polyester-Utility-Mat/939390282"
What are the best new or trending outdoor doormats at Walmart this year?,"Walmart’s outdoor-doormat trends for 2026 lean toward natural coir, colorful floral and geometric patterns, oversized “estate” mats, and decorative shapes such as half-round designs. Walmart’s current listings also show strong shopper interest in affordable Mainstays options, while Better Homes & Gardens is offering more design-forward seasonal styles. 
Walmart.com
+2
Walmart.com
+2

Better Homes & Gardens Soleil Floral Woven Coir Doormat
$19.97•Floral woven doormat with trendy design, ideal for welcoming guests.
Mainstays Carved Geo Coir Outdoor Mat
$9.96•Modern geometric carved coir mat offers durability and style.
Mainstays Blue Summer Stripes Coir Doormat
$13.97•Seasonal blue stripes add a fresh look to your entryway.
Mainstays Sunburst Half-Round Coir and Rubber Doormat
$19.96•Unique half-round sunburst shape enhances curb appeal.
Better Homes & Gardens Natural Braided Coir Doormat
$14.97•Natural braided coir doormat with an elevated, natural style.
Mainstays Estate Hello Coir Doormat
$19.96•Oversized estate hello mat provides great value for larger spaces.
Mainstays Home Outdoor Doormat
$9.96•Everyday popular outdoor doormat in a simple, durable design.
Home Decor Collection Antique Coir Doormat
$13.68•Boho-inspired antique coir mat adds vintage charm to your porch.
Calloway Mills Calico Hello Coir Doormat
$22.22•Large premium welcome mat with Calico print for a warm greeting.
Rugsmith Honeysuckle Rubber-Coir Doormat
$16.96•Rubber-coir Honeysuckle mat combines style and durability for indoor/outdoor use.
Best trending picks

Best overall: Better Homes & Gardens Soleil Floral — $19.97
Its blue-and-green floral border is especially current for 2026 and coordinates well with colorful planters or porch furniture. The 20-by-30-inch format is slightly more substantial than a basic mat.

Best modern look: Mainstays Carved Geo — $9.96
A carved geometric surface gives this inexpensive coir mat a more architectural, contemporary appearance. It is a strong choice for modern or minimalist entrances.

Best summer update: Mainstays Blue Summer Stripes — $13.97
Bright striped doormats are an easy seasonal porch refresh. This one has a rubber backing and a strong 4.7-star rating from about 55 reviews at the time checked.

Best traditional statement mat: Mainstays Sunburst Half-Round — $19.96
The half-circle shape and coir-and-rubber construction look more decorative than a basic rectangle. It is also one of the more established choices, with roughly 750 reviews and a 4.7-star rating.

Best understated trend: Better Homes & Gardens Braided Coir — $14.97
Natural texture and woven or braided details are trending as alternatives to printed slogans. This is the easiest pick to coordinate with nearly any porch style.

Best for a wide doorway: Mainstays Estate Hello — $19.96
At 20 by 46 inches, it delivers the popular oversized look without moving into premium pricing. It works particularly well beneath double doors or alongside layered porch rugs.

My recommendation

For the freshest decorative look, choose the Better Homes & Gardens Soleil Floral. For something less seasonal and more versatile, the Mainstays Carved Geo is the best value. For a large, high-impact entrance, pick the Mainstays Estate Hello.

Most natural-coir mats last longer when placed beneath a covered porch rather than exposed continuously to heavy rain or snow. Prices and local availability can vary by store.

Sources used:

https://www.walmart.com/c/best-sellers/outdoor-doormats

https://www.walmart.com/browse/home/coir-doormats/4044_133012_110892_4768882_5500233

https://www.bhg.com/bhg-x-walmart-spring-home-finds-april-2026-11960233

https://www.walmart.com/ip/BHG-20X30-WOVEN-COIR/18131374440

https://www.walmart.com/ip/Mainstays-18-x30-Carved-Geo-Coir-Mat/15686811292

https://www.walmart.com/ip/18X30-MS-COIR-STRIPE/18248200075

https://www.walmart.com/ip/Sunburst-Coir-and-Rubber-Outdoor-Doormat-Mainstays-24-x-36-Half-Round-Natural/838713557

https://www.walmart.com/ip/Better-Homes-Garden-Solid-Braided-Coir-Doormat-18-x-30-Natural/15363908947

https://www.walmart.com/ip/Mainstays-20x46-Estate-Hello-Coir-Doormat/5345997511

https://www.walmart.com/ip/Mainstays-18x30-Home-Coir-Mat/5482968418

https://www.walmart.com/ip/Home-D-cor-Collection-18-x30-Antique-Coir-Outdoor-Doormat/14664850551

https://www.walmart.com/ip/Calloway-Mills-Calico-Hello-Outdoor-Coir-Doormat-24-x-36/48995290

https://www.walmart.com/ip/Rugsmith-Moulded-Rubber-Coir-Honeysuckle-Indoor-and-Outdoor-Doormat-24-x-36/247386224"
What are the top computer speakers at Walmart right now?,"Based on current Walmart availability and popular desktop-speaker picks, these are some of the top computer speakers worth considering right now: 
Walmart.com
+1

Speaker	Best for	Why it stands out
Creative Pebble V2 / Pebble 2.0	Best budget pick	Compact, clean sound, USB-powered, great upgrade over built-in laptop/monitor speakers. 
Walmart.com

Logitech Z150 Multimedia Speakers	Everyday desktop use	Reliable brand, simple controls, good for work, calls, and casual music. 
Walmart.com

Creative Pebble Plus 2.1	Better bass on a budget	Adds a subwoofer for fuller sound in games, movies, and music. 
Walmart.com

Logitech Z407 2.1 Bluetooth Speakers	Best overall upgrade	Stronger sound, wireless control dial, Bluetooth support, and a dedicated subwoofer. 
TechRadar

Cyber Acoustics CA-3610 / 2.1 systems	Movies and gaming	Affordable 2.1 setups with more bass than basic stereo speakers. 
Walmart.com

Edifier MR4 / R1700BT	Music-focused users	More accurate, higher-quality audio for people who care about sound detail. 
Walmart.com

Redragon GS550 Orpheus	Budget gaming setup	Compact gaming-style speakers with headphone connectivity and USB power. 
Walmart.com
Quick recommendations

Under $30: Creative Pebble V2 or Logitech Z150 
Walmart.com
+1

Best value for most people: Logitech Z407 
TechRadar

Best small desk setup: Creative Pebble Pro/V2 line 
Tom's Hardware

Best for gaming + bass: Creative Pebble Plus 2.1 or Cyber Acoustics 2.1 
Walmart.com
+1

Best for music: Edifier MR4 or R1700BT 
Walmart.com

For most Walmart shoppers, the Creative Pebble V2 is the easiest recommendation on a budget, while the Logitech Z407 is the better all-around upgrade if you want noticeably fuller sound. 
Tom's Hardware
+1

Sources:
https://www.walmart.com/browse/electronics/computer-speakers/3944_1086506_132959_1230184_645320_132902

https://www.walmart.com/c/best-sellers/computers-accessories-computer-speakers

https://www.tomshardware.com/best-picks/best-pc-speakers

https://www.techradar.com/news/best-computer-speakers"
What's the best computer speakers you can get at Walmart?,"If you want the best computer speakers you can buy at Walmart, I’d pick the Creative Pebble Pro 2.0 for most people. It delivers the best mix of sound quality, size, features, and price for a desktop setup. 
TechRadar
+1

🏆 Best Overall: Creative Pebble Pro 2.0

Best for: Most PC users, laptops, gaming desks, music, YouTube, and streaming

Why it stands out

Surprisingly clear sound for its compact size

Better bass than most tiny USB speakers

USB-C, 3.5mm AUX, and Bluetooth 5.3 connectivity

Space-saving angled design that points audio toward your ears

Optional higher power output with a stronger USB-C power adapter 
Tom's Hardware
+1

Typical price: Around $60–$70 at Walmart 
TechRadar

Downside: It does not have a dedicated subwoofer, so bass-heavy music and movies won’t hit as hard as larger 2.1 systems. 
Tom's Hardware

🥈 Best Upgrade for More Bass: Logitech Z407 2.1

Best for: Movies, gaming, and people who want a fuller sound

Why buy it:

Separate subwoofer adds much stronger bass

Wireless control dial makes volume adjustment easy

Bluetooth plus wired connections

More powerful room-filling sound than compact speakers 
TechRadar
+1

Tradeoff: Takes more desk space than the Creative Pebble Pro.

💰 Best Budget Pick: Creative Pebble V2 / Pebble 2.0

Best for: A simple, cheap upgrade over built-in monitor or laptop speakers

Why buy it:

Very affordable

Clean stereo sound

Tiny footprint

USB-powered convenience 
Walmart.com

Tradeoff: Less volume and bass than the Pebble Pro.

Quick Recommendation
If you want...	Buy
Best overall desktop speakers	Creative Pebble Pro
Best bass and movies	Logitech Z407
Cheapest good option	Creative Pebble V2 / Pebble 2.0
Smallest setup	Creative Pebble Pro

For most Walmart shoppers, I’d buy the Creative Pebble Pro unless you specifically want a subwoofer—then go with the Logitech Z407. 
TechRadar
+1

Sources used:
https://www.techradar.com/computing/mics-speakers/creative-pebble-pro

https://www.techradar.com/news/best-computer-speakers

https://www.tomshardware.com/best-picks/best-pc-speakers

https://www.walmart.com/c/kp/desktop-speakers"
What computer speakers should I buy at Walmart?,"If you want a good computer speaker setup from Walmart, I’d prioritize Creative and Logitech models over generic USB speakers. The best choice depends on your budget and what you use your PC for. 
Walmart.com
+1

Best overall: Logitech Z407 Bluetooth Computer Speakers

Best for: music, movies, gaming, everyday use
Why buy it:

Stronger bass thanks to the included subwoofer

Bluetooth + wired connections

Wireless volume control dial

Sounds much bigger than basic desktop speakers
Downside: Takes more desk space than compact models. 
TechRadar

Best budget pick: Creative Pebble 2.0 USB-Powered Desktop Speakers

Best for: work-from-home, YouTube, casual listening
Why buy it:

Excellent sound for the price

Very small footprint

Clean design

USB powered
Downside: Limited bass because there is no subwoofer. 
Walmart.com
+1

Best small upgrade: Creative Pebble V2 USB-C Desktop Speakers

Best for: laptops and smaller desks
Why buy it:

Better output than the original Pebble

Compact angled design aims sound toward you

Simple plug-and-play setup

Walmart.com

Best premium compact option: Creative Pebble Pro 2.0 Desktop Speakers

Best for: gaming desks and nicer setups
Why buy it:

USB-C, Bluetooth, and AUX connectivity

Clear vocals and surprisingly good volume

Compact with optional RGB lighting
Downside: Still cannot match a true subwoofer system for deep bass. 
Tom's Hardware
+1

My picks by budget

Under $30: Creative Pebble 2.0 
Walmart.com

$40–$70: Creative Pebble Pro or Pebble V2 
TechRadar
+1

Around $100+: Logitech Z407 for the biggest sound upgrade 
TechRadar

For most people, I’d buy the Logitech Z407 if you have room for a subwoofer, or the Creative Pebble Pro if you want a cleaner desk setup. 
TechRadar
+1

Sources:
https://www.walmart.com/c/kp/desktop-speakers

https://www.techradar.com/computing/mics-speakers/logitech-z407-vs-creative-pebble-plus

https://www.tomshardware.com/best-picks/best-pc-speakers

https://www.techradar.com/computing/mics-speakers/creative-pebble-pro

https://www.tomsguide.com/us/best-computer-speakers,review-6355.html"
What's the best budget computer speakers at Walmart?,"For a budget computer speaker setup at Walmart, the best overall pick is:

🏆 Best Budget Pick: onn AC Powered Computer Speakers with Volume & Bass Controls

Price: around $25
Best for: everyday PC use, Zoom calls, YouTube, casual gaming, music 
Walmart.com

Why it’s the one I’d buy:

✅ Much better volume than tiny USB-powered speakers

✅ Separate bass control (rare at this price)

✅ 3.5mm AUX connection works with most desktops/laptops

✅ Dedicated AC power gives cleaner, louder sound

✅ Strong customer feedback (about 4.4/5 stars with over 1,300 ratings on Walmart) 
Walmart.com

Downsides:

❌ Not Bluetooth

❌ Bass is decent, not powerful

❌ Cables are permanently attached

Walmart.com

Other good budget options
💰 Cheapest: onn Stereo Speakers with Volume Controls

Around $13

Good for basic computer audio

USB powered

Compact and simple

Best if you only need louder-than-laptop sound 
Walmart.com

🔊 Best upgrade under ~$40: Logitech Z313 Multimedia Speaker System

Around $40

Includes a subwoofer

Better for games and music with more bass

More of a “real speaker system” than basic desktop speakers 
Walmart.com

My ranking:

🥇 onn AC Powered Computer Speakers — best value for most people

🥈 Logitech Z313 — best if you want bass and can spend more

🥉 onn USB Stereo Speakers — best ultra-cheap option

For a normal home office or school setup, I’d choose the onn AC Powered speakers and spend the extra money elsewhere. 
Walmart.com

Sources used:
https://www.walmart.com/ip/668038811

https://www.walmart.com/reviews/product/668038811

https://www.walmart.com/c/best-sellers/computer-speakers"
What are the best new or trending computer speakers at Walmart this year?,"Based on current Walmart availability and recent desktop-audio trends, these are some of the best new or trending computer speakers to look for at Walmart in 2026. The biggest trend is moving away from cheap plastic 2.0 speakers toward USB-C powered, Bluetooth-enabled, compact desktop systems. 
Walmart.com
+1

Speaker	Best for	Why it’s trending
Creative Pebble V3	Best overall budget pick	Small footprint, USB-C audio/power, Bluetooth 5.0, clearer dialogue for videos and calls. 
Walmart.com

Creative Pebble V2	Best cheap upgrade	Excellent value around the budget range, with USB-C power, AUX input, and better sound than typical monitor speakers. 
Walmart.com

Creative Pebble Plus 2.1	Better bass	Adds a dedicated subwoofer for gaming, movies, and music. 
Walmart.com

Creative Pebble Pro	Gaming/work setups	More power, USB-C, Bluetooth, AUX, and RGB lighting options; aimed at modern desktop setups. 
PC Gamer

Creative Pebble X	Premium compact setup	Higher output and wider frequency range while keeping the small desktop design. 
Walmart.com

Creative Pebble Nova	Premium desk aesthetics	Newer high-end Pebble design with coaxial drivers and a more premium sound profile. 
Walmart.com
+1
My top picks by buyer type

Best value for most people:
🏆 Creative Pebble V3

Great for Zoom calls, YouTube, casual gaming, and music

Looks good on a small desk

Adds Bluetooth without needing adapters 
Walmart.com

Best under ~$30:
🏆 Creative Pebble V2 / Pebble 2.0

One of the safest budget choices

Simple USB-powered setup

Much better than built-in laptop or monitor speakers 
Walmart.com
+1

Best for gamers:
🏆 Creative Pebble Pro

Better volume and bass than basic models

Modern connections and gaming-friendly styling 
PC Gamer

Best-looking desktop upgrade:
🏆 Creative Pebble Nova

Designed for premium desk setups

More expensive, but aimed at people who care about sound and appearance 
Tom's Guide

Best budget recommendation overall: Creative Pebble V3. It hits the sweet spot of price, size, connectivity, and sound quality for most Walmart shoppers. 
Walmart.com

Sources used:
https://www.walmart.com/c/kp/pebble-speaker

https://www.walmart.com/ip/249525431

https://www.walmart.com/ip/381671443

https://www.walmart.com/ip/411127487

https://www.tomsguide.com/audio/speakers/creative-pebble-nova-creative-pebble-x-plus-the-winner

https://www.pcgamer.com/hardware/speakers/creative-pebble-pro-review/"
What are the top adjustable dumbbells at Walmart right now?,"If you’re shopping at Walmart right now, these are some of the top adjustable dumbbell picks based on value, popularity, weight range, and ease of use:

FitRx Adjustable Dumbbells 52.5 lb SmartBell Set
$109.00•Adjustable weight for versatile home workouts.
Echelon Strength Adjustable Dumbbells 7–52.5 lb With Stand
$449.99•Compact set with quick weight changes.
CAP Barbell 10-in-1 ADJUSTABELL 55 lb Dumbbell
$94.99•10-in-1 design for customizable strength training.
CAP Barbell 40 lb Adjustable Dumbbell Set
$49.99•Space-saving dumbbell for light to moderate weights.
LifePro Adjustable Dumbbells Set
$229.99•Easy-to-use adjustable weights for all fitness levels.
Best overall: FitRx SmartBell Adjustable Dumbbells

Best for most home gyms

Weight range: up to 52.5 lb per dumbbell

Quick-select adjustment system

Compact alternative to a full rack

Strong Walmart customer feedback (4.9/5 from hundreds of reviews in the listing)
Why buy: Great mix of price, convenience, and usable weight range.

Best premium option: Echelon Strength Adjustable Dumbbells

Best if you want a nicer home-gym setup

Range: 7–52.5 lb

Includes a stand

Metal handles and space-saving design
Why buy: Better ergonomics and presentation than basic adjustable sets.

Best budget pick: CAP Barbell 40 lb Adjustable Dumbbell Set

Best for beginners

Traditional plate-and-handle design

Low price compared with selector-style dumbbells

Includes plates, handles, collars, and storage case
Why buy: Cheapest way to start strength training.

Best heavier-duty budget option: CAP Barbell ADJUSTABELL 55 lb

Best for progressive lifting

10 weight settings from 10–55 lb

Twist-handle adjustment system

No manual plate swapping
Why buy: A good middle ground between old-school plates and premium selectors.

Best compact apartment option: LifePro Adjustable Dumbbells

Best for small spaces

Quick-adjust design

Replaces multiple dumbbell pairs

Available in several weight configurations
Why buy: Easy storage and quick transitions between exercises.

Quick recommendations by user type

First adjustable dumbbells: FitRx SmartBell

Under ~$75: CAP 40 lb set

Apartment/small space: LifePro or FitRx

Serious home workouts: Echelon or CAP ADJUSTABELL

Maximum value: FitRx 52.5 lb set

For most people, I’d choose the FitRx 52.5 lb SmartBell set because it gives you a near-complete home workout range without taking up much space.

Sources used:
https://www.walmart.com/ip/FitRx-Adjustable-Dumbbells-52-5lb-SmartBell-Dumbbell-Set-with-Quick-Select-Weights-for-Home-Gym/20133752662

https://www.walmart.com/ip/Echelon-Strength-Adjustable-Dumbbells-752-With-Stand/15943813782

https://www.walmart.com/ip/CAP-Barbell-10-in-1-55lb-ADJUSTABELL-Dumbbell-10-15-20-25-30-35-40-45-50-55-lb-in-5lb-Increments/2803885255

https://www.walmart.com/ip/CAP-Barbell-40-lb-Adjustable-Dumbbell-Set/21672286

https://www.walmart.com/ip/LifePro-Adjustable-Dumbbell-Single-Easy-Dumbbells-Weight-Changing-Adjustable-Free-Weights-for-Men-and-Women-Adjustable-Dumbell/5461114148"
What's the best adjustable dumbbells you can get at Walmart?,"For most people, the best adjustable dumbbells you can get at Walmart are the Core Home Fitness Adjustable Dumbbell Pair (5–50 lb). They offer the best mix of build quality, compact size, adjustment speed, and workout versatility. 
Walmart.com
+1

🥇 Best overall: Core Home Fitness Adjustable Dumbbells (5–50 lb)

Why they stand out

5–50 lb range per dumbbell covers most home workouts (curls, presses, rows, lunges, shoulder work). 
Walmart.com

Twist-handle adjustment is fast and intuitive compared with plate-loaded designs. 
Walmart.com

More compact feel than many dial-style competitors; testers noted they feel closer to traditional dumbbells. 
Reviewed
+1

Good choice if you have limited space and don’t want a full dumbbell rack.

Best for: Most home gym users, beginners through intermediate lifters.

🥈 Best premium alternative: Bowflex SelectTech Adjustable Dumbbells

Why buy them

Excellent reputation and very smooth weight selection.

Wide range of weight options and a polished ecosystem. 
Walmart.com
+1

Good if you value brand support and guided workout features.

Downside

The dumbbells are longer than many competitors, which can feel awkward during some movements. 
Reviewed

Best for: Someone willing to pay more for a proven premium option.

🥉 Best budget pick: FitRx Adjustable Dumbbells (5–52.5 lb)

Why they’re appealing

Strong customer ratings on Walmart with many buyers praising ease of adjustment and value. 
Walmart.com

Usually cheaper than premium options.

Important note: Some FitRx SmartBell Quick-Select Adjustable Dumbbells sold through Walmart were recalled due to reports of plates detaching during use. Check the model/serial information before buying or using one. 
People.com

My ranking for Walmart buyers

Core Home Fitness 5–50 lb — best overall balance

Bowflex SelectTech — best premium choice

FitRx — best value, but verify recall status

Generic adjustable sets — only consider if price is the main factor

If you’re building a home gym with only one pair of dumbbells, I’d choose the Core Home Fitness 5–50 lb set because it gives enough weight for years of progression without taking up much space. 
Walmart.com
+1

Sources used:
https://www.walmart.com/ip/855785702

https://www.walmart.com/browse/sports-outdoors/bowflex-dumbbells/4125_4134_1026285_1078284_1841780

https://www.reviewed.com/health/features/bowflex-vs-core-home-fitness-adjustable-dumbbells-which-better

https://www.tomsguide.com/reviews/core-home-fitness-adjustable-dumbbell-set

https://www.walmart.com/reviews/product/1612521489

https://people.com/dumbbells-sold-at-walmart-recalled-after-people-injured-over-plates-dislodging-11959946"
What adjustable dumbbells should I buy at Walmart?,"If you want one pair of adjustable dumbbells from Walmart, I’d pick based on your training goals:

Best overall for most people: ARVIVO 10–80 lb Adjustable Dumbbells

Best for: Building a complete home gym without buying a rack
Why it stands out:

Wide weight range (up to 80 lb per dumbbell)

5 lb adjustment increments

Enough weight for presses, rows, squats, and heavier strength work

Much more room to progress than 25–50 lb sets 
Walmart.com

Downside: Larger and heavier than compact premium systems.

My pick for: Most adults who want to replace a full dumbbell rack.

Best budget/value: FitRx SmartBell 52.5 lb Adjustable Dumbbells

Best for: Beginners and general fitness
Why buy it:

Good weight range for home workouts

Quick-select design

Often priced competitively at Walmart 
Walmart.com

Important note: Check the exact model before buying. Some older FitRx SmartBell sets were recalled after reports of plates detaching during use, so avoid recalled units and verify the listing/model details. 
EatingWell

Best for heavier lifting: GIKPAL 90 lb Adjustable Dumbbells

Best for: Stronger lifters who want maximum progression
Why buy it:

Up to 90 lb per dumbbell

Better long-term ceiling than lighter sets

Good choice if you regularly train chest, back, and legs heavily 
Walmart.com

Downside: More expensive and bulkier.

What I would avoid

25 lb max adjustable sets unless you only do light workouts (arms, rehab, cardio circuits).

Unknown brands with very low prices and complicated locking systems.

Any FitRx unit that matches recalled serial/model information. 
People.com

Quick recommendation by user type
If you are…	Buy
Beginner / apartment workout	FitRx 52.5 lb (verify model)
General home gym	ARVIVO 80 lb
Strength training / bodybuilding	GIKPAL 90 lb
Want the closest feel to gym dumbbells	Look for premium twist-handle models like Nuobell/PowerBlock-style options (often not Walmart’s best value) 
Consumer Reports

My Walmart choice: ARVIVO 10–80 lb set — it hits the best balance of weight range, versatility, and long-term usefulness. 
Walmart.com

Sources used:
https://www.walmart.com/c/kp/selecttech-dumbbells

https://www.consumerreports.org/health/dumbbells/best-adjustable-dumbbells-a7885033731/

https://www.eatingwell.com/walmart-recall-dumbbells-11959674

https://people.com/dumbbells-sold-at-walmart-recalled-after-people-injured-over-plates-dislodging-11959946"
What's the best budget adjustable dumbbells at Walmart?,"If you want the best budget adjustable dumbbells at Walmart, I’d prioritize value, durability, and how useful the weight range will be as you get stronger.

Athletic Works 40LB 5-in-1 Adjustable Dumbbell Set
$58.97•Adjustable dumbbells for versatile home workouts.
FitRx 52.5lb SmartBell Adjustable Dumbbell Set
$109.00•SmartBell set with quick weight changes for efficient training.
Athletic Works 40lb Adjustable Cast Iron Dumbbell Set
$34.00•Cast iron adjustable dumbbells ideal for space-saving strength training.
PRCTZ 40lb Adjustable Dumbbell Set
$39.97•Chrome finish adjustable dumbbells suitable for various fitness levels.
Best overall budget pick: Athletic Works 40LB 5-in-1 Adjustable Dumbbell Set

Best for most beginners and home gyms

Around the low-$60 range

Compact 5-in-1 design replaces several fixed dumbbells

Good balance of convenience and price

612+ reviews with a 4.4 rating on Walmart’s listing

Why I’d buy it: It gives you the convenience of quick changes without spending $150–$300 on premium selector dumbbells.

Best cheap option: Athletic Works 40lb Adjustable Cast Iron Set

Best if you want maximum durability for the lowest cost

About $34–$40 range

Real cast iron plates

Simple spin-lock design (slower to adjust, but reliable)

4.5+ rating with hundreds of reviews on Walmart listings

Best for: Strength training on a tight budget.

Best upgrade without going expensive: FitRx 52.5lb SmartBell

Best if you hate swapping plates

Quick-select adjustment system

Goes up to about 52.5 lb

Thousands of reviews and a high rating on Walmart’s listing

Best for: People who actually plan to use dumbbells frequently and want faster workouts.

Best under ~$50 alternative: PRCTZ 40lb Adjustable Dumbbell Set

Cast iron construction

Knurled handles for grip

Good value if you don’t mind manual plate changes

My ranking for most shoppers

🥇 Athletic Works 40LB 5-in-1 — best budget balance

🥈 FitRx SmartBell 52.5lb — best convenience/value upgrade

🥉 Athletic Works Cast Iron 40lb — cheapest durable choice

PRCTZ 40lb — solid low-cost manual set

For a first home gym, I’d choose the Athletic Works 5-in-1 unless you know you’ll lift heavy long-term, in which case the FitRx 52.5lb SmartBell is worth the extra money.

Sources used:
https://www.walmart.com/ip/Athletic-Works-45LB-5-in-1-Adjustable-Dumbbell-Set-Fitness-Exercises-for-Home-Gym-Black/5607156759

https://www.walmart.com/ip/FitRx-Adjustable-Dumbbells-52-5lb-SmartBell-Dumbbell-Set-with-Quick-Select-Weights-for-Home-Gym/20133752662

https://www.walmart.com/ip/Athletic-Works-40LB-Adjustable-Cast-Iron-Dumbbell-Set/294821899

https://www.walmart.com/ip/PRCTZ-40lb-Adjustable-Dumbbell-Set-Chrome-Black/1972607801"
What are the best new or trending adjustable dumbbells at Walmart this year?,"For 2026, the adjustable dumbbell trend at Walmart is heavily focused on quick-select designs (dial/selector handles), space-saving home gym setups, and heavier-capacity sets that replace a full dumbbell rack. Walmart currently lists hundreds of adjustable dumbbell options, with popular models including FitRx, GIKPAL, Mikolo, and Athletic Works. 
Walmart.com

Here are the standouts worth considering:

Product	Best for	Why it’s trending
FitRx SmartBell Adjustable Dumbbells (52.5 lb set)	Best overall value	Quick-select adjustment, compact design, strong Walmart customer ratings, and a price point much lower than premium brands. 
Walmart.com

FitRx SmartBell XL 90 lb Adjustable Dumbbell	Serious home lifters	Higher weight ceiling for presses, rows, and progressive strength training without buying a rack. 
Walmart.com

GIKPAL 180 lb Adjustable Dumbbells (90 lb each)	Heavy lifting on a budget	One of the heavier adjustable sets sold through Walmart, with 12–90 lb ranges per dumbbell. 
Walmart.com

Mikolo Adjustable Dumbbells (26.5 lb each)	Beginners / apartments	Compact quick-change design and easier storage; frequently discussed as a good budget option. 
Reddit

Athletic Works 40 lb 5-in-1 Adjustable Dumbbells	Cheapest starter setup	Simple, affordable option for casual workouts and beginners. 
Walmart.com
My top picks by buyer type

Best for most people:
FitRx 52.5 lb SmartBell set

Good balance of price, convenience, and weight range

Great for curls, presses, rows, lunges, and general fitness

Much easier than swapping plates manually 
Walmart.com

Best for building muscle:
GIKPAL 90 lb-per-dumbbell set

Better if you expect to outgrow 50–55 lb dumbbells

More suitable for heavier presses and rows 
Walmart.com

Best cheap option:
Athletic Works 40 lb 5-in-1 set

Works well if you mainly want light-to-moderate home workouts

Lower cost, but less future-proof 
Walmart.com

Best compact apartment choice:
Mikolo 26.5 lb set

Takes very little space

Better than a traditional plate-and-collar setup for quick workouts 
Reddit

What I’d avoid

Very cheap adjustable dumbbells with loose plates or complicated locking systems

Sets that max out below ~40–50 lb if you plan to train for strength

Older FitRx SmartBell models involved in a recall; check the exact model before buying used or old inventory. 
EatingWell

Best single buy recommendation

For most Walmart shoppers: FitRx SmartBell 52.5 lb Adjustable Dumbbell Set. It hits the sweet spot of price, convenience, and workout range. 
Walmart.com

Sources:
https://www.walmart.com/browse/sports-outdoors/adjustable-dumbbells/4125_4134_1026285_1078284_1078284_7617571

https://www.reddit.com/r/homefitness/comments/1t0c435/best_adjustable_dumbells_under_300_usd_on_amazon/

https://www.eatingwell.com/walmart-recall-dumbbells-11959674"
What are the top pet deshedding brushes at Walmart right now?,"The top pet de-shedding brushes at Walmart right now are mostly focused on removing undercoat fur, reducing shedding around the home, and making grooming easier. These are some of the strongest options based on popularity, ratings, and value.

🏆 Top Pet De-Shedding Brushes at Walmart
Rank	Brush	Best For	Why It Stands Out
1	FURminator Large Dog Undercoat deShedding Tool	Medium/large dogs	Premium stainless-steel de-shedding edge, strong undercoat removal, easy hair-release button; one of the most established choices.
2	Vibrant Life Large Undercoat Deshedding Tool	Budget-conscious dog owners	Similar undercoat-focused design at a lower price, with a fur-release button and ergonomic handle.
3	Hartz Groomer's Best Fur Fetcher De-Shedder Grooming Tool	Affordable everyday grooming	Uses micro-comb technology and avoids a metal blade feel; good lower-cost option.
4	Vibrant Life Self-Cleaning Slicker Brush	Dogs with tangles + shedding	Flexible stainless-steel bristles help remove loose fur while also helping prevent mats.
5	FURminator Small Cat Undercoat deShedding Tool for Long Hair	Long-haired cats	Designed specifically for cats under 10 lb with long coats; removes loose undercoat without cutting the topcoat.
Best Pick by Situation

Best overall:
✅ FURminator Undercoat deShedding Tool — best for heavy shedders like Labs, Golden Retrievers, Huskies, German Shepherds, and double-coated breeds.

Best budget choice:
✅ Vibrant Life Large Undercoat Deshedding Tool — a good value option if you want noticeable shedding reduction without paying premium prices.

Best for cats:
✅ FURminator Cat Undercoat deShedding Tool — better suited than dog brushes because cat coats and skin sensitivity require a different tool design.

Best gentle everyday brush:
✅ Vibrant Life Self-Cleaning Slicker Brush — useful for regular brushing, lighter shedding, and coat maintenance.

Quick Buying Tips

Double-coated dogs: Choose an undercoat de-shedder (FURminator-style).

Short-haired dogs: Use a medium-size de-shedder; avoid over-brushing.

Long-haired pets: Look for tools that remove undercoat without pulling mats.

Sensitive pets: A slicker brush or softer grooming tool may be more comfortable.

Sources used:
https://www.walmart.com/ip/FURminator-Large-Dog-Undercoat-deShedding-Tool-Long-Hair-Reduces-Loose-Hair-From-Shedding-Large/576091946

https://www.walmart.com/ip/Hartz-Groomer-s-Best-Fur-Fetcher-De-Shedder-Grooming-Tool-for-Dogs/480901050

https://www.walmart.com/ip/Vibrant-Life-Self-Cleaning-Dog-Slicker-Brush-with-Non-Slip-Handle/1712865878

https://www.walmart.com/ip/Vibrant-Life-Large-Undercoat-Deshedding-Tool/17584774347

https://www.walmart.com/ip/FURminator-Undercoat-DeShedding-Tool-For-Small-Cats-with-Long-Hair/689440881"
What's the best pet deshedding brush you can get at Walmart?,"The best pet deshedding brush you can get at Walmart is the FURminator Undercoat deShedding Tool (choose the size and coat type that matches your pet). It is the strongest all-around option for reducing loose undercoat hair, especially for dogs with thick, double coats. Walmart listings show FURminator models with high ratings and features like a stainless-steel deShedding edge, skin guard, ergonomic handle, and hair-release button. 
Walmart.com
+1

🏆 Best Overall: FURminator Undercoat deShedding Tool

Best for: Labs, Golden Retrievers, Huskies, German Shepherds, cats with dense coats, heavy shedders
Why it stands out:

Pulls out loose undercoat hair that normal brushes miss

Works quickly during shedding seasons

Self-cleaning ejector button makes cleanup easy

Durable enough for frequent use 
Walmart.com

Watch out: Don’t overuse it—1–2 grooming sessions per week is usually enough because it is designed to remove undercoat, not replace regular brushing.

Best Budget Pick: Self-Cleaning Slicker Brush

Best for: Everyday grooming, puppies, cats, lighter shedders
Walmart carries many inexpensive slicker-style deshedding brushes, some with self-cleaning buttons. They are gentler and cheaper, but generally won’t remove as much undercoat as a dedicated deShedding tool. 
Walmart.com

Best for Short-Haired Dogs: SleekEZ-Style Deshedding Tool

Best for: Pit bulls, Boxers, short-haired dogs that shed tiny hairs everywhere
These tools can be very effective on loose surface hair, though they are less universally useful than a FURminator for thick double coats. 
Walmart.com
+1

My Walmart pick by pet type:

🐕 Husky / Lab / Golden / German Shepherd: FURminator Undercoat deShedding Tool

🐕 Short-haired shedding dogs: SleekEZ-style tool or FURminator Short Hair version

🐈 Cats: FURminator Cat Undercoat Tool

💰 Cheapest useful option: Self-cleaning slicker brush

If buying only one brush for the widest range of pets, I’d choose the FURminator Undercoat deShedding Tool. 
Walmart.com
+1

Sources:
https://www.walmart.com/ip/576091946

https://www.walmart.com/c/kp/deshedding-brush

https://www.walmart.com/ip/1363636446

https://people.com/best-dog-brushes-7377043"
What pet deshedding brush should I buy at Walmart?,"If you want one pet deshedding brush from Walmart, I’d buy the FURminator Undercoat deShedding Tool. It’s the best all-around option for most heavy-shedding dogs and cats because it removes loose undercoat hair rather than just brushing the surface. Walmart carries multiple versions sized by pet size and coat type. 
Walmart.com
+1

FURminator Medium Dog Undercoat deShedding Tool
Price not available•Medium-sized dog undercoat tool for effective shedding control.
FURminator Large Dog Undercoat deShedding Tool
Price not available•Large dog undercoat tool for managing shedding.
FURminator Cat Undercoat deShedding Tool
Price not available•Cat undercoat deShedding tool for reducing loose fur.
Best picks by pet

Best overall: FURminator Undercoat deShedding Tool

✅ Best for dogs with double coats (Labs, Huskies, Golden Retrievers, German Shepherds, etc.)

✅ Excellent at reducing loose fur around the house

✅ Ergonomic handle and hair-release button make cleanup easier 
Walmart.com

Typical price: about $30–$35 depending on size/version. 
Walmart.com
+1

Best for cats: FURminator Cat Undercoat deShedding Tool

Good for long-haired and thick-coated cats

Helps reduce loose hair and hairballs by removing undercoat fur 
Walmart.com

Best budget alternative: a self-cleaning slicker brush

Better if your pet has tangles or you want a gentler everyday brush

Not as effective as FURminator for serious shedding

Choose the right size

Small pets: Small FURminator

Dogs 25–50 lb: Medium FURminator 
Walmart.com

Dogs 50+ lb: Large FURminator 
Walmart.com

Long hair vs. short hair: Buy the version matching your pet’s coat length. 
Walmart.com

One caution: use deshedding tools gently—too much pressure or too-frequent use can irritate some pets’ skin. For a pet that hates metal tools, a slicker brush or grooming glove may be a better everyday option.

Sources used:
https://www.walmart.com/ip/546702962

https://www.walmart.com/ip/576091946

https://www.walmart.com/ip/639430758"
What's the best budget pet deshedding brush at Walmart?,"For a budget pet deshedding brush at Walmart, I’d pick the EquiGroomer Deshedding Brush as the best value if you can find it in stock. It’s usually around the $18 range, works on dogs and cats, and is designed to remove loose shedding hair without aggressively cutting into the coat. 
Walmart.com
+1

EquiGroomer Deshedding Brush (5-inch)
Price not available•Effective deshedding tool for pets, 5-inch size.
Best budget pick: EquiGroomer

Why it’s worth buying:

✅ Good shedding removal for the price

✅ Works on short- and long-haired pets

✅ Gentler than many blade-style deshedding tools

✅ Useful for dogs, cats, and multiple coat types 
Walmart.com

Best for: Labs, Golden Retrievers, Huskies, German Shepherds, cats with heavy shedding, and most everyday shedding problems.

If you want cheaper options

Self-cleaning slicker brushes ($8–$15): Better for removing surface hair, small tangles, and daily grooming, but usually won’t pull out as much loose undercoat.

Generic undercoat rakes ($10–$15): Better for thick double coats, but use gently because some can scratch or pull.

When to spend more

If your pet sheds heavily year-round, a higher-end tool like a FURminator Undercoat deShedding Tool is more effective for some coat types, though it costs more. 
people.com

Bottom line: Buy the EquiGroomer if you want the most shedding control per dollar at Walmart. 
Walmart.com

Sources:
https://www.walmart.com/ip/472842889

https://www.walmart.com/ip/173657402

https://people.com/best-dog-supplies-8687247"
What are the best new or trending pet deshedding brushes at Walmart this year?,"Based on Walmart’s current best-seller activity and pet grooming trends for 2026, the strongest new/trending pet deshedding brushes are focused on self-cleaning designs, undercoat rakes, and affordable FURminator-style tools. 
Walmart.com
+1

Top trending Walmart pet deshedding brushes
Product	Best for	Why it’s trending
Vibrant Life Medium Undercoat Deshedding Tool	Best overall value	Walmart bestseller with strong ratings; inexpensive option for removing loose undercoat hair. 
Walmart.com

FURminator Undercoat deShedding Tool	Heavy shedders	Premium pick with a proven stainless-steel undercoat design; popular for dogs with thick coats. 
Walmart.com
+1

Jewyow Pet Grooming Brush Deshedding Tool	Dogs + cats on a budget	Trending because it works across short and long hair types and has strong Walmart customer feedback. 
Walmart.com
+1

Prime Pets Self-Cleaning Slicker Brush	Cats and small dogs	Popular newer style with a push-button cleaning feature and high customer ratings. 
Walmart.com
+1

Vibrant Life Dual Function Grooming Glove	Sensitive pets	Good for pets that dislike traditional brushes; combines petting with hair removal. 
Walmart.com

DXIMRX Multi-Piece Grooming Kits	First-time owners	Bundles several brush types (slicker, comb, rake) for households with multiple pets. 
Walmart.com
Best picks by pet type

🐕 Double-coated dogs (Husky, Golden Retriever, German Shepherd):

FURminator Undercoat deShedding Tool

Vibrant Life Undercoat Deshedding Tool

Walmart.com
+1

🐈 Cats:

Prime Pets Self-Cleaning Slicker Brush

FURminator Cat Undercoat deShedding Tool

Walmart.com

💰 Best budget buy:

Vibrant Life Medium Undercoat Deshedding Tool — it is one of Walmart’s leading shedding-tool sellers and is priced well below premium options. 
Walmart.com

⭐ Best upgrade pick:

FURminator Undercoat deShedding Tool — worth paying more if your pet sheds heavily or has a dense undercoat. 
Walmart.com
+1

A good rule: use undercoat deshedders sparingly on double-coated breeds and avoid pressing hard; aggressive use can irritate skin or damage the coat.

Sources used:
https://www.walmart.com/c/best-sellers/dog-brushes

https://www.walmart.com/c/best-sellers/dog-shedding-tools

https://www.walmart.com/c/best-sellers/pet-supplies-dog-shedding-tools

https://www.walmart.com/c/best-sellers/cat-brushes"
What are the top pimple patches at Walmart right now?,"Based on current Walmart availability, reviews, and popularity, these are some of the top pimple patches to consider right now:

Hero Cosmetics Mighty Patch Original Hydrocolloid Acne Pimple Patches (72 ct)
$21.97•Hydrocolloid patches for acne, 72-count, effective and discreet.
Hero Cosmetics Mighty Patch Invisible+ Daytime Hydrocolloid Acne Pimple Patches (27 ct)
$10.97•Invisible daytime patches for acne, 27-count, gentle on skin.
Starface Hydro-Star + Salicylic Acid Patches
$12.97•Salicylic acid patches for acne, 32-count, suitable for breakout treatment.
CeraVe Blemish Barrier Hydrocolloid Pimple Patches
$6.97•Hydrocolloid patches with barrier for blemishes, 24-count, affordable.
Neutrogena Hydrocolloid Sensitive Skin Acne Patches
$9.97•Sensitive skin patches for acne, 30-count, soothing and effective.
1. Best overall: Hero Cosmetics Mighty Patch Original

Best for: overnight whiteheads and raised pimples

Why it stands out: strong hydrocolloid absorption, reliable adhesion, and lots of user feedback

Good choice if you want the “put it on before bed and check in the morning” option

2. Best for daytime wear: Hero Cosmetics Mighty Patch Invisible+

Best for: wearing to work, school, or out in public

Thin, tapered edges help it blend into skin better than thicker overnight patches

3. Best trendy option: Starface Hydro-Star

Best for: fun designs, visible patches, and casual daytime use

The salicylic acid version adds an acne-fighting ingredient alongside hydrocolloid absorption

4. Best budget-friendly skincare pick: CeraVe Blemish Barrier Patches

Best for: sensitive skin or people already using CeraVe products

Includes skin-barrier-focused ingredients like ceramides and niacinamide, making it a good gentle option

5. Best for sensitive skin: Neutrogena Sensitive Skin Acne Patches

Best for: easily irritated skin

Designed as a gentler hydrocolloid option with multiple patch sizes

Quick picks:

Most people should buy: Hero Mighty Patch Original

For daytime/invisible wear: Hero Mighty Patch Invisible+

Cheapest practical option: CeraVe Blemish Barrier Patches

For sensitive skin: Neutrogena Sensitive Skin Patches

For early under-the-skin blemishes: consider microneedle-style patches like Hero Mighty Patch Micropoint rather than standard hydrocolloid dots

Sources used:
https://www.walmart.com/ip/Mighty-Patch-Invisible-from-Hero-Cosmetics-Daytime-Hydrocolloid-Acne-Pimple-Patches-27ct/2771622912

https://www.walmart.com/ip/Mighty-Patch-Original-from-Hero-Cosmetics-Hydrocolloid-Acne-Pimple-Patch-72-Patches/213543149

https://www.walmart.com/ip/Starface-Hydro-Star-Sal-Acid-Party-32-CT/19219754457

https://www.walmart.com/ip/CeraVe-Blemish-Barrier-Patc-24ct/16263004014

https://www.walmart.com/ip/Neutrogena-Hydrocolloid-Sensitive-Skin-Acne-Patches-2-Sizes-30-Ct/5312126727"
What's the best pimple patch you can get at Walmart?,"If you want the best pimple patch you can buy at Walmart, I’d pick:

🏆 Best Overall: Hero Cosmetics Mighty Patch Original Hydrocolloid Acne Pimple Patch

Hero Cosmetics Mighty Patch Original Hydrocolloid Acne Pimple Patch

Why it’s the top choice:

✅ Excellent for classic whiteheads and surface pimples

✅ Hydrocolloid material absorbs fluid and protects the spot while it heals

✅ Strong adhesive — stays on overnight

✅ Helps prevent picking (often the biggest cause of lingering marks)

✅ Drug-free and generally gentle for sensitive skin 
Walmart.com
+1

Walmart shoppers rate the Mighty Patch Original very highly, with thousands of reviews averaging about 4.7/5 stars. 
Walmart.com

Best use: Put it on a clean, dry pimple before bed and remove it in the morning.

Other good Walmart options:

Hero Mighty Patch Invisible+ — best if you want a thinner patch for daytime wear.

Hero Mighty Patch Surface — best for larger breakout areas (cheeks, jawline, neck); it offers much more coverage than standard dots. 
Walmart.com

COSRX Acne Pimple Master Patch — a popular alternative if you prefer thinner Korean-style patches. 
Reddit

Bottom line: Buy Hero Mighty Patch Original unless you specifically need a daytime invisible patch or a larger coverage patch. It’s the safest all-around Walmart pick for most people. 
Walmart.com
+1

Sources used:
https://www.walmart.com/reviews/product/1700864029

https://www.walmart.com/ip/615569405

https://www.walmart.com/ip/422388701

https://www.realsimple.com/best-pimple-patches-8661572"
What pimple patches should I buy at Walmart?,"If you’re buying pimple patches at Walmart, I’d prioritize hydrocolloid patches (they absorb fluid from surface-level pimples and help stop picking). These are the best options: 
Walmart.com
+1

Hero Cosmetics Mighty Patch Original Hydrocolloid Acne Pimple Patch
Price not available•Hydrocolloid patches for acne, discreet and effective.
Hero Cosmetics Mighty Patch Invisible Daytime Hydrocolloid Acne Pimple Patch
Price not available•Invisible daytime patches for acne, breathable and discreet.
Hero Cosmetics Mighty Patch Variety Pack Hydrocolloid Acne Pimple Patch
Price not available•Variety pack of hydrocolloid patches for different skin needs.
Best overall: Hero Cosmetics Mighty Patch Original

Best choice for most people

Works well on whiteheads and pimples that have come to a head

Good overnight option (wear 6–8 hours)

Strong adhesion and gentle for many skin types

Walmart.com

Best for daytime: Hero Mighty Patch Invisible

Thinner and less noticeable

Better if you want to wear patches outside the house or under light makeup

Good for surprise breakouts

Walmart.com

Best value/flexibility: Hero Mighty Patch Variety Pack

Lets you try different sizes/styles

Useful if you get pimples on different areas of your face

Walmart.com

Also worth considering

COSRX Acne Pimple Master Patch — a popular alternative if you prefer Korean skincare-style patches; many users like the strong stickiness and variety of sizes. 
Reddit

Store-brand hydrocolloid patches — usually cheaper and can work similarly for basic whiteheads, though they may be less comfortable or less invisible.

My pick: Buy Hero Mighty Patch Original for overnight use. If you break out often, get the Variety Pack so you have options. 
Walmart.com
+1

Sources used:
https://www.walmart.com/ip/615569405

https://www.walmart.com/ip/13092954272

https://www.walmart.com/ip/613634573

https://www.reddit.com/r/SkincareAddiction/comments/1sd2qa3/acne_best_pimple_patches_to_get_in_2026/"
What's the best budget pimple patches at Walmart?,"For a budget pimple patch at Walmart, the best value pick is:

🏆 Best budget pick: Hanhoo Hydrocolloid Blemish Patches (36 ct)

Hanhoo Blemish Patch Hydrocolloid Acne Treatment

Price: about $2.56 (varies by store/location)

Cost: roughly 7¢ per patch

Why buy it: Uses the same basic hydrocolloid technology as many pricier acne patches, comes with 36 patches, and includes multiple sizes. 
Walmart.com

Best for: Whiteheads, popped pimples, surface-level breakouts, and overnight use.

Other good Walmart options
⭐ Best overall (if you want the proven name): Hero Cosmetics Mighty Patch Original

Hero Cosmetics Mighty Patch Original

Price: about $8.97 for 24 patches (~37¢ each)

Pros: Excellent stickiness, reliable results, very popular, dermatologist-tested, and good for preventing picking. 
Walmart.com

Cons: Much more expensive per patch than Hanhoo.

💰 Best cheap + trusted alternative: Neutrogena Stubborn Acne Patches

Around $7.97 for 24 patches (~33¢ each) in Walmart listings. 
Walmart.com

Good if you prefer a major skincare brand.

My ranking for value:

🥇 Hanhoo Hydrocolloid Blemish Patches — best budget buy

🥈 Hero Mighty Patch Original — best performance if you don’t mind paying more

🥉 Neutrogena Stubborn Acne Patches — solid middle option

For most people shopping at Walmart, I’d grab Hanhoo for everyday use and save Mighty Patch for stubborn pimples or situations where you want the most reliable patch. 
Walmart.com
+1

Sources:
https://www.walmart.com/ip/124207330

https://www.walmart.com/ip/615569405

https://www.walmart.com/ip/1700864029"
What are the best new or trending pimple patches at Walmart this year?,"For Walmart right now, the best trending pimple patches are mostly hydrocolloid patches (best for whiteheads and surface pimples). My top picks: 
Walmart.com

Hero Cosmetics Mighty Patch Original Hydrocolloid Acne Patches
$21.97•Hydrocolloid patches for acne, discreet and effective.
Hero Cosmetics Mighty Patch Invisible+ Daytime Patches
$10.97•Daytime hydrocolloid patches for quick spot treatment.
Starface Hydro-Star Clear Pimple Patches
$21.97•Clear pimple patches from Starface, gentle and visible.
CeraVe Blemish Barrier Hydrocolloid Patches
$6.97•Affordable hydrocolloid patches for blemish protection.
🏆 Best overall: Hero Cosmetics Mighty Patch Original

Best for: overnight whiteheads and popped pimples

Why it’s popular: reliable adhesion, simple hydrocolloid formula, good at absorbing fluid and stopping picking

Best value: larger packs (72 count) usually bring the cost per patch down

👻 Best for daytime: Hero Cosmetics Mighty Patch Invisible+

Best for: wearing to school/work or under makeup

Thinner edges make it less noticeable while still protecting the spot.

⭐ Most trendy/fun: Starface Hydro-Star

Best for: visible wear, cute designs, casual daytime use

Uses hydrocolloid to protect and absorb surface blemishes; newer Walmart listings include clear and salicylic-acid versions.

💰 Best budget alternative: CeraVe Blemish Barrier

Best for: sensitive skin or people already using CeraVe products

Includes skin-barrier-focused ingredients like ceramides and niacinamide alongside hydrocolloid.

Quick buying guide

Big whitehead: Hero Mighty Patch Original

Small pimple before going out: Hero Invisible+

Sensitive skin: CeraVe patches

Want the viral/cute option: Starface

Deep under-the-skin cyst: Skip regular patches and look for microdart-style acne patches (standard hydrocolloid works best once a pimple has surfaced). 
Real Simple

For most people shopping at Walmart, I’d pick Hero Mighty Patch Original as the safest first buy.

Sources:
https://www.walmart.com/ip/Mighty-Patch-by-Hero-Cosmetics-Original-Acne-Treatment-Pimple-Patches-with-Hydrocolloid-24-Count/615569405

https://www.walmart.com/ip/Mighty-Patch-Original-from-Hero-Cosmetics-Hydrocolloid-Acne-Pimple-Patch-72-Patches/213543149

https://www.walmart.com/ip/Starface-Hydro-Star-Clear-64-CT/20228450943

https://www.walmart.com/ip/CeraVe-Blemish-Barrier-Patc-24ct/16263004014"
What are the top self tanners at Walmart right now?,"Based on current Walmart availability, ratings, and popularity, these are some of the top self tanners to consider right now:

Rank	Self Tanner	Best For	Why It Stands Out
1	Bondi Sands Self Tanning Foam Light/Medium	Best overall	A popular mousse with a natural-looking Australian-style bronze, aloe vera hydration, and strong customer ratings (4.6/5 from thousands of Walmart reviews).
2	Bondi Sands 1 Hour Express Self Tanning Foam	Fast results	Great if you want a tan the same day; the color develops quickly and can be customized by how long you leave it on.
3	Jergens Natural Glow Daily Moisturizer Self Tanner	Beginners	A gradual tanning lotion that builds color slowly, making streaks and overdoing it less likely.
4	Jergens Natural Glow Instant Sun Sunless Tanning Mousse	Budget-friendly mousse	Gives quicker visible color than gradual lotions and is easy to apply.
5	Tanologist Tinted Self Tan Mousse Light/Medium	Controlled application	Tinted formula helps you see where you applied it, which can reduce missed spots.
6	Bali Body Sunless Self Tanner Mousse Dark	Deeper bronze	Popular option for a darker glow with a mousse format and strong review volume.
7	Bondi Sands Everyday Gradual Self Tanning Milk Lotion	Dry skin	Combines gradual color with moisturizing ingredients like aloe vera and vitamin E.
Quick picks

Best overall: Bondi Sands Self Tanning Foam Light/Medium

Best for beginners: Jergens Natural Glow Daily Moisturizer

Best instant glow: Bondi Sands 1 Hour Express

Best cheap option: Jergens Natural Glow products

Best deep tan: Bondi Sands Ultra Dark/Aero options

Application tip: exfoliate the day before, moisturize dry areas (knees, elbows, ankles), and use a tanning mitt for the most even finish.

Sources used:
https://www.walmart.com/ip/Bondi-Sands-Self-Tanning-Foam-Light-Medium-5-07-fl-oz/1599389299

https://www.walmart.com/ip/Jergens-Natural-Glow-Instant-Sun-Sunless-Tanning-Mousse-6-fl-oz/40955801

https://www.walmart.com/ip/Bondi-Sands-Self-Tanning-Foam-1-Hour-Express-5-07-fl/3515080601

https://www.walmart.com/ip/Jergens-Natural-Glow-Daily-Moisturizer-Medium-to-Deep-Skin-Self-Tanner-7-5-oz/10295455

https://www.walmart.com/ip/TAN-MOUSSE-MED-5OZ/17787965788

https://www.walmart.com/ip/Bali-Body-Sunless-Self-Tanner-Mousse-Dark-5-07fl-oz/17715416999"
What's the best self tanner you can get at Walmart?,"If you want the best self tanner you can buy at Walmart, my top pick is:

🥇 Best Overall: B.Tan I Want the Darkest Tan Possible Self Tan Mousse

B.Tan I Want the Darkest Tan Possible Self Tan Mousse

Why it wins:

Deep, bronzy color without needing multiple applications

Mousse formula spreads easily and dries faster than many lotions

Less orange-looking than many budget self tanners

Great value compared with salon-style tanning products

Popular with Walmart shoppers for a darker, longer-lasting tan 
Walmart.com
+1

Best for: Medium to deep tans, people who already know how to apply self tanner.

Tip: Use a tanning mitt and blend carefully around wrists, ankles, knees, and elbows.

Other great Walmart picks
🥈 Best for Beginners: Jergens Natural Glow Daily Moisturizer

Jergens Natural Glow Daily Moisturizer

Builds color gradually, so mistakes are less obvious

Hydrating and easy to use like normal lotion

Good if you want a subtle “healthy glow” instead of a dramatic tan

One of Walmart’s top-selling self-tanning products 
Walmart.com

🥉 Best Dark Tan Alternative: Bondi Sands Self Tanning Foam Ultra Dark

Bondi Sands Self Tanning Foam Ultra Dark

More premium-feeling formula

Smooth, natural-looking bronze tone

Good choice if you want a deeper tan but prefer a recognizable tanning brand 
Walmart.com

💰 Best Budget Pick: Jergens Natural Glow Firming Daily Moisturizer

Jergens Natural Glow Firming Daily Moisturizer Medium to Tan

Affordable

Easy upkeep product

Good for maintaining color between stronger self-tan applications 
Walmart.com

My ranking for most shoppers:

B.Tan I Want the Darkest Tan Possible — best overall glow/depth

Bondi Sands Ultra Dark Foam — best premium option

Jergens Natural Glow — easiest and most foolproof

Tanologist Mousse — good beginner-friendly mousse option 
Walmart.com

For the most natural-looking result: exfoliate the day before, moisturize dry areas, apply with a mitt, and don’t skip blending. 
wsj.com

Sources used:
https://www.walmart.com/ip/464006607

https://www.walmart.com/c/best-sellers/self-tanners

https://www.wsj.com/buyside/wellness/personal-care/best-self-tanners"
What self tanner should I buy at Walmart?,"If you want one self tanner from Walmart, I’d buy:

🥇 Best overall: B.TAN I Want the Darkest Tan Possible Self Tan Mousse

B.TAN I Want the Darkest Tan Possible Self Tan Mousse

Why it’s my top pick:

Deep, bronzy color without the classic orange look

Mousse formula spreads easier than many lotions

Great value compared with salon-style self tanners

Popular Walmart choice with thousands of reviews and strong ratings 
Walmart.com
+1

Best for: medium to deep tans, or people who want a noticeable “vacation tan.”

Other good Walmart picks
🌿 Best for beginners: Jergens Natural Glow Daily Moisturizer

Jergens Natural Glow Daily Moisturizer Self Tanner

Builds color gradually, so mistakes are less obvious

Good if you’re nervous about streaks

More like a daily lotion than a dramatic self-tan 
Walmart.com
+1

Best for: fair skin, first-time users, subtle glow.

💰 Best budget “real tan” option: B.TAN Love at First Tan / darker shades

Similar easy mousse application

Good if you want color without paying premium-brand prices

Use a tanning mitt for the most even result 
Walmart.com

✨ Best if you want a lighter, natural glow:

Jergens Natural Glow Instant Sun Mousse

Faster payoff than gradual lotions

Easier to control than very dark formulas 
Walmart.com

My quick recommendation by skin tone:

Very fair/pale: Jergens Natural Glow or B.TAN “Love at First Tan”

Light-medium: B.TAN Darker

Medium/deep: B.TAN “I Want the Darkest Tan Possible”

Want the least chance of streaks: gradual lotion (Jergens)

Want the darkest result: B.TAN mousse

Tip: buy a $5–10 tanning mitt too. It makes a bigger difference than most people expect—especially around hands, feet, and elbows.

Sources used:
https://www.walmart.com/c/best-sellers/self-tanners

https://www.walmart.com/ip/464006607

https://www.walmart.com/reviews/product/464006607

https://www.walmart.com/reviews/product/770800947"
What's the best budget self tanner at Walmart?,"For a budget self tanner at Walmart, the best overall pick is:

Jergens Natural Glow Firming Daily Moisturizer Medium to Tan Sunless Self Tanner Lotion — Best budget choice (~$10–11) 
Walmart.com

Why it’s the best value:

✅ Beginner-friendly gradual tan (harder to mess up than a mousse)

✅ Doubles as a body moisturizer

✅ Builds a natural-looking glow over several days

✅ No mitt required

✅ Good option if you’re nervous about going orange or streaky 
Who What Wear

Other good Walmart budget options:

Bondi Sands Sunless Self Tanner Foam (~$12–16) — better if you want a darker, more “vacation tan” result; it’s a popular higher-performance option that still stays relatively affordable. 
Walmart.com
+1

Tanologist Self Tanning Mousse (~$15 range) — good if you prefer a mousse with faster, more noticeable color. 
Walmart.com

B.Tan Glow Your Own Way Next Level Self Tan Gel (~$15) — a budget-friendly larger-size option. 
Walmart.com

My pick by goal:

🌱 First-time self tanner: Jergens Natural Glow

🏖️ Darkest tan for the money: Bondi Sands Foam

⚡ Fast results: Tanologist Mousse

💰 Lowest cost per use: Jergens or B.Tan

Application tip: exfoliate the day before, moisturize dry spots (knees, elbows, ankles), and use a tanning mitt for mousses to avoid uneven hands. Self tanner does not replace sunscreen. 
The Wall Street Journal

Sources:
https://www.walmart.com/c/best-sellers/self-tanners

https://www.walmart.com/browse/personal-care/self-tanners-bronzers/1005862_1001508_6439038

https://www.consumerreports.org/health/best-self-tanners-a8013129911/

https://www.goodhousekeeping.com/beauty/anti-aging/g71603736/best-self-tanner/"
What are the best new or trending self tanners at Walmart this year?,"The biggest trending self tanners at Walmart this year are leaning toward fast-developing mousses, clear formulas, and natural-looking “no orange” tones. Walmart’s current best-seller lists are especially strong for B.Tan, Bondi Sands, Jergens, and Bali Body products. 
Walmart.com
+1

🌟 Top trending self tanners at Walmart
Product	Why it’s trending	Best for
B.Tan I Want the Darkest Tan Possible Self Tan Mousse	One of Walmart’s top-selling self tanners with thousands of reviews; known for a very deep bronze result at a budget price. 
Walmart.com
	Deep tan lovers, experienced users
Bondi Sands Self Tanning Foam (Ultra Dark/Dark)	A consistently popular “salon-style” mousse with a natural bronze tone and strong customer ratings. 
Walmart.com
	Most people, especially first-time mousse users
B.Tan Glow Your Own Way Clear Self Tan Gel	Newer-feeling clear gel format with hyaluronic acid + vitamin C; popular because it avoids transfer from guide color. 
Walmart.com
	Sheets/clothes concerns, glow-focused users
Bali Body 1 Hour Express Self Tanner Foam	Trending for quick development and darker results. 
Walmart.com
	People who don’t want to wait overnight
Jergens Natural Glow Firming Daily Moisturizer	A classic gradual tanner that remains one of Walmart’s highest-reviewed options. 
Walmart.com
	Beginners, subtle everyday color
Jergens Natural Glow Instant Sun Mousse	Popular drugstore mousse option with a more immediate bronze effect. 
Walmart.com
	Affordable instant-looking color
My picks by goal

🏆 Best overall:
Bondi Sands Self Tanning Foam Dark — easiest balance of natural color, application, and results. 
Walmart.com

💰 Best budget pick:
B.Tan I Want the Darkest Tan Possible — hard to beat for price and intensity. 
Walmart.com

🤍 Best for beginners/fair skin:
Jergens Natural Glow — gradual buildup makes it harder to overdo. 
Walmart.com

⚡ Best fast tan:
Bali Body 1 Hour Express or Bondi Sands 1 Hour Express. 
Walmart.com
+1

✨ Best “cleaner” application trend:
B.Tan Glow Your Own Way Clear Gel — no tinted guide color to rub off. 
Walmart.com

Quick tip: for the most natural finish, exfoliate the day before, apply with a mitt, and moisturize dry areas (elbows, knees, ankles) before tanning. Self-tanner does not replace sunscreen. 
The Wall Street Journal

Sources used:
https://www.walmart.com/c/best-sellers/beauty-self-tanners

https://www.walmart.com/c/best-sellers/body-self-tanners

https://www.walmart.com/c/best-sellers/self-tanners

https://www.walmart.com/browse/personal-care/self-tanners-bronzers/1005862_1001508_6439038

https://www.wsj.com/buyside/wellness/personal-care/best-self-tanners"
What are the top women's razors at Walmart right now?,"The top women's razors at Walmart right now are mostly dominated by Gillette Venus, Schick Hydro Silk, Flamingo, and Joy. The best choice depends on whether you want the closest shave, sensitive-skin comfort, or lowest cost. 
Walmart.com

Razor	Best for	Why it stands out
Gillette Venus Deluxe Smooth Swirl 5-Blade Razor	Best overall	Flexible 5-blade head that follows curves well; a strong choice for legs, underarms, and everyday shaving. Walmart lists it among its best-selling women's cartridge razors with strong ratings. 
Walmart.com

Schick Hydro Silk Ultra Sensitive 5-Blade Razor	Sensitive skin	Moisturizing design and five blades for a close shave with less irritation; it has thousands of Walmart reviews averaging about 4.4 stars. 
Walmart.com

Flamingo Women's Razor Set	Best value premium option	Popular reusable handle option with refill cartridges and shower holder; Walmart shoppers rate it highly. 
Walmart.com

Joy Razor for Women 5-Blade	Best budget reusable razor	Affordable handle + refill setup with a high Walmart rating. 
Walmart.com

Schick Intuition Sensitive Care 4-Blade Razor	Easiest shave	Built-in moisturizing soap bar means you can skip separate shaving cream; a good pick for quick showers. 
Walmart.com

Gillette Simply Venus Disposable Razors	Best cheap disposable	Convenient for travel or occasional use; Walmart lists it among top-selling women's razors. 
Walmart.com

Schick Hydro Silk Mini Razor	Travel	Compact 5-blade design with travel case; highly rated by Walmart shoppers. 
Walmart.com

My picks by need:

🏆 Best overall: Gillette Venus Deluxe Smooth Swirl

🌿 Best for sensitive skin: Schick Hydro Silk Ultra Sensitive

💰 Best budget: Joy 5-Blade Razor

✈️ Best travel razor: Schick Hydro Silk Mini

🚿 Fastest shower shave: Schick Intuition Sensitive Care

🦵 Best for legs/body: Venus 5-Blade models

For most shoppers, the safest buy is Gillette Venus Deluxe Smooth Swirl for a reliable close shave, or Schick Hydro Silk Ultra Sensitive if razor bumps and irritation are your main concern. 
Walmart.com
+1

Sources:
https://www.walmart.com/c/best-sellers/women-s-cartridge-razors

https://www.walmart.com/reviews/product/34754456

https://www.walmart.com/c/best-sellers/razor-for-a-woman"
What's the best women's shaving set you can get at Walmart?,"Best women's shaving set at Walmart: Billie Women's Razor Kit ⭐ Best Overall

Billie Women’s Razor Kit is the strongest all-around pick at Walmart right now because it combines a close shave, comfortable handle, and good value. Walmart lists it as a best seller with a handle, two 5-blade refills, and a magnetic shower holder. 
Walmart.com

Why it stands out

✅ 5-blade cartridge for a close, smooth shave

✅ Magnetic holder keeps it off wet shower surfaces

✅ Ergonomic handle is easy to control around knees, ankles, and underarms

✅ Good balance of quality and price

✅ Better “premium” feel than many drugstore razor kits 
Walmart.com
+1

Best for: Most women who shave legs, underarms, and bikini areas regularly.

Other great Walmart options

Best budget pick: Flamingo Women's Razor Shaving Set

Often one of the lowest-cost quality starter sets

Includes handle and 5-blade cartridges

Walmart lists it as a best seller with strong customer ratings. 
Walmart.com

Best for: Affordable everyday shaving.

Best for sensitive skin: Schick Intuition 4-Blade Women's Razor Variety Pack

Built-in moisturizing bar means no separate shave gel needed

Designed to reduce nicks and irritation

Includes handle plus multiple refills. 
Walmart.com

Best for: Dry skin, beginners, or people prone to razor burn.

Best simple “grab-and-go” option: Schick Intuition Lemon Berry Breeze Women's Razor

Lathers and shaves in one step

Convenient for travel or quick showers. 
Walmart.com

My ranking

🥇 Billie Women's Razor Kit — best overall

🥈 Schick Intuition 4-Blade — best for sensitive skin

🥉 Flamingo Women's Razor Set — best value

Gillette Venus kits — reliable classic choice

If buying just one set from Walmart, I’d choose Billie for the best combination of smoothness, comfort, and refill value. 
Walmart.com
+1

Sources used:
https://www.walmart.com/c/best-sellers/razors-for-women-gift-set

https://www.walmart.com/ip/1690112408

https://www.walmart.com/ip/121327593

https://www.allure.com/story/best-razors-for-close-shaves"
What women's razor should I buy at Walmart?,"If you want one women’s razor from Walmart, I’d buy:

🏆 Best overall: Gillette Venus ComfortGlide 3 or 5-Blade Razor

Walmart.com

Why it’s the best pick:

Smooth, close shave without feeling overly aggressive

Built-in moisturizing gel bars help reduce tugging and irritation

Flexible head makes legs, knees, and ankles easier

Refills are widely available at Walmart 
Walmart.com

Best for: everyday leg, underarm, and body shaving.

Other good Walmart options
🥈 Best for sensitive skin: Schick Hydro Silk Sensitive Razor

Walmart.com

5 blades with skin-protecting features

Hydra-Boost serum and aloe help with dryness

Good choice if you get razor burn or bumps easily 
Walmart.com

🥉 Best budget option: BIC Soleil 5 Glide Disposable Razors

Walmart.com

Affordable upfront

5 blades for a closer shave than many disposables

Convenient for travel or occasional shaving 
Walmart.com

Best value refillable kit: Athena Club 5-Blade Women’s Razor Kit

Walmart.com

Comes with a handle, refills, and magnetic shower holder

Popular if you want a premium-feeling handle without a high price 
Walmart.com

My quick recommendation:

Most people: Gillette Venus ComfortGlide

Sensitive skin / razor bumps: Schick Hydro Silk Sensitive

Cheapest decent option: BIC Soleil 5 Glide

Want a nicer reusable setup: Athena Club

Sources:
https://www.walmart.com/ip/15136697

https://www.walmart.com/ip/627457596

https://www.walmart.com/browse/personal-care/razors/female/1005862_1007220_1007399/Z2VuZGVyOkZlbWFsZQieie

https://www.walmart.com/c/kp/womens-razors-disposable-razors"
What's the best budget women's razor at Walmart?,"If you want the best budget women's razor at Walmart, I’d pick:

🏆 Best Budget Pick: BIC Soleil 3 Simply Women’s Disposable Razors (3–8 pack)

Walmart.com

Why it’s the best value:

✅ Very low cost (often around $4–$8, depending on pack size) 
Walmart.com

✅ 3 blades give a smoother shave than basic 1–2 blade disposables

✅ Comfortable for legs, underarms, and everyday shaving

✅ No commitment to buying refill cartridges

✅ Easy to replace frequently, which helps avoid dull blades and irritation

Best for: Most people who shave regularly and want the lowest cost without dropping to the cheapest, roughest razors.

Other good budget options at Walmart:

Equate Women’s 3-Blade Sensitive Disposable Razors — cheapest “good enough” option; a solid Walmart store-brand choice. 
Walmart.com

Venus Sensitive 3-Blade Disposable Razors — worth the extra money if you have sensitive skin or want a smoother glide. 
Walmart.com

Billie Women’s Razor Kit — better shave quality and reusable handle, but a higher upfront cost (around $10). 
Walmart.com
+1

My pick by budget:

Under $5: Equate Women’s 3-Blade Sensitive

Around $5–$8: BIC Soleil 3 Simply (best value)

Around $10: Billie Starter Kit for a more premium shave

Sources:
https://www.walmart.com/c/kp/razors

https://www.walmart.com/browse/personal-care/women-s-razors/female/1005862_1007220_1007399_7994182/

https://www.walmart.com/ip/Billie-5-Blade-Women-s-Razor-Primary-Starter-Kit-Includes-Razor-Handle-2-5-Blade-Women-s-Razor-Refills-Magnetic-Holder/5023829660"
What are the best new or trending women's shaving sets at Walmart this year?,"The women’s shaving sets standing out at Walmart in 2026 combine five-blade cartridges, reusable handles, and shower holders. Athena Club and Billie are the strongest trend-led options, while Flamingo and Schick offer better choices for sensitive skin or built-in convenience. Walmart’s current gift-set and best-seller pages prominently feature these formats. 
Walmart.com
+1

Athena Club Champagne Razor Kit
$9.97•Best overall budget razor with 5 blades and sleek design.
Billie Primary Starter Kit
$9.99•Trendy starter kit with 5 blades, handle, and refills.
Flamingo Moisture Plus Razor Set
$9.97•Great for dry skin, moisturizing handle and smooth shave.
Schick Hydro Silk TrimStyle
$14.97•Includes waterproof bikini trimmer, versatile shave-and-trim.
Athena Club Sugar Cookie Kit
$8.07•Limited-edition look with sweet sugar cookie design.
Flamingo Rose 3-Piece Set
$7.97•Budget-friendly set with 3 rose-themed razors.
Schick Intuition Lemon Berry Breeze
$9.47•No shave cream needed, lemon berry scent, easy to use.
Joy 5-Blade Razor Kit
$8.97•Low-cost starter kit with 5 blades and vibrant color.
Schick Quattro Value Pack
$13.92•Refill value pack with 5 blades, budget-friendly.
Remington Smooth & Silky Shaver
$34.97•Electric cordless shaver for smooth, silky skin.
Top picks

1. Athena Club Champagne Razor Kit — best overall
About $9.97 with two refills and a magnetic hook. Its newer serum-infused blades use shea butter and hyaluronic acid, and the listing carries a 4.9-star rating from thousands of reviews.

2. Billie Primary Starter Kit — best trend-forward choice
About $9.99. You get two five-blade refills, aloe shave soap around the blades, and a magnetic shower holder. Billie remains one of the most visible modern razor brands in Walmart’s assortment.

3. Flamingo Moisture Plus — best for irritation-prone or dry skin
About $9.97. Its moisture bars contain aloe, coconut and shea ingredients, giving it more cushioning than a basic cartridge set.

4. Schick Hydro Silk TrimStyle — best multifunctional set
About $14.97. It combines a five-blade razor and waterproof bikini trimmer in one handle, making it the most useful all-in-one option.

5. Athena Club Sugar Cookie — best limited-edition-style buy
About $8.07 when available. It has the same popular five-blade format and two refills, but in a more seasonal, giftable presentation.

Best inexpensive option: Flamingo’s Rose three-piece set, around $7.97.
Best for speed: Schick Intuition Lemon Berry Breeze, around $9.47, because the moisturizing bar eliminates the need for separate shaving cream.
Best electric upgrade: Remington Smooth & Silky, around $34.97, for wet-or-dry cordless shaving.

Prices and availability can vary by store and delivery location.

Sources used:

https://www.walmart.com/c/kp/women%27s-shaving-gift-set

https://www.walmart.com/c/best-sellers/shaving-kit-for-women

https://www.walmart.com/ip/Athena-Club-5-Blade-Women-s-Razor-Kit-1-Handle-2-Blade-Refills-Magnetic-Hook-Champagne/20224266000

https://www.walmart.com/ip/Billie-5-Blade-Women-s-Razor-Primary-Starter-Kit-Includes-Razor-Handle-2-5-Blade-Women-s-Razor-Refills-Magnetic-Holder/5023829660

https://www.walmart.com/ip/Flamingo-Moisture-Plus-Women-s-Razor-Handle-Seafoam/8250962989

https://www.walmart.com/ip/Schick-Hydro-Silk-TrimStyle-Womens-Razor-with-Waterproof-Bikini-Trimmer-Includes-5-Blade-Razor-Handle-1-Razor-Blade-Refill-1-AAA-Battery/45017550

https://www.walmart.com/ip/Athena-Club-Women-s-Razor-Kit-Sugar-Cookie/17330214089

https://www.walmart.com/ip/Flamingo-Women-s-Razor-Shaving-Set-with-Razor-Handle-and-5-Blade-Razor-Cartridge-Rose-3-Piece/19419306857

https://www.walmart.com/ip/Schick-Intuition-4-Blade-Lemon-Berry-Breeze-Women-s-Razor-Handle-2-Razor-Cartridge-Refills-Lather-Shave-In-One-Step/121327593

https://www.walmart.com/ip/Joy-Neon-Pink-Razor-for-Women-Shave-Kit-with-1-handle-2-Razor-Blade-Refills-5-bladed/18145707051

https://www.walmart.com/ip/Schick-Quattro-for-Women-Women-s-Razor-1-Razor-Handle-and-5-Refills-Value-Pack-5ct/5165146844

https://www.walmart.com/ip/REMINGTON-Smooth-Silky-4-Blade-Cordless-Shaver-WDF5035/1924301740"
What are the top foot pain relief products at Walmart right now?,"Based on current Walmart availability, ratings, review volume, price, and how specifically each product targets common foot-pain patterns, these are the strongest options.

Sof Comfort Plantar Fascia Orthotic Women’s Insole
$12.88•Value-packed women's orthotic insole for plantar fasciitis.
Sof Comfort Plantar Fascia Orthotic Men’s Insole
$12.88•Affordable men's orthotic insole with full-length support.
Sof Comfort Gel Heel Cup
$5.50•Budget-friendly gel heel cup for heel pain relief.
Sof Comfort Gel Arch Support Insole
$10.97•Arch support insole designed for arch pain relief.
PowerStep Pinnacle Orthotic Insoles
$42.93•Premium orthotic insoles with neutral arch support.
Dr. Scholl’s Custom Fit Orthotics CF 310
$36.90•Customized fit orthotics for all-day comfort.
Dr. Scholl’s Plantar Fasciitis Orthotics
$20.13•Orthotics with plantar fasciitis relief for women.
Tuli’s Heavy Duty Heel Cups
$12.28•Heavy-duty heel cups for active heel pain.
TELOLY Gel Heel Cups
$7.65•Shock-absorbing gel heel cups for heel pain.
Sof Comfort Extra Support Plus Insole
$14.92•Extra support insoles for all-day standing comfort.
Top picks

Best overall value: Sof Comfort Plantar Fascia Orthotic Insoles — $12.88
The women’s and men’s versions combine a rigid arch plate, heel cushioning and dense gel. They have solid Walmart ratings—4.4 stars from 97 reviews for women and 4.3 from 73 for men—without the premium price.

Best for isolated heel pain: Sof Comfort Gel Heel Cup — $5.50
A simple, inexpensive option for adding shock absorption under the heel. It fits most shoes and has 279 reviews, making it one of the more established budget choices in the current selection.

Best premium insole: PowerStep Pinnacle — $42.93
Its structured neutral arch support and dual-layer cushioning make it a better fit for someone seeking firmer, full-length support rather than just soft padding.

Best for plantar fasciitis: Dr. Scholl’s Plantar Fasciitis Orthotics
Designed around heel-impact reduction, arch support and distributing pressure across the foot. Walmart’s broader Dr. Scholl’s plantar-fasciitis assortment lists the mainstream version around $14.97, although marketplace offers and sizes may cost more. 
Walmart.com

Best for work or standing all day: Sof Comfort Extra Support Plus — $14.92
A softer choice with memory foam, cushioning and a breathable trim-to-fit design. It is better suited to general fatigue and pressure than to someone needing aggressive arch correction.

Best compact arch support: Sof Comfort Gel Arch Support — $10.97
Its three-quarter-length design leaves more toe room, making it useful in shoes where a full-length insole feels cramped. It currently has a 4.2-star rating from 195 reviews.

Match the product to the pain

For morning heel or plantar-fascia pain, start with the Sof Comfort Plantar Fascia insole or Dr. Scholl’s plantar-fasciitis orthotic. For pain directly beneath the heel, a gel or Tuli’s heel cup is cheaper and less bulky. For arch fatigue or flat-foot discomfort, use a structured full-length orthotic such as PowerStep. For general soreness after long shifts, a cushioned memory-foam insole may feel better than a rigid orthotic.

Walmart prices and local pickup availability can vary by size, seller and location. Persistent pain, swelling, numbness, redness, injury-related pain or inability to bear weight warrants medical evaluation rather than continued self-treatment.

Sources used:

https://www.walmart.com/ip/SofComfort-Full-Length-Plantar-Fascia-Insole-Women-s-5-11/790993693

https://www.walmart.com/ip/Sof-Comfort-Men-s-Full-Length-Plantar-Fascia-Insole-Fits-Size-8-13/868031299

https://www.walmart.com/ip/Sof-Comfort-Gel-Heel-Cup-One-Size-Fits-Most/26524727

https://www.walmart.com/ip/SofComfort-Gel-Arch-Support-Memory-Foam-Insole-Men-s-7-12/579062730

https://www.walmart.com/ip/PowerStep-Pinnacle-Full-Length-Orthotic-Shoe-Insoles-with-Neutral-Arch-Support-for-Plantar-Fasciitis/171361261

https://www.walmart.com/ip/Dr-Scholl-s-Custom-Fit-Foot-Orthotics-3-4-Length-Inserts-CF-310-Immediate-All-Day-Pain-Relief/846228177

https://www.walmart.com/ip/Dr-Scholl-s-Plantar-Fasciitis-Pain-Relief-Orthotics-For-Women-6-10/137358291

https://www.walmart.com/ip/Tuli-s-Heavy-Duty-Heel-Cups-for-Plantar-Fasciitis-Sever-s-Disease-Heel-Pain-Relief-Small-1-Pair/116784904

https://www.walmart.com/ip/TELOLY-Plantar-Fasciitis-Inserts-Heel-Pain-Fsa-Hsa-Eligible-Shock-Absorbing-Gel-Cushion-Cups-Arch-Support-Spurs-Flat-Feet-Heel-Women-6-5-10-Men-5-8/20465506973

https://www.walmart.com/ip/SofComfort-Extra-Support-Plus-Men-s-Insole-Fits-Size-8-14/942132812

https://www.walmart.com/browse/health-medicine/dr-scholls-plantar-fasciitis/976760_1588421_7987155_4947654_9952835"
What's the best foot pain relief rub you can get at Walmart?,"Best overall: Gold Bond Medicated Foot Pain Relief Cream (4% lidocaine), 1.75 oz — about $7.97 at Walmart.

It is my top pick because it:

Uses maximum-strength OTC lidocaine (4%) to numb foot and nerve pain.

Is specifically formulated for feet, rather than being a general muscle rub.

Also moisturizes dry or cracked heels with aloe.

Has a 4.7/5 rating from about 464 Walmart reviews and is marked as an “Overall pick.” 
Walmart.com

For arthritis-related pain in the foot or ankle, Voltaren Arthritis Pain Gel is a better choice because diclofenac targets inflammation, but it requires regular use and may take several days to deliver significant relief. 
Walmart.com
+1

For burning, tingling, or shooting nerve discomfort, Gold Bond is the better immediate-value purchase. Avoid applying lidocaine cream to broken skin, and seek medical advice for persistent pain, swelling, numbness, or pain following an injury.

MagniLife Pain Relieving Foot Cream
$14.97
•
Nervive Pain Relieving Cream
$12.47
•
Capzasin High Potency Pain Relief Creme
$9.87
•
Tylenol Precise Cooling Cream
$12.97
•
Gold Bond Healing Foot Cream
$5.98
•
Flexitol Heel Balm
$5.57
•
O'Keeffe's Healthy Feet Cream
$7.97
•
Kerasal Nighttime Intensive Foot Repair
$8.66
•

Sources used:

https://www.walmart.com/ip/Gold-Bond-Foot-Pain-Relief-Cream-1-75-oz/18351701844

https://www.walmart.com/ip/Voltaren-Topical-Arthritis-Medicine-Gel-Pain-Reliever-for-Arthritis-1-7-Oz/637717150

https://www.walmart.com/ip/Voltaren-Arthritis-Pain-Gel-Diclofenac-Sodium-Topical-Gel-1-Nsaid-100-G/556463039"
What foot pain relief product should I buy at Walmart?,"Best overall pick: Gold Bond Medicated Foot Pain Relief Cream with 4% lidocaine. It is a good choice for temporary relief of sore, burning, or aching feet, especially when you want a low-cost topical product rather than an insert. Walmart currently lists the 1.75-ounce tube at about $7.97, with a 4.7/5 rating from hundreds of reviews. 
Walmart.com

Choose based on where the pain is:

Heel or arch pain, especially first steps in the morning: Dr. Scholl’s Plantar Fasciitis Insoles provide arch support and heel cushioning; these address mechanical strain better than numbing cream alone. 
Walmart.com

Burning or localized nerve-like discomfort: Gold Bond 4% lidocaine or Aspercreme 4% lidocaine can temporarily numb the area. 
Walmart.com

Dry, cracked heels without deeper pain: A moisturizing foot cream is more appropriate than a pain reliever.

Dr. Scholl’s Plantar Fasciitis Pain Relief Orthotic Insoles
$20.13•Supports heel pain relief, ideal for plantar fasciitis.
Aspercreme Max Strength 4% Lidocaine Cream
$9.88•Numbs nerve pain, effective for nerve discomfort.
Gold Bond Healing Foot Cream
$5.98•Moisturizes and heals cracked heels, foot care essential.

My default recommendation is the Gold Bond Medicated Foot Pain Relief Cream, unless your pain is clearly concentrated in the heel or arch—in that case, buy the Dr. Scholl’s plantar-fasciitis insoles.

Do not apply lidocaine to broken or irritated skin, and follow the package directions. Seek medical care for severe pain after an injury, inability to bear weight, significant swelling or redness, an open sore, or persistent numbness—especially if you have diabetes. 
Mayo Clinic
+1

Sources used:

https://www.walmart.com/ip/Gold-Bond-Foot-Pain-Relief-Cream-1-75-oz/18351701844

https://www.walmart.com/c/ep/foot-insoles

https://www.walmart.com/c/kp/foot-nerve-pain-relief

https://www.walmart.com/ip/Dr-Scholl-s-Plantar-Fasciitis-Pain-Relief-Orthotics-For-Women-6-10/137358291

https://www.walmart.com/ip/Aspercreme-Max-Strength-Topical-Numbing-Pain-Reliever-for-Nerve-Pain-Relief-4-Lidocaine-Odor-Free-4-3-oz/779248627

https://www.walmart.com/ip/Gold-Bond-Healing-Foot-Therapy-Cream-4-oz/10307703

https://www.mayoclinic.org/symptoms/foot-pain/basics/when-to-see-doctor/sym-20050792?p=1

https://www.apma.org/patients-and-the-public/"
What's the best budget foot pain relief rub at Walmart?,"Best budget pick: Equate Ultra Strength Pain Relieving Cream, 4 oz

At about $3.92, it offers the strongest value among Walmart’s low-cost rubs. It contains menthol 10%, methyl salicylate 30%, and camphor 4%, the same active ingredients and strengths used in comparable ultra-strength Bengay products. It has a 4.6/5 rating from more than 3,600 reviews. 
Walmart.com
+1

Best for: temporary relief of sore muscles, minor strains, sprains, bruises, and achy joints around the foot.

Alternative: Equate Extra Strength Cool & Heat Cream is slightly cheaper at roughly $3.28, but the Ultra Strength version adds camphor and comes in a larger 4-ounce tube. 
Walmart.com

Avoid applying it to blisters, cuts, irritated skin, or using it with a heating pad. Persistent heel pain, numbness, swelling, or difficulty bearing weight should be evaluated rather than repeatedly covered up with a rub.

https://www.walmart.com/ip/Equate-Muscle-Rub/10324625

https://www.walmart.com/c/kp/equate-pain-relief-cream"
What are the best new or trending foot pain relief products at Walmart this year?,"The strongest new or trending foot-pain products at Walmart in 2026 lean toward targeted insoles, lidocaine patches, compression sleeves, and simple recovery tools. Walmart does not publish a precise “trending” ranking, so these picks prioritize newer listings, strong review activity, recognizable brands, and distinct pain use cases. 
Walmart.com

Dr. Scholl’s Adapts to You Insoles
$26.69•Newest adaptive support for your feet.
Dr. Scholl’s Plantar Fasciitis Pain Relief Patches
$18.27•Fast relief for plantar fasciitis pain.
Dr. Scholl’s Plantar Fasciitis Orthotics
$20.13•Ideal for heel pain, supports plantar fasciitis.
MagniLife Pain Relieving Foot Cream
$14.97•Soothing cream for foot pain relief.
Skelcore Ankle Compression Sleeve
$9.99•Budget-friendly ankle support for swelling.
Equate Diclofenac Arthritis Pain Gel
$8.88•Affordable gel for arthritis pain.
THERABAND Foot Roller
$16.49•Effective roller for foot recovery.
Due North Rubz Massage Ball
$5.88•Cheapest massage ball for sore muscles.
Dr. Scholl’s Work Massaging Gel Insoles
$12.97•Comfortable insoles for standing all day.
Dr. Scholl’s Flat Feet Insoles
$14.97•Supports low arches with budget insoles.
Best picks by need

Best newer all-around insole: Dr. Scholl’s Adapts to You
Its self-molding design adjusts around the arch and heel, making it a promising choice when your discomfort comes from general pressure, walking, or standing. It had a 4.4-star rating from 625 reviews when checked.

Best for plantar-fasciitis flare-ups: Dr. Scholl’s Pain Relief Patches
These combine lidocaine and menthol and claim relief for up to 12 hours. They are useful when you want localized relief without changing footwear.

Best structural support: Dr. Scholl’s Plantar Fasciitis Orthotics
A better first choice than a cream when pain is concentrated around the heel or arch and worsens while walking.

Best for burning or tingling discomfort: MagniLife Foot Cream
One of Walmart’s more established topical foot products, with a 4.4-star rating from over 700 reviews. It is also moisturizing, which helps when soreness accompanies dry or cracked skin.

Best inexpensive compression option: Skelcore Ankle Sleeve
A lightweight choice for mild swelling, arch support, or heel discomfort. Compression should feel snug, not painful or numb.

Best budget arthritis option: Equate Diclofenac Gel
At about $9 when checked, it is a lower-cost alternative to Voltaren for arthritis pain. Diclofenac has medication warnings and is not appropriate for every type of foot pain, so follow the label carefully.

Best non-medicated recovery tool: THERABAND Foot Roller
Useful for stretching and massaging the arch and plantar fascia. The cheaper Due North Rubz ball is a good compact alternative.

Best for long work shifts: Dr. Scholl’s Work Massaging Gel Insoles
Designed for tired, achy feet and legs caused by spending much of the day standing on hard floors.

My top three

Dr. Scholl’s Adapts to You Insoles for broad everyday support.

Dr. Scholl’s Plantar Fasciitis Orthotics for heel-and-arch pain.

THERABAND Foot Roller as a reusable, medication-free recovery product.

Persistent pain, significant swelling, numbness, redness, an injury, or inability to bear weight warrants medical evaluation rather than relying only on an OTC product.

Sources used:

https://www.walmart.com/c/kp/foot-pain-relief

https://www.walmart.com/ip/DS-Adapts-To-You-Insole-Men/12120057525

https://www.walmart.com/ip/Plantar-Fasciitis-Pain-Patches/5463152589

https://www.walmart.com/ip/Dr-Scholl-s-Plantar-Fasciitis-Pain-Relief-Orthotics-For-Women-6-10/137358291

https://www.walmart.com/ip/Magnilife-Pain-Relieving-Foot-Cream-4-oz/35657331

https://www.walmart.com/ip/Skelcore-Ankle-Compression-Sleeve-Plantar-Fasciitis-Sock-Reduces-Swelling-Heel-Spur-Pain-XL/538698186

https://www.walmart.com/ip/Equate-Arthritis-Pain-Relieving-Gel-Diclofenac-Sodium-Topical-Gel-1-Percent-1-76-Oz/17148650944

https://www.walmart.com/ip/THERABAND-Foot-Roller-Arch-and-Foot-Pain-Relief-Ridged-Self-Myofascial-Relief/118998828

https://www.walmart.com/ip/The-Green-Foot-Rubz-Ball-Hand-Feet-relieves-tired-sore-muscles-increases-circulation-pain-discomfort-Plantar-Fasciitis/739918631

https://www.walmart.com/ip/Dr-Scholl-s-Work-Massaging-Gel-Advanced-Foam-Insoles-Men-s-Shoe-Sizes-8-14-1-Pair/495717853

https://www.walmart.com/ip/DS-FLAT-FEET-INSOLE-W/18046918700"
What are the top sea salt hair sprays at Walmart right now?,"Top sea salt hair sprays at Walmart right now

1. Not Your Mother’s Beach Babe — Best overall
About $7.92 for 8 oz, with a 4.4-star rating from 1,600+ reviews. It adds matte texture and beachy separation, includes UV protection, and works on straight, wavy, curly, natural, and color-treated hair. Best balance of price, popularity, and performance. 
Walmart.com

2. Pantene Pro-V Natural Waves — Best soft, touchable finish
About $10.37 for 8.5 oz, rated 4.4 stars from 173 reviews. Its alcohol-free formula is designed to avoid the stiffness, residue, and crunch common with salt sprays. A strong choice for fine hair or anyone who dislikes a dry, gritty finish. 
Walmart.com

3. Fix Your Lid Sea Salt Spray — Best for stronger hold
About $10.94 for 8 oz, rated 4.6 stars from 44 reviews. Produces noticeable grit, volume, and a matte, lived-in finish with all-day hold. Particularly suitable for short-to-medium straight or wavy hair. 
Walmart.com

4. Aquage Sea Salt Texturizing Spray — Best salon-style option
Around $14.23 for 8 oz, rated 4.6 stars from 34 reviews. It provides lightweight grip, body, and tousled texture while remaining relatively touchable. Note that this listing is sold by a marketplace seller and fulfilled by Walmart. 
Walmart.com

5. Beauty by Earth Sea Salt Spray — Best nourishing formula
A good option for dry or frizz-prone hair because it combines salt with aloe vera and argan oil. It is also free from parabens, sulfates, synthetic fragrances, and dyes. 
Walmart.com

6. Brickell Men’s Texturizing Sea Salt Spray — Best premium men’s pick
Around $22 for 6 oz, with a 4.7-star rating from 50 reviews. Its alcohol-free formula includes vitamin E, hydrolyzed protein, and argan oil for lift and matte texture without relying solely on drying salt. 
Walmart.com

My recommendation

Buy Not Your Mother’s Beach Babe for the best value and proven popularity. Choose Pantene Natural Waves when softness matters more than strong grit, or Fix Your Lid for shorter styles needing firmer hold.

Prices and availability can vary by location and Walmart marketplace seller.

Sources used:

https://www.walmart.com/ip/Not-Your-Mother-s-Beach-Babe-Texturizing-Sea-Salt-Spray-with-UV-Protection-8-fl-oz/15056186

https://www.walmart.com/ip/Pantene-Pro-V-Natural-Waves-Texturizing-Salt-Spray-8-5-oz/787792485

https://www.walmart.com/ip/Fix-Your-Lid-Sea-Salt-Spray-8oz/17593568529

https://www.walmart.com/ip/Aquage-Sea-Salt-Texturizing-Spray-Hair-Spray-8-oz/2021149848

https://www.walmart.com/ip/Beauty-by-Earth-Sea-Salt-Spray-for-Hair-Men-Women-Beach-Waves-Spray-Hair-Texturizer/1838367453

https://www.walmart.com/ip/Brickell-Men-s-Texturizing-Sea-Salt-Spray-Alcohol-Free-Lifts-and-Texturizes-Hair-for-a-Beach-or-Surfer-Hair-Style-Natural-Organic-6-oz/539807297"
What's the best sea salt hair spray you can get at Walmart?,"Best overall: Not Your Mother’s Beach Babe Texturizing Sea Salt Spray

At $7.92 for 8 oz, it’s the strongest all-around Walmart pick because it combines:

Noticeable beachy texture and volume

A flexible, matte finish without hot tools

UV protection

Suitability for natural and color-treated hair

Excellent value versus most alternatives

Walmart lists it as an “Overall Pick,” with a 4.4-star rating from more than 1,600 reviews and strong recent sales. A recent beauty-editor roundup also named it the best drugstore sea salt spray. 
Walmart.com
+1

Apply a small amount from mid-lengths to ends on damp hair, scrunch, then air-dry or diffuse. Avoid overspraying, especially if your hair is dry or fine, because salt sprays can create stiffness or dryness.

Not Your Mother's Beach Babe
$7.92•Affordable sea salt spray with UV protection.
Pantene Natural Waves Salt Spray
$11.17•Creates soft, crunch-free waves.
BYRD Texturizing Surfspray
$7.97•Hydrating budget-friendly surf spray.
Fix Your Lid Sea Salt Spray
$10.94•Ideal for matte texture and beachy look.
Bed Head Salty Not Sorry
$15.29•Strong frizz control in a salt spray.
L'ange Salt + Séa
$20.00•Premium spray for fine hair volume.
Aquage Sea Salt Spray
$12.90•Lightweight salon-quality sea salt spray.
Pete & Pedro SALT
$19.99•Maximum volume sea salt spray for textured hair.

Sources used:

https://www.walmart.com/ip/Not-Your-Mother-s-Beach-Babe-Texturizing-Sea-Salt-Spray-with-UV-Protection-8-fl-oz/15056186

https://www.whowhatwear.com/best-sea-salt-sprays"
What sea salt hair spray should I buy at Walmart?,"Buy Not Your Mother’s Beach Babe Texturizing Sea Salt Spray. It is the best all-around Walmart pick: $7.92 for 8 oz, 4.4 stars from more than 1,600 Walmart ratings, UV protection, and a matte, beachy finish. It works on straight, wavy, curly, color-treated, and natural hair. 
Walmart.com
+1

Use a small amount on damp hair, concentrating from mid-lengths to ends, then scrunch and air-dry or diffuse. Too much can feel stiff or sticky, especially on fine hair.

Consider these alternatives:

Pantene Natural Waves — softer, less crunchy finish; best if your hair dries out easily. About $11.17.

Fix Your Lid Sea Salt Spray — stronger grit and all-day hold for short-to-medium hair. About $10.94.

Pete & Pedro SALT — best premium option for fine or thinning hair needing substantial volume. About $19.99.

Not Your Mother's Beach Babe Sea Salt Spray
$7.92
•
Pantene Natural Waves Salt Spray
$11.17
•
Fix Your Lid Sea Salt Spray
$10.94
•
Viking Revolution Sea Salt Hairspray
$7.98
•
DANDYMEN Light Hold Sea Salt Spray
$12.88
•
BLVD & Co Sea Salt Texture Spray
$9.97
•
Pete & Pedro SALT
$19.99
•
Aquage Sea Salt Texturizing Spray
$12.90
•

Sources: Walmart product listing and customer-review pages cited above."
What's the best budget sea salt hair spray at Walmart?,"Best budget pick: Not Your Mother’s Beach Babe Texturizing Sea Salt Spray

At about $7.92 for 8 oz, it’s the best mix of low price, proven popularity, and reliable texture. Walmart lists it with 1,600+ reviews, and beauty editors also name Beach Babe a strong drugstore choice. It adds beachy waves and volume, includes UV protection, and works for most hair types. 
Walmart.com
+1

Cheapest alternative: L3 Level 3 Sea Salt Texturizing Spray is around $6.99, but it has less customer feedback and may be sold through a marketplace seller. 
Walmart.com

Prices and local availability can vary by Walmart store.

Sources used

https://www.walmart.com/c/kp/sea-salt-spray

https://www.walmart.com/c/kp/texturizing-sea-salt-spray

https://www.whowhatwear.com/best-sea-salt-sprays"
What are the best new or trending sea salt hair sprays at Walmart this year?,"Based on Walmart’s current listings, ratings, review volume, and “Top-Rated” placement, these are the strongest new or trending sea salt sprays for 2026. Prices and availability can vary by location.

L'ange Salt + Séa Texturizing Spray
$20.00•Best overall for volume and texture.
Pete & Pedro SALT Sea Salt Spray
$19.99•Strong review history, reliable hold.
Old Spice Sea Salt Finishing Spray
$9.97•Affordable men's style, great for finishing.
Pantene Natural Waves Salt Spray
$11.17•Soft waves with natural feel.
Beauty by Earth Sea Salt Spray
$19.99•Natural-style formula for versatile looks.
SAISZE Sea Salt Spray
$8.99•Budget-friendly beach waves.
BLVD & Co Sea Salt Texture Spray
$9.97•Matte finish, adds texture without shine.
Byrd Texturizing Surfspray
$7.97•Affordable surf spray for casual styles.
Hairplexx Sea Salt Volume Spray
$13.24•Unisex volume boost, paraben-free.
Bed Head Salty Not Sorry Spray
$15.29•Humidity-resistant, ideal for humid climates.
Top picks

Best overall: L’ange Salt + Séa — $20
The clearest crowd favorite, with a 4.8-star rating from over 4,400 Walmart reviews. It provides light hold, fullness and touchable texture rather than a stiff or gritty finish. 
Walmart Business

Best value: Old Spice Sea Salt Finishing Spray — $9.97
A good everyday option for medium hold and definition. It has a 4.6 rating from more than 200 reviews and includes vitamin E and biotin.

Best for beachy waves: Pantene Natural Waves — about $11
Designed to create tousled waves without stickiness or crunch. The alcohol-free formula is likely the safer choice for hair that already feels dry.

Best premium men's option: Pete & Pedro SALT — $19.99
One of Walmart’s most reviewed men's sprays, rated 4.8 from roughly 1,500 reviews. It is especially suitable for fine or thinning hair that needs fullness with low shine.

Best budget newcomer: SAISZE — $8.99
A newer marketplace favorite with sea salt, aloe, kelp and red-algae ingredients. It offers flexible texture and a coconut scent without an especially stiff finish. 
Walmart.com

Best for frizz and humidity: Bed Head Salty Not Sorry — about $15
Creates flexible, messy texture while adding humidity protection, making it a better choice than basic salt sprays for frizz-prone hair.

Best under $8: Byrd Texturizing Surfspray — $7.97
A notably inexpensive option with a 4.4 rating. Walmart describes it as volumizing, hydrating and UV-protective.

Best inexpensive matte finish: BLVD & Co — $9.97
A 4.6-rated spray made for natural movement and beach-inspired texture, with sea salt and coconut-derived ingredients.

My recommendation

For most people, choose L’ange for softer, touchable texture or Pantene Natural Waves for a more affordable, less-crunchy beach-wave look. For short men's styles and a matte finish, Old Spice is the best value.

“Trending” here reflects current Walmart visibility, ratings and review activity—not verified unit-sales rankings. Several products are sold by Walmart Marketplace sellers rather than directly by Walmart, so check the seller and return terms before ordering. 
Walmart.com
+2
Walmart.com
+2

Sources:

https://www.walmart.com/c/kp/sea-salt-spray

https://www.walmart.com/c/kp/sea-salt-hair-spray

https://www.walmart.com/c/kp/hair-sea-salt-spray

https://business.walmart.com/ip/L-ange-Hair-Sea-Salt-Spray-for-Hair-Salt-and-S-a-Hair-Texturizing-Spray-to-Help-Improve-Volume/3017014782

https://www.walmart.com/ip/Sea-Salt-Spray-for-Women-Natural-UV-Protction-Hair-Spray-for-Beach-Wave-Volumizing-Texturizing-Suitable-for-All-Hair-Types-8-8-fl-oz-260-ml/15335458986"
What are the top men's face washes at Walmart right now?,"Based on Walmart’s current prices, ratings, review volume, and suitability for different skin types, these are the strongest options right now. Prices and availability can vary by store.

Harry’s Hydrating Facial Cleanser
$9.97•Hydrating cleanser for daily use, ideal for men.
Harry’s Exfoliating Face Wash
$6.98•Exfoliates with peppermint and eucalyptus, great for fresh skin.
NIVEA MEN Sensitive Face Wash
$9.00•Sensitive skin formula, gentle and effective for daily use.
NIVEA MEN Maximum Hydration Face Wash
$6.97•Budget-friendly hydration, keeps skin moisturized.
Dove Men+Care Hydrate+ Face Wash
$6.88•Gentle daily face wash for hydration and cleansing.
CeraVe Hydrating Facial Cleanser
$3.97•Hydrating facial cleanser, perfect for dry skin types.
Dove Men+Care Clean Comfort Face & Body Wash
$5.47•Multi-purpose face and body wash, good value for daily use.
Suave Men Hydrating 3-in-1 Wash
$4.97•Affordable 3-in-1 wash for hair, face, and body.
Top recommendations

1. Harry’s Hydrating Facial Cleanser — best overall
About $9.97, with a 4.6-star rating. It produces a foaming lather without heavily stripping natural oils and is designed to provide lasting hydration. A good uncomplicated daily option for normal or slightly dry skin.

2. CeraVe Hydrating Facial Cleanser — best for dry or easily irritated skin
The formula uses ceramides and hydrating ingredients to cleanse while supporting the skin barrier. The full-size 12-ounce version was listed at about $13.68, with more than 17,000 Walmart ratings. It is marketed as unisex, but skincare does not need to be gender-specific. 
Walmart.com

3. La Roche-Posay Toleriane Purifying Foaming Cleanser — best for oily or combination skin
A particularly strong choice for men who feel greasy by midday. The 13.52-ounce size was around $19.97 and is formulated to remove excess oil while maintaining the skin’s moisture barrier and pH. 
Walmart.com
+1

4. NIVEA MEN Sensitive Face Wash — best men-specific sensitive formula
Approximately $9, rated 4.7 stars. It is soap-free and contains no drying alcohol, making it a better choice than strongly scented or aggressive scrubs for sensitive skin.

5. Harry’s Exfoliating Face Wash — best for occasional exfoliation
About $6.98, with a 4.7-star rating from roughly 1,000 reviews. It combines cleansing and physical exfoliation. Use it a few times weekly rather than aggressively scrubbing every day, particularly if you shave frequently.

6. NIVEA MEN Maximum Hydration — best budget face wash
Around $6.97. Aloe vera, provitamin B5 and moisturizing ingredients make it a solid inexpensive pick for normal-to-dry skin.

7. Dove Men+Care Hydrate+ — best basic drugstore cleanser
Around $6.88. Its mild formula is intended for daily use and is positioned to reduce the dry, tight feeling some foaming washes cause.

What I’d buy

For most men, choose Harry’s Hydrating Facial Cleanser. Choose CeraVe Hydrating for dry or sensitive skin, La Roche-Posay Toleriane Purifying for oily skin, or Harry’s Exfoliating when rough texture is the main concern.

Sources used:

https://www.walmart.com/browse/men-s-essentials/mens-facial-care/1005862_1056884_5173736

https://www.walmart.com/ip/Harry-s-Hydrating-Face-Cleanser-9oz/18119569757

https://www.walmart.com/ip/Harry-s-Men-s-Exfoliating-Face-Wash-with-Peppermint-and-Eucalyptus-5-1-fl-oz/750790120

https://www.walmart.com/ip/NIVEA-Men-Sensitive-Face-Wash-5-fl-oz/35486795

https://www.walmart.com/ip/Nivea-for-Men-Double-Action-Face-Wash/10810948

https://www.walmart.com/ip/Dove-Men-Care-Hydrate-Face-Wash-5-fl-oz/22359138

https://www.walmart.com/ip/CeraVe-Hydrating-Facial-Cleanser-Daily-Face-Wash-for-Normal-to-Dry-Skin-12-fl-oz/491147048

https://www.walmart.com/ip/CeraVe-Hydrating-Facial-Cleanser-Daily-Face-Wash-for-Normal-to-Dry-Skin-3-oz/171336703

https://www.walmart.com/ip/La-Roche-Posay-Toleriane-Purifying-Foaming-Facial-Cleanser-13-52-fl-oz/588591863

https://www.walmart.com/ip/La-Roche-Posay-Toleriane-Purifying-Foaming-Facial-Cleanser-6-76-fl-oz/797833096"
What's the best men's exfoliating face wash you can get at Walmart?,"Best overall: Harry’s Men’s Exfoliating Face Wash

At $6.98, it’s the strongest Walmart pick for most men because it combines cleanser and scrub, has a 4.7/5 rating from about 1,050 reviews, and costs less than most comparable options. It removes oil, dirt, and dead skin while peppermint and eucalyptus leave a cooling sensation. 
Walmart.com

Harry’s Men’s Exfoliating Face Wash
$6.98•Exfoliating face wash with peppermint and eucalyptus.
The Shop Daily Exfoliating Cleanser
$9.97•Ideal for ingrown hairs, daily exfoliating cleanser.
Dr. Squatch Natural Face Wash
$12.98•Natural-leaning face wash for men, coconut scent.
Schick Hydro Gentle Exfoliating Face Wash
$7.99•Gentle exfoliating wash, best for sensitive skin.

Choose something else when:

Ingrown hairs are your priority: The Shop cleanser is formulated to help unclog pores and reduce future ingrowns.

Your skin is sensitive or easily irritated: Schick Hydro is the gentler pick, though it was out of stock when checked.

You have inflamed acne, eczema, or rosacea: Skip abrasive scrubs and use a gentle cleanser instead. Dermatologists caution that vigorous scrubbing can worsen irritation. 
American Academy of Dermatology
+1

Use Harry’s gently with your fingertips, initially two or three times per week, rather than aggressively scrubbing every day.

Sources used:

https://www.walmart.com/ip/Harry-s-Men-s-Exfoliating-Face-Wash-with-Peppermint-and-Eucalyptus-5-1-fl-oz/750790120

https://www.walmart.com/ip/The-Shop-Face-Wash-Daily-Exfoliating-Cleanser-for-Men-All-Skin-Types-4-fl-oz/5262667450

https://www.walmart.com/ip/Dr-Squatch-Coconut-Castaway-Non-Exflotaing-Natural-Face-Wash-for-Men-4-fl-oz/18305560995

https://www.walmart.com/ip/Schick-Hydro-Skin-Comfort-Gentle-Exfoliating-Face-Wash-for-Men-5-0-fl-oz/117367362

https://www.walmart.com/c/kp/mens-face-wash

https://www.aad.org/public/everyday-care/skin-care-secrets/routine/safely-exfoliate-at-home

https://www.aad.org/public/everyday-care/skin-care-secrets/routine/healthier-looking-skin"
What men's face wash should I buy at Walmart?,"Best overall: CeraVe Foaming Facial Cleanser. It is the safest default for normal, combination, or oily skin: fragrance-free, non-stripping, widely dermatologist-recommended, and currently about $13.68 for 12 oz at Walmart. 
Walmart.com
+1

Choose based on your skin:

Dry or tight after washing: CeraVe Hydrating Facial Cleanser

Sensitive skin: Cetaphil Gentle Foaming Cleanser

Frequent pimples or clogged pores: Cetaphil Gentle Clear with 2% salicylic acid

Inflamed acne: CeraVe Acne Foaming Cream Cleanser with 4% benzoyl peroxide; start once daily because it can dry skin and bleach towels or facial hair

Cheapest good option: Equate Foaming Facial Cleanser at about $6.88

Want a distinctly “men’s” product: Duke Cannon Daily Hydrating Face Wash, though the CeraVe and Cetaphil formulas are generally better value

CeraVe Foaming Facial Cleanser, 12 oz
$13.68•Best overall facial cleanser for daily use.
CeraVe Hydrating Facial Cleanser, 12 oz
$13.68•Ideal for dry skin hydration.
Cetaphil Gentle Foaming Cleanser, 8 oz
$8.97•Gentle foaming cleanser for sensitive skin.
Cetaphil Gentle Clear Acne Cleanser
$11.67•Controls acne and clogged pores effectively.
CeraVe Acne Foaming Cream Cleanser
$14.97•Fights inflamed acne with benzoyl peroxide.
Equate Foaming Facial Cleanser
$6.88•Affordable foaming face wash for normal to oily skin.
Neutrogena Hydro Boost Gel Cleanser
$17.97•Hydrating gel cleanser for a fresh feel.
CeraVe Renewing SA Cleanser
$15.97•Exfoliating with salicylic acid for rough skin.

For most men, I would buy the 12-ounce CeraVe Foaming Facial Cleanser and use one pump morning and night, followed by moisturizer. Avoid harsh scrubs as an everyday cleanser; they can aggravate irritation and acne.

Sources used:

https://www.walmart.com/ip/CeraVe-Foaming-Facial-Cleanser-Daily-Face-Wash-for-Normal-to-Oily-Skin-12-fl-oz/836389588

https://www.walmart.com/ip/CeraVe-Hydrating-Facial-Cleanser-Daily-Face-Wash-for-Normal-to-Dry-Skin-12-fl-oz/491147048

https://www.walmart.com/ip/Cetaphil-Foaming-Facial-Cleanser-8oz/600618158

https://www.walmart.com/ip/Cetaphil-Gentle-Clear-Acne-Face-Wash-with-2-Salicylic-Acid-Cream-Facial-Cleanser-8oz/5483446626

https://www.walmart.com/ip/CeraVe-Acne-Foaming-Cream-Cleanser-with-4-Benzoyl-Peroxide-for-Face-5-oz/963608583

https://www.walmart.com/ip/Equate-Beauty-Foaming-Facial-Cleanser-for-Normal-to-Oily-Skin-12-fl-oz/186385280

https://www.walmart.com/ip/Neutrogena-Hydro-Boost-Hydrating-Gel-Facial-Cleanser-Fragrance-Free-Face-Wash-16-oz/122365025

https://www.walmart.com/ip/CeraVe-Renewing-SA-Cleanser-Exfoliating-Face-Wash-with-Salicylic-Acid-for-Rough-Bumpy-Skin-16-fl-oz/757596219

https://www.walmart.com/browse/personal-care/men-s-facial-care/cerave/1005862_1056884_5173736/YnJhbmQ6Q2VyYVZl

https://nymag.com/strategist/article/best-face-washes-for-men.html"
What's the best budget men's face wash at Walmart?,"Best budget pick: NIVEA MEN Maximum Hydration Face Wash

At $6.97 for 5 oz, it offers the best balance of price, everyday gentleness, and hydration. Its aloe vera and provitamin B5 formula is less likely to feel harsh or drying than an exfoliating scrub, and it currently has a 4.5/5 rating from 650+ Walmart reviews. 
Walmart.com

NIVEA MEN Maximum Hydration Face Wash
$6.97•Great value, hydrating face wash for men.
Dove Men+Care Hydrate + Face Wash
$6.88•Ideal for dry skin, moisturizing men's face wash.
Harry's Men's Exfoliating Face Wash
$6.98•Exfoliates effectively with peppermint and eucalyptus.

Alternatives: Choose Dove Men+Care Hydrate+ if dryness is your main concern—it is slightly cheaper at $6.88. Choose Harry’s if you specifically want exfoliation, but it may be too abrasive for sensitive skin or twice-daily use.

Prices and stock can vary by store.

Sources used:

https://www.walmart.com/ip/Nivea-for-Men-Double-Action-Face-Wash/10810948

https://www.walmart.com/ip/Dove-Men-Care-Hydrate-Face-Wash-5-fl-oz/22359138

https://www.walmart.com/ip/Harry-s-Men-s-Exfoliating-Face-Wash-with-Peppermint-and-Eucalyptus-5-1-fl-oz/750790120

https://www.walmart.com/c/kp/mens-face-wash"
What are the best new or trending men's face washes at Walmart this year?,"Based on Walmart’s current bestseller signals, review volume, recent-purchase indicators, and newer formulas, these are the strongest men’s face-wash picks for 2026. “Trending” here means currently popular at Walmart—not necessarily launched this year. 
Walmart.com
+1

Neutrogena Ultra Gentle Cream-to-Foam Face Wash
$9.97•Gentle, fragrance-free formula for sensitive skin.
CeraVe Foaming Facial Cleanser
$13.68•Trusted, all-around facial cleanser for daily use.
CeraVe Acne Control Cleanser
$14.24•Effective acne-fighting cleanser with salicylic acid.
The Shop Daily Exfoliating Face Wash
$9.97•Exfoliates daily for smoother skin, suitable for all.
NIVEA MEN Sensitive Face Wash
$9.00•Soothes sensitive skin with gentle cleansing.
NIVEA MEN Maximum Hydration Face Wash
$6.97•Hydrates skin on a budget with maximum moisture.
Dove Men+Care Hydrate+ Face Wash
$6.88•Affordable, hydrating face wash for men.
Neutrogena Hydro Boost Gel Cleanser
$17.97•Hydrating gel for a fresh, moisturized face.
Neutrogena Oil-Free Acne Wash
$8.87•Popular acne-fighting classic for clear skin.
Equate Oil-Free Daily Face Wash
$5.73•Budget-friendly acne wash for daily use.
Best picks by skin type

Best overall: CeraVe Foaming Facial Cleanser — $13.68
The safest choice for normal, combination, or oily skin. It has a 4.7 rating from roughly 15,000 reviews and cleans without the tight, stripped feeling common with harsher men’s washes.

Best newer/trending gentle formula: Neutrogena Ultra Gentle Cream-to-Foam — $9.97
A more modern barrier-focused formula featuring glycerin, CICA, and Neutrogena’s BarrierCare technology. Good for men whose skin feels irritated after shaving or cleansing.

Best for acne and blackheads: CeraVe Acne Control Cleanser — $14.24
Contains 2% salicylic acid plus purifying clay. It is fragrance-free and non-comedogenic, making it a better daily acne option than heavily fragranced scrubs.

Best exfoliating men’s wash: The Shop Daily Exfoliating Face Wash — $9.97
Targets sweat, oil, dead skin and clogged pores, with Pro-Vitamin B5 to reduce the stripped feeling. Particularly useful for men prone to razor bumps and ingrown hairs.

Best for sensitive skin: NIVEA MEN Sensitive Face Wash — $9.00
Soap-free, without drying alcohol, and rated 4.7 stars. This is the strongest explicitly male-marketed option for easily irritated skin.

Best budget option: NIVEA MEN Maximum Hydration — $6.97
Aloe vera, Pro-Vitamin B5 and a moisturizing formula make this an affordable everyday cleanser for normal-to-dry skin.

Best for dry skin: Neutrogena Hydro Boost Gel Cleanser — about $12–$18 depending on size
Uses hyaluronic acid and is currently listed among Walmart’s skincare best sellers. The 16-ounce fragrance-free version has a 4.7 rating from more than 4,400 reviews. 
Walmart.com

Best under $6 for acne: Equate Oil-Free Daily Face Wash — $5.73
A straightforward 2% salicylic-acid wash at nearly half the price of many branded acne cleansers. Start once daily to avoid dryness.

My recommendation

For most men, buy CeraVe Foaming Facial Cleanser. Choose Neutrogena Ultra Gentle Cream-to-Foam when sensitivity or shaving irritation is the main concern, and CeraVe Acne Control when recurring pimples or blackheads are the priority.

Prices and availability vary by Walmart store and delivery location.

Sources used: Walmart’s men’s face-wash category, men’s facial-care listings, and individual Walmart product listings cited above."
What are the top deodorants at Walmart right now?,"The strongest Walmart deodorant picks right now span antiperspirants for sweat control, aluminum-free sticks, sensitive-skin formulas, and whole-body options. Walmart’s current category page marks several as best sellers or highly reviewed. 
Walmart.com
+1

Old Spice High Endurance Pure Sport Antiperspirant Twin Pack
$7.97•Great value twin pack for long-lasting freshness.
Native 72-Hour Aluminum-Free Deodorant
$13.65•Aluminum-free formula for sensitive skin.
Native Sensitive Sandalwood & Shea Butter
$12.47•Sandalwood scent with Shea Butter, gentle for sensitive skin.
Mando Whole Body Deodorant Pro Sport
$14.97•Pro sport deodorant for full-body protection, aluminum-free.
Tom’s of Maine Unscented Deodorant
$7.97•Unscented, natural deodorant for odor and wetness protection.
Old Spice Aluminum-Free Pure Sport
$4.47•Budget-friendly aluminum-free stick for active days.
Native Coconut & Vanilla 72-Hour Deodorant
$13.47•Coconut & Vanilla scent, 72-hour protection, ideal for daily wear.
Native Santal & Leather Deodorant
$13.47•Masculine Santal & Leather scent, long-lasting freshness.
Best picks by need

Best overall value: Old Spice High Endurance Pure Sport Antiperspirant
Around $7.97 for two, with a 4.6-star rating from roughly 3,800 reviews. It is the safest choice for dependable sweat and odor control.

Best women’s everyday option: Secret Invisible Solid Powder Fresh
The twin pack is listed as a Walmart best seller, with more than 10,000 reviews and a price around $7.97.

Best gentle antiperspirant: Dove Original Clean
A moisturizing, familiar formula with strong customer feedback. It is a good choice when regular antiperspirants leave your underarms feeling dry.

Best aluminum-free: Native
Native’s current sticks claim up to 72-hour odor protection and carry ratings around 4.6–4.8 stars. They cost more—typically $12–$14—but offer better scent variety than most natural options.

Best for sensitive skin: Native Sensitive
The baking-soda-conscious sensitive formula is the better Native option for people who experience redness or irritation.

Best unscented: Tom’s of Maine Unscented
A unisex, aluminum-free option without a competing fragrance. Note that aluminum-free deodorants help with odor but generally do not stop sweating.

Best whole-body deodorant: Mando Pro Sport
Designed for underarms and other external body areas, with a mandelic-acid formula and claimed 72-hour odor control. Lume is the comparable women-focused option currently receiving attention at Walmart. 
New York Post

Best budget women’s option: Suave Powder Twin Pack
Around $4.98 for two and marked as a Walmart best seller. It offers straightforward antiperspirant protection at a low price.

My simplest recommendation: choose Old Spice High Endurance for maximum value and sweat control, Dove Original Clean for gentleness, or Native Sensitive for aluminum-free odor protection.

Prices and local availability can vary by store.

Sources used:

https://www.walmart.com/browse/personal-care/deodorants/1005862_1001487

https://www.health.com/beauty/invisible-deodorants

https://nypost.com/2026/07/13/shopping/the-heat-wave-deodorant-keeping-sweat-and-odor-at-bay-for-18-off/

https://www.walmart.com/ip/Old-Spice-High-Endurance-Anti-Perspirant-Deodorant-for-Men-Pure-Sport-Scent-3-3-oz-Twin-Pack/2992852890

https://www.walmart.com/ip/Native-Core-APDO-3-1oz-Stick/18159165324

https://www.walmart.com/ip/Native-Sensitive-Deodorant-Sandalwood-Shea-Butter-for-Women-and-Men-2-65-oz/536999583

https://www.walmart.com/ip/Mando-Whole-Body-Deodorant-for-Men-Smooth-Solid-Stick-Aluminum-Free-Pro-Sport-2-6oz/1266037372

https://www.walmart.com/ip/Tom-s-of-Maine-Unscented-Natural-Deodorant-Aluminum-Free-Odor-Wetness-Protection-3-25-oz/2780579617"
What's the best whole body deodorant you can get at Walmart?,"Best overall: Lume Whole Body Deodorant Stick. It offers strong, long-lasting odor control, works on underarms, feet, under-breast and external intimate areas, and has an unscented option for sensitive noses. Walmart currently lists it around $14.97, with a 4.3-star rating. Independent testing also found Lume particularly effective for lasting odor control, though it will not stop perspiration because it is aluminum-free. 
People.com

Better-value alternative: Secret Whole Body Deodorant Spray. It is easier to apply over larger areas, costs about $12.97, and currently has a notably strong 4.6-star rating from more than 6,800 Walmart reviews.

Lume Whole Body Deodorant Stick
$14.97•Aluminum-free, all-over deodorant for fresh skin.
Secret Whole Body Deodorant Spray
$12.97•Easy-to-apply spray with tropical scent for all-day freshness.
Dove Whole Body Deodorant Spray
$11.98•Cooling spray ideal for refreshing skin anytime.
Lume Unscented Whole Body Spray
$14.97•Fragrance-free, aluminum-free spray for sensitive skin.
Native Whole Body Deodorant Stick
$9.38•Scented stick with vanilla and coconut aroma.
SheaMoisture Whole Body Spray
$9.97•Affordable, hydrating spray for under $10.
Dove Men+Care Whole Body Spray
$12.97•Men's body spray with shea butter for all-over freshness.
Old Spice Whole Body Spray
$12.97•Tropical scent deodorant spray for total body freshness.

My pick: Buy Lume Unscented for maximum versatility and less risk of fragrance irritation. Choose Secret Spray when price and quick application matter more.

Sources used: Walmart’s Whole Body Deodorant category, Walmart product listings, NBC Select, PEOPLE Tested, and New York Post. 
People.com
+3
walmart.com
+3
nbcnews.com
+3"
What deodorant should I buy at Walmart?,"Best all-around pick: Dove Advanced Care Antiperspirant Deodorant. It combines strong sweat protection with a skin-friendly formula and has a 4.6/5 rating from roughly 6,800 Walmart reviews. Current listed price: about $6.97.

Other good choices:

Best for men/clothing protection: Degree Men UltraClear Black + White — designed to reduce white marks and yellow stains; about $7.98.

Best clear gel: Gillette Cool Wave — clear application, 72-hour claimed protection, and 4.5/5 from over 10,000 reviews; about $11.97 for two.

Best budget: Arm & Hammer Ultra Max Unscented — antiperspirant protection for about $2.18.

Best for heavy sweating: Certain Dri Extra Strength — clinical-strength protection; about $8.78.

Best fragrance-free option: Secret Outlast Unscented Clear Gel — about $8.97, with a 4.3/5 rating from more than 9,000 reviews.

Dove Advanced Care Cool Essentials
$6.97•Long-lasting, cooling antiperspirant for sensitive skin.
Degree Men UltraClear Black + White
$7.98•Protects clothing with a clear, long-lasting formula.
Gillette Cool Wave Clear Gel Twin Pack
$11.97•Clear gel deodorant for effective sweat control.
Arm & Hammer Ultra Max Unscented
$2.18•Unscented, budget-friendly deodorant for daily use.
Certain Dri Extra Strength Clinical
$8.78•Clinical strength for heavy sweating, gentle on skin.
Secret Outlast Unscented Clear Gel
$8.97•Fragrance-free gel for odor and sweat protection.
Secret Outlast Completely Clean
$7.97•Popular solid deodorant with reliable odor control.
Vanicream Antiperspirant Deodorant
$14.56•Gentle, effective deodorant for sensitive skin.

Choose an antiperspirant, rather than an aluminum-free deodorant, when controlling wetness matters: deodorant targets odor, while antiperspirant reduces sweating. Applying antiperspirant to dry skin at night can improve effectiveness. 
Health
+1

https://www.walmart.com/ip/Dove-Advanced-Care-Long-Lasting-Women-s-Antiperspirant-Deodorant-Stick-Cool-Essentials-2-6-oz/35433691

https://www.walmart.com/ip/Degree-Ultra-Clear-Long-Lasting-Antiperspirant-Deodorant-Stick-Twin-Pack-Woody-2-7-oz/931063256

https://www.walmart.com/ip/Gillette-Clear-Gel-Antiperspirant-Deodorant-Cool-Wave-Twin-Pack-2-4-oz/10849093

https://www.walmart.com/ip/ARM-HAMMER-ULTRA-MAX-Solid-Antiperspirant-Deodorant-Unscented-for-Men-and-Women-2-6-oz/10810917

https://www.walmart.com/ip/Certain-Dri-Extra-Strength-Clinical-Antiperspirant-Deodorant-Solid-1-7-oz/102163106

https://www.walmart.com/ip/Secret-Outlast-Clear-Gel-Antiperspirant-Deodorant-for-Women-Unscented-3-4-oz/53722868

https://www.health.com/the-best-time-to-put-on-deodorant-11989329

https://www.washingtonpost.com/wellness/2025/02/26/deodorant-antiperspirant-sweat-body-odor/"
What's the best budget deodorant at Walmart?,"Best budget pick: Degree Men Sport Antiperspirant Twin Pack — $5.46. You get two full-size sticks, 48-hour sweat-and-odor protection, and a strong 4.7/5 rating from over 4,200 Walmart reviews. That works out to about $2.73 per stick, making it the best mix of price, performance, and customer feedback.

Degree Men Sport Antiperspirant Twin Pack
$5.46•Effective sport antiperspirant with great value for daily use.
ARM & HAMMER Essentials Rosemary Lavender
$3.24•Natural deodorant with rosemary and lavender, aluminum-free.
ARM & HAMMER Ultra Max Unscented
$8.24•Unscented antiperspirant suitable for sensitive skin.
Suave Powder Antiperspirant Twin Pack
$9.99•Popular powder scent, effective for everyday freshness.

For an aluminum-free option, choose ARM & HAMMER Essentials Rosemary Lavender at roughly $3.24. It controls odor but will not reduce sweating like an antiperspirant.

Prices and pickup availability can vary by store.

Sources used:

https://www.walmart.com/ip/Degree-Antiperspirant-Deodorant-for-Men-Sport-Twin-Pack-2-7-oz/14178778

https://www.walmart.com/ip/ARM-HAMMER-Essentials-Deodorant-Fresh-Rosemary-Lavender-Made-with-Natural-Deodorizers-2-5-oz/34495615

https://www.walmart.com/ip/ARM-HAMMER-ULTRA-MAX-Solid-Antiperspirant-Deodorant-Unscented-for-Men-and-Women-2-6-oz/10810917

https://www.walmart.com/ip/Suave-Antiperspirant-Deodorant-Powder-2-6oz-2-Pack/10804527"
What are the best new or trending deodorants at Walmart this year?,"Whole-body deodorants are the standout Walmart trend in 2026, especially aluminum-free sprays, creams, and sticks designed for areas beyond the underarms. Fragrance-forward scents and skin-care ingredients such as mandelic acid and pH-balancing formulas are also gaining traction. 
Walmart.com
+2
Byrdie
+2

Secret Whole Body Spray — Peach & Vanilla
$12.97•Popular spray with peach & vanilla scent.
Dove Whole Body Spray — Coconut & Vanilla
$11.98•Gentle coconut & vanilla body spray.
Lume Whole Body Spray — Unscented
$14.97•Unscented, aluminum-free body spray.
Lume Smooth Solid — Minted Cucumber
$14.99•Top-rated mint cucumber deodorant stick.
Dove Whole Body Cream — Coconut & Vanilla
$7.45•Value coconut & vanilla cream for skin.
Curie Whole Body Spray — Warm Vanilla
$13.97•Trending warm vanilla unisex spray.
Secret Whole Body Stick — Peach & Vanilla
$8.57•Affordable peach & vanilla deodorant stick.
Lume Invisible Cream — Soft Powder
$14.97•Targeted soft powder cream deodorant.
Dove Whole Body Spray — Morning Dew
$11.98•Morning dew fragrance body spray.
Curie Whole Body Spray — Coconut Nectar
$13.97•Coconut nectar scent, skin-friendly spray.
Best new or trending picks

Best overall trend pick: Secret Whole Body Spray, Peach & Vanilla — $12.97
Its 4.6-star rating from nearly 6,900 Walmart reviews makes it one of the strongest combinations of popularity, price, and broad-use convenience. It is aluminum-free, but it controls odor rather than perspiration.

Best for sensitive or dry skin: Dove Whole Body Spray — $11.98
Dove’s alcohol-free spray has a 4.4-star rating from more than 3,100 reviews. The instant-drying spray format is convenient for feet, thighs, and other external areas.

Best premium odor control: Lume Whole Body Deodorant — about $14.97
Lume remains one of the category leaders. Its newer spray uses mandelic acid to lower skin pH, while its creams and sticks offer more precise application. The Minted Cucumber stick currently carries a particularly strong 4.8-star Walmart rating.

Best affordable cream: Dove Whole Body Cream — $7.45
A good choice when you want targeted application without paying Lume prices. Its pH-balancing formula is aluminum-free and marketed for 72-hour odor protection.

Best emerging brand: Curie Whole Body Spray — $13.97
Curie’s baking-soda-free sprays are a notable Walmart newcomer. Warm Vanilla has accumulated thousands of reviews, while Coconut Nectar offers a fresher unisex alternative.

One important distinction

These trending aluminum-free deodorants reduce odor but generally do not stop sweating. For heavy underarm perspiration, choose an aluminum-containing antiperspirant such as Degree, Secret Clinical, Harry’s Extra-Strength, or Dove Advanced Care instead. Whole-body products can also irritate sensitive areas, so patch-test first and use only externally as directed. 
Walmart.com
+1

Prices and availability can vary by Walmart store and delivery location.

Sources used:

https://www.walmart.com/browse/personal-care/deodorants/1005862_1071969_1001487

https://www.walmart.com/browse/personal-care/body-deodorant/1005862_1001487_2251033

https://www.byrdie.com/best-body-products-2026-12006315

https://www.marieclaire.com/beauty/best-smelling-luxury-deodorants/

https://www.verywellhealth.com/whole-body-deodorant-8419556"
What are the top hair dryers at Walmart right now?,"Walmart’s current hair-dryer best sellers lean heavily toward affordable Conair and Revlon models. These are the strongest picks based on current availability, ratings, review volume, attachments, and price. Prices may vary by location. 
Walmart.com
+2
Walmart.com
+2

InfinitiPRO by Conair Quick Styling Salon Dryer
$29.00
•
Revlon Infrared Heat + Ceramic Dryer
$32.97
•
Revlon Ionic Volume Booster Dryer
$24.98
•
Conair Style & Shine Dryer
$29.97
•
Conair Mid-Size 1875W Dryer
$15.97
•
Revlon Compact 1875W Dryer
$14.98
•
Revlon Frizz Control Ionic Dryer
$19.97
•
Conair Double Ceramic Travel Dryer
$24.97
•
Top recommendations

Best overall: InfinitiPRO by Conair Quick Styling Salon Dryer — about $29
Its AC motor, ionic tourmaline-ceramic technology and 4.5-star rating from more than 3,000 reviews make it the best balance of drying speed, durability and price.

Best for dry, damaged or thick hair: Revlon Infrared Heat + Ceramic — about $33
Infrared and ceramic heat provide more even drying, while the included diffuser and concentrator make it versatile.

Best for curly or wavy hair: Revlon Ionic Volume Booster — about $25
The finger diffuser helps preserve curls and create volume, while ionic technology targets frizz. It has over 4,000 reviews.

Best affordable smoothing dryer: Conair Style & Shine — about $30
Includes both a diffuser and concentrator, plus tourmaline ceramic and ionic technology for smoother finishes.

Best under $20: Conair Mid-Size 1875W — about $16
A dependable everyday dryer with strong ratings, a concentrator and a compact design. It offers more styling control than the similarly priced Revlon Compact.

Cheapest solid option: Revlon Compact 1875W — about $15
Basic but proven, with roughly 6,900 reviews. Choose it for simple drying rather than curl definition or polished blowouts.

Best travel option: Conair Double Ceramic Travel Dryer — about $25
Its folding design and dual voltage make it the most practical choice for international trips.

My pick for most people: the InfinitiPRO by Conair. For curls, choose the Revlon Ionic Volume Booster; for the lowest price, get the Conair Mid-Size.

Sources used:

https://www.walmart.com/browse/beauty/hair-dryers/1085666_3147628_3847754_4100466

https://www.walmart.com/browse/beauty/all-hair-dryers/1085666_2446618_3847754_4100466_8915511

https://www.walmart.com/c/best-sellers/beauty-hair-dryers

https://www.walmart.com/ip/InfinitiPro-by-Conair-Quick-Styling-Salon-Professional-Ionic-Ceramic-Hair-Dryer-1875-Watts-Orange-259TPTY/33284064

https://www.walmart.com/ip/Revlon-1875W-Infrared-Heat-Ceramic-Hair-Dryer-White/32427579

https://www.walmart.com/ip/Revlon-Ionic-Model-Styler/19400346

https://www.walmart.com/ip/Conair-Style-Shine-Thermal-Tourmaline-Ceramic-Hair-Dryer-Ionic-1875-Watts-White/424338077

https://www.walmart.com/ip/Conair-Mid-Size-Ceramic-Hair-Dryer-1875-Watts-Compact-Fast-Drying-and-Styling-Black-247TPW/35259232

https://www.walmart.com/ip/Revlon-1875W-Compact-Hair-Dryer-Black/14551419

https://www.walmart.com/ip/Revlon-Pink-1875W-Ionic-Styler-Dryer/10965522

https://www.walmart.com/ip/Conair-Frizz-Reducing-Conair-Double-Ceramic-Travel-Hair-Dryer-Travel-Light-And-Help-Fight-Frizz-289DCM/1434903097"
What's the best ionic hair dryer you can get at Walmart?,"Best pick: Laifen SE Air High-Speed Hair Dryer

At Walmart, the Laifen SE Air is the best ionic dryer for most people. It is currently listed around $79.97, with a 4.8-star rating, and Walmart labels it an “Overall pick.” 
Walmart.com
+1

Why it stands out

Its 100,000 RPM brushless motor produces much stronger airflow than typical inexpensive 1,875-watt dryers, helping it dry thick or long hair faster.

Ionic technology is designed to reduce static, flyaways and frizz.

It is lightweight and easier on the wrist during longer blowouts.

Multiple heat modes, including temperature cycling, provide better heat control than basic budget dryers.

Independent testing found its performance surprisingly close to the much more expensive Dyson Supersonic, although the Dyson includes more attachments. 
Business Insider
+1

Main limitation: The $79.97 Walmart version appears to include only a smoothing nozzle. For curly hair, look for the more expensive Laifen SE bundle that includes a diffuser, or consider the Remington Pro Wet2Style at about $32.87 as a less expensive attachment-heavy option. 
Walmart.com

Bottom line: Buy the Laifen SE Air when you want the best combination of fast drying, frizz control, low weight and value at Walmart. For occasional use or a sub-$25 budget, the Conair Ionic Ceramic Cord-Keeper is the more practical choice.

Sources:

https://www.walmart.com/ip/Laifen-SWIFT-SE-Air-Hair-Dryer-1-Nozzles-Dark-Grey/18411170829

https://www.walmart.com/brand/laifen/10023040

https://www.walmart.com/c/kp/ion-hair-dryers

https://www.businessinsider.com/guides/style/laifen-se-hair-dryer-review

https://www.laifentech.com/products/se-high-speed-hair-dryer"
What hair dryer should I buy at Walmart?,"Best pick for most people

Buy the INFINITI PRO by Conair Quick Styling Salon Hair Dryer. At about $29, it includes both a diffuser and concentrator, uses ionic/ceramic technology, and has more than 3,000 Walmart ratings. It offers a better balance of power, attachments, price, and buyer feedback than most entry-level options. 
Walmart.com
+1

Other good choices:

Best under $25: Conair Ionic Ceramic Cord-Keeper — about $21.97, with a diffuser, concentrator, multiple settings, and a retractable cord. 
Walmart.com

Best for curls: Remington ONE Ionic — about $55.99, with a curl diffuser, flyaway attachment, concentrator, and eight heat/speed combinations. 
Walmart.com
+1

Best for styling versatility: Remington Wet2Style — about $32.87, with four attachments designed to dry and shape hair simultaneously. 
Walmart.com
+1

My recommendation: get the $29 InfinitiPRO Conair unless you specifically need the Remington ONE’s curl and flyaway attachments.

https://www.walmart.com/ip/InfinitiPRO-by-Conair-Ionic-Ceramic-Hair-Dryers-Orange-with-Concentrator-and-Diffuser/33284064

https://www.walmart.com/c/kp/infinitipro-conair

https://www.walmart.com/ip/Conair-1875-Watt-Cord-Keeper-Hair-Dryer-with-Ionic-Conditioning-Pink/5155920

https://www.walmart.com/ip/Remington-One-Multi-Style-Hair-Dryer-Salon-Styled-Hair-at-Home-with-90-Less-Frizz-and-Faster-Styling/5150283612

https://www.walmart.com/ip/Remington-Pro-Wet2Style-Ceramic-Ionic-Hair-Dryers-Purple-with-4-Unique-Attachments/464925449

https://www.walmart.com/c/brand/remington-hair-dryers"
What's the best budget hair dryer at Walmart?,"Best budget pick: Revlon 1875W Compact Hair Dryer — $14.98 at Walmart.

It delivers full 1,875-watt drying power, has two heat/speed settings, and is lightweight. Its 4.5-star rating from roughly 6,900 Walmart reviews makes it the safest inexpensive choice for basic everyday drying. 
Walmart.com

Revlon 1875W Compact Hair Dryer
$14.98•Compact and budget-friendly for quick drying.
KISS 1875W Tourmaline Ceramic Hair Dryer
$21.95•Includes multiple styling attachments for versatile looks.
Conair Ionic Ceramic Cord-Keeper Hair Dryer
$21.97•Reduces frizz with ionic ceramic technology, ideal for smooth hair.

Consider spending about $7 more for the KISS 1875W dryer if you want tourmaline ceramic technology, a cool-shot button and several styling attachments. It is the better value for curly, textured or frizz-prone hair.

Sources used:

https://www.walmart.com/ip/Revlon-1875W-Compact-Hair-Dryer-Black/14551419

https://www.walmart.com/ip/KISS-Red-Tourmaline-Ceramic-Hair-Dryer-with-4-Additional-Styling-Attachments-1875-Watts-Red/43190593

https://www.walmart.com/ip/Conair-Ion-Shine-Ceramic-Cord-Keeper-Hair-Dryer-1875W/5155920

https://www.walmart.com/browse/beauty/hair-dryers/1085666_3147628_3847754_4100466"
What are the best new or trending hair dryers at Walmart this year?,"The biggest Walmart hair-dryer trends in 2026 are high-speed brushless motors, ionic frizz control, smarter heat management, lighter bodies, and more useful diffuser/styling attachments. Walmart’s current assortment reflects that shift, from sub-$80 high-speed models to attachment-heavy dryers for curls and blowouts. 
Walmart.com
+2
Walmart.com
+2

Laifen SE Air High-Speed Hair Dryer
$79.97•High-speed, efficient drying with sleek design.
Remington ONE Ionic Hair Dryer
$57.98•Versatile styling options with reduced frizz.
Laifen Mini High-Speed Hair Dryer
$109.99•Compact and lightweight, ideal for travel.
Remington Pro Wet2Style
$32.87•Includes multiple attachments for styling versatility.
InfinitiPRO by Conair FloMotion Pro
$38.11•Adjustable airflow for personalized drying.
Revlon SmoothStay Ceramic Hair Dryer
$34.97•Smooth finish with ceramic technology.
L'ange HotStuff Compact Ionic Dryer
$49.98•Powerful, compact dryer with cool shot.
Hairitage Ionic Hair Blow Dryer
$39.94•Stylish, standard dryer with ionic technology.
Revlon Ionic Volume Booster
$24.98•Adds volume and shine for all hair types.
Remington High Speed D3193
$19.97•Affordable, damage-protective hair dryer.
Best new or trending picks

Best overall trend-forward value: Laifen SE Air — about $80
Its 100,000-RPM brushless motor, compact shape and ionic airflow deliver the type of fast-drying experience that used to be limited to far more expensive dryers. The 4.8-star Walmart rating makes this the safest high-speed pick.

Best for multiple hair types: Remington ONE — about $58
A diffuser, concentrator and flyaway attachment make it particularly adaptable. Its eight heat-and-speed combinations are useful in households where several people share one dryer.

Best new travel option: Laifen Mini — about $110
One of the most distinctive newer releases: roughly phone-sized, about 10.5 ounces and powered by a 110,000-RPM motor. It is a better choice for frequent travel than a basic folding dryer, though its current review history is limited.

Best attachment value: Remington Pro Wet2Style — about $33
The four attachments cover detangling, blowouts, curl diffusion and targeted styling. With more than 1,500 Walmart reviews, it offers a compelling balance of versatility and proven popularity.

Best for personalized airflow: InfinitiPRO by Conair FloMotion Pro — about $38
The adjustable airflow dial and professional AC motor make this feel more customizable than most conventional dryers in its price range. It includes both a diffuser and concentrator.

Best for smooth, shiny hair: Revlon SmoothStay — about $35
The coconut-oil-infused ceramic system is designed around frizz reduction and even heating. This is a practical pick for dry, coarse or frizz-prone hair without moving into premium pricing.

Best compact conventional dryer: L’ange HotStuff — about $50
A lightweight 1875-watt dryer with ionic technology, three heat settings and two airflow speeds. It is less technologically advanced than Laifen, but simpler and easier to handle.

Best budget options:
The Remington D3193 is the strongest sub-$20 choice for curls or thick hair because it includes a diffuser and combines ceramic, ionic and tourmaline technologies. The Revlon Ionic Volume Booster is the better inexpensive pick for volume and waves.

My recommendation

For most shoppers, buy the Laifen SE Air for noticeably faster drying and a modern lightweight design. Choose the Remington Pro Wet2Style instead when price and attachment versatility matter more than having a high-speed brushless motor.

Prices and availability can vary by color, seller and location.

Sources used:

https://www.walmart.com/browse/beauty/hair-dryers/1085666_3147628_3847754_4100466

https://www.walmart.com/browse/beauty/all-hair-dryers/1085666_2446618_3847754_4100466_8915511

https://www.walmart.com/ip/Laifen-SWIFT-SE-Air-Hair-Dryer-1-Nozzles-Dark-Grey/18411170829

https://www.walmart.com/ip/Remington-One-Multi-Style-Hair-Dryer-Salon-Styled-Hair-at-Home-with-90-Less-Frizz-and-Faster-Styling/5150283612

https://www.walmart.com/ip/Laifen-SWIFT-Mini-Hair-Dryer-Bag-1-nozzle-Seashell-White/18207516277

https://www.walmart.com/ip/Remington-Pro-Wet2Style-Ceramic-Ionic-Hair-Dryers-Purple-with-4-Unique-Attachments/464925449

https://www.walmart.com/ip/InfinitiPRO-Conair-1875-Watt-FloMotion-Pro-Hair-Dryer-Personalize-Your-Drying-Experience-Adjustable-Airflow-Includes-Concentrator-Diffuser-680/2533565881

https://www.walmart.com/ip/Revlon-Smoothstay-Coconut-Oil-Infused-Ceramic-Hair-Dryer-Black/568728619

https://www.walmart.com/ip/L-ange-Hair-HotStuff-Compact-Ionic-Hair-Dryer-Fast-Drying-Hair-Dryer-with-Cool-Shot-Button-Nozzle-Attachment-Blush/18513418055

https://www.techradar.com/best/best-hair-dryer-5-hair-dryers-for-smooth-and-shiny-styles"
What are the top camping pillows at Walmart right now?,"Here are the strongest camping-pillow options currently listed at Walmart, based on Walmart bestseller placement, ratings, portability, comfort, and price.

Klymit Drift Base Compressible Memory Foam Travel Pillow
$24.94•Comfortable memory foam for travel or camping.
Klymit Pillow X Base XL Inflatable Camping Pillow
$24.94•Inflatable design ideal for backpacking.
Ozark Trail Memory Foam Camping Pillow
$12.33•Affordable memory foam pillow for camping.
Top picks

1. Klymit Drift Base — best overall
About $24.94, with a 4.6-star rating. Its shredded memory-foam and fiber fill feels more like a home pillow than a typical inflatable, while the ripstop shell and washable cotton sleep surface suit camping. Best for car camping or campers willing to carry a little extra bulk. 
Walmart.com

2. Klymit Pillow X Base XL — best inflatable
About $24.94–$25.74, rated 4.5 stars. It weighs only 3.9 ounces, inflates in a few breaths, and uses an X-shaped design to keep your head centered. This is the best balance of packability and usable pillow size for backpacking. 
Walmart.com

3. Ozark Trail Memory Foam Camping Pillow — best value
About $12.33, rated 4.5 stars from nearly 400 ratings. It has breathable shredded foam, a removable washable cover, and a carry sack. Stock may vary—the individual listing was showing out of stock when recently crawled, despite appearing in Walmart’s bestseller results. 
Walmart.com
+1

4. Trekology Aluft 2.0 — best ultralight budget option
About $19.99, rated 4.9 stars on one Walmart listing. It weighs roughly 3.9 ounces, folds to about 5 by 2 inches, and includes a strap to keep it attached to a sleeping pad. A strong choice for backpackers who tend to slide off inflatable pillows. 
Walmart.com

5. Klymit Pillow X — best minimalist option
About $26.99. It weighs only 2 ounces and packs down extremely small, while the self-centering shape helps stabilize your head. It is less plush than the Base XL, but better when minimizing weight is the priority. 
Walmart.com

My recommendation

For car camping, buy the Klymit Drift Base. For backpacking, choose the Klymit Pillow X Base XL. For the lowest price, check availability of the Ozark Trail Memory Foam Pillow.

Prices and local pickup availability can change by location.

Sources used:

https://www.walmart.com/browse/sports-outdoors/camping-pillows/4125_546956_4128_1075006_6334652

https://www.walmart.com/c/best-sellers/sports-outdoors-camping-pillows

https://www.walmart.com/ip/Klymit-Drift-BASE-pillow/17568056785

https://www.walmart.com/ip/Klymit-Pillow-X-BASE-XL/17534317769

https://www.walmart.com/ip/Ozark-Trail-Memory-Foam-Camping-Pillow-Adult-Grey/1677099471

https://www.walmart.com/ip/Trekology-Aluft-2-0-Inflatable-Camping-Pillow-Lightweight-Compact-Travel-Pillow/937186745

https://www.walmart.com/ip/Klymit-Pillow-X-Inflatable-Camping-Travel-Pillow-Red-Gray/36905334"
What's the best camping travel pillow you can get at Walmart?,"Best overall: Klymit Drift Base Compressible Travel Pillow

At Walmart, the Klymit Drift Base is the best camping travel pillow for most people. It costs about $24.94 and has a 4.6/5 rating from 41 reviews. 
Walmart.com

Why it stands out:

Shredded memory foam and gel fiber feel more stable and comfortable than a fully inflatable pillow.

The 18 × 12 × 5.5-inch shape offers useful head and neck support without being full-size.

Its soft jersey-cotton sleep surface is removable and machine washable.

Walmart sells it directly, and it is substantially cheaper than the larger Klymit Drift Camp Pillow. 
Walmart.com
+1

Main drawback: At 20.8 ounces, it is better for car camping, road trips and casual travel than ultralight backpacking. For backpacking, choose the Klymit Pillow X Base XL instead; it packs smaller but will not feel as plush. 
Walmart.com

Verdict: Buy the Klymit Drift Base unless minimizing pack weight is your top priority.

Sources used:

https://www.walmart.com/ip/Klymit-Drift-BASE-pillow/17568056785

https://www.walmart.com/ip/Klymit-Drift-Car-Camp-Pillow-Large-Tan/17242070971

https://www.walmart.com/browse/sports-outdoors/all-klymit/4125_546956_4128_2487866_2841506_6836161"
What camping pillow should I buy at Walmart?,"Buy the Ozark Trail Memory Foam Camping Pillow for most camping trips. At $12.33, it offers the best balance of comfort, price, and reliability, with a 4.5-star rating from nearly 400 reviews. It is particularly well suited to car camping, cabins, and road trips.

For backpacking, choose the Trekology Aluft 2.0 instead. It weighs only 3.4 ounces, packs down to roughly 5 × 2 inches, and has a pad strap to reduce slipping.

Ozark Trail Memory Foam Camping Pillow
$12.33•Comfortable memory foam for camping, great value.
Trekology Aluft 2.0 Inflatable Pillow
$19.99•Inflatable design ideal for backpacking trips.
Klymit Drift Base Compressible Pillow
$24.94•Plush support with a soft, compressible feel.
Klymit Pillow X Base XL
$24.94•XL inflatable pillow offers extra support.
REDCAMP Compressible Camping Pillows
$13.99•Lightweight, budget-friendly two-pack.
AGCAN Inflatable Camping Pillow
$10.00•Affordable inflatable pillow for travel.
CAMPWAY Inflatable Pillows 2-Pack
$19.97•Ergonomic inflatable support for two persons.
BreezCamp Inflatable Camping Pillow
$19.18•Foam-air hybrid pillow for versatile camping comfort.

By camping style:

Car camping: Ozark Trail Memory Foam

Backpacking: Trekology Aluft 2.0

More premium comfort: Klymit Drift Base

Side sleepers wanting adjustable firmness: Klymit Pillow X Base XL

Two campers on a budget: REDCAMP two-pack

Prices and local pickup availability can vary by Walmart location.

Sources used:

https://www.walmart.com/ip/Ozark-Trail-Memory-Foam-Camping-Pillow-Adult-Grey/1677099471

https://www.walmart.com/ip/Trekology-Inflatable-Camping-Pillow-with-Pad-Strap-Aluft-2-0-Backpacking-Pillow/365696441

https://www.walmart.com/ip/Klymit-Drift-BASE-pillow/17568056785

https://www.walmart.com/ip/Klymit-Pillow-X-BASE-XL/17534317769

https://www.walmart.com/ip/REDCAMP-Small-Camping-Pillow-Lightweight-and-Compressible-Flannel-Travel-Pillow-with-Removable-Pillow-Cover-2-Pack/559004750

https://www.walmart.com/ip/X-BOARD-Camping-Pillow-Inflatable-Travel-Pillows-for-Adults-Ergonomic-Camp-Pillow-for-Sleeping/5331866699

https://www.walmart.com/ip/CAMPWAY-Ultralight-Inflatable-Camping-Travel-Pillows-2-Pack-Compact-Compressible-Air-Pillow-Neck-Back-Support-Camping-Hiking-Backpacking/1871664398

https://www.walmart.com/browse/sports-outdoors/camping-pillows/4125_546956_4128_1075006_6334652"
What's the best budget camping pillow at Walmart?,"Best budget pick: Ozark Trail Memory Foam Camping Pillow — $12.33.

It is the strongest value because it combines a real memory-foam feel, a removable washable cover, and compact portability. It currently has a 4.5/5 rating from 397 reviews, giving it a much stronger track record than most similarly priced marketplace options.

Choose the REDCAMP 2-pack for $13.99 instead when you need two pillows; it is lighter and compressible, but its polyester fill is less supportive than memory foam. For backpacking, the Trekology Aluft 2.0 is much smaller and lighter, though it costs $19.99 and has the firmer feel typical of inflatable pillows.

Ozark Trail Memory Foam Camping Pillow
$12.33•Budget-friendly memory foam for camping comfort.
REDCAMP Small Camping Pillow 2-Pack
$13.99•Great value 2-pack, lightweight and portable.
Trekology Aluft 2.0 Inflatable Pillow
$19.99•Ideal for backpacking, inflatable and compact.
Klymit Drift Base Pillow
$24.94•Upgraded comfort with supportive design.
Klymit Pillow X Base XL
$24.94•Adjustable inflatable for personalized fit.
Klymit Drift Camp Pillow
$34.95•Premium comfort for a good night's sleep.
Vivla Travel Memory Foam Pillow
$9.82•Most affordable foam pillow option.
Yardvibe Slow-Rebound Foam Pillow
$16.99•Contoured foam for budget-conscious sleepers.

Prices and local availability can vary by store.

Sources:

https://www.walmart.com/ip/Ozark-Trail-Memory-Foam-Camping-Pillow-Adult-Grey/1677099471

https://www.walmart.com/ip/REDCAMP-Small-Camping-Pillow-Lightweight-and-Compressible-Flannel-Travel-Pillow-with-Removable-Pillow-Cover-2-Pack/559004750

https://www.walmart.com/ip/Trekology-Inflatable-Camping-Pillow-with-Pad-Strap-Aluft-2-0-Backpacking-Pillow/937186745

https://www.walmart.com/ip/Klymit-Drift-BASE-pillow/17568056785

https://www.walmart.com/ip/Klymit-Pillow-X-BASE-XL/17534317769

https://www.walmart.com/ip/Klymit-Drift-Car-Camp-Pillow-Regular-Orchid/17243254052

https://www.walmart.com/ip/Travel-memory-foam-pillow/895388106

https://www.walmart.com/ip/Yardvibe-Pillow-Sleeping-17-72-x9-84-Slow-Rebound-Foam-Sleeping-Removable-Washable-Cover-Small-Cool-Flat-Pillow-Memory-Traveling-Camping-Gray/20446570630"
What are the best new or trending camping pillows at Walmart this year?,"Best new or trending camping pillows at Walmart in 2026

Best overall: NEMO Fillo
The strongest all-around pick for most campers. Its hybrid foam-and-air construction feels less balloon-like than a basic inflatable, while still packing into an integrated stuff sack. It is also a current 2026 expert favorite for balancing comfort and portability. 
Walmart.com
+2
SFGATE
+2

Best value: Ozark Trail Memory Foam Camping Pillow
A good choice for car camping, festivals, and family trips. It uses shredded memory foam, has a removable washable cover, and has accumulated more than 100 Walmart reviews. It is bulkier than an inflatable, but considerably more bed-like. 
Walmart.com

Best for car camping: Klymit Drift
The Drift is trending toward campers who prioritize comfort over minimum weight. It combines shredded memory foam with gel fiber and has a water-resistant shell that reverses to expose a softer jersey sleep surface. Choose the regular size for travel and the large version for maximum comfort. 
Walmart.com
+1

Best traditional pillow feel: Therm-a-Rest Compressible Pillow Cinch
This is a strong alternative for people who dislike inflatable pillows. Its foam filling expands into a soft, conventional pillow, while the cinch cord lets you adjust the firmness. It is especially well suited to car camping and road trips. 
Walmart.com
+1

Best ultralight option: NEMO Fillo Elite
At under 3 ounces, this is the most backpacking-friendly premium option in the group. It combines an inflatable baffled chamber with a thin layer of recycled insulation, giving it more cushioning than a bare air pillow. 
Walmart.com
+1

Best inexpensive inflatable: Trekology Aluft Deluxe
Walmart currently lists the Aluft Deluxe among its camping-pillow options. It is compact, adjustable and better suited to backpacking than foam-filled models, though it will not feel as plush as the NEMO or Klymit options. 
Walmart.com
+1

My recommendation

For the best combination of comfort and packability, buy the NEMO Fillo. For a lower-cost car-camping pillow, choose the Ozark Trail Memory Foam Camping Pillow. Backpackers trying to minimize weight should consider the NEMO Fillo Elite.

Prices, sellers and local availability can change by ZIP code, and some premium models may be sold through Walmart Marketplace rather than directly by Walmart.

Sources used:

https://www.walmart.com/ip/NEMO-Fillo-Backpacking-Camping-Pillow-Soft-Inflatable-Travel-Pillow-with-Integrated-Stuff-Sack-Marsh-Boreal/6492221401

https://www.walmart.com/ip/Ozark-Trail-Memory-Foam-Camping-Pillow-Adult-Grey/1677099471

https://www.walmart.com/ip/Klymit-Drift-Memory-Foam-Outdoor-Camping-Pillow-Green/826919574

https://www.walmart.com/ip/Klymit-Drift-Car-Camp-Pillow-Regular-Tan/17215269894

https://www.walmart.com/ip/Therm-a-Rest-Compressible-Cinch-Camping-and-Backpacking-Pillow-Large-16-x-23-Inch-Outerspace/16202608953

https://www.walmart.com/ip/NEMO-Equipment-Fillo-Elite-Ultralight-Backpacking-Camping-Pillow-One-Size-Midnight-Gray/14531421088

https://www.walmart.com/ip/NEMO-Fillo-Ultralight-Pillow-Inflatable-Backpacking-Pillow-for-Travel-Backpacking-and-Camping-Sapphire-Stripe/17163417797

https://www.walmart.com/ip/Therm-a-Rest-Compressible-Cinch-Camping-and-Backpacking-Pillow-Regular-14-x-18-Inch-Woodland/16229856390

https://www.sfgate.com/shopping/article/best-camping-pillows-22280809.php

https://www.cleverhiker.com/backpacking/best-backpacking-hiking-camping-pillows/"
What are the top camping coffee pots at Walmart right now?,"Here are the strongest camping coffee pots currently available at Walmart, ranked by value, reviews, durability, and campsite usefulness. Prices and availability can vary by location.

Ozark Trail 12-Cup Stainless Steel Camping Percolator
$29.58•Ideal for camping, durable stainless steel design.
COLETTI Bozeman 9-Cup Percolator
$39.99•Premium build for frequent outdoor use.
Coghlan's 9-Cup Aluminum Coffee Pot
$31.66•Lightweight aluminum for easy portability.
Stansport Camper's 9-Cup Percolator
$23.24•Budget-friendly option for group camping.
Stansport Enamel Percolator and Mug Set
$39.99•Complete camping set with enamel pot and mugs.
Stansport Camper's 20-Cup Percolator
$28.79•Large capacity for group gatherings.
Coleman 12-Cup Stainless Steel Percolator
$67.58•Rugged stainless steel for tough conditions.
Toorise 6-Cup Stainless Steel Percolator
$29.40•Compact and portable for travel.
Stansport Blue Enamel 8-Cup Percolator
$29.39•Classic enamel style for traditional camping.
Fitz-All Rapid Brew 12-Cup Percolator
$45.99•Stovetop-friendly for quick brewing.
Top recommendations

1. Ozark Trail 12-Cup Stainless Steel Camping Percolator — best overall
Around $29.58, with a 4.3-star rating from more than 1,000 reviews. Its stainless-steel build, large capacity and widespread Walmart availability make it the safest recommendation for most campers. 
Walmart.com
+1

2. COLETTI Bozeman 9-Cup — best premium option
Around $39.99. It uses stainless steel rather than an aluminum body and has a strong 4.5-star customer rating. This is the better choice for frequent campers who prioritize construction quality.

3. Coghlan’s 9-Cup Aluminum Coffee Pot — best lightweight option
Around $31.66, with a 4.9-star rating, although based on relatively few reviews. Aluminum makes it lighter and quicker to heat than most stainless-steel models.

4. Stansport Camper’s 9-Cup Percolator — best budget buy
Around $23.24. It is a straightforward polished-aluminum percolator with a basket, stem and viewing knob. A good fit for occasional camping trips.

5. Stansport Enamel Percolator and Four-Mug Set — best complete kit
Around $39.99. The included enamel mugs make it particularly useful for car camping, cabins or gifting.

6. Stansport 20-Cup Percolator — best for large groups
Around $28.79. The unusually high capacity works well for family camps, hunting camps and group breakfasts, though it is bulkier than a standard 8- or 9-cup pot.

7. Coleman 12-Cup Stainless Steel Percolator — best rugged name-brand pick
Around $67.58. Its stainless-steel construction is durable and corrosion-resistant, but it costs considerably more than the Ozark Trail model with similar capacity. 
Walmart.com

My pick

For most people, get the Ozark Trail 12-Cup Stainless Steel Camping Percolator. It offers the best combination of capacity, price, customer feedback and durable construction. For a lighter backpacking or minimalist setup, choose the Coghlan’s 9-Cup Aluminum Pot instead.

Sources used:

https://www.walmart.com/c/kp/camping-coffee-percolators

https://www.walmart.com/c/kp/camping-percolator-coffee-pot

https://www.walmart.com/ip/Ozark-Trail-12-cup-Stainless-Steel-Percolator/5129317046

https://www.walmart.com/ip/COLETTI-Bozeman-Camping-Coffee-Pot-Coffee-Percolator-Percolator-Coffee-Pot-for-Campfire-or-Stove-Top-Coffee-Making-9-CUP/821147613

https://www.walmart.com/ip/Coghlan-Ltd-1346-Aluminum-Coffee-Pot-9-Cup/39928781

https://www.walmart.com/ip/Stansport-Campers-Coffee-Pot/20920957

https://www.walmart.com/ip/Stansport-11230-Enamel-8-Cup-Coffee-Pot-with-Percolator-and-Four-12-Oz-Mugs/30579615

https://www.walmart.com/ip/Stansport-Camper-s-Percolator-20-Cup-Coffee-Pot/24455960

https://www.walmart.com/ip/Coleman-Stainless-Steel-Percolator-12-Cup/49578607"
What's the best camping percolator you can get at Walmart?,"Best overall: COLETTI Bozeman 9-Cup Camping Percolator

At $39.99, it is the strongest Walmart option because it combines all-stainless-steel construction, a campfire/stovetop-ready design, and a 4.5-star rating from 183 reviews. Independent testing also ranks the Bozeman highly for its sturdy build and reliable brewing. 
Camping Guidance
+1

COLETTI Bozeman 9-Cup Camping Percolator
$39.99•Ideal for camping, brews 9 cups over campfire or stove.
Ozark Trail 12-Cup Stainless Steel Camping Percolator
$29.58•Great value, stainless steel, 12 cups for outdoor brewing.
Stansport 8-Cup Enamel Percolator
$29.39•Classic enamel design, 8 cups, durable for camping use.

The Ozark Trail 12-Cup is the better value for larger groups: it costs about $29.58 and has more than 1,000 reviews, but the COLETTI’s plastic-free stainless construction and stronger average rating make it the better long-term buy.

Use coarse-ground coffee and lower the heat once it begins perking to reduce bitterness.

Sources:

https://www.walmart.com/ip/COLETTI-Bozeman-Camping-Coffee-Pot-Coffee-Percolator-Percolator-Coffee-Pot-for-Campfire-or-Stove-Top-Coffee-Making-9-CUP/821147613

https://www.walmart.com/ip/Ozark-Trail-12-cup-Stainless-Steel-Percolator/5129317046

https://www.walmart.com/ip/Stansport-Enamel-Percolator-Coffee-Pot-8-Cup/39945298

https://campingguidance.com/best-camping-percolators/

https://www.foodandwine.com/lifestyle/kitchen/best-coffee-percolators"
What camping coffee pot should I buy at Walmart?,"Best choice: Ozark Trail 12-Cup Stainless Steel Camping Percolator

At about $30, it’s the strongest all-around buy at Walmart: stainless-steel construction, a large capacity for 3–6 campers, and more than 1,000 Walmart customer reviews. It works well on a camp stove and is a better long-term choice than lightweight aluminum or chip-prone enamel pots. 
Walmart.com
+1

Consider these alternatives:

COLETTI Bozeman 9-Cup — about $40: Better build quality, wood handle, and a thick glass viewing knob. Independent testing rated it the best overall camping percolator. Best for frequent campers willing to pay a little more. 
Walmart.com
+1

Stansport 9-Cup — about $23: The budget option for occasional trips. It’s less refined and durable, but adequate for basic campsite coffee. 
Walmart.com

Stansport 20-Cup — about $29: Choose this only for large groups; it is bulky for normal family camping. 
Walmart.com

My recommendation: Buy the Ozark Trail 12-Cup for the best value. Upgrade to the COLETTI Bozeman if you camp often and care more about durability and handling.

Prices and availability can vary by location.

https://www.walmart.com/c/kp/camping-coffee-percolators

https://www.walmart.com/c/kp/camping-percolator-coffee-pot

https://campingguidance.com/best-camping-percolators/"
What's the best budget camping coffee pot at Walmart?,"Best budget pick: Ozark Trail 12-Cup Stainless Steel Camping Percolator

At $29.58, it offers the best balance of price, durability, and proven customer feedback at Walmart. It has a large stainless-steel body, a 12-cup capacity, and a 4.3/5 rating from over 1,000 reviews. 
Walmart.com

A cheaper $24.47 Ozark Trail listing is also available, but the $29.58 version has substantially more reviews and clearer current product information, making it the safer recommendation. For one or two campers, it is oversized; for a family or group, it is excellent value.

Watch for: The handle and lid can become hot, and percolators need monitoring to prevent bitter, over-extracted coffee.

Ozark Trail 12-Cup Camping Percolator
$29.58•Budget-friendly 12-cup camping percolator, stainless steel.
Ozark Trail Stainless Steel 12-Cup Percolator
$24.47•Affordable 12-cup percolator, durable stainless steel.
Farberware Yosemite 8-Cup Percolator
$33.08•Great for home use, 8-cup Yosemite percolator.
COLETTI Bozeman 9-Cup Percolator
$39.99•Premium 9-cup percolator, ideal for camping.
Fitz-All Rapid Brew 12-Cup Percolator
$45.99•Reliable 12-cup rapid brew percolator with strong reviews.
12-Cup Stainless Steel Campfire Coffee Pot
$44.60•Versatile 12-cup campfire coffee pot, stainless steel.
Coleman 12-Cup Stainless Steel Percolator
$67.58•Trusted brand 12-cup stainless steel percolator for camping.
Coghlan’s 12-Cup Stainless Steel Coffee Pot
$72.25•Dishwasher-safe 12-cup stainless steel coffee pot, camping-ready.

Sources used:

https://www.walmart.com/ip/Ozark-Trail-12-cup-Stainless-Steel-Percolator/5129317046

https://www.walmart.com/c/kp/camping-coffee-percolators"
What are the best new or trending camping coffee pots at Walmart this year?,"Best new or trending camping coffee pots at Walmart in 2026

Walmart’s current selection is dominated by classic stovetop percolators rather than genuinely new designs. The strongest trend is toward stainless-steel, filter-free pots that work on camp stoves, grills, and—with manufacturer approval—campfires. Prices and availability can vary by location.

Ozark Trail 12-Cup Stainless Steel Camping Percolator
$29.58•Great value, stainless steel camping percolator for 12 cups.
COLETTI Bozeman 9-Cup Camping Percolator
$39.99•Premium 9-cup percolator, ideal for camping or home.
Mixpresso 12-Cup Stainless Steel Stovetop Percolator
$30.59•Budget-friendly, stainless steel stovetop percolator, 12 cups.
Farberware Yosemite 8-Cup Percolator
$33.08•Versatile 8-cup percolator, suitable for home and camping.
Stansport 20-Cup Camper’s Percolator
$28.79•Large 20-cup percolator, perfect for groups or gatherings.
Coleman 12-Cup Stainless Steel Percolator
$67.58•Durable 12-cup stainless steel percolator, rugged brand.
Fitz-All Rapid Brew 12-Cup Percolator
$45.99•Variable capacity 12-cup percolator with rapid brew feature.
Stansport Stainless Steel 9-Cup Percolator
$63.63•Compact stainless steel 9-cup percolator for camping or travel.
My top picks

Best overall: Ozark Trail 12-Cup Stainless Steel Camping Percolator — about $29.58
This is the easiest recommendation for most campers. It has a 4.3-star rating from more than 1,000 reviews, a large capacity, stainless construction, and a much lower price than most branded alternatives.

Best upgraded option: COLETTI Bozeman 9-Cup — about $39.99
The Bozeman is one of the more popular premium-style camping percolators at Walmart, with a 4.5-star rating from roughly 180 reviews. Its all-stainless interior and wood handle make it especially appealing for frequent camping. An independent hands-on comparison also ranked the Bozeman its best overall camping percolator. 
Camping Guidance

Best budget alternative: Mixpresso 12-Cup — about $30.59
Its 4.6-star rating from nearly 800 reviews is impressive for the price. This is a good choice when you want stainless steel and a large capacity but cannot find the Ozark Trail model locally.

Best crossover pick: Farberware Yosemite 8-Cup — about $33.08
This is not marketed exclusively as camping gear, but its filter-free stainless-steel stovetop design makes it practical for a camp stove or RV. It has the strongest review history here—about 4.5 stars from more than 1,100 Walmart reviews.

Best for groups: Stansport 20-Cup — about $28.79
Choose this for family reunions, hunting camps, scout groups, or several coffee drinkers. It offers unusually high capacity for the price, although its polished aluminum construction is less rugged and corrosion-resistant than stainless steel.

Best heavy-duty brand option: Coleman 12-Cup Stainless Steel — about $67.58
The Coleman is durable and well-reviewed, but its current marketplace price is difficult to justify when the Ozark Trail and COLETTI options cost substantially less.

Bottom line

Buy the Ozark Trail 12-Cup for the best combination of price, capacity, and customer feedback. Choose the COLETTI Bozeman when build quality and an all-stainless brewing path matter more. For a large group, get the Stansport 20-Cup.

Walmart’s category pages currently identify the Ozark Trail as an “overall pick” and prominently feature COLETTI and Stansport models, which supports treating those as the most visible or trending options rather than assuming every “2026” marketplace listing is a meaningful new release. 
Walmart.com
+1

Sources

https://www.walmart.com/c/kp/camping-coffee-percolators

https://www.walmart.com/c/kp/camping-coffee-makers

https://www.walmart.com/ip/Ozark-Trail-12-cup-Stainless-Steel-Percolator/5129317046

https://www.walmart.com/ip/COLETTI-Bozeman-Camping-Coffee-Pot-Coffee-Percolator-Percolator-Coffee-Pot-for-Campfire-or-Stove-Top-Coffee-Making-9-CUP/821147613

https://www.walmart.com/ip/Mixpresso-Stainless-Steel-Stovetop-Coffee-Maker-12-Cup-Percolator-Coffee-Pot/3142689488

https://www.walmart.com/ip/Farberware-Yosemite-8-Cup-Percolator/10927183

https://www.walmart.com/ip/Stansport-Camper-s-Percolator-20-Cup-Coffee-Pot/24455960

https://www.walmart.com/ip/Coleman-Stainless-Steel-Percolator-12-Cup/49578607

https://www.walmart.com/ip/Tops-412-Rapid-Brew-Stove-Top-Percolator-2-12-Cup/36488047

https://www.walmart.com/ip/Stansport-Stainless-Steel-9-Cup-Coffee-Percolator/23574387

https://campingguidance.com/best-camping-percolators/"
What are the top outdoor rocking chairs at Walmart right now?,"Based on Walmart’s current listings, these are the strongest outdoor rocking-chair picks right now:

Best overall: SERWALL Oversized HDPE Rocking Chair

Around $91 for one or $176 for two, depending on color/configuration. It is Walmart-listed as a best seller, with more than 600 reviews on the single-chair listing and over 1,200 on one two-chair listing. The all-weather HDPE construction requires less maintenance than painted wood and is well suited to uncovered patios. 
Walmart.com

Best classic porch rocker: Mainstays Outdoor Wood Rocking Chair

Around $77–$98. This is the safest traditional choice: a familiar wooden porch-chair design, broad local availability and more than 6,500 reviews. It is best for a covered porch, since wood generally needs more care than HDPE outdoors. 
Walmart.com

Best portable option: Ozark Trail Tension Rocking Chair

Around $55. Walmart currently labels it an “overall pick.” It is better for camping, sporting events and moving around the yard than for creating a permanent porch-furniture setup. 
Walmart.com

Best cushioned chair: LAUSAINT HOME PE Rattan Rocking Chair

Around $130. Walmart highlights it as top-rated for seat comfort. The wicker-style frame and included cushions make it a better lounging chair than a basic upright porch rocker, though cushions should be stored or covered during heavy rain. 
Walmart.com

Best modern two-chair set: Better Homes & Gardens Marlow 2-Pack

Currently about $197, reduced from roughly $247. It includes two cushioned rocking chairs and has a cleaner, more contemporary look than traditional slatted rockers. This is my pick for a coordinated patio or balcony setup. 
Walmart.com

Best lounge-style rocker: RADIATA Oversized Papasan Rocker

Around $110, plus shipping on the listing reviewed. It includes a footrest, supports up to a stated 400 pounds and is designed more for reclining than upright rocking. It is a strong option for reading or relaxing, but less weatherproof-looking than an HDPE rocker. 
Walmart.com

Best inexpensive pair: Walsunny Metal Rocking Chairs, Set of 2

Around $95 for two. This is one of the lowest-cost sets among Walmart’s current prominent listings. It is suitable for buyers prioritizing price, although the SERWALL and Better Homes & Gardens options appear stronger for long-term durability or comfort. 
Walmart.com

My recommendation: choose the SERWALL HDPE rocker for an uncovered patio, the Mainstays wood rocker for a traditional covered porch, or the Better Homes & Gardens Marlow set when you want two coordinated cushioned chairs.

Prices, shipping charges and local availability can change by location and seller.

Sources used:

https://www.walmart.com/browse/patio-garden/outdoor-rocking-chairs/5428_91416_3986806_4843476_1556654

https://www.walmart.com/browse/patio-garden/shop-all-outdoor-rocking-chairs/5428_91416_3986806_4843476_1556654_2101701

https://www.walmart.com/browse/patio-garden/outdoor-rocking-chairs/best-rated/5428_91416_3728773_1653960_1556654/Y3VzdG9tZXJfcmF0aW5nOjQgLSA1IFN0YXJz"
What's the best outdoor rocker you can get at Walmart?,"Best overall: SERWALL Oversized HDPE Outdoor Rocking Chair

The SERWALL Oversized Outdoor Rocking Chair is my top Walmart pick because its HDPE construction is more weather-resistant and lower-maintenance than traditional wood. It has wide armrests, an oversized seat, all-season outdoor construction, and strong buyer traction: Walmart currently lists it as a bestseller with more than 600 reviews. It was about $91 for one chair or $176 for two when checked. 
Walmart.com

Choose the Mainstays Wood Porch Rocker instead when you prefer a classic painted-wood look. It costs about $98 and has over 6,500 reviews, but wood generally requires more protection and upkeep outdoors. 
Walmart.com

Bottom line: Get the SERWALL HDPE rocker for durability and easy care; get the Mainstays rocker primarily for traditional porch style.

Sources used:

https://www.walmart.com/browse/patio-garden/outdoor-rocking-chairs/5428_91416_3986806_4843476_1556654

https://www.walmart.com/c/best-sellers/garden-outdoor-patio-rocking-chairs"
What outdoor rocking chair should I buy at Walmart?,"Buy the Better Homes & Gardens by POLYWOOD Southlake Outdoor Rocking Chair for the best balance of durability, comfort, and low maintenance.

Better Homes & Gardens by POLYWOOD Southlake Rocking Chair
$157.00•Comfortable outdoor rocker with classic style.
SERWALL Oversized HDPE Outdoor Rocking Chair
$88.99•Large, weather-resistant HDPE rocking chair.
Mainstays Outdoor Wood Porch Rocking Chair
$98.00•Traditional wood porch rocker, weather-resistant.
LAUSAINT HOME PE Rattan Rocking Chair
$129.99•Cushioned PE rattan rocker for outdoor comfort.
Better Homes & Gardens Marlow Papasan Rocking Chair
$197.00•Lounge-like papasan rocking chair for relaxing.
Ozark Trail Tension Rocking Camp Chair
$56.00•Portable tension camp chair with rocking feature.
Why the Southlake is my top pick

At $157, it uses genuine POLYWOOD HDPE lumber with marine-grade hardware. It needs no painting or waterproofing and is designed to withstand sun, rain, snow, and wind. That makes it a safer long-term purchase than inexpensive painted wood, especially for an uncovered porch or patio. It currently has a 4.3/5 rating at Walmart. 
Walmart.com

Better choices for specific needs

Best value: SERWALL Oversized HDPE Rocker — about $89, weatherproof, oversized, and rated 4.5/5 from nearly 600 reviews. The tradeoff is that it is sold by a Walmart Marketplace seller rather than Walmart directly.

Traditional porch look: Mainstays Wood Rocker — $98, with an excellent 4.5/5 from more than 6,500 reviews. Choose it for appearance, but expect painted wood to require more care over time.

Plush comfort: LAUSAINT HOME Rattan Rocker — $129.99, with a steel frame, wide armrests, and thick cushions. Best for a covered porch because cushions need more protection and upkeep.

Camping or easy storage: Ozark Trail Tension Rocker — around $56, folding and portable, but less suitable as permanent porch furniture.

Bottom line: Get the POLYWOOD Southlake for an exposed outdoor area. Get the SERWALL HDPE when keeping the price below $100 matters most.

Sources used

Walmart — Better Homes & Gardens by POLYWOOD Southlake product listing.
Walmart — SERWALL Oversized HDPE rocker listing.
Walmart — Mainstays Outdoor Wood Porch Rocking Chair listing.
Walmart — LAUSAINT HOME PE Rattan rocker listing.
Walmart — Better Homes & Gardens Marlow rocker listing.
Walmart — Ozark Trail Tension rocker listing."
What's the best budget outdoor rocking chair at Walmart?,"Best budget pick: Adams Big Easy Resin Rocking Adirondack Chair — $59.97

The Adams Big Easy Rocker offers the best combination of price, durability, and comfort among Walmart’s current budget options. It has a 350-pound capacity, weather-resistant resin construction, ergonomic back support, and a 4.6-star rating from 172 reviews. Unlike inexpensive wooden chairs, it should not need regular repainting or sealing.

Consider instead:

Ozark Trail Tension Rocking Chair — $54.97: Best portable/folding option; 400-pound capacity and 4.6 stars from 72 reviews.

SERWALL HDPE Rocker — $82.99: Better for a traditional porch-chair appearance and year-round exposure; weatherproof HDPE and 380-pound capacity.

Mainstays Wood Porch Rocker — $98: Best classic wooden look, backed by more than 6,500 reviews, but its 250-pound limit and wood construction make it less practical than the Adams chair.

Adams Big Easy Resin Rocking Adirondack Chair
$59.97•Budget-friendly resin rocker with classic Adirondack style.
Ozark Trail Tension Rocking Chair
$54.97•Portable tension rocking chair for outdoor adventures.
SERWALL HDPE Outdoor Rocking Chair
$82.99•Durable HDPE outdoor rocker, weather-resistant.
Mainstays Outdoor Wood Porch Rocking Chair
$98.00•Traditional wood porch chair, weather-resistant finish.
GCI Outdoor Freestyle Rocker XL
$58.00•Oversized portable rocker, great for outdoor use.
Coleman Pro Rocker Chair
$62.99•Highly rated portable chair, easy to carry.
GCI Outdoor Kickback Rocker
$70.00•Relaxed low-seating rocker, ideal for lounging.
Ozark Trail Tension 2-in-1 Rocking Chair
$56.00•Convertible camping rocker, versatile and compact.

Bottom line: Buy the Adams Big Easy for a porch, patio, or fire-pit area. Choose the Ozark Trail Tension Rocker when portability and folding storage matter more than traditional styling. Prices and availability can vary by location.

Sources:

https://www.walmart.com/ip/Adams-Big-Easy-Westport-Gray-Resin-Frame-Adirondack-Rocker/1835658354

https://www.walmart.com/ip/OT-TENSION-ROCKING/17491860946

https://www.walmart.com/ip/SERWALL-Outdoor-Rocking-Chair-HDPE-Rocking-Chair-for-Adults-All-Weather-Porch-Rocker-for-Lawn-Garden-Blue/15578015301

https://www.walmart.com/ip/Mainstays-Outdoor-Wood-Porch-Rocking-Chair-White-Color-Weather-Resistant-Finish/886865496"
What are the best new or trending outdoor rocking chairs at Walmart this year?,"Based on Walmart’s current best-seller signals, review volume, and 2026 patio-furniture trends, these are the strongest outdoor rocking-chair picks right now. Prices and inventory can vary by location. 
Walmart.com
+2
Walmart.com
+2

Better Homes & Gardens by POLYWOOD Southlake Rocking Chair
$157.00•All-weather design, stylish for outdoor use.
Better Homes & Gardens Marlow 2-Pack Rocking Chairs
$197.00•Ideal two-chair set for versatile outdoor seating.
Better Homes & Gardens Marlow Papasan Rocking Chair
$197.00•Trendy lounge style with comfortable papasan design.
SERWALL HDPE Outdoor Rocking Chair
$94.99•Affordable all-weather HDPE outdoor rocker.
SERWALL Oversized Rocker with Footrest
$99.99•Oversized with footrest for extra comfort.
Mainstays Wood Porch Rocking Chair
$98.00•Classic porch rocker in weather-resistant finish.
GCI Outdoor Freestyle Rocker XL
$58.00•Portable and lightweight for outdoor adventures.
Coleman Pro Rocker Chair
$62.99•New camp rocker, durable and easy to carry.
RADIATA Oversized Papasan Rocking Recliner
$128.00•Oversized papasan recliner with footrest for lounging.
SERWALL Rocking Adirondack Chair
$109.99•Stylish Adirondack style for outdoor relaxation.
Best picks

Best overall: Better Homes & Gardens by POLYWOOD Southlake
The most durable, low-maintenance choice. Genuine POLYWOOD lumber resists moisture, fading, wind, and temperature changes without painting or waterproofing. It was listed at about $157. The premium construction makes it a particularly good long-term porch chair.

Best trendy set: Better Homes & Gardens Marlow 2-Pack
A modern, cushioned interpretation of a porch rocker, with rust-resistant framing and Scotchgard-treated upholstery. The pair was about $197, making it one of the better values for a coordinated patio setup.

Best statement chair: BHG Marlow Papasan Rocker
Papasan-style outdoor seating remains a prominent comfort trend in 2026. This one combines an enveloping seat, thick cushions and a rust-resistant steel frame. It has a 4.6-star rating from more than 200 reviews and was listed around $197.

Best budget all-weather rocker: SERWALL HDPE
A strong choice for an uncovered porch or patio. Its HDPE construction is designed to resist water, fading and cracking, while the 380-pound capacity is higher than many traditional wood rockers. It was approximately $95 with over 1,100 reviews.

Best comfort upgrade: SERWALL Oversized Rocker with Footrest
The detachable footrest makes this more suitable for reading and extended lounging than an ordinary porch rocker. It supports up to 350 pounds and was listed around $100.

Best traditional design: Mainstays Wood Porch Rocker
The familiar farmhouse-style option. It costs about $98 and has accumulated more than 6,500 reviews, making it one of Walmart’s most established outdoor rockers. The tradeoff is that painted wood generally requires more protection and care than HDPE.

Best portable option: GCI Freestyle Rocker XL
Ideal for camping, sports events and patios where the chair needs to be stored regularly. Its spring-action system rocks on flat surfaces, and it has a 4.7-star rating from more than 5,400 reviews. It was listed around $58.

What is trending in 2026

The clearest trends are weather-resistant HDPE, oversized or Papasan-shaped lounge rockers, and cushioned metal-frame sets. Classic wood porch chairs are still popular, but HDPE models are increasingly appealing because they require less maintenance. Walmart’s newest outdoor collections also emphasize rust-resistant frames, wicker textures and deeper, lounge-style seating. 
Homes and Gardens
+1

My recommendation: Choose the POLYWOOD Southlake for maximum durability, the Marlow 2-Pack for a stylish patio setup, or the SERWALL HDPE rocker for the best balance of price, reviews and weather resistance.

Sources used:
Walmart Outdoor Rocking Chairs category: 
Walmart.com

Walmart Patio Rocking Chair Best Sellers: 
Walmart.com

Southern Living’s July 2026 Walmart outdoor-furniture roundup: 
Southern Living

Homes & Gardens’ July 2026 Walmart outdoor collection: 
Homes and Gardens"
What are the top sleeping bags at Walmart right now?,"Here are the strongest sleeping bags at Walmart right now, ranked by value, customer ratings, versatility, and current availability.

Coleman Flatlands 40°F Sleeping Bag
$43.99•Ideal for all-season camping with a comfortable 40°F rating.
Ozark Trail 50°F Compact Mummy Sleeping Bag
$19.88•Lightweight and compact, suitable for backpacking trips.
Ozark Trail 35°F Flannel-Lined Sleeping Bag
$27.44•Soft flannel lining enhances comfort in cooler nights.
Coleman Heritage 0°F Big & Tall Sleeping Bag
$74.89•Designed for cold weather, suitable for winter camping.
Ozark Trail 35°F Doublewide Sleeping Bag
$49.88•Spacious double for outdoor adventures with a partner.
Coleman Montauk 40°F Big & Tall Sleeping Bag
$46.92•Big and tall design offers extra warmth and room.
Ozark Trail 50°F Rectangular Sleeping Bag
$14.77•Affordable option for mild weather camping.
Ozark Trail 15°F Canvas Sleeping Bag
$54.77•Durable canvas construction for rugged outdoor use.
Ozark Trail Youth 50°F Sleeping Bag
$14.77•Great for kids, warm and easy to carry.
Coleman Kompact 20°F Sleeping Bag
$89.99•Compact and warm for cold-weather camping.
Top picks

Best overall: Coleman Flatlands 40°F — about $44
Its 4.9-star rating, snag-resistant zipper, draft tube, and recycled insulation make it the most balanced choice for typical spring-through-fall car camping.

Best value: Ozark Trail 50°F Compact Mummy — about $20
A strong choice for summer camping, festivals, and occasional backpacking. It weighs about 1.8 pounds, packs into a compression sack, and has more than 800 ratings. It is not intended for genuinely cold nights. 
Walmart.com

Best comfortable rectangular bag: Ozark Trail 35°F Flannel-Lined — about $27
The oversized rectangular shape and cotton-flannel lining provide more room and comfort than a mummy bag. Its bulk makes it better for car camping than hiking.

Best cold-weather bag: Coleman Heritage 0°F Big & Tall — about $75
This is the standout for cold-weather car camping, especially for taller sleepers. It accommodates users up to approximately 6 feet 7 inches and uses a flannel liner and draft tube to retain warmth.

Best for couples: Ozark Trail 35°F Doublewide — about $50
A highly rated, affordable double sleeping bag with full-length zippers on both sides. It is roomy but naturally too heavy and bulky for backpacking.

Best budget bag: Ozark Trail 50°F Rectangular — about $15
With roughly 4,600 ratings, this is the safest inexpensive choice for warm-weather camping, sleepovers, cabins, and emergency guest bedding. 
Walmart.com

Best kids’ bag: Ozark Trail Youth 50°F — about $15
Compact, machine washable, and rated 4.6 stars from more than 600 customers. Its 64-inch length means older or taller teenagers may outgrow it.

My recommendation

For most shoppers, choose the Coleman Flatlands 40°F. Choose the Ozark Trail Compact Mummy when price and packability matter most, or the Ozark Trail 35°F Flannel-Lined when comfort and sleeping space are the priority.

Temperature labels are best treated as approximate lower limits rather than a guarantee of comfort. Allow extra margin if you sleep cold, camp in damp conditions, or expect temperatures near the bag’s stated rating.

Prices and local inventory can vary by ZIP code.

Sources used:

https://www.walmart.com/ip/Coleman-Flatlands-40-F-Sleeping-Bag/13384423003

https://www.walmart.com/ip/Ozark-Trail-50F-Compact-Mummy-Adult-Sleeping-Bag-Green-88-6-x-31-5/5016405570

https://www.walmart.com/ip/Ozark-Trail-35F-Flannel-Lined-Rectangle-Adult-Sleeping-Bag-Brown-80-x-36/3818101742

https://www.walmart.com/ip/Coleman-Heritage-10-Degree-Cold-Weather-Rectangular-Big-and-Tall-Sleeping-Bag-Brown-40-x-84/28966578

https://www.walmart.com/ip/Ozark-Trail-35F-Doublewide-Sleeping-Bag/5040310726

https://www.walmart.com/ip/Coleman-Montauk-40-Degree-Warm-Weather-Semi-Rectangular-Big-and-Tall-Sleeping-Bag-Blue-84-x36/898429456

https://www.walmart.com/ip/Ozark-Trail-50-Degree-Warm-Weather-Rectangular-Sleeping-Bag-Red-33-x75/477760657

https://www.walmart.com/ip/SLEEPING-BAG/11053423257

https://www.walmart.com/ip/OZARK-TRAIL-50F-YOUTH-WARM-WEATHER-RECTANGULAR-SLEEPING-BAG-Dark-Green-Light-Green/5014571145

https://www.walmart.com/ip/Coleman-Kompact-20-F-Rectangle-Sleeping-Bag/13420220483

https://www.walmart.com/browse/sports-outdoors/ozark-trail-sleeping-bags/4125_546956_4128_2487866_2559937_6759090"
What's the best mummy sleeping bag you can get at Walmart?,"Best overall: Coleman PEAK1 20°F Mummy Down Sleeping Bag

The Coleman PEAK1 20°F is my top Walmart pick because it combines down insulation, backpack-friendly packability, a 20°F rating, and an integrated system that helps keep a sleeping pad in place. It currently costs about $129.99 and has a 4.8/5 rating from 89 reviews.

Choose it for three-season camping or backpacking where weight and packed size matter. For repeated nights near or below 20°F, use a warmer-rated bag rather than treating the advertised rating as a guaranteed comfort temperature.

Coleman PEAK1 20°F Mummy Down Sleeping Bag
$129.99•All-season warmth with compact design.
Klymit Wild Aspen 20°F Mummy Sleeping Bag
$88.00•Great value for cold-weather camping.
TETON TrailHead 20°F Ultralight Mummy Bag
$59.99•Lightweight and budget-friendly for backpacking.
Ozark Trail 10°F Mummy Sleeping Bag
$44.88•Affordable cold-weather sleeping bag.
Klymit Wild Aspen 0°F Mummy Sleeping Bag
$99.95•Ideal for winter camping and cold nights.
OmniCore Designs 10°F Mummy Sleeping Bag
$89.97•High-quality down insulation for cold conditions.
Slumberjack Eagle Falls 20°F Side-Sleeper Bag
$61.74•Comfortable for side sleepers in cold weather.
Slumberjack Sky Pond 40°F Mummy Bag
$35.11•Warm and cozy for mild weather camping.

Better value: The Klymit Wild Aspen 20°F is around $88, with a water- and abrasion-resistant shell and a 4.4/5 rating from 117 reviews.

Best budget option: The Ozark Trail 10°F costs about $44.88 and has an insulated hood, water-repellent shell and a strong 4.5/5 rating from more than 800 reviews. It is more suitable for car camping than weight-conscious backpacking. 
Walmart.com

Sources:

https://www.walmart.com/ip/Coleman-PEAK1-20-Degrees-Fahrenheit-1-Person-Mummy-Sleeping-Bag-Black/5571007173

https://www.walmart.com/ip/Klymit-Wild-Aspen-20-Degree-Cold-Weather-Mummy-Sleeping-Bag-Regular-Green/8416463721

https://www.walmart.com/ip/TETON-Sports-Trailhead-20F-Ultralight-Mummy-Bag/757891834

https://www.walmart.com/ip/Ozark-Trail-10-Degree-Cold-Weather-Mummy-Sleeping-Bag-with-Soft-Liner-Red-85-x33/1792528911

https://www.walmart.com/ip/Klymit-Wild-Aspen-0-Degree-Mummy-Sleeping-Bag-4-Season-Lightweight-Water-Repellent-Backpacking-Camping-Bag-Large/20289551485

https://www.walmart.com/ip/OmniCore-Designs-10F-10F-Mummy-Sleeping-Bag-Sizes-Reg-Tall-Multi-Down-Fill-650-Fill-Power-Down-StratusLoft-Compression-Stuff-Sack/300839924

https://www.walmart.com/ip/Slumberjack-Eagle-Falls-20-Degree-Side-Sleeper-Mummy-Sleeping-Bag-Orange-35-x88/442420996

https://www.walmart.com/ip/Slumberjack-40F-Sky-Pond-Mummy-Sleeping-Bag/543820156"
What sleeping bag should I buy at Walmart?,"Best overall choice

Buy the Ozark Trail Oversized 30°F Cool Weather Sleeping Bag for most casual camping. At about $25, it offers a roomy rectangular shape, a useful three-season temperature rating, and a strong 4.4-star rating from 1,000+ reviews. It is best suited to car camping, cabins, and sleepovers rather than backpacking.

Choose something else when:

Warm summer camping: Ozark Trail 50°F Rectangular — inexpensive and widely reviewed.

Colder nights: Ozark Trail 10°F Mummy — better heat retention from its fitted shape and hood.

Backpacking: Coleman PEAK1 20°F Down Mummy — lighter and more compressible, but substantially pricier.

Maximum comfort: Ozark Trail 35°F Flannel-Lined — soft, roomy, and excellent for car camping.

Two people: Ozark Trail 35°F Doublewide.

Ozark Trail Oversized 30°F Sleeping Bag
$24.97•Great value for cool weather camping.
Ozark Trail 35°F Flannel-Lined Sleeping Bag
$27.44•Most comfortable flannel-lined option.
Ozark Trail 10°F Mummy Sleeping Bag
$44.88•Budget-friendly cold-weather mummy bag.
Coleman PEAK1 20°F Down Mummy Sleeping Bag
$129.99•Ideal for backpacking with high warmth.
Ozark Trail 35°F Doublewide Sleeping Bag
$49.88•Perfect for couples, spacious design.
Ozark Trail 50°F Rectangular Sleeping Bag
$16.48•Great for summer camping.
Coleman Heritage 0°F Big & Tall Sleeping Bag
$74.89•Warm and cozy for cold nights.
Slumberjack Sky Pond 40°F Mummy Sleeping Bag
$35.11•Affordable mummy bag for beginners.
Coleman Montauk 40°F Big & Tall Sleeping Bag
$46.92•Budget-friendly mummy sleeping bag.
Ozark Trail 15°F Canvas Sleeping Bag
$54.77•Durable for rugged car camping.

My pick: Ozark Trail Oversized 30°F, unless you expect nighttime temperatures below roughly 40°F—in that case, move to the 10°F mummy bag. Sleeping-bag ratings can be optimistic, so leaving a temperature buffer is prudent.

Sources:

https://www.walmart.com/ip/Ozark-Trail-Oversized-30F-Cool-Weather-Sleeping-Bag-Gray/677794987

https://www.walmart.com/ip/Ozark-Trail-35F-Flannel-Lined-Rectangle-Adult-Sleeping-Bag-Brown-80-x-36/3818101742

https://www.walmart.com/ip/Ozark-Trail-10-Degree-Cold-Weather-Mummy-Sleeping-Bag-with-Soft-Liner-Red-85-x33/1792528911

https://www.walmart.com/ip/Coleman-PEAK1-20-Degrees-Fahrenheit-1-Person-Mummy-Sleeping-Bag-Black/5571007173

https://www.walmart.com/ip/Ozark-Trail-35F-Doublewide-Sleeping-Bag/5040310726

https://www.walmart.com/ip/Ozark-Trail-50-Degrees-Fahrenheit-Warm-Weather-Sleeping-Bag/688639580

https://www.walmart.com/ip/Coleman-Heritage-10-Degree-Cold-Weather-Rectangular-Big-and-Tall-Sleeping-Bag-Brown-40-x-84/28966578

https://www.walmart.com/ip/Slumberjack-40F-Sky-Pond-Mummy-Sleeping-Bag/543820156

https://www.walmart.com/ip/Coleman-Montauk-40-Degree-Warm-Weather-Semi-Rectangular-Big-and-Tall-Sleeping-Bag-Blue-84-x36/898429456

https://www.walmart.com/ip/SLEEPING-BAG/11053423257"
What's the best budget sleeping bag at Walmart?,"Ozark Trail Oversized 30°F Sleeping Bag
$24.97•Great for cool weather, oversized for comfort.
Ozark Trail 35°F Cool Weather Sleeping Bag
$23.91•Cheapest option for cool weather camping.
Ozark Trail 35°F Flannel-Lined Sleeping Bag
$27.44•Cozy flannel lining adds warmth under $30.
Ozark Trail 50°F Rectangular Sleeping Bag
$14.77•Affordable warm-weather choice for mild nights.
Ozark Trail 50°F Rectangular Sleeping Bag
$19.97•Lightweight and suitable for summer camping.
Slumberjack Grand Lake 30°F Sleeping Bag
$33.00•Budget-friendly upgrade for colder nights.
Ozark Trail 35°F Doublewide Sleeping Bag
$49.88•Spacious double for outdoor adventures.
Ozark Trail 15°F Canvas Sleeping Bag
$54.77•Warm enough for cold nights, budget-friendly.
Best budget pick: Ozark Trail Oversized 30°F Sleeping Bag

At $24.97, this is the strongest overall value I found at Walmart. It has a 30°F rating, an oversized adult fit, a 4.4-star rating from more than 1,000 reviews, and costs only a few dollars more than Walmart’s basic 35°F bag.

Choose based on your use:

Best overall: Ozark Trail Oversized 30°F — $24.97

Cheapest for cool nights: Ozark Trail 35°F — $23.91

Most comfortable under $30: Ozark Trail 35°F Flannel-Lined — $27.44

Only for mild summer weather: Ozark Trail 50°F — $14.77

My recommendation assumes car camping, not backpacking. Temperature ratings can be optimistic, so I would use the 30°F model primarily when overnight lows are around 40°F or warmer, especially for someone who sleeps cold.

Sources used:

https://www.walmart.com/ip/Ozark-Trail-Oversized-30F-Cool-Weather-Sleeping-Bag-Gray/677794987

https://www.walmart.com/ip/Ozark-Trail-35-Degree-Cool-Weather-Sleeping-Bag-Blue-33-x77/817629060

https://www.walmart.com/ip/Ozark-Trail-35F-Flannel-Lined-Rectangle-Adult-Sleeping-Bag-Brown-80-x-36/3818101742

https://www.walmart.com/ip/Ozark-Trail-50-Degree-Warm-Weather-Rectangular-Sleeping-Bag-Red-33-x75/477760657"
What are the best new or trending sleeping bags at Walmart this year?,"The strongest new or trending sleeping bags at Walmart in 2026 combine high shopper ratings, heavy review volume, best-seller visibility, and newer features such as recycled materials, wearable designs, and roomier fits. Prices and availability can vary by location. 
Walmart.com
+1

Ozark Trail 30°F Mummy Sleeping Bag
$34.88•Great value mummy sleeping bag for cold weather.
Ozark Trail Oversized 30°F Sleeping Bag
$24.97•Roomy, budget-friendly oversized sleeping bag.
Ozark Trail 35°F Doublewide Sleeping Bag
$49.88•Doublewide design ideal for couples or extra space.
Ozark Trail 50°F Wearable Sleeping Bag
$39.77•Wearable sleeping bag with trending design.
Coleman PEAK1 20°F Down Mummy Bag
$129.99•Premium down mummy bag for backpacking.
Coleman Heritage 0°F Big & Tall Bag
$74.89•Cold-weather sleeping bag with high warmth rating.
Klymit Wild Aspen 20°F Mummy Bag
$89.94•Three-season upgrade sleeping bag for versatile use.
Klymit Bozeman 35°F Sleeping Bag
$64.94•Comfort-focused large sleeping bag for 35°F nights.
Teton Celsius XL 0°F Sleeping Bag
$89.97•Roomy winter sleeping bag with high insulation.
Teton Bridger XXL 0°F Sleeping Bag
$109.00•Heavy-duty canvas sleeping bag for extreme cold.
Slumberjack Sky Pond 40°F Mummy Bag
$35.11•Affordable mummy bag for 40°F camping.
Kelty Cosmic Synthetic 40°F Bag
$99.95•Compact mummy bag for 40°F, budget-friendly.
Best picks

Best overall value: Ozark Trail 30°F Mummy — about $35
A strong three-season choice with a hood, double-layer construction and an excellent 4.5-star rating from more than 800 reviews. It is the most balanced option for occasional camping without spending much.

Best roomy budget bag: Ozark Trail Oversized 30°F — about $25
One of Walmart’s standout high-volume choices, with more than 1,000 reviews. Its recycled-polyester content and roomy rectangular cut make it especially appealing for car camping and restless sleepers.

Best for couples: Ozark Trail 35°F Doublewide — about $50
Built for two, with full-length zippers on both sides. It offers considerably more space than two narrow mummy bags and remains relatively affordable.

Most interesting new design: Ozark Trail 50°F Wearable Bag — about $40
This hooded model converts between a conventional sleeping bag and wearable insulation. It is best suited to festivals, backyard camping, RV trips and warm-weather campsites rather than genuinely cold nights.

Best premium backpacking option: Coleman PEAK1 20°F Down Mummy — about $130
The down insulation, mummy profile and integrated pad-retention system make it significantly more trail-oriented than Walmart’s inexpensive rectangular bags. It also carries a 4.8-star rating from nearly 90 reviews.

Best cold-weather bargain: Coleman Heritage 0°F Big & Tall — about $75
A spacious, flannel-lined car-camping bag with a strong 4.6-star rating. It is bulky, so it is much better for campsites, cabins and trucks than backpacking.

Best upgraded three-season mummy: Klymit Wild Aspen 20°F — about $90
Water- and abrasion-resistant fabric, synthetic insulation and a lighter mummy construction make this a good middle ground between Ozark Trail’s budget models and premium down bags.

Best heavy-duty winter bag: Teton Bridger XXL 0°F — about $109
The extra-wide dimensions and durable canvas-style shell suit cold-weather car camping, hunting camps and base camps. Its weight and bulk make it impractical for carrying long distances.

My recommendation

For most buyers, choose the Ozark Trail 30°F Mummy. Choose the Oversized 30°F instead if comfort and room matter more than packed size. For two people, the 35°F Doublewide is the clear value pick. For colder-weather backpacking, step up to the Coleman PEAK1 20°F.

Temperature numbers are generally survival or lower-limit ratings rather than a promise of comfort. For comfortable sleep, select a bag rated roughly 10–15°F colder than the lowest temperature you expect.

Sources used:

https://www.walmart.com/browse/sports-outdoors/sleeping-bags/4125_546956_4128_6402971

https://www.walmart.com/c/best-sellers/camping-sleeping-bags

https://www.walmart.com/ip/Ozark-Trail-30-Degree-Cold-Weather-Mummy-Sleeping-Bag-with-Soft-Liner-Blue-85-x33/2755268810

https://www.walmart.com/ip/Ozark-Trail-Oversized-30F-Cool-Weather-Sleeping-Bag-Gray/677794987

https://www.walmart.com/ip/Ozark-Trail-35F-Doublewide-Sleeping-Bag/5040310726

https://www.walmart.com/ip/OT-50-WEARABLE-SB/10980509866

https://www.walmart.com/ip/Coleman-PEAK1-20-Degrees-Fahrenheit-1-Person-Mummy-Sleeping-Bag-Black/5571007173

https://www.walmart.com/ip/Coleman-Heritage-10-Degree-Cold-Weather-Rectangular-Big-and-Tall-Sleeping-Bag-Brown-40-x-84/28966578

https://www.walmart.com/ip/Klymit-Wild-Aspen-20-Large-Sleeping-Bag/17506609793

https://www.walmart.com/ip/Klymit-Bozeman-35-Large-Sleeping-Bag/17512219510

https://www.walmart.com/ip/Teton-Bridger-XXL-0-F/17591369058

https://www.walmart.com/ip/TETON-Sports-Celsius-XL-Sleeping-Bag-Cold-Weather-0-F-All-Season-Camping-Gear-Mummy-Hood-Draft-Tubes-Compression-Sack-Fits-Adults-6-6-Ruby-Red/17592951771

https://www.walmart.com/ip/Slumberjack-40F-Sky-Pond-Mummy-Sleeping-Bag/543820156

https://www.walmart.com/ip/Kelty-Cosmic-Synthetic-40-Degree-Sleeping-Bag-Regular-Lightweight-Warm-Weather-Bag-Summer/14708056216"
What are the top portable ping pong sets at Walmart right now?,"Top portable ping pong sets at Walmart right now

Based on Walmart’s current listings, customer-review volume, portability, completeness, and price:

Penn Everywhere Table Tennis Set — Best overall

About $19.84

Includes a retractable net, two paddles, and three balls.

Walmart labels it a Best Seller, with roughly 206 reviews.

Best for casual games on dining tables, picnic tables, or desks. 
Walmart.com
+1

PRO-SPIN All-in-One Portable Set — Best premium option

From about $39.99 for two players; four-player versions are around $59.99.

Includes a 72-inch retractable net, higher-quality paddles, balls, and a storage case.

Its listings have around 385–387 reviews, making it one of the most established portable kits Walmart currently carries. 
Walmart.com
+1

GSE Complete Portable Table Tennis Set — Best value alternative

From about $17.98

Includes a retractable net, two paddles, and three balls.

A good inexpensive choice when the Penn set is unavailable or differently priced. 
Walmart.com
+1

Jercoda All-in-One Ping Pong Set — Best for extra balls

About $19.79

Comes with two paddles, a retractable net, and six balls.

Has around 33 customer ratings on Walmart’s current listing. 
Walmart.com
+1

SEGMART 5-Foot Foldable Ping Pong Table Set — Best complete portable table

From roughly $47–$50, sometimes with additional shipping.

Includes the folding table, net, two paddles, and three balls.

Better than a clamp-on kit when you do not already have a suitable tabletop, though it requires much more storage space. 
Walmart.com
+1

MD Sports 7-Foot Conversion Top — Best portable conversion surface

About $99.99

Four-piece folding design with an included net.

Walmart lists it as a Best Seller, with around 42 reviews.

Best for putting over a pool table, dining table, or another sturdy base. 
Walmart.com

My pick

The Penn Everywhere set is the best buy for most people: it is inexpensive, compact, widely reviewed, and includes everything needed to turn an ordinary table into a playing surface. Choose the PRO-SPIN instead when paddle quality and a carrying case matter, or the SEGMART folding table when you need a self-contained setup.

Prices, sellers, shipping charges, and availability can vary by location.

Sources used:

https://www.walmart.com/browse/sports-outdoors/table-tennis-sets/4125_1224931_4158_5896074_2354108

https://www.walmart.com/c/kp/retractable-ping-pong-net

https://www.walmart.com/c/kp/retractable-ping-pong-set

https://www.walmart.com/c/kp/table-tennis-conversion-top"
What's the best portable ping pong set you can get at Walmart?,"Best overall: PRO-SPIN All-in-One Portable Ping Pong Set

The PRO-SPIN 4-Player Set is the strongest portable option at Walmart right now. It includes a retractable net, four paddles and balls, sets up on ordinary tables, and has an excellent 4.9/5 rating from 387 reviews. It was listed at $59.99 when checked. 
Walmart.com

Why it stands out: The larger four-player kit is more versatile for families and groups, while its adjustable clamp-on net makes setup and storage straightforward. The main drawback is price—casual two-player households can spend much less.

Best cheaper alternative: The Penn Everywhere Set costs about $19.84, includes two paddles and three balls, and has over 200 reviews. It is the better choice for occasional backyard, office or vacation use.

PRO-SPIN All-in-One 4-Player Portable Set
$59.99•Portable set with high-performance paddles, ideal for indoor/outdoor play.
Penn Everywhere Table Tennis Set
$19.84•Affordable table tennis set with 2 paddles and 3 balls, great value.
Franklin Sports Portable Ping Pong Set
$19.99•Reliable budget pick with portable design and included paddles.
ESPN Portable Ping Pong Set
$24.99•Travel-friendly set with 3 balls, paddles, and case for on-the-go fun.
Franklin Sports Table Tennis to Go
$28.06•Compact table tennis to go with strong clamps and portability.
Gagasport Retractable Ping Pong Set
$26.99•All-in-one family set with six balls, retractable net, and storage.
Jercoda All-in-One Ping Pong Set
$19.79•Budget-friendly set with 2 paddles, 6 balls, and retractable net.
Poolmaster Play N Go Set
$20.77•Indoor-outdoor option with portable design, paddles, and balls.

Bottom line: Buy the PRO-SPIN for the best complete experience; choose the Penn Everywhere if you primarily want an inexpensive two-player set.

https://www.walmart.com/ip/PRO-SPIN-All-in-One-Portable-Ping-Pong-Set-with-Retractable-Net-High-Performance-Ping-Pong-Paddles-4-Player-Set-Indoor-Outdoor-Game/7117009308

https://www.walmart.com/ip/Penn-Everywhere-Table-Tennis-Net-Post-Set-with-2-Ping-Pong-Paddles-and-3-Balls/455823873

https://www.walmart.com/browse/sports-outdoors/table-tennis-sets/4125_1224931_4158_5896074_2354108"
What ping pong set should I buy at Walmart?,"Buy the Penn Everywhere Table Tennis Set for most casual players. At $19.84, it includes a retractable net, two paddles, and three balls, and it has a strong 4.3-star rating from 207 reviews. It turns a dining table, countertop, or desk into a temporary ping pong table in seconds.

Penn Everywhere Table Tennis Set
$19.84•Great value for portable ping pong at home or on the go.
PRO-SPIN 4-Player Portable Ping Pong Set
$59.99•Ideal for four players, easy setup for indoor or outdoor fun.
Franklin Sports Portable Ping Pong Set
$19.99•Reliable, budget-friendly set with paddles and balls included.
Gagasport Retractable Ping Pong Set
$26.99•Midrange option with premium paddles and easy setup.
TSF Brands Portable Table Tennis Set
$22.99•Outdoor-ready paddles with a portable, adjustable design.
Trademark Innovations Anywhere Set
$18.25•Affordable complete set with paddles and balls for quick play.
Anywhere Sports Retractable Set
$31.99•Includes storage bag, perfect for family or travel use.
Poolmaster Play N Go Set
$20.77•Portable set with mesh bag, easy to attach to any table.
Other good choices

Best premium set: PRO-SPIN 4-Player Set — $59.99
Choose this for family gatherings or better-quality equipment. It includes four paddles, a retractable net, and a carrying case, with a 4.9-star rating from 387 reviews.

Best two-player alternative: Franklin Sports — $19.99
Very similar to the Penn, with a retractable net, paddles, balls, and a 4.5-star rating from 44 reviews. The Penn offers slightly stronger value based on its larger review history.

Best step-up under $30: Gagasport — $26.99
Includes two paddles, six balls, a storage case, and a net that fits tables up to 72 inches wide. It is rated 4.6 stars from 19 reviews.

Bottom line: Get the Penn Everywhere Set unless you regularly expect four people to play; in that case, spend more for the PRO-SPIN 4-Player Set. Prices and availability can vary by location.

Sources used:

https://www.walmart.com/ip/Penn-Everywhere-Table-Tennis-Net-Post-Set-with-2-Ping-Pong-Paddles-and-3-Balls/455823873

https://www.walmart.com/ip/PRO-SPIN-All-in-One-Portable-Ping-Pong-Set-with-Retractable-Net-High-Performance-Ping-Pong-Paddles-4-Player-Set-Indoor-Outdoor-Game/7117009308

https://www.walmart.com/ip/Franklin-Sports-Portable-Ping-Pong-Net-Set-with-Table-Tennis-Paddles-Balls/573503973

https://www.walmart.com/ip/Gagasports-Portable-Table-Tennis-Set-Retractable-Ping-Pong-Net-Game-Tables-72-Wide-Premium-Paddles-3-Star-Balls-Storage-Case-All-in-One-Family-Fun-Gi/12266017527

https://www.walmart.com/browse/sports-outdoors/table-tennis-sets/4125_1224931_4158_5896074_2354108"
What's the best budget ping pong set at Walmart?,"Best budget pick: Penn Everywhere Table Tennis Set — $19.84

The Penn Everywhere Table Tennis Net & Post Set is the best low-cost complete kit at Walmart right now. It includes:

Retractable clamp-on net

Two paddles

Three balls

Setup on most ordinary tables

4.3/5 rating from 207 reviews

At under $20, it offers substantially better value than paddle-only kits because you can start playing without already owning a net. 
Walmart.com

Runner-up: The Penn four-player accessory set costs $19.94 and includes four paddles and six balls, but no net—so it is better only when you already have a table setup.

Penn Everywhere Table Tennis Set
$19.84
•
Penn 4-Player Accessory Set
$19.94
•
ESPN 2-Player Paddle Set
$19.99
•
Franklin Sports 4-Player Set
$22.49
•
Cannon Sports Unbreakable Set
$16.99
•
Poolmaster Play N Go Set
$20.77
•
Joy.J All-in-One Portable Set
$24.99
•
PRO-SPIN 4-Player Portable Set
$59.99
•

Prices and availability can vary by store and shipping location.

Sources:

https://www.walmart.com/ip/Penn-Everywhere-Table-Tennis-Net-Post-Set-with-2-Ping-Pong-Paddles-and-3-Balls/455823873

https://www.walmart.com/browse/sports-outdoors/table-tennis-sets/4125_1224931_4158_5896074_2354108"
What are the best new or trending ping pong sets at Walmart this year?,"The strongest new or trending ping pong sets at Walmart in 2026 split into two groups: highly reviewed portable kits and compact/full-size tables gaining visibility.

PRO-SPIN All-in-One Portable Ping Pong Set
$59.99•Portable set with high-performance paddles, ideal for indoor/outdoor play.
Penn Everywhere Table Tennis Set
$19.84•Affordable, versatile table tennis set with paddles and balls for all ages.
ESPN Portable Ping Pong Set
$24.99•Travel-friendly kit with net, paddles, and case for on-the-go fun.
Jercoda All-in-One Ping Pong Set
$19.79•Budget-friendly all-in-one set with retractable net for indoor/outdoor use.
Franklin Sports Portable Net Set
$19.99•Reliable portable net set with paddles and balls for casual games.
Leumius 5ft Foldable Ping Pong Table
$119.00•Compact, foldable table perfect for indoor play and space-saving setup.
MD Sports Official-Size Ping Pong Table
$199.00•Full-size table with sturdy construction for serious table tennis matches.
Anywhere Sports Trampoline Pong
$69.99•Large, official-size table for competitive play at home or in the gym.
Best picks

1. PRO-SPIN All-in-One Portable Set — best overall portable option
At about $59.99, it includes a retractable net and four paddles. Its 4.9-star rating from roughly 387 reviews makes it one of the strongest combinations of popularity and customer satisfaction. Best for families, offices and trips.

2. Penn Everywhere Set — best budget pick
About $19.84, with two paddles, three balls and a retractable net. Walmart currently identifies it as a best seller, and it has more than 200 reviews. This is the safest inexpensive choice for casual play. 
Walmart.com
+1

3. ESPN Portable Ping Pong Set — best travel-ready kit
Around $24.99, including two paddles, three balls, a retractable net and travel case. Its 4.7-star rating makes it a good middle ground between the Penn and PRO-SPIN sets.

4. Jercoda All-in-One Set — best low-cost alternative
Approximately $19.79, with two paddles, six balls and a retractable net. It offers more included balls than most similarly priced kits and has a solid 4.4-star rating.

5. Leumius 5-Foot Foldable Table — trending compact table
Around $119, with wheels, folding storage, net, paddles and balls. It is better suited to apartments, basements or multipurpose rooms than a regulation-size table, though its review count is still small.

6. MD Sports Official-Size Table — best proven full-size option
About $199 at the time checked. It has a regulation 9-by-5-foot footprint, folds for storage and has accumulated more than 3,000 reviews. It is the most established full-table option in this group, though its 3.9-star rating suggests some variability in assembly or construction quality.

7. Anywhere Sports Trampoline Pong — most unusual new-style option
Roughly $69.99. This is a compact, bouncy-surface variation designed primarily for kids rather than conventional table-tennis practice. It is a fun novelty pick, not a substitute for a normal table.

My recommendation

For most shoppers, buy the Penn Everywhere Set for inexpensive casual play or the PRO-SPIN four-player set for better paddles, more players and a more polished carrying setup. Choose the MD Sports table only when you have permanent playing space; a regulation table requires substantially more room around it than its listed 9-by-5-foot dimensions.

Prices and stock can vary by seller and delivery location.

Sources used:

https://www.walmart.com/browse/sports-outdoors/table-tennis-sets/4125_1224931_4158_5896074_2354108

https://www.walmart.com/c/best-sellers/table-tennis-sets

https://www.walmart.com/c/kp/pingpong-set

https://www.walmart.com/ip/PRO-SPIN-All-in-One-Portable-Ping-Pong-Set-with-Retractable-Net-High-Performance-Ping-Pong-Paddles-4-Player-Set-Indoor-Outdoor-Game/7117009308

https://www.walmart.com/ip/Penn-Everywhere-Table-Tennis-Net-Post-Set-with-2-Ping-Pong-Paddles-and-3-Balls/455823873

https://www.walmart.com/ip/ESPN-Ping-Pong-Set-Includes-3-Ping-Pong-Balls-2-Ping-Pong-Paddles-Portable-Ping-Pong-Net-and-Travel-Case/13123571449

https://www.walmart.com/ip/Jercoda-All-in-One-Ping-Pong-Table-Tennis-Set-2-Player-Set-with-6-Balls-and-Retractable-Net-Indoor-Outdoor-Healthy-Game/8380866929

https://www.walmart.com/ip/Franklin-Sports-Portable-Ping-Pong-Net-Set-with-Table-Tennis-Paddles-Balls/573503973

https://www.walmart.com/ip/Mid-Size-Table-Tennis-Pong-Table-5ft-Foldable-Portable-Ping-Pong-Table-Set-for-Indoor-Games-with-Net-2-Table-Tennis-Paddles-and-3-Balls/17456313687

https://www.walmart.com/ip/MD-Sports-Official-Size-Table-Tennis-Table/55465414

https://www.walmart.com/ip/Anywhere-Sports-Portable-Trampoline-Ping-Pong-Table-Tennis-Game-Indoor-Outdoor-Use-Includes-Two-Paddles-Six-Balls-Storage-Bag-Complete/2995557046"
What are the top outdoor fire pit tables at Walmart right now?,"Best outdoor fire pit tables at Walmart right now
Better Homes & Gardens River Oaks 30-inch Fire Pit Table
$198.00•Stylish 30-inch fire pit table with 50,000 BTU heat.
Philergo 43-inch Rectangular Fire Pit Table
$179.99•Rectangular propane fire pit table with lava rocks, 50,000 BTU.
Better Homes & Gardens Rockport Club Fire Pit Table
$447.00•Premium design fire pit table for outdoor gatherings.
EAST OAK 28-inch Propane Fire Pit Table
$169.99•Compact 28-inch propane fire pit with storage basket.
Outsunny 42-inch Propane Fire Pit Table
$275.99•Wicker-style 42-inch propane fire pit with 50,000 BTU.
Hearth & Harbor 28-inch Fire Pit Table
$149.99•Small-space 28-inch fire pit table with lava rocks.
Mainstays Modern Steel Fire Pit Table
$197.00•Modern steel fire pit table, ideal for limited spaces.
Costway 30-inch Square Fire Pit Table
$189.99•Square 30-inch fire pit with 50,000 BTU and waterproof cover.
Better Homes & Gardens 50-inch Fire Pit Table
$294.00•Large 50-inch fire pit table, perfect as a centerpiece.
Mainstays Laurel 28-inch Fire Pit Table
$147.00•Budget-friendly 28-inch fire pit with lava rocks and BTU.

1. Better Homes & Gardens River Oaks 30-inch — best overall
About $198, with 50,000 BTU output and a 4.6-star rating from roughly 195 reviews. Its ceramic-tile top and included lid make it feel more like permanent patio furniture than a basic heater.

2. Philergo 43-inch rectangular — best value for entertaining
About $180, with a higher 60,000 BTU output and roughly 350 reviews. The long tabletop gives several people space for drinks, and the lid converts it into a regular table.

3. Better Homes & Gardens Rockport Club — best premium option
About $447. It has a larger 55-inch tabletop, a hand-painted herringbone-style surface, an all-weather wicker base and a strong 4.6-star rating. This is the strongest choice for a coordinated outdoor seating area.

4. EAST OAK 28-inch — best compact upgrade
About $170, with 52,000 BTU output, CSA certification, a magnetic lid and a storage basket. It combines a small footprint with slightly more heating power than most 28-inch models.

5. Outsunny 42-inch wicker-style table — best established midrange pick
About $276, rated 4.6 stars from around 80 reviews. The ceramic tabletop and wicker-effect base give it a more furniture-like appearance.

6. Hearth & Harbor 28-inch — best small-patio value
About $150, rated 4.8 stars from 17 reviews. It includes lava rocks, electronic ignition and a weatherproof cover.

7. Mainstays Modern Steel with concrete finish — best modern design
About $197, with 50,000 BTU output. Its propane-tank enclosure doubles as a separate side table, which is useful when you want a cleaner-looking centerpiece.

8. Costway 30-inch square — best ceramic tabletop alternative
About $190, rated 4.8 stars. Its heavy-duty steel body, stainless-steel burner and waterproof cover make it a practical midpriced choice.

9. Better Homes & Gardens 50-inch — best large minimalist table
About $294, with 50,000 BTU output, electronic ignition and a broad rectangular steel tabletop.

10. Mainstays Laurel 28-inch — best budget pick
About $147, rated 4.2 stars from approximately 168 reviews. It is a straightforward 48,000 BTU square table with a metal lid and lava rocks.

My recommendation

For most patios, buy the Better Homes & Gardens River Oaks 30-inch. It has the best combination of price, review history, heat output and furniture-quality styling.

Choose the Philergo 43-inch instead when seating four or more people around it regularly. Walmart currently lists numerous 50,000–60,000 BTU models, but prices, sellers and delivery availability vary by location. 
Walmart.com
+2
Walmart.com
+2

Sources used:

https://www.walmart.com/browse/patio-garden/propane-fire-pit/5428_5026924_2344197_2643645

https://www.walmart.com/browse/patio-garden/gas-fire-pits/5428_5026924_2344197_3107585

https://www.walmart.com/browse/seasonal/fire-pits/1085632_8704122_2344197

https://www.walmart.com/ip/Better-Homes-Gardens-River-Oaks-30-Square-Tile-Top-Gas-Fire-Pit-Table-with-50-000-BTU/3574086064

https://www.walmart.com/ip/28-Outdoor-Propane-Fire-Pit-Table-with-Lid-Lava-Rock-and-50-000-BTU-for-Patio-Garden-Party/2421264194

https://www.walmart.com/ip/ROCKPORT-FIREPIT-TBL/7212262834

https://www.walmart.com/ip/EAST-OAK-28-52000-BTU-Propane-Gas-Fire-Pit-Table-for-Outside-with-Magnetic-Lid-Storage-Basket-Lava-Rocks-CSA-Certified-for-Patio-Brown/15586123239

https://www.walmart.com/ip/Outsunny-42-Propane-Fire-Pit-Table-50-000-BTU-Wicker-effect-Auto-Ignition-Gas-Fireplace-Pits-Ceramic-Tabletop-Steel-Base-Lid-Lava-Rocks-Cover-CSA-Cer/600965807

https://www.walmart.com/ip/Hearth-Harbor-28-Propane-Fire-Pit-Table-for-Outside-with-Lava-Rocks-Weatherproof-Protective-Cover-and-Electronic-Ignition-Black/5779407877

https://www.walmart.com/ip/MAINSTAYS-MODERN-STE/16447816509

https://www.walmart.com/ip/Costway-30-Square-Propane-Gas-Fire-Pit-Table-50-000-BTU-W-Waterproof-Cover-Lava-Rock/922216556

https://www.walmart.com/ip/Better-Homes-Gardens-50-x-22-50000-BTU-Propane-Fire-Pit-Table/617025598

https://www.walmart.com/ip/Mainstays-Laurel-28-Square-48-000-BTU-Propane-Gas-Fire-Pit-Table-with-Lava-Rocks-and-Metal-Lid/486426614"
What's the best fire pit table you can get at Walmart?,"Best overall: Philergo 43"" Rectangular Gas Fire Pit Table

At about $180, this is the strongest combination of heat output, usable table space, customer feedback, and price at Walmart right now. It produces 60,000 BTU, converts into a regular patio table with the included lid, and has roughly a 4.5-star rating from 350 reviews. Walmart also labels it an “Overall Pick.” 
Walmart.com

Philergo 43-inch Rectangular Fire Pit Table
$179.99•Walmart's rectangular fire pit table offers great value for outdoor gatherings.
Bali Outdoors 42-inch Fire Pit Table
$279.96•Upgraded tabletop design makes this fire pit ideal for stylish outdoor spaces.
Radiata 42-inch Dual-Fuel Fire Pit Table
$319.00•Dual-fuel option provides versatile fire pit use with natural gas or propane.
Philergo 43-inch RGB Fire Pit Table
$299.99•Perfect for entertaining, this RGB fire pit table adds vibrant ambiance.
edx 43-inch Fire Pit Table
$203.99•Affordable tile tabletop fire pit with adjustable flame for outdoor use.
Biotree 42-inch Fire Pit Table
$273.99•Safety-certified propane fire pit table with waterproof cover and lava rocks.
AsterOutdoor 43-inch Fire Pit Table
$350.63•Includes wind guard, this CSA-certified fire pit table is ideal for outdoor safety.

Why I’d choose it

Its 60,000-BTU burner is more powerful than the common 50,000-BTU models.

The 43-inch rectangular shape works especially well in front of a patio sofa or sectional.

The propane tank is concealed inside the base.

It includes a lid and lava rocks, so no immediate accessories are necessary.

Its large review count makes it less speculative than similarly priced marketplace listings.

The main tradeoff is that it has a painted steel construction, so keeping it covered and dry is important to limit rust. For a more premium-looking surface, the Bali Outdoors 42-inch model is my upgrade pick: it has a wood-grain tile top, 60,000-BTU burner, CSA certification, and a 4.5-star rating, but costs roughly $100 more.

Prices and availability can vary by location and may change after July 14, 2026.

Sources used:

https://www.walmart.com/ip/28-Outdoor-Propane-Fire-Pit-Table-with-Lid-Lava-Rock-and-50-000-BTU-for-Patio-Garden-Party/2421264194

https://www.walmart.com/browse/patio-garden/propane-fire-pit/5428_5026924_2344197_2643645

https://www.walmart.com/ip/BALI-OUTDOORS-42-in-60-000BTU-Fire-Pit-Propane-Gas-Fire-Pit-Table-Rectangular-Tabletop/754799389

https://www.walmart.com/ip/RADIATA-42-Rectangle-Natural-Gas-or-Propane-Fire-Pit-Table-for-Patio-50000-BTU-Outdoor-Fireplace-with-Tank-Table-and-LED-Light-Dark-Grey/17484651253

https://www.walmart.com/ip/43-Propane-Fire-Pit-Table/19272067683

https://www.walmart.com/ip/edx-43-Gas-Fire-Pit-Table-Adjustable-Flame-Table-Top-Fire-Pit-with-Waterproof-Cover-Glass-Rock-for-Outdoor-Patio-Backyard-Garden/18252308545

https://www.walmart.com/ip/Biotree-42-Inch-60000-BTU-Rectangular-Propane-Fire-Pit-Table-with-Waterproof-Cover-and-Lava-Rocks-Black/20111811068

https://www.walmart.com/ip/43-Rectangular-Gas-Fire-Pit-Table-50-000-BTU-CSA-Certified-Outdoor-Propane-Firepit-with-Volcanic-Stone-Glass-Wind-Guard/16525819152"
What fire pit table should I buy at Walmart?,"Best overall: Mainstays 42-inch Rectangular Propane Fire Pit Table

This is the one I’d buy for most patios. It has a practical rectangular shape, 50,000-BTU output, concealed propane-tank storage, a burner lid and a protective cover. At about $347, it costs more than marketplace alternatives, but Mainstays is Walmart’s house brand, making it the more straightforward choice for support and returns. 
Walmart.com

Better choices for specific needs

Best value: Philergo 43-inch Rectangular Fire Pit Table — Around $180, 60,000 BTU and hundreds of ratings. Strong choice when heat-per-dollar matters, though seller and warranty details should be checked carefully. 
Walmart.com
+1

Best larger table under $200: Walsunny 45-inch — Around $190, 50,000 BTU, lid and waterproof cover, with more than 800 ratings shown by Walmart. 
Walmart.com

Best for a small patio: Philergo 28-inch with cupholders — Compact, 50,000 BTU and approximately $141–$146. The lid converts it into a usable table. 
Walmart.com
+1

My recommendation: Choose the Mainstays for the lowest-hassle purchase. Choose the Philergo 43-inch to maximize value. Verify the current seller, delivery fee and return policy before ordering, since Walmart marketplace listings and prices can change.

Sources used:

https://www.walmart.com/browse/patio-garden/propane-fire-pit/5428_5026924_2344197_2643645

https://www.bhg.com/walmart-patio-furniture-deals-june-2026-12007588"
What's the best budget fire pit table at Walmart?,"Best budget pick: Mainstays Laurel 28″ Propane Fire Pit Table

At $147, the Mainstays Laurel is the best budget fire pit table at Walmart right now. It offers a compact 28-inch tabletop, 48,000 BTU output, a removable metal lid, lava rocks, and concealed storage for a standard 20-pound propane tank. More importantly, it is sold directly by Walmart and has a solid 4.2/5 rating from 168 reviews, making it less risky than cheaper marketplace listings with few or no reviews. 
Walmart.com

Best cheaper alternative: The Legacy Heating 28″ Fire Pit Table is about $120, produces 50,000 BTU, and has a 4.4/5 rating. However, it is sold by a third-party Walmart Marketplace seller rather than Walmart itself.

Best value under $120: The VECELO 30″ is approximately $115, but its 4.0 rating is based on only 10 reviews, so I would spend the additional $32 for the better-established Mainstays model.

Mainstays Laurel 28″ Propane Fire Pit Table
$147.00
•
Legacy Heating 28″ Propane Fire Pit Table
$119.99
•
VECELO 30″ Square Propane Fire Pit Table
$115.13
•
Hearth & Harbor 28″ Fire Pit Table
$149.99
•
Sunmthink 42″ Propane Fire Pit Table
$149.99
•
Costway 32″ Propane Fire Pit Table
$139.99
•
GasOne 28″ Propane Fire Pit Table
$129.99
•
Costway 42″ Rectangular Fire Pit Table
$149.99
•

Prices and availability can vary by location. A propane tank is not included.

https://www.walmart.com/ip/Mainstays-Laurel-28-Square-48-000-BTU-Propane-Gas-Fire-Pit-Table-with-Lava-Rocks-and-Metal-Lid/486426614

https://www.walmart.com/browse/patio-garden/gas-fire-pits/5428_5026924_2344197_3107585"
What are the best new or trending fire pit tables at Walmart this year?,"The strongest fire pit-table trends at Walmart in 2026 are larger rectangular designs, 50,000–60,000 BTU burners, removable lids that convert them into coffee tables, concrete-look finishes, and glass wind guards. Walmart’s current assortment also shows especially strong shopper traction around Philergo, Mainstays, Walsunny-style rectangular tables, and newer premium-looking aluminum or faux-concrete models. 
Walmart.com
+2
Walmart.com
+2

Philergo 43-inch Rectangular Fire Pit Table
$179.99•Value-packed 43-inch rectangular fire pit table with propane, ideal for outdoor gatherings.
Mainstays Concrete-Finish Fire Pit Table
$197.00•Modern concrete-finish fire pit table with sleek design, perfect for contemporary patios.
Clouddwell 44-inch Fire Pit Table
$189.99•44-inch fire pit table with social layout, great for entertaining guests.
Better Homes & Gardens 50-inch Fire Pit Table
$294.00•50-inch fire pit table from a trusted brand, suitable for larger outdoor spaces.
Radiata 43-inch Aluminum Fire Pit Table
$348.00•Premium aluminum fire pit table with high BTU output, for upscale patios.
Hearth & Harbor 43-inch Fire Pit Table
$229.99•Weatherproof 43-inch fire pit with wind guard, ideal for windy outdoor areas.
Outsunny 42-inch Wicker Fire Pit Table
$275.99•Wicker-style 42-inch fire pit table with ceramic top, stylish and functional.
Philergo 43-inch RGB Fire Pit Table
$299.99•Unique RGB fire pit table with distinctive features, for a modern outdoor look.
Best new or trending picks

1. Philergo 43-inch Rectangular — best overall value
At about $180, this is the strongest all-around buy: 60,000 BTU output, a spacious rectangular surface, removable lid, and roughly 350 ratings. Its balance of price, heat, and popularity makes it the safest recommendation.

2. Mainstays Concrete-Finish — best current style trend
The faux-concrete look is one of this year’s most noticeable patio trends. This model costs about $197, delivers 50,000 BTUs, and includes a separate tank hideaway that doubles as a side table.

3. Clouddwell 44-inch — best for entertaining
This newer rectangular option combines a broad tabletop, 60,000 BTU output, removable lid, and waterproof cover for about $190. Its 4.5-star rating across 70-plus reviews gives it more credibility than many newer marketplace listings.

4. Better Homes & Gardens 50-inch — best polished mainstream option
At approximately $294, this model offers a longer 50-inch surface, electronic ignition, adjustable heat, glass fire rocks, and a weather-resistant steel frame. It is a better fit for a coordinated, furniture-like patio setup.

5. Radiata 43-inch Aluminum — best premium lightweight design
This approximately $348 model stands out for its aluminum construction, 60,000 BTU output, bright contemporary appearance, and 4.9-star rating. Aluminum is particularly appealing for buyers concerned about rust.

6. Hearth & Harbor 43-inch — best feature package
For around $230, it includes a glass wind guard, ceramic wood-look tabletop, lava rocks, protective cover, and wicker-style base. It is especially suitable for breezier patios.

7. Outsunny 42-inch Wicker-Effect — best traditional patio look
This model has a ceramic tabletop, concealed propane storage, lid, cover, and a 4.6-star rating from about 80 buyers. At roughly $276, it suits patios already furnished with wicker seating.

8. Philergo RGB 43-inch — most notable new feature
This approximately $300 version adds color-changing, music-responsive LED lighting to a 60,000 BTU fire table. It is less understated, but it is one of the more genuinely differentiated new designs.

My recommendation

For most shoppers, buy the Philergo 43-inch Rectangular. Choose the Mainstays Concrete-Finish model for a more upscale modern look, or the Hearth & Harbor model when a wind guard is important.

Prices and inventory can change by delivery ZIP code and Walmart seller.

https://www.walmart.com/browse/patio-garden/propane-fire-pit/5428_5026924_2344197_2643645

https://www.walmart.com/browse/patio-garden/gas-fire-pits/5428_5026924_2344197_3107585

https://www.bhg.com/walmart-patio-furniture-deals-june-2026-12007588

https://www.walmart.com/ip/28-Outdoor-Propane-Fire-Pit-Table-with-Lid-Lava-Rock-and-50-000-BTU-for-Patio-Garden-Party/2421264194

https://www.walmart.com/ip/MAINSTAYS-MODERN-STE/16447816509

https://www.walmart.com/ip/Clouddwell-44-Black-Propane-Fire-Pit-Table-50-000-BTU-Outdoor-Gas-Firepit-with-Lava-Rocks-Removable-Lid-Waterproof-Cover-for-Patio-Black/17787206712

https://www.walmart.com/ip/Better-Homes-Gardens-50-x-22-50000-BTU-Propane-Fire-Pit-Table/617025598

https://www.walmart.com/ip/NICESOUL-Outdoor-Patio-White-Aluminum-Propane-Gas-Fire-Pit-Table-55-000-BTU-Output-Safe-Certified/5008780232

https://www.walmart.com/ip/Hearth-Harbor-43-Propane-Fire-Pit-Table-for-Outside-with-Lava-Rocks-Weatherproof-Protective-Cover-and-Glass-Windshield-Gray/5767357002

https://www.walmart.com/ip/Outsunny-42-Propane-Fire-Pit-Table-50-000-BTU-Wicker-effect-Auto-Ignition-Gas-Fireplace-Pits-Ceramic-Tabletop-Steel-Base-Lid-Lava-Rocks-Cover-CSA-Cer/600965807

https://www.walmart.com/ip/43-Propane-Fire-Pit-Table/19272067683"

Total run time,132m 7s
