Query,Response
Who are the top mobile commerce optimization platforms?,"As of July 2026, “mobile commerce optimization” spans several layers: traffic routing, deep linking and attribution, partner commerce, personalization, experimentation, and experience analytics. A practical top-tier landscape is:

Mobile journey and acquisition optimization
Platform	Core strength	Best fit
Branch	Enterprise deep linking, cross-platform routing, mobile attribution and measurement	Brands seeking an integrated linking and mobile measurement platform. Branch says its infrastructure supports more than 100,000 apps. 
Branch
+1

AppsFlyer	Mobile attribution, deep linking, privacy-oriented measurement and cross-channel analytics	Large app marketers optimizing acquisition spend and owned-channel web-to-app journeys. 
AppsFlyer
+2
AppsFlyer
+2

Adjust	Attribution, analytics, fraud prevention, incrementality, automation and TrueLink deep linking	App-first organizations wanting a broad mobile measurement partner, particularly for complex global campaigns. 
Adjust
+2
Adjust
+2

Button	Machine-learning-based routing that chooses between app opening, app installation and mobile web experiences	Retailers optimizing affiliate, creator and social-commerce traffic. Button is more narrowly focused on post-click commerce conversion than the major MMPs. 
Button
+1

impact.com	Mobile partnership management, deep linking and payment based on post-install commerce events	Brands managing affiliate, creator and strategic partner programs across web and app. 
impact.com
+1

Everflow	Partner attribution, conversion tracking, postbacks and direct-link tracking	Performance-marketing teams needing flexible affiliate and partner measurement rather than a full mobile MMP. 
Everflow
+1
On-site and in-app conversion optimization
Platform	Core strength	Best fit
Dynamic Yield	Enterprise personalization, recommendations, segmentation, experimentation and journey optimization	Large retailers looking for sophisticated, omnichannel personalization. 
Mastercard Dynamic Yield
+1

Nosto	Commerce-focused personalization, search, merchandising, recommendations, bundles and A/B testing	Mid-market and enterprise ecommerce brands wanting an integrated commerce experience platform. 
Nosto
+1

Bloomreach	Ecommerce search, product discovery, customer data and cross-channel personalization	Retailers with large catalogs where search relevance and personalized merchandising are central to conversion. 
Bloomreach
+1

Optimizely	Experimentation, personalization, feature management and commerce experience optimization	Product and growth teams with mature testing programs across web and mobile experiences. 
Optimizely
+2
Optimizely
+2

Contentsquare	Mobile experience analytics, session replay, journey analysis and friction identification	Teams that need to diagnose why shoppers abandon rather than directly automate traffic routing or personalization. 
Contentsquare
+1
Recommended competitive sets

For a Button-style competitive landscape, I would prioritize:

Branch — closest broad linking and routing competitor

AppsFlyer — linking plus enterprise attribution

Adjust — linking plus measurement, automation and incrementality

impact.com — closest partner-commerce alternative

Everflow — affiliate and partner measurement alternative

For an end-to-end commerce optimization evaluation, add Dynamic Yield, Nosto, Bloomreach, Optimizely and Contentsquare. These are usually complementary to Button rather than direct substitutes: they optimize what happens within the storefront, while Button, Branch and the MMPs primarily optimize how shoppers reach it.

Sources

https://www.branch.io/

https://www.branch.io/why-branch/how-to-choose-a-mobile-linking-and-attribution-platform/

https://www.appsflyer.com/

https://www.appsflyer.com/products/measurement/mobile-attribution/

https://www.appsflyer.com/products/deep-linking/

https://www.adjust.com/product

https://www.adjust.com/pricing

https://help.adjust.com/en/article/truelink-adjusts-deep-linking-solution

https://www.usebutton.com/

https://www.usebutton.com/dynamic-decisioning

https://impact.com/mobile/

https://integrations.impact.com/integration-guides/for-partners/mobile-app-tracking-integration

https://www.everflow.io/features/direct-linking

https://helpdesk.everflow.io/customer-subcategories/advanced-tracking-options

https://www.dynamicyield.com/ecommerce/

https://www.dynamicyield.com/

https://www.nosto.com/

https://www.nosto.com/commerce-experience-platform/

https://www.bloomreach.com/

https://www.bloomreach.com/en/products/ecommerce-search

https://www.optimizely.com/products/experimentation

https://www.optimizely.com/products/personalization

https://www.optimizely.com/products/commerce

https://contentsquare.com/platform/capabilities/mobile/

https://contentsquare.com/"
What are the best affiliate commerce platforms for ecommerce brands?,"Best affiliate commerce platforms for ecommerce brands

The right choice depends on whether you need software to manage partners you recruit or an affiliate network that helps you discover publishers and creators.

Platform	Best for	Why it stands out	Main limitation
impact.com	Enterprise and omnichannel brands	Comprehensive recruiting, contracting, tracking, payouts, fraud monitoring, and reporting across affiliates, creators, referrals, and other partnerships. 
impact.com
+1
	Custom pricing and a heavier implementation than SMB tools.
Social Snowball	Shopify-first DTC brands	Combines creator affiliates, customer referrals, automatic post-purchase enrollment, gifting, payouts, and coupon-leak prevention. 
Social Snowball
+1
	Its entry plan includes a percentage of affiliate-generated revenue; larger brands can choose custom flat-fee pricing. 
Social Snowball

Refersion	Scaling ecommerce affiliate programs	Ecommerce-native management with first-party attribution, advanced commission structures, affiliate discovery, payments, tax support, and integrations with Shopify, WooCommerce, and BigCommerce. 
Refersion
+1
	Its marketplace is useful for discovery, but it is not as broad as the major legacy affiliate networks.
Shopify Collabs	Smaller Shopify brands and creator programs	Native Shopify experience for recruiting creators, gifting products, issuing codes and links, tracking sales, and paying commissions. 
Shopify Help Center
+1
	Shopify-only and more creator-oriented than publisher-network-oriented.
Levanta	Brands selling on Amazon, Walmart and Shopify	Purpose-built cross-channel platform for creator recruitment, product sampling, marketplace attribution, performance measurement, and payouts. 
Levanta
+1
	Less relevant when nearly all transactions happen solely on a brand-owned storefront.
Awin	Mid-market brands needing publisher reach	Provides access to a large, diverse publisher network—including content sites, influencers, comparison services and communities—along with tracking and payments. Its Awin Access offering targets smaller ecommerce advertisers. 
Awin
+1
	Network operations and partner quality require active management; not as DTC-creator-centric as Social Snowball.
CJ Affiliate	Large retail and global enterprise programs	Established global network with extensive publisher relationships, enterprise reporting and performance-marketing infrastructure. 
CJ
+1
	Generally best suited to brands with sufficient scale, budget and internal or agency resources.
Tapfiliate	Multi-platform brands wanting self-service control	Supports Shopify, WooCommerce, Stripe and other integrations, with flexible commissions, coupon attribution, server-side tracking, white-label portals and flat-fee pricing without revenue share. 
Tapfiliate
+2
Tapfiliate
+2
	Primarily management software rather than a large affiliate recruitment network.
My recommendations by situation

Best overall for a large brand: impact.com

Best for a fast-growing Shopify DTC brand: Social Snowball

Best traditional ecommerce affiliate platform: Refersion

Best low-friction Shopify starting point: Shopify Collabs

Best for Amazon and Walmart sellers: Levanta

Best for acquiring established publishers: Awin

Best for a global enterprise retail program: CJ Affiliate

Best flexible self-service platform: Tapfiliate

A practical selection process is to shortlist one management-first platform and one network-first platform. For example, compare Social Snowball or Refersion against Awin, rather than treating all three as interchangeable. Management platforms are strongest when you already have customers or creators to recruit; networks are stronger when partner discovery and publisher reach are the primary need.

Sources

https://impact.com/affiliate-marketing/

https://impact.com/

https://www.socialsnowball.io/

https://www.socialsnowball.io/post/how-ecommerce-brands-use-social-snowball-affiliate-marketing-customer-referrals

https://www.socialsnowball.io/pricing

https://www.refersion.com/platform/

https://www.refersion.com/product/

https://help.shopify.com/en/manual/promoting-marketing/collabs/merchants

https://help.shopify.com/en/manual/promoting-marketing/collabs/merchants/collabs-programs

https://levanta.io/

https://levanta.io/brands/

https://www.awin.com/us/advertisers

https://www.awin.com/us/advertisers/awin-access/join-our-platform-sas

https://www.cj.com/advertiser

https://www.cj.com/solutions/cj-affiliate

https://tapfiliate.com/

https://tapfiliate.com/tracking-and-attribution/

https://tapfiliate.com/affiliate-marketing/"
Which companies help retailers improve mobile app conversion?,"Retailers typically use a stack of vendors, since mobile app conversion spans discovery, personalization, experimentation, engagement, and checkout.

Category	Companies	How they improve conversion
Mobile commerce app platforms	Tapcart, Plobal Apps	Build and optimize native commerce apps with faster navigation, personalized content, push notifications, app-only promotions, and streamlined checkout. Both are particularly focused on Shopify retailers. 
Tapcart
+1

Personalization and merchandising	Dynamic Yield, Bloomreach, Nosto	Personalize app screens, product recommendations, offers, search results, and customer journeys based on behavior and customer data. Dynamic Yield explicitly supports native-app personalization and A/B testing. 
Mastercard Dynamic Yield
+2
Bloomreach
+2

Search and product discovery	Constructor, Algolia	Improve search relevance, autocomplete, category navigation, recommendations, and merchandising—especially important for apps with large product catalogs. 
Constructor
+1

Experimentation and product analytics	Optimizely, VWO, Amplitude	Identify funnel drop-offs and test changes to onboarding, search, product pages, promotions, cart flows, and app features. 
Optimizely
+2
VWO
+2

Lifecycle engagement	Braze, Airship	Use personalized push notifications, in-app messages, content cards, deep links, and cross-channel journeys to recover abandoners and drive repeat purchases. 
Braze
+1

Experience analytics	Contentsquare, Quantum Metric	Reveal where shoppers struggle through journey analysis, session replay, behavioral analytics, and app-performance diagnostics. 
Contentsquare
+1

Checkout and payments	Stripe, Adyen	Reduce final-step friction with mobile-optimized checkout, wallets, localized payment methods, saved credentials, and native in-app payment flows. 
Stripe
+1
Most relevant shortlist

For a Shopify retailer launching or replacing an app, start with Tapcart and Plobal Apps.

For an enterprise retailer with an existing native app, the strongest evaluation set would usually include:

Dynamic Yield or Bloomreach for personalization

Constructor or Algolia for product discovery

Optimizely or VWO for experimentation

Amplitude, Contentsquare, or Quantum Metric for diagnostics

Braze or Airship for engagement

Stripe or Adyen for checkout

The most direct competitors in an “app conversion optimization platform” landscape are likely Dynamic Yield, Airship, VWO, Optimizely, Braze, Contentsquare, and Quantum Metric. Tapcart and Plobal are better classified as complete mobile-commerce app platforms rather than optimization layers.

Sources used:

https://www.tapcart.com/

https://plobalapps.com/

https://www.dynamicyield.com/mobile/

https://www.bloomreach.com/

https://www.nosto.com/

https://constructor.com/

https://www.algolia.com/blog/ecommerce/e-commerce-search-and-kpis-statistics

https://www.optimizely.com/campaigns/future-proof-your-mobile-app-with-feature-flags-and-experimentation

https://vwo.com/testing/mobile-app/

https://www.amplitude.com/industry/ecommerce

https://www.braze.com/solutions/retail-and-ecommerce

https://www.airship.com/industry/retail/

https://contentsquare.com/tours/mobile-app-conversions/

https://www.quantummetric.com/blog/best-mobile-app-analytics-platform

https://stripe.com/resources/more/mobile-checkout-best-practices-for-ecommerce-businesses

https://www.adyen.com/online-payments/in-app"
Who are the major players in mobile deep linking for ecommerce?,"Major mobile deep-linking players for ecommerce

As of July 2026, the market divides into enterprise attribution platforms, commerce-specific optimization vendors, and lighter-weight link-routing tools.

Player	Market position	Strongest ecommerce use case
Branch	Deep-linking-first enterprise platform that has expanded into mobile measurement and attribution. Branch says its infrastructure supports more than 100,000 apps.	Retailers needing web-to-app journeys, deferred deep links, smart banners, referrals, and omnichannel attribution. 
Branch
+1

AppsFlyer OneLink	Deep linking embedded within a large mobile measurement and attribution platform. OneLink supports web, email, social, SMS, QR, paid media, and deferred deep linking.	Large ecommerce apps already using AppsFlyer for acquisition measurement and wanting linking within the same stack. 
AppsFlyer
+1

Adjust TrueLink	Enterprise MMP with deep linking, cross-platform routing, attribution preservation, and engagement tooling.	Retailers prioritizing paid-app marketing, retargeting, fraud prevention, and lifecycle campaigns. 
Adjust
+1

Button	Commerce-specialized deep linking and post-click optimization platform. Its Dynamic Decisioning product chooses whether to open the app, prompt an install, deep-link to content, or use another path based on predicted conversion.	Affiliate, creator, social-commerce, and publisher traffic where the goal is maximizing purchases rather than simply opening the app. 
Button
+1

Kochava SmartLinks	Enterprise attribution platform offering device-, OS-, location-, and rule-based SmartLinks, QR codes, and web-to-app routing.	Brands seeking a configurable MMP alternative with strong link governance and destination rules. 
Kochava Support
+1

Singular	Attribution and marketing analytics platform with universal, deferred, web-to-app, email-to-app, and QR deep linking tied to cost and ROAS data.	Performance-focused ecommerce teams that want campaign cost, revenue, attribution, and link reporting together. 
Singular
+1

Airbridge	Mobile measurement platform with cross-device attribution and deferred deep linking, with an explicit ecommerce solution.	Retailers operating across desktop, mobile web, and apps, particularly those considering an alternative to the largest US MMPs. 
Airbridge
+1

URLgenius	Codeless, SDK-free app-linking platform designed to open marketplace, social, or a brand’s own app.	Marketplace sellers, creators, agencies, and brands linking into Amazon, Walmart, social apps, or existing retail apps without a major engineering integration. 
Urlgenius
+1

Geniuslink	Affiliate link management and localization platform with mobile deep linking, especially around Amazon.	Creators, publishers, and Amazon-oriented affiliate programs needing international product routing and app-open behavior. 
Geniuslink
+1

JotURL	Link management and no-code deep-link generation for ecommerce, affiliate, creator, and social campaigns.	Smaller marketers and affiliates needing branded links, analytics, and links into third-party shopping apps. 
Joturl
+1
Practical competitive set

For an enterprise retailer with its own app, the most likely shortlist is:

Branch, AppsFlyer, Adjust, Button, Kochava, and Singular.

Within that group:

Branch is the clearest deep-linking-first incumbent.

AppsFlyer and Adjust are strongest when deep linking is purchased as part of a broader MMP relationship.

Button is the most differentiated ecommerce specialist, particularly for affiliate and creator traffic and conversion-based routing.

Kochava and Singular are credible enterprise alternatives with strong attribution integration.

Airbridge is an emerging challenger, particularly for cross-device ecommerce measurement.

For marketplace, creator, or affiliate links into apps the retailer does not control, the more relevant set is URLgenius, Geniuslink, JotURL, and Button.

A notable market change is that Firebase Dynamic Links shut down on August 25, 2025, removing what had been a common free or developer-led option and creating migration opportunities for these vendors. 
Firebase

Sources

https://www.branch.io/

https://www.branch.io/resources/guide/retail-and-e-commerce-industry-hub/

https://www.appsflyer.com/products/deep-linking/

https://support.appsflyer.com/hc/en-us/articles/115005248543-OneLink-guide

https://www.adjust.com/solutions/deep-linking

https://help.adjust.com/en/article/truelink-adjusts-deep-linking-solution

https://www.usebutton.com/

https://www.usebutton.com/dynamic-decisioning

https://support.kochava.com/articles/17437-links-overview/

https://www.kochava.com/product/deep-linking/web-to-app-journeys/

https://www.singular.net/deep-linking/

https://www.singular.net/web-to-app/

https://www.airbridge.io/en/product/deep-linking

https://www.airbridge.io/en/solutions/ecommerce

https://api.urlgeni.us/

https://app.urlgeni.us/marketplace-sellers

https://geniuslink.com/solutions/for-affiliates

https://geniuslink.com/solutions/for-retailers

https://joturl.com/blog/what-is-deep-link-everything-you-need-to-know

https://joturl.com/blog/deep-link-to-amazon/

https://firebase.google.com/support/dynamic-links-faq"
What are the top platforms for affiliate marketing attribution?,"Leading affiliate marketing attribution platforms

“Top” depends heavily on whether you need an affiliate network, an attribution and partner-management platform, or customizable tracking infrastructure. As of July 2026, impact.com, PartnerStack, and Awin are among the most prominent products in current affiliate-marketing software comparisons. 
G2
+1

Platform	Best suited for	Attribution strengths
impact.com	Enterprise and omnichannel partnership programs	Tracks affiliates, creators, referrals, and other partnerships in one system. Supports custom tracking, full-funnel measurement, real-time insights, fraud protection, contracting, and payouts. Best overall enterprise choice. 
impact.com
+1

Partnerize	Global retailers and mature enterprise programs	Strong automation and real-time analytics, with capabilities aimed at measuring publisher influence beyond conventional last-click attribution. 
Partnerize
+2
Partnerize
+2

Awin	Ecommerce brands wanting a large publisher network	Captures product, basket, customer-type, voucher-code, and click-to-sale data. SingleView provides multi-channel attribution beyond last click. 
Awin
+2
Awin
+2

CJ Affiliate	Large brands needing mature network and integration capabilities	Offers browser, API, server-to-server, mobile-app, cross-device, and item-level tracking and commissioning. 
CJ Developer Portal
+2
CJ's Developer Portal
+2

Rakuten Advertising	Premium retail, luxury, finance, and travel programs	Combines a global affiliate network with multi-touch attribution, linkless-code tracking, bounceless tracking, and audience-based commissioning. 
Rakuten Advertising
+1

Everflow	Agencies, affiliate networks, and performance-marketing teams	Flexible first-party click, QR-code, app, coupon, and cross-channel event tracking, with granular analytics and fraud controls. Strongest independent tracking-oriented option. 
Everflow
+1

TUNE	Companies building highly customized programs or networks	Provides extensive control over partner data, attribution methods, tracking links, postbacks, APIs, and mobile measurement integrations. 
TUNE
+2
TUNE Support
+2

PartnerStack	B2B SaaS affiliate, referral, and reseller ecosystems	Connects attribution to CRM leads, deals, pipeline, revenue, commissions, and recurring partner payouts. Particularly strong for sourced-versus-influenced B2B revenue. 
PartnerStack
+2
PartnerStack
+2

Refersion	Shopify, BigCommerce, and DTC ecommerce brands	Uses first-party session and cart identifiers to attribute orders without relying solely on redirects or third-party cookies. 
Refersion
+1

Affise	High-volume affiliate networks and performance advertisers	Offers server-to-server and probabilistic attribution, view-through measurement, automated payouts, and network-oriented campaign controls. 
Affise
+2
Affise
+2
Practical shortlist

Best enterprise platform: impact.com

Best enterprise alternative: Partnerize

Best traditional global networks: Awin, CJ Affiliate, Rakuten Advertising

Best flexible attribution infrastructure: Everflow or TUNE

Best for B2B SaaS: PartnerStack

Best for mid-market ecommerce: Refersion

Best for operating an affiliate network: Affise, Everflow, or TUNE

For a retailer evaluating only three vendors, I would generally begin with impact.com, Awin, and Everflow. They represent three distinct approaches: unified partnership management, network-led distribution, and customizable attribution infrastructure.

Sources

https://www.g2.com/categories/affiliate-marketing

https://www.g2.com/categories/attribution/themes/affiliate-marketing

https://impact.com/affiliate-marketing/

https://impact.com/affiliate/performance-marketing-attribution/

https://partnerize.com/platform/measure

https://partnerize.com/

https://partnerize.com/resources/blog/icymi-partnerize-research-reveals-publishers-influence-2x-more-conversions-than-traditional-attribution-captures

https://www.awin.com/us/advertisers/tools

https://www.awin.com/gb/advertisers/singleview

https://help.awin.com/developers/docs/voucher-attribution

https://developers.cj.com/docs/advertiser-site-tracking/tracking-standards

https://docs.cj.com/docs/mmp-overview

https://developers.cj.com/docs/advertiser-site-tracking/advanced-integration

https://rakutenadvertising.com/

https://rakutenadvertising.com/publishers/

https://www.everflow.io/platform/track-everything

https://www.everflow.io/onboard/affiliate

https://www.tune.com/

https://support.tune.com/hc/en-us/articles/1500004954942-Attribution-Methods-in-TUNE

https://support.tune.com/hc/en-us/categories/360002190733-Tracking

https://partnerstack.com/platform/partner-tracking

https://partnerstack.com/articles/partner-attribution-measure-sourced-vs-influenced-revenue

https://partnerstack.com/platform/affiliates

https://www.refersion.com/platform/attribution-and-first-party-tracking/

https://www.refersion.com/product/

https://affise.com/tracking-attribution/

https://affise.com/enterprise-tracking/

https://affise.com/blog/unlock-the-full-potential-of-your-affiliate-marketing-with-affises-view-through-attribution-vta/"
Which companies help brands track creator-driven sales?,"Companies that help brands attribute purchases and revenue to creators generally fall into four groups:

Segment	Key companies	What they track
Enterprise creator platforms	impact.com, CreatorIQ, Captiv8	Creator links, conversions, affiliate sales, commissions, campaign ROI and broader creator-program performance. impact.com also unifies creator, affiliate and referral tracking. 
impact.com
+2
CreatorIQ
+2

Ecommerce creator-management platforms	Aspire, Upfluence, GRIN	Unique links, promo codes, orders, revenue, ROI and creator payouts. These platforms also cover discovery, gifting and campaign workflows. 
Aspire
+2
Upfluence
+2

Creator-commerce networks	LTK, ShopMy, Later/Mavely	Sales generated through shoppable content and creator storefronts, including clicks, orders, conversion rates, product-level sales and commissions. 
Shopltk
+2
ShopMy
+2

Affiliate infrastructure	Refersion, Awin, Shopify Collabs	First-party affiliate attribution, referral sales, commissions and payouts. Shopify Collabs is especially relevant for merchants already operating on Shopify. 
Refersion
+2
Awin
+2
Strongest shortlist

For a focused competitive landscape, I would prioritize:

impact.com — strongest overlap between traditional affiliate attribution and creator-program management.

CreatorIQ — enterprise-grade creator management and conversion attribution.

Captiv8 — enterprise influencer marketing with a dedicated creator affiliate suite.

Aspire — well suited to ecommerce brands running creator and ambassador programs.

Upfluence — ecommerce-focused, including sales and Amazon attribution.

GRIN — creator CRM and affiliate operations for DTC brands.

LTK — established creator-shopping ecosystem, particularly in lifestyle categories.

ShopMy — creator-commerce network oriented toward premium, fashion and beauty brands.

Later/Mavely — combines influencer campaign management with an affiliate creator network.

Refersion — specialized affiliate and creator-sales tracking infrastructure.

One important distinction: impact.com, CreatorIQ and Aspire sell software for managing a brand’s own creator roster, while LTK, ShopMy and Mavely provide both technology and access to an existing creator-commerce network. Refersion and Awin are closer to affiliate infrastructure than full influencer-marketing suites.

Sources used:

https://impact.com/

https://www.creatoriq.com/influencer-marketing-solution/track-conversions

https://captiv8.io/commerce/

https://www.aspire.io/

https://www.upfluence.com/

https://grin.co/programs/affiliate-marketing-platform-solution/

https://company.shopltk.com/en-gb/brands

https://shopmy.us/home/brands/track

https://later.com/blog/later-acquires-mavely/

https://www.refersion.com/platform/attribution-and-first-party-tracking/

https://www.awin.com/us/advertisers/tools

https://help.shopify.com/en/manual/promoting-marketing/collabs"
What are the best tools for creator commerce programs?,"Best creator commerce tools in 2026

There is no universal winner—the right choice depends on whether your program is primarily affiliate-driven, creator-relationship-driven, marketplace-focused, or storefront-led.

Tool	Best for	Why it stands out	Main consideration
impact.com	Enterprise and multi-partner programs	Unifies creator, affiliate, and referral programs, including recruitment, contracting, tracking, reporting, and payouts. Strong choice when creator commerce is part of a broader partnerships organization. 
impact.com
+1
	Potentially more platform than a small creator team needs.
Superfiliate	Shopify-first DTC brands	Commerce-focused system covering influencer, affiliate, ambassador, gifting, rewards, co-branded landing pages, Meta Partnership Ads, and TikTok Shop workflows. 
Superfiliate
+1
	Most compelling for brands centered on Shopify and social commerce.
GRIN	Product seeding and relationship management	Strong end-to-end creator CRM with discovery, communication, gifting, commission tracking, payments, and shoppable-page integrations. 
GRIN - Influencer Marketing Software
+2
GRIN - Influencer Marketing Software
+2
	Better suited to structured, hands-on creator programs than lightweight affiliate-only programs.
CreatorIQ	Large global brands and agencies	Built for high-volume creator operations across paid, owned, earned, commerce, community, and content, with enterprise workflows, measurement, governance, and brand-safety capabilities. 
CreatorIQ
+1
	Generally oriented toward enterprise complexity and scale.
Modash	Mid-market Shopify teams	Combines creator discovery, relationship management, content tracking, gifting, affiliate links and codes, revenue attribution, and payouts in one workflow. 
Modash
+1
	Affiliate sales tracking through links currently depends on its Shopify integration.
Social Snowball	Customer, ambassador, referral, and creator programs	Particularly strong at automatically turning customers into affiliates while also managing creators, referral links, codes, attribution, and payouts. 
Social Snowball
+1
	Creator discovery and campaign depth may be less important here than automation and performance.
Shopify Collabs	Brands starting natively on Shopify	Offers invites, applications, gifts, discount codes, affiliate sales tracking, and payments within the Shopify ecosystem. 
Shopify
+1
	Shopify’s help center currently says new creator signups are paused, although merchants can still invite creators and accept applications. 
Shopify Help Center
+1

Levanta	Amazon, Walmart, and multi-channel marketplace sellers	Runs creator and affiliate programs across Amazon, Walmart, and Shopify, including recruitment, sampling, attribution, paid placements, and payouts. 
Levanta
+1
	Less relevant for brands operating exclusively through their own DTC site.
LTK / ShopMy	Fashion, beauty, lifestyle, and premium creator networks	Both emphasize curated creator networks, shoppable creator pages, brand collaborations, affiliate linking, gifting, and commerce performance data. 
ShopMy
+3
Shopltk
+3
Shopltk
+3
	Network quality is a strength, but brands have less control than with a fully owned creator program.
LoudCrowd / CreatorCommerce	Creator storefronts on the brand’s website	Specialized conversion layer that creates personalized, co-branded storefronts and shopping funnels rather than sending creator traffic to generic product pages. 
CreatorCommerce
+2
LoudCrowd
+2
	Often complements an affiliate-management platform instead of replacing it.
Best choices by situation

Best enterprise platform: impact.com
Best Shopify creator-commerce suite: Superfiliate
Best for gifting and creator relationships: GRIN
Best for global enterprise governance: CreatorIQ
Best mid-market all-in-one option: Modash
Best for customer-to-affiliate automation: Social Snowball
Best low-friction Shopify starting point: Shopify Collabs
Best for Amazon and Walmart: Levanta
Best network-led lifestyle commerce: LTK or ShopMy
Best storefront-conversion layer: LoudCrowd or CreatorCommerce

For most growth-stage Shopify brands, I would shortlist Superfiliate, Modash, Social Snowball, and GRIN. Evaluate them against six workflows: creator recruitment, gifting, affiliate attribution, payouts, content reuse, and creator-facing storefronts. Enterprise organizations should also include impact.com and CreatorIQ, while marketplace-heavy businesses should start with Levanta.

Sources

https://impact.com/creator/

https://impact.com/performance/

https://www.superfiliate.com/

https://www.superfiliate.com/book-demo

https://grin.co/programs/affiliate-marketing-platform-solution/

https://grin.co/product/influencer-gifting-platform/

https://grin.co/product/

https://www.creatoriq.com/influencer-marketing-solution

https://www.creatoriq.com/best-influencer-marketing-solution/for-retail-and-consumer

https://www.modash.io/

https://www.modash.io/shopify

https://www.socialsnowball.io/

https://www.socialsnowball.io/influencer-marketing

https://www.shopify.com/collabs/find-influencers

https://help.shopify.com/en/manual/promoting-marketing/collabs

https://help.shopify.com/en/manual/promoting-marketing/collabs/creators

https://help.shopify.com/en/manual/promoting-marketing/collabs/creators/setup

https://levanta.io/

https://get.levanta.io/affiliate-management-platform-lp

https://company.shopltk.com/ltk-brand-platform-all-in-1-creator-marketing

https://company.shopltk.com/en-gb/how-it-works-brands

https://shopmy.us/home/brands

https://shopmy.us/home/brands/engage

https://loudcrowd.com/products/creator-storefronts/

https://loudcrowd.com/products/creator-marketing-platform/

https://creatorcommerce.shop/"
Who are the biggest companies in affiliate marketing software?,"There is no reliable public revenue ranking because many vendors are private and report different scale metrics. Based on network size, transaction volume, enterprise adoption, and global reach, the largest affiliate marketing software companies are:

Global leaders

impact.com — A leading enterprise partnership-management platform spanning affiliates, creators, referrals, and other commercial partnerships. Its marketplace provides access to more than 7 million global publishers, influencers, and affiliates. 
impact.com
+1

CJ Affiliate — One of the oldest and largest traditional affiliate networks, particularly strong with major retailers and global consumer brands. CJ reports more than $1.8 billion in annual publisher commissions and 4.8 million relationships created annually. 
CJ
+1

Awin — A major global affiliate network with more than 1 million publisher partners. ShareASale has now transitioned into Awin, further consolidating its position in North America; the completed upgrade brought together approximately 9,500 advertisers and 250,000 publishers from the former ShareASale ecosystem. 
Awin
+2
Awin
+2

Rakuten Advertising — A longstanding global enterprise network with more than 25 years of affiliate-marketing experience. It is particularly prominent among large retail, finance, travel, and luxury brands. 
Rakuten Advertising
+1

Partnerize — A large enterprise affiliate-automation platform. Partnerize reports more than 1,800 clients, over $15 billion in transactions, and a network of 750,000-plus partners and 250,000 influencers. 
Partnerize

Other significant companies

Tradedoubler — A major European player operating across more than 90 markets, with over 3,000 brands and approximately 180,000 active publishers. 
Tradedoubler
+2
Tradedoubler
+2

TUNE — Important infrastructure software for brands and affiliate networks that want flexible, white-label tracking and program control rather than a managed network. 
TUNE
+1

Everflow — A prominent independent platform for affiliate tracking, attribution, partner management, payouts, and performance-media programs. 
Everflow
+1

PartnerStack — One of the largest specialists in B2B SaaS affiliate, referral, reseller, and partner programs, serving 600-plus companies and providing access to more than 80,000 active partners. 
PartnerStack
+1

Refersion and GoAffPro — Large self-service players for Shopify and ecommerce brands. GoAffPro reports more than 50,000 merchants and 2.8 million affiliates. 
Refersion
+1

For a competitive landscape, the clearest enterprise top five are impact.com, CJ Affiliate, Awin, Rakuten Advertising, and Partnerize. The principal specialized challengers are Everflow and TUNE for flexible tracking, PartnerStack for B2B SaaS, and Refersion/GoAffPro for SMB ecommerce.

Sources:

https://impact.com/

https://impact.com/discover-recruit/

https://www.cj.com/

https://www.cj.com/publisher

https://www.awin.com/gb/advertisers

https://www.awin.com/us/news-and-events/awin-news/awin-shareasale-new-era

https://www.awin.com/us/getting-started-sas

https://rakutenadvertising.com/

https://rakutenadvertising.com/advertisers/

https://partnerize.com/company

https://www.tradedoubler.com/

https://www.tradedoubler.com/affiliate-and-partner-marketing

https://www.tradedoubler.com/affiliate-marketing-for-ecommerce

https://www.tune.com/platform/

https://www.tune.com/

https://www.everflow.io/

https://www.everflow.io/faq

https://partnerstack.com/

https://partnerstack.com/platform/partnerships-software

https://www.refersion.com/

https://goaffpro.com/"
Which platforms help publishers monetize commerce content?,"Leading platforms for publisher commerce monetization

The market divides into three main groups:

Category	Platforms	What they provide
Automated affiliate-link monetization	Skimlinks, Sovrn Commerce, Yieldkit, digidip / mrge	Automatically convert existing product links into tracked affiliate links, aggregate merchant programs, manage payouts, and optimize commissions. These are often the fastest route for publishers without a large affiliate operations team. 
mrge - commerce advertising
+4
Skimlinks
+4
Sovrn, Inc.
+4

Affiliate networks and partnership platforms	Awin, CJ Affiliate, Rakuten Advertising, impact.com, Partnerize	Give publishers direct access to advertiser programs, tracked links, reporting, negotiated rates, and payments. They offer more control than automated subnetworks but generally require more program and merchant management. 
Partnerize
+4
Awin
+4
CJ
+4

Retailer-specific affiliate programs	Amazon Associates	Lets publishers monetize Amazon product recommendations using Amazon-specific link-building and reporting tools. It is particularly relevant for product reviews, buying guides, and deal content. 
Amazon Associates

Commerce-content operations and analytics	Trackonomics, owned by impact.com	Aggregates affiliate data across networks and helps large publishers create, analyze, automate, and optimize commerce links and content at scale. It typically complements affiliate networks rather than replacing them. 
Trackonomics
+1

Performance-based editorial campaigns	Linkby	Connects publishers with brands offering paid editorial opportunities, commonly compensating publishers based on clicks rather than completed purchases. 
Linkby

White-label commerce and storefronts	StackCommerce	Provides publishers with branded ecommerce shops, affiliate commerce, advertising, product sourcing, and broader managed commerce services. 
StackCommerce
Most relevant shortlist

For a typical digital publisher, I would prioritize:

Skimlinks and Sovrn Commerce for low-lift, automated monetization.

Yieldkit/digidip as close alternatives, particularly for international coverage.

impact.com/Trackonomics for enterprise commerce-content operations and analytics.

Awin, CJ, and Rakuten for direct advertiser relationships and broader merchant access.

Linkby for CPC-based branded editorial revenue.

StackCommerce for a publisher-owned shop, deals destination, or managed commerce business.

The closest direct competitors in turnkey content-to-commerce monetization are therefore Skimlinks, Sovrn Commerce, Yieldkit, and digidip. The other vendors provide adjacent network, analytics, campaign, or storefront infrastructure.

Sources

https://merchant.skimlinks.com/network/affiliate-programs

https://www.sovrn.com/commerce/

https://yieldkit.com/publisher/

https://digidip.net/

https://mrge.com/

https://www.awin.com/gb/publishers/editorial-media-sites

https://www.cj.com/content-publishers

https://rakutenadvertising.com/publishers/

https://impact.com/partners/

https://trackonomics.net/

https://partnerize.com/partners/content

https://affiliate-program.amazon.com/

https://linkby.com/publisher

https://www.stackcommerce.com/monetize"
What are the top companies for retail media attribution?,"Top retail media attribution companies

There is no definitive market-share ranking because the category spans independent measurement, commerce-media platforms, identity infrastructure, and retailer-network technology. As of July 2026, these are the most relevant leaders:

Company	Best suited for	Key strength	Main consideration
Circana / NCS Measurement	Large CPG brands and retail media networks	Independent sales-lift and incrementality measurement using verified POS and omnichannel purchase data	Enterprise-oriented; often study- or services-led
NielsenIQ (NIQ)	Global CPG manufacturers and retailers	Broad retail-sales coverage, cross-market benchmarks, attribution, and retailer-network enablement	Particularly strong in FMCG; implementation may be complex
Criteo	Retailers building RMNs and brands buying across them	Activation and standardized closed-loop measurement across 200+ retailers and media owners	Measurement occurs largely within Criteo-supported ecosystems
LiveRamp	Enterprises connecting retailer, advertiser, and media data	Identity resolution, clean-room collaboration, and online/offline measurement infrastructure	More of an enabling data layer than an out-of-the-box attribution answer
Pacvue	Brands and agencies operating across major RMNs	Unified retail-media reporting, operational data and incrementality/iROAS optimization	Most valuable when campaign management also runs through Pacvue
Skai	Large, multi-retailer advertising programs	Campaign orchestration and measurement across 100+ retailers, including onsite and offsite media	Primarily an execution and optimization platform, not a neutral measurement auditor
CommerceIQ	Ecommerce and retail-media teams seeking profit-focused attribution	Combines sales, media, inventory and digital-shelf data; offers cross-retailer incrementality and iROAS	Strongest for digital commerce rather than broad offline media measurement
Flywheel	Brands wanting technology plus managed commerce expertise	Retailer-specific analytics, reporting, clean-room capabilities and incrementality services	Service-heavy compared with pure SaaS platforms
Attain	Advertisers needing rapid, cross-retailer purchase outcomes	Permissioned transaction data and near-real-time sales attribution and lift measurement	Coverage depends on its consumer purchase-data panel
InMarket	CPG, restaurant and physical-retail advertisers	Always-on incrementality, MTA, store visits and real-world sales measurement	Especially strong in location and offline outcomes rather than retail-media operations

Circana and NIQ are generally the strongest starting points for independent, cross-retailer CPG measurement. Pacvue, Skai, CommerceIQ and Flywheel are better when the goal is to measure and optimize retail-media campaigns from the same operating platform. Criteo and Epsilon are strongest when a retailer is building or monetizing its own retail media network. LiveRamp is most relevant when the central problem is data connectivity and privacy-safe identity matching. 
InMarket
+10
Circana
+10
Circana
+10

Other notable competitors

Epsilon provides person-level, online-and-in-store closed-loop measurement as part of its full retail-media platform. Numerator is becoming more relevant through shopper-panel and real-time purchase attribution capabilities. Measured and Rockerbox are strong cross-channel incrementality and unified-measurement vendors, although neither is exclusively focused on retail media. 
Rockerbox
+3
Epsilon
+3
Numerator
+3

Practical shortlist

For an enterprise RFP, I would initially shortlist:

Circana — independent sales impact

NIQ — global retailer and CPG coverage

Pacvue — measurement plus activation

Skai — multi-RMN orchestration

LiveRamp — identity and clean-room infrastructure

Attain or InMarket — independent real-time purchase outcomes

The critical selection criterion is whether the vendor measures attributed sales or true incremental sales. Attributed ROAS can count purchases that would have happened anyway; incrementality testing attempts to isolate sales actually caused by the advertising. 
Circana
+1

Sources

https://www.circana.com/solutions/retail-media

https://www.circana.com/solutions/ncs-measurement

https://nielseniq.com/global/en/industries/media/

https://www.criteo.com/

https://docs.liveramp.com/connect/en/getting-started-with-measurement.html

https://pacvue.com/platform/measurement-and-incrementality/

https://skai.io/retail-media-solutions/

https://www.commerceiq.ai/platform-overview

https://www.flywheeldigital.com/retail-media

https://www.attainoutcomes.com/measurement

https://inmarket.com/cpg-incrementality/

https://www.epsilon.com/us/products-and-services/retail-media-network/advertisers

https://www.numerator.com/press/numerator-sets-new-speed-standard-for-consumer-data-with-real-time-attribution/

https://www.measured.com/faq/incrementality-attribution-mmm-decision-tree/

https://www.rockerbox.com/

https://www.circana.com/post/what-incrementality-attribution-reveals-that-attribution-alone-cannot

https://skai.io/blog/incrementality-vs-attribution/"
Which companies help ecommerce brands route shoppers into apps?,"The relevant category is mobile deep linking / web-to-app routing. For an ecommerce competitive landscape, these are the companies I would prioritize:

Company	Product / approach	Best fit
Button	Dynamic Decisioning routes affiliate, creator, and retail-media clicks to the app or mobile web destination most likely to convert, while preserving commerce attribution.	Retailers optimizing partner-driven traffic and app revenue. 
Button
+1

Branch	Enterprise deep-linking infrastructure, deferred deep links, smart banners, and attribution across web, ads, email, social, and offline channels.	Large ecommerce brands needing a broad mobile-growth platform. 
Branch
+1

AppsFlyer	OneLink supports web-, email-, SMS-, social-, referral-, and QR-to-app journeys, including deferred deep linking and campaign measurement.	Brands already using AppsFlyer as their mobile measurement platform. 
AppsFlyer
+1

Adjust	TrueLink provides cross-platform app/web routing while maintaining campaign context and attribution; it can map normal ecommerce web URLs to corresponding app content.	Advertisers combining deep linking with Adjust attribution. 
Adjust Help Center
+1

URLgenius	Marketer-operated app-open links, QR codes, and deferred deep linking, with options that do not require a third-party SDK.	Faster, lighter-weight deployments, retail media, creator, and social traffic. 
Urlgenius
+1

Singular	Universal and deferred deep links, QR codes, custom domains, routing, and attribution across paid, owned, and organic channels.	Brands evaluating an attribution-led alternative to AppsFlyer or Adjust. 
Singular
+1

Kochava	SmartLinks route users based on device, operating system, location, and other rules, with support for app links, universal links, and dynamic destinations.	Teams already using Kochava measurement or needing detailed routing rules. 
Kochava Support
+1

Airbridge	Deep and deferred linking combined with cross-platform attribution, including URL schemes, iOS Universal Links, and Android App Links.	An additional MMP-based option for app-centric marketing teams. 
Airbridge
+1
Practical shortlist

Closest to commerce-specific routing: Button and URLgenius

Primary enterprise deep-linking platforms: Branch, AppsFlyer, and Adjust

Broader MMP alternatives: Singular, Kochava, and Airbridge

Button is particularly differentiated when the problem is not simply “open the app,” but decide dynamically whether app or web will produce the best commerce outcome for each affiliate, creator, or retail-media click. Branch, AppsFlyer, and Adjust are broader infrastructure and attribution platforms.

Sources used:

https://www.usebutton.com/dynamic-decisioning

https://www.usebutton.com/product-listing-ads

https://www.branch.io/

https://www.branch.io/resources/guide/retail-and-e-commerce-industry-hub/

https://www.appsflyer.com/products/deep-linking/

https://support.appsflyer.com/hc/en-us/articles/44703014449809-OneLink-Standalone-Deep-Linking-Suite

https://help.adjust.com/en/article/truelink-adjusts-deep-linking-solution

https://help.adjust.com/en/article/web-url-based-deep-link-routing

https://app.urlgeni.us/app-linking

https://app.urlgeni.us/blog/app-open-experiences-for-retailers

https://www.singular.net/deep-linking/

https://www.singular.net/mobile-attribution/

https://support.kochava.com/articles/17437-links-overview/

https://support.kochava.com/articles/links-overview/29011-creating-and-editing-smartlinks/

https://www.airbridge.io/en/product/deep-linking

https://help.airbridge.io/en/deeplink-guides/understanding-deep-link"
What are the best platforms for managing affiliate links?,"The best choice depends on whether you are publishing affiliate links or operating an affiliate program for a brand.

Best for publishers and creators
Platform	Best for	Why it stands out
Lasso	Content sites and creator teams	Centralizes links, monitors broken or out-of-stock destinations, identifies unmonetized content and supports link organization across multiple properties. 
Lasso
+1

Geniuslink	Amazon affiliates and global audiences	Dynamically routes visitors based on country, device and other conditions; also supports editable destinations, A/B routing and campaign tagging. 
Geniuslink
+1

Pretty Links	WordPress publishers	Strong WordPress-native option for branded URLs, redirects, keyword auto-linking, centralized editing and click reporting. 
PrettyLinks
+2
PrettyLinks
+2

Skimlinks	Large editorial and commerce-content sites	Automatically converts ordinary merchant links into affiliate links through a site integration, reducing manual link creation. 
Skimlinks

Awin	Publishers needing access to many brands	Combines link and performance reporting with a large advertiser marketplace; Awin says publishers can access programs from more than 30,000 brands. 
Awin
+1
Best for brands managing affiliates
Platform	Best for	Why it stands out
impact.com	Best enterprise all-rounder	Supports affiliate, creator and referral programs in one system, including recruitment, tracking, contracting, reporting and payouts. 
impact.com
+1

Partnerize	Global enterprise programs	Strong automation for discovering, managing, commissioning, tracking and paying affiliates and influencers. 
Partnerize
+1

Refersion	Ecommerce and DTC brands	Purpose-built for ecommerce, with first-party attribution, affiliate discovery, offer management, commissions and payments. 
Refersion
+2
Refersion
+2

PartnerStack	B2B SaaS	Designed around SaaS affiliates, referrals, resellers and recurring-revenue commissions rather than only one-time ecommerce purchases. 
PartnerStack
+2
PartnerStack
+2

Everflow	Agencies and performance-heavy programs	Provides granular tracking, attribution, partner management, payouts and cross-channel reporting, with considerable control over the underlying data. 
Everflow
+1
My practical shortlist

Publisher or creator: Lasso

WordPress-only operation: Pretty Links

Amazon or international traffic: Geniuslink

Large editorial publisher: Skimlinks

Enterprise brand: impact.com

Ecommerce brand: Refersion

B2B SaaS company: PartnerStack

Advanced agency or affiliate network: Everflow

Enterprise alternative to impact.com: Partnerize

When evaluating them, prioritize editable destinations, broken-link monitoring, sub-ID and UTM support, country/device routing, first-party or server-side tracking, API access, commission rules and consolidated reporting.

Sources:

https://getlasso.co/solutions/affiliate-link-manager/

https://support.getlasso.co/en/articles/13370319-what-exactly-is-included-in-lasso-as-a-whole

https://geniuslink.com/solutions/for-affiliates

https://geniuslink.com/features/link-management

https://prettylinks.com/

https://prettylinks.com/feature/link-management/

https://prettylinks.com/feature/affiliate-link-tracking/

https://merchant.skimlinks.com/network/affiliate-programs

https://www.awin.com/

https://www.awin.com/us/pricing/affiliate-partners

https://impact.com/

https://impact.com/affiliate-marketing/

https://partnerize.com/

https://partnerize.com/platform/manage

https://www.refersion.com/platform/

https://www.refersion.com/product/

https://www.refersion.com/platform/attribution-and-first-party-tracking/

https://partnerstack.com/

https://partnerstack.com/platform/partner-commissions

https://partnerstack.com/platform/affiliates

https://www.everflow.io/

https://www.everflow.io/faq"
Who are the leading companies in social commerce attribution?,"“Social commerce attribution” is not yet a clean standalone category—it spans creator/influencer platforms, affiliate networks, creator-commerce marketplaces, and cross-channel measurement tools. Gartner similarly treats measurement as part of the broader influencer-marketing platform market. 
Gartner
+1

Leading vendors
Company	Positioning	Best fit
impact.com	One of the strongest end-to-end platforms combining creator recruitment, affiliate links, commissions and creator-specific attribution models.	Enterprises consolidating affiliate, influencer and other partnerships. 
impact.com
+1

CreatorIQ	Enterprise creator-marketing system with cross-channel reporting, customizable ROI dashboards and advanced program analytics; named an IDC MarketScape Leader for large enterprises.	Global brands and agencies running complex, multi-market programs. 
CreatorIQ
+1

Captiv8	Integrated creator affiliate and commerce suite focused on linking creators to attributed conversions and managing payouts.	Large brands wanting creator discovery, campaign management and sales attribution together. 
Captiv8
+1

LTK	Major creator-commerce network with proprietary shopping and transaction data covering clicks, engagement and sales.	Fashion, beauty, lifestyle and retail brands seeking a large commerce-focused creator ecosystem. 
Shopltk
+1

ShopMy	Fast-growing premium creator-commerce platform built around storefronts, affiliate sales data and real-time creator ROI reporting.	Premium beauty, fashion, wellness and luxury-adjacent brands. 
ShopMy
+1

Aspire	Strong ecommerce-oriented platform for affiliate links, promo codes, TikTok Shop collaborations, attribution and payouts.	Mid-market and enterprise DTC brands scaling creator communities. 
Aspire
+1

GRIN	Creator relationship platform that combines gifting, affiliate links, promo codes, storefronts and commission tracking.	DTC ecommerce teams, particularly those operating creator programs in-house. 
GRIN - Influencer Marketing Software
+1

Later	Combines social-media management, influencer workflows and affiliate measurement across the funnel.	Brands wanting social publishing and creator-commerce operations in one vendor. 
Later
+1

Awin	Large affiliate network with creator support, voucher-code attribution and an Attribution Manager for controlling how commissions are credited.	Retailers that view social creators as part of a broader affiliate program. 
Awin
+1

Partnerize	Enterprise affiliate-automation platform covering affiliates and influencers, with newer emphasis on zero-click attribution and incrementality.	Large retailers requiring flexible partner attribution, governance and payment infrastructure. 
Partnerize
+1
Adjacent attribution specialists

Northbeam, Triple Whale and Rockerbox are important adjacent competitors. They are less focused on creator recruitment and payment, but stronger at comparing social commerce with paid social, search, email and other acquisition channels using multi-touch attribution, media-mix modeling or incrementality. Rockerbox explicitly covers paid and organic social, influencer and affiliate channels. 
Northbeam
+2
Triple Whale
+2

Practical shortlist

For a typical enterprise evaluation, the most important initial shortlist is:

impact.com, CreatorIQ, Captiv8, LTK, ShopMy, Aspire and GRIN.

Add Awin or Partnerize when affiliate-network infrastructure is central, and add Northbeam, Triple Whale or Rockerbox when the main problem is reconciling social-commerce performance against the rest of the marketing mix.

Sources used:

https://www.gartner.com/en/documents/7117830

https://www.gartner.com/reviews/market/influencer-marketing-platforms

https://impact.com/affiliate/creator-attribution-marketing-models/

https://impact.com/press-releases/impact-unveils-ai-creator-commerce-ipx/

https://www.creatoriq.com/influencer-marketing-solution/influencer-reporting-and-insights

https://www.creatoriq.com/press/releases/creatoriq-leader-in-idc-marketscape-worldwide-influencer-marketing-platforms

https://captiv8.io/commerce/

https://sites.captiv8.io/creator-conversion-tracking

https://company.shopltk.com/en/brands

https://company.shopltk.com/en-gb/how-it-works-brands

https://shopmy.us/home/brands

https://shopmy.us/home/brands/amplify

https://www.aspire.io/marketing-goals/sales

https://www.aspire.io/blog/social-commerce-using-influencers-to-drive-in-app-sales

https://grin.co/programs/affiliate-marketing-platform-solution/

https://grin.co/blog/looking-beyond-influencer-marketing-roi/

https://later.com/affiliate-marketing/

https://later.com/blog/influencer-marketing-analytics/

https://www.awin.com/us/how-to-use-awin/voucher-attribution-influencer-roi

https://help.awin.com/docs/attribution-manager

https://partnerize.com/

https://partnerize.com/resources/blog/the-incrementality-gap-why-scale-is-meaningless-without-a-system-of-record-for-influence

https://www.northbeam.io/

https://www.triplewhale.com/attribution

https://www.rockerbox.com/marketing-multi-touch-attribution-solution"
Which tools help creators make money from product links?,"The strongest tools fall into two groups: creator-first storefronts and broader affiliate networks.

Tool	Best for	How creators earn
ShopMy	Beauty, fashion, lifestyle and premium product curation	Commissionable links, customizable storefronts and paid brand opportunities. It can automatically monetize products through its retailer and brand programs. 
ShopMy
+1

LTK	Established lifestyle influencers	Shoppable links, an LTK storefront, retailer commissions and brand collaborations. LTK says it integrates with roughly 8,000 retailers. 
Shopltk
+1

Amazon Influencer Program	Creators recommending widely available products	Commissions on qualifying Amazon purchases through individual product links or a personalized Amazon storefront. 
Amazon Associates
+1

Mavely	Newer and micro-creators	SmartLinks, affiliate commissions, bonuses, referrals and brand campaigns. Mavely says there is no application fee or follower requirement to join. 
Mavely
+1

MagicLinks	YouTube, Instagram and cross-platform creators	Commissionable links across thousands of brands, link management, a storefront and sponsored campaigns. 
MagicLinks
+1

TikTok Shop Affiliate	Creators whose content converts inside TikTok	Product links in videos, LIVEs and external channels, with commissions set by participating sellers. 
TikTok Seller
+1

Awin	Creators who want direct access to many individual brands	Apply to brand affiliate programs, generate trackable links and earn commissions across social posts, videos, blogs and newsletters. 
Awin
+1

Sovrn Commerce	Bloggers, publishers and creators with websites	Manual or automated affiliate-link monetization, reporting and rate optimization across a large merchant network. 
Sovrn, Inc.
+1
Practical shortlist

Best overall creator storefront: ShopMy

Best for established fashion/lifestyle creators: LTK

Best entry point for smaller creators: Mavely

Best for broad product availability: Amazon Influencer

Best for TikTok-native commerce: TikTok Shop Affiliate

Best for blogs and high-volume editorial content: Sovrn Commerce or Awin

One formerly prominent option, Collective Voice, now states that it has officially closed, so it should no longer be included in active vendor comparisons. 
Collective Voice

Sources:

https://shopmy.us/home/creators

https://shopmy.us/home/creators/shop

https://company.shopltk.com/en/launchyourltk

https://company.shopltk.com/link-in-seconds-at-ltk

https://affiliate-program.amazon.com/influencers

https://affiliate-program.amazon.com/help/node/topic/GPL3XTHBQ75HQ2VN

https://www.joinmavely.com/

https://www.joinmavely.com/creator-tips/mavely-boosts/

https://www.magiclinks.com/creators/monetize-content

https://www.magiclinks.com/creators/shoppable-storefront

https://seller-us.tiktok.com/university/essay?knowledge_id=4308436637255466

https://seller-us.tiktok.com/university/essay?knowledge_id=6935729397827330

https://www.awin.com/gb/publishers/content-creator-influencer

https://www.awin.com/us/pricing/content-creators

https://www.sovrn.com/commerce/

https://www.sovrn.com/sovrn-for-creators/

https://app.collectivevoice.com/"
What are the best Amazon affiliate link tools for creators?,"Best Amazon affiliate link tools for creators

For most creators, the strongest setup is Amazon’s native tools plus one specialized third-party platform.

Tool	Best for	Why it stands out	Pricing signal
Amazon SiteStripe, Mobile GetLink and Influencer Storefront	Beginners and Amazon-focused creators	SiteStripe creates links while browsing Amazon, Mobile GetLink works inside the Amazon Shopping app, and qualifying influencers receive a shareable Amazon storefront URL. Amazon OneLink can also redirect international shoppers to local Amazon stores. 
Amazon Associates
+3
Amazon Associates
+3
Amazon Associates
+3
	Free
Geniuslink	Best overall for YouTube and international audiences	Localizes products across Amazon countries, supports mobile app deep linking, editable short links, Choice Pages, link monitoring and traffic splitting. 
Geniuslink
	$6/month including 1,000 clicks; $3.50 per additional 1,000
Lasso	Bloggers, review sites and SEO publishers	Combines link management with product cards, grids, comparison tables, Amazon images and pricing, broken-link alerts and analytics. International localization begins on its Pro tier. 
Lasso
	Free tier; Creator $19/month and Pro $29/month when billed annually
URLgenius	TikTok, Instagram and other mobile-first traffic	Focuses on reliably opening Amazon product pages inside the Amazon app while retaining attribution. It also offers click analytics, QR codes and marketplace offers. 
Urlgenius
+1
	Free starter option; Growth is $0.02 per click
Levanta	Higher-paying brand partnerships	Lets creators find Amazon brands offering premium commissions, paid collaborations and product opportunities. It now also covers Shopify and Walmart, with consolidated tracking and payouts. 
Levanta
+1
	Free for creators; platform says it takes no creator revenue share
Affilimate	Larger creator businesses and publisher teams	Centralizes commissions, links and performance data across more than 100 affiliate platforms, with content-, link- and social-channel-level analytics. Creator access is currently positioned as early access. 
Affilimate
	Creator pricing not publicly listed; publisher plans are customized
My recommendations by creator type

Starting out: Use Amazon SiteStripe, Mobile GetLink and an Influencer Storefront. Add a third-party service only after you have enough traffic to identify a specific problem.

YouTube creator with international viewers: Choose Geniuslink. It offers the best balance of localization, app opening, link management and accessible pricing.

TikTok or Instagram creator with mostly mobile traffic: Consider URLgenius when reliably opening the Amazon app is the priority. Choose Geniuslink instead when international localization and retailer-choice pages matter more.

Blogger or product-review publisher: Choose Lasso. Its product displays, comparison tables and broken-link management make it substantially more useful for editorial websites.

Established creator seeking better-than-standard commissions: Add Levanta alongside Amazon Associates. It is an offer marketplace rather than a complete replacement for general Amazon link management.

Creator media company: Consider Affilimate once reporting across Amazon and numerous other affiliate programs becomes difficult to manage manually.

Important caveats

Performance multipliers advertised by these vendors are their own marketing claims, not guaranteed outcomes. Test tools using separate Amazon tracking IDs and compare conversion rate, earnings per click and international revenue.

Amazon requires a clear disclosure near affiliate recommendations and the statement “As an Amazon Associate I earn from qualifying purchases” on your site or associated with your social account. 
Amazon Associates

Also ignore older recommendations for Kit.co: the product shut down on May 11, 2026, and its links stopped functioning. 
Kit
+1

Sources

https://affiliate-program.amazon.com/help/node/topic/GJMMT7G4C8K4Y3AY

https://affiliate-program.amazon.com/help/node/topic/GH37MDS5PLQ9Z366

https://affiliate-program.amazon.com/help/node/topic/G9WR4ZF9L2FVKURW

https://affiliate-program.amazon.com/help/node/topic/G8JHEWQ9GTDUN7EH

https://affiliate-program.amazon.com/help/node/topic/GPXFHVYZMTGPUMPE

https://geniuslink.com/pricing

https://getlasso.co/pricing/

https://app.urlgeni.us/pricing

https://app.urlgeni.us/influencers-affiliates

https://levanta.io/creators/

https://levanta.io/product-announcements/the-best-multi-channel-affiliate-platform-for-creators-is-here/

https://affilimate.com/pricing/

https://kit.co/"
Which companies help publishers increase affiliate revenue?,"The companies most directly helping publishers grow affiliate revenue fall into three groups:

Publisher monetization platforms
Company	How it increases revenue	Best fit
Skimlinks	Automatically converts normal merchant links into affiliate links and provides commission-rate and performance reporting.	Large editorial publishers seeking low-touch monetization. 
Skimlinks Support
+1

Sovrn Commerce	Monetizes existing links and provides tools to optimize affiliate yield, operations and merchant selection.	Publishers with substantial commerce-link volume. 
Sovrn, Inc.
+1

Affilimate	Unifies transaction data from 100+ networks and connects revenue to individual pages, links and editorial placements.	Media groups managing multiple sites or affiliate accounts. 
Affilimate
+1

impact.com / Trackonomics	Combines brand discovery with enterprise commerce-content analytics and revenue optimization.	Established publishers wanting direct brand relationships and detailed attribution. 
impact.com
+1

StackCommerce	Offers affiliate commerce, branded ecommerce shops and managed commerce programs.	Publishers looking beyond links into owned storefronts and direct commerce. 
StackCommerce
+1
Affiliate networks and marketplaces

Awin — broad retailer access, tracking, payments and reporting; its publisher offering advertises access to more than 30,000 brands. 
Awin
+1

CJ Affiliate — strong premium-brand network and a Content Certification program that gives approved content publishers easier access to hundreds of brands. 
CJ
+1

Rakuten Advertising — curated global network with publisher tools, brand partnerships and data-driven optimization. 
Rakuten Advertising
+1

Partnerize — connects content publishers with major brands and is developing attribution tools designed to capture publisher influence in AI-driven, zero-click shopping journeys. 
Partnerize
+1

Link and conversion optimization specialists

Geniuslink — improves international and Amazon monetization through country, device and operating-system routing, plus destination testing. 
Geniuslink
+1

Lasso — monitors and fixes links, creates higher-converting product displays and identifies monetization opportunities, especially for bloggers and WordPress publishers. 
Lasso
+1

Competitive-landscape priority: the most publisher-specific companies are Skimlinks, Sovrn Commerce, Affilimate, impact.com/Trackonomics and StackCommerce. Awin, CJ, Rakuten and Partnerize primarily expand merchant access, while Geniuslink and Lasso optimize traffic publishers already have.

Sources

https://support.skimlinks.com/hc/en-us/articles/27522009730973-How-to-monetize-your-content

https://support.skimlinks.com/hc/en-us/articles/115015691728-What-is-Skimlinks

https://www.sovrn.com/commerce/

https://www.sovrn.com/

https://affilimate.com/product/

https://affilimate.com/

https://impact.com/partners/

https://impact.com/partners/publishers-media-groups-partners/

https://www.stackcommerce.com/monetize

https://www.stackcommerce.com/publishers/self-serve-shops/

https://www.awin.com/gb/publishers/editorial-media-sites

https://www.awin.com/us/pricing/affiliate-partners

https://www.cj.com/publisher

https://www.cj.com/content-publishers

https://rakutenadvertising.com/

https://rakutenadvertising.com/publishers/

https://partnerize.com/partners/content

https://go.partnerize.com/vantagepoint-publishers

https://geniuslink.com/solutions/for-affiliates

https://geniuslink.com/

https://getlasso.co/

https://getlasso.co/solutions/"
What platforms should a retailer use to improve mobile shopping conversion?,"A retailer should use a conversion stack, not a single platform. The right combination depends on whether the biggest drop-off occurs during discovery, app routing, or checkout.

Recommended platforms by funnel stage
Need	Strong platforms	Best fit
Mobile checkout	Shop Pay, Bolt	Shop Pay for Shopify or accelerated checkout; Bolt for retailers needing a customizable, one-click checkout layer. Shopify says Shop Pay pre-fills customer details and supports one-tap purchases, while Bolt focuses on reducing checkout friction and abandonment. 
Shopify
+2
Shopify Help Center
+2

Search and product discovery	Constructor, Algolia	Constructor for large retailers optimizing search around commercial KPIs; Algolia for API-first teams that need flexible search, browse, recommendations, and personalization. 
Algolia
+3
Constructor
+3
Constructor
+3

Personalization and merchandising	Nosto, Dynamic Yield	Nosto for an integrated ecommerce search, merchandising, recommendations, and content suite; Dynamic Yield for enterprise personalization, segmentation, recommendations, and journey optimization. 
Nosto
+2
Nosto
+2

App-versus-web traffic routing	Button	Particularly relevant for affiliate, creator, and partner traffic. Button dynamically selects the app or mobile-web journey most likely to convert each tap. 
Button
+1

General deep linking and mobile measurement	Branch, AppsFlyer, Adjust	Branch for linking and attribution infrastructure; AppsFlyer or Adjust when the retailer also needs a full mobile measurement partner for paid and owned channels. 
Adjust Help Center
+4
Branch
+4
Branch
+4

Native mobile app	Tapcart	A strong option for Shopify retailers that want to launch and optimize a native shopping app without building one internally. 
Tapcart
+1

Testing and optimization	Optimizely	Enterprise experimentation across mobile web and apps, including A/B tests, multivariate tests, feature flags, targeting, and personalization. 
Optimizely
+1
Suggested stacks

Shopify retailer:
Shopify + Shop Pay → Nosto → Tapcart → Branch → Optimizely.

Enterprise retailer with an established app:
Constructor or Algolia → Dynamic Yield → Button for affiliate and creator traffic → AppsFlyer, Branch, or Adjust for broader measurement → Bolt or Shop Pay → Optimizely.

Retailer focused primarily on mobile web:
Constructor or Algolia → Nosto or Dynamic Yield → Shop Pay or Bolt → Optimizely. An app platform should come later unless repeat purchase frequency and customer lifetime value justify the investment.

Recommended implementation order

Fix checkout authentication, forms, payments, and page speed.

Improve search, filtering, recommendations, and merchandising.

Deep-link app users directly to the relevant product or cart.

Add channel-specific routing for affiliate and creator traffic.

Continuously test product pages, promotions, navigation, and checkout.

For most retailers with an existing app and meaningful partner traffic, the most differentiated combination is Button for conversion-oriented routing plus Branch, AppsFlyer, or Adjust for broader attribution and measurement. These products overlap somewhat, but they solve different primary problems.

Sources:

https://www.shopify.com/shop-pay

https://help.shopify.com/en/manual/payments/shop-pay/shop-pay-on-any-platform

https://www.bolt.com/case-studies/FWRD

https://constructor.com/

https://constructor.com/solutions/b2c-ecommerce-search-and-product-discovery

https://www.algolia.com/industries/ecommerce

https://www.algolia.com/products/features/personalization

https://www.nosto.com/

https://www.nosto.com/commerce-experience-platform/

https://www.dynamicyield.com/ecommerce/

https://www.usebutton.com/dynamic-decisioning

https://www.usebutton.com/post/how-reach-product-enhancements-drove-a-37-lift-in-conversion-rate-for-a-leading-retailer

https://www.branch.io/

https://www.branch.io/resources/guide/retail-and-e-commerce-industry-hub/

https://www.appsflyer.com/

https://www.appsflyer.com/products/deep-linking/

https://help.adjust.com/en/article/attribution-overview

https://www.tapcart.com/

https://www.tapcart.com/features

https://www.optimizely.com/products/experimentation

https://www.optimizely.com/developers/experimentation"
Who are the main competitors in mobile attribution and deep linking?,"Core competitive set

For vendors that compete across both mobile attribution and deep linking, the main players are:

Company	Competitive position	Best known for
AppsFlyer	Enterprise MMP leader	Broad attribution integrations, privacy measurement, fraud protection, and OneLink for deep linking and web-to-app journeys. 
AppsFlyer Support
+1

Adjust	Enterprise MMP leader	Attribution, analytics, fraud prevention, campaign automation, and configurable deep-linking infrastructure. 
Adjust Help Center
+1

Branch	Most direct linking-plus-attribution competitor	Deep linking, deferred deep linking, cross-platform journeys, and mobile attribution in one platform. 
Branch
+2
Branch
+2

Singular	Full-suite challenger	Attribution combined with cost aggregation, marketing data management, cross-device measurement, and deep linking. 
Singular
+2
Singular
+2

Kochava	Full-suite independent MMP	Mobile and omnichannel attribution, identity resolution, analytics, and multi-platform deep linking. 
Kochava
+1

Airbridge	Growing cross-platform challenger	Mobile and web attribution with built-in universal, deferred, QR, and web-to-app deep linking. 
Airbridge
+1
Secondary and specialist competitors

Tenjin — a lighter-weight attribution platform particularly relevant to mobile gaming and performance-focused app developers; it supports tracking links and deferred deep linking. 
Tenjin
+2
Tenjin
+2

URLgenius — an SDK-free deep-linking and attribution specialist, especially relevant for social, creator, marketplace, and commerce-app routing. It is more of a linking specialist than a full enterprise MMP. 
Urlgenius
+2
Urlgenius
+2

Bitly and Rebrandly — link-management platforms offering mobile app routing and deep links. They compete for owned-media and branded-link use cases but generally not for the full paid-media attribution stack. 
Bitly Support
+1

Practical segmentation

Closest enterprise competitors: AppsFlyer, Adjust, and Branch.

Credible full-suite alternatives: Singular, Kochava, and Airbridge.

Lower-cost or segment-focused alternatives: Tenjin.

Deep-linking and link-routing specialists: URLgenius, Bitly, and Rebrandly.

The competitive boundary depends on the buyer’s primary need: AppsFlyer and Adjust are typically evaluated first for enterprise measurement; Branch is particularly direct when deep linking and web-to-app conversion are central; Singular and Kochava become stronger contenders when cost data, omnichannel reporting, or configurability matter.

Sources:

https://support.appsflyer.com/hc/en-us/articles/115005248543-OneLink-guide

https://www.appsflyer.com/products/deep-linking/

https://help.adjust.com/en/article/deep-links

https://help.adjust.com/en/article/custom-link-setup

https://www.branch.io/

https://www.branch.io/attribution/

https://help.branch.io/developer-hub/docs/deep-linking

https://www.singular.net/deep-linking/

https://www.singular.net/mobile-attribution/

https://www.singular.net/

https://www.kochava.com/

https://www.kochava.com/attribution-deeplinking/

https://www.airbridge.io/en/product/deep-linking

https://www.airbridge.io/

https://tenjin.com/docs/deferred-deep-linking/

https://tenjin.com/docs/user-attribution-overview/

https://tenjin.com/

https://app.urlgeni.us/

https://app.urlgeni.us/app-linking

https://app.urlgeni.us/deferred-deep-linking

https://support.bitly.com/hc/en-us/articles/231262448-What-are-mobile-deep-links

https://support.rebrandly.com/en/articles/469634-how-do-i-create-a-mobile-deep-link"
Which companies help brands optimize post-click shopping journeys?,"The market breaks into four main groups. The strongest vendors depend on where the post-click friction occurs.

Company	Best fit	How it improves the journey
Button	Mobile affiliate, creator and commerce-media traffic	Uses machine learning to choose whether a shopper should open the retailer’s app, install it or continue on mobile web, while preserving deep-link context and attribution. 
Button

FERMÀT	Paid social and Google Shopping campaigns	Creates campaign-specific landing pages, embedded product pages and carts, with rapid experimentation and adaptive funnels. 
Fermat Commerce
+1

Spangle AI	Large retailers seeking real-time personalization	Generates adaptive shopping experiences based on the source and context of each visit rather than sending everyone to a static product page. 
Spangle AI
+1

Replo	Shopify brands and performance-marketing teams	Provides a no-code builder for tailored landing pages, product pages and sales funnels, particularly useful for matching each ad or audience to a relevant destination. 
Replo
+1

Comet	Creator, affiliate and partner-driven commerce	Builds campaign- or partner-specific “Checkout Stores” with curated products, checkout and source-level attribution. 
Comet
+1

Branch	App deep linking and mobile measurement	Routes clicks to relevant in-app content and measures what users do after the click. It is primarily journey infrastructure rather than a landing-page creation platform. 
Branch
+1

Nosto	Onsite product discovery and personalization	Personalizes search, merchandising, recommendations, content and bundles once the shopper reaches the ecommerce site. 
Nosto
+1

Dynamic Yield	Enterprise personalization and experimentation	Optimizes layouts, recommendations, offers and messaging using segmentation, testing and real-time behavioral signals. 
Mastercard Dynamic Yield
+1
Practical shortlist

For mobile web-to-app and affiliate journeys, start with Button and Branch.

For ad-to-storefront conversion, the most direct specialists are FERMÀT, Spangle AI and Replo.

For creator-specific storefronts and checkout, consider Comet.

For optimization after shoppers arrive on the main website, evaluate Nosto and Dynamic Yield.

Button is particularly differentiated when the problem is not merely designing a better landing page, but dynamically selecting the best mobile destination while retaining campaign attribution. FERMÀT, Spangle and Replo compete more directly around creating or personalizing the actual post-click storefront experience.

Sources used:

https://www.usebutton.com/dynamic-decisioning

https://www.fermatcommerce.com/product/funnel-builder

https://www.fermatcommerce.com/resources/from-feed-to-experience-turning-google-traffic-into-high-converting-product-pages

https://www.spangle.ai/

https://www.businesswire.com/news/home/20250318426200/en/Spangle-Emerges-from-Stealth-to-Power-11-Commerce-for-Retailers-with-Agentic-AI-and-ProductGPT/

https://www.replo.app/

https://www.replo.app/product/ai

https://comet.rocks/case-studies

https://comet.rocks/help/what-is-a-checkout-store

https://www.branch.io/

https://www.branch.io/resources/blog/the-role-of-deep-linking-in-mobile-marketing-campaigns/

https://www.nosto.com/

https://www.nosto.com/commerce-experience-platform/

https://www.dynamicyield.com/ecommerce/

https://www.dynamicyield.com/web/"
What are the best alternatives to traditional affiliate networks?,"Traditional affiliate networks bundle partner discovery, tracking, payments, and reporting. The strongest alternatives unbundle that model, giving brands more direct partner relationships, specialized creator access, or better conversion technology.

Best alternatives by use case
Need	Best options	Why they stand out
Run a direct affiliate program	impact.com, Everflow, Partnerize, TUNE	Let brands recruit and manage partners directly while controlling contracts, commissions, tracking, payments, and data. impact.com is the broadest enterprise option; Everflow and TUNE offer more operational flexibility; Partnerize is strong for large global programs. 
TUNE
+3
impact.com
+3
Everflow
+3

B2B SaaS partnerships	PartnerStack	Purpose-built for SaaS affiliate, referral, reseller, and co-sell programs, with a marketplace of B2B partners. 
PartnerStack
+1

Creator-led commerce	LTK, ShopMy, Mavely	These platforms combine affiliate links with creator discovery, storefronts, brand collaborations, gifting, paid campaigns, and performance measurement. LTK is strongest in scaled lifestyle commerce, ShopMy in curated premium creators, and Mavely in broad micro- and everyday-creator participation. 
Mavely
+3
Shopltk
+3
ShopMy
+3

Shopify-native creator programs	Shopify Collabs	A practical choice for Shopify merchants that want to invite existing creators, accept applications, issue commission offers, and track affiliate sales inside their commerce stack. New open creator signups are currently restricted, which may limit discovery. 
Shopify
+1

Amazon, Walmart and DTC creator sales	Levanta	Unifies creator and affiliate management across Amazon, Shopify, and Walmart, including recruitment, samples, attribution, commissions, and payouts. 
Levanta
+1

Publisher link monetization	Sovrn Commerce, Skimlinks	Automatically monetize product links and consolidate access, reporting, and payments across many merchant programs—useful for publishers that do not want to negotiate every relationship independently. 
Sovrn, Inc.
+2
Skimlinks
+2

Customer referral instead of affiliates	Friendbuy, ReferralCandy	Turn existing customers into advocates using tracked referrals, incentives, rewards, fraud controls, and ecommerce integrations. This replaces professional affiliates with customer-driven acquisition. 
Friendbuy
+1

Improve mobile conversion from existing partners	Button	Button is less a partner-recruitment replacement and more a commerce-optimization layer: it uses deep linking and journey optimization to route affiliate and creator traffic into higher-converting mobile experiences. 
Button
+2
Button
+2
My shortlist

For most enterprise ecommerce brands, start with impact.com or Everflow, then add a creator specialist such as LTK, ShopMy, or Mavely.

For B2B SaaS, choose PartnerStack.

For marketplace sellers, especially those selling through Amazon, choose Levanta.

For publishers and media companies, use Sovrn Commerce or Skimlinks, potentially combined with Button where mobile routing and lost in-app attribution are significant problems.

For DTC brands with a loyal customer base, test Friendbuy or ReferralCandy before building a conventional affiliate program. Customer referrals can provide a more controlled, brand-aligned acquisition channel.

The most effective modern setup is often a hybrid stack: direct partnership software for tracking and payments, a specialized creator platform for supply, and a conversion-optimization layer for the post-click journey.

Sources

https://impact.com/affiliate-marketing/

https://www.everflow.io/

https://partnerize.com/platform

https://www.tune.com/

https://partnerstack.com/

https://partnerstack.com/platform/partnerships-software

https://company.shopltk.com/ltk-brand-platform-all-in-1-creator-marketing

https://shopmy.us/home/brands

https://www.joinmavely.com/affiliate-platform/

https://www.joinmavely.com/brands/

https://www.shopify.com/collabs/find-influencers

https://help.shopify.com/en/manual/promoting-marketing/collabs/creators

https://levanta.io/

https://levanta.io/brands/

https://www.sovrn.com/commerce/

https://merchant.skimlinks.com/network/affiliate-programs

https://support.skimlinks.com/hc/en-us/articles/36714399781789-How-Skimlinks-simplifies-affiliate-marketing-for-Content-Creators

https://www.friendbuy.com/referral-program-software

https://www.referralcandy.com/referral-marketing

https://www.usebutton.com/

https://www.usebutton.com/post/buttons-commerce-optimization-platform-launches-button-for-publishers

https://www.usebutton.com/post/buttons-creator-network-and-publisher-solutions-are-the-easiest-way-to-maximize-revenue-from-your-commerce-strategies"
Which platforms help brands run creator marketing partnerships?,"The strongest platforms fall into a few distinct categories, depending on whether the brand prioritizes enterprise governance, ecommerce sales, affiliate attribution, or channel-specific campaigns.

Leading creator partnership platforms
Platform	Best suited for	Key strengths
CreatorIQ	Large enterprises and global brands	Creator discovery, relationship management, brand safety, centralized governance, benchmarking, and advanced measurement across markets and business units. 
CreatorIQ
+1

GRIN	DTC and ecommerce brands	End-to-end creator CRM, product gifting, campaign workflows, affiliate tracking, content management, and creator payments. 
GRIN - Influencer Marketing Software
+1

Aspire	Mid-market and ecommerce teams building creator communities	Creator marketplace, customizable workflows, contracts, approvals, product seeding, payments, affiliate programs, and paid-content amplification. 
Aspire
+1

impact.com / Creator	Brands combining creators with affiliate and partnership marketing	Discovery, contracting, payments, performance attribution, commissions, and unified management of creator, affiliate, and referral partnerships. 
impact.com
+1

Later Influence	Brands wanting software plus campaign strategy or managed services	Creator discovery, campaign management, content review, brand safety, predictive insights, social management, and optional full-service execution. 
Later
+2
Later
+2

Influential powered by Captiv8	Enterprise brands emphasizing data, brand safety, and paid amplification	Planning, discovery, creator activation, campaign measurement, affiliate attribution, and enterprise campaign services. Captiv8 is now integrated into Influential. 
Captiv8
+1

Upfluence	Ecommerce, Amazon and DTC programs	Creator discovery, outreach automation, affiliate links, product seeding, sales tracking, commissions and international creator payments. 
Upfluence
+1

LTK	Fashion, beauty, home and lifestyle commerce	A creator-commerce network with creator discovery, partnership management, performance insights and shoppable creator content. 
Shopltk

ShopMy	Premium beauty, fashion and lifestyle brands	Creator gifting, affiliate commerce, performance-based creator identification and long-term word-of-mouth partnerships. 
ShopMy
Native social-platform options

These are useful when most of the program runs on one channel:

TikTok One supports TikTok creator discovery, campaign management, content production, compliance reviews and creator payments. 
Creator Marketplace
+1

Instagram Creator Marketplace helps brands discover creators, send campaign opportunities and run Partnership Ads through Meta’s business tools. 
About Facebook

YouTube Creator Partnerships, formerly BrandConnect, provides discovery, outreach and campaign workflows focused specifically on YouTube creators. 
blog.youtube

Practical shortlist

For most evaluations, I would start with:

Enterprise/global: CreatorIQ, Influential powered by Captiv8

DTC and product seeding: GRIN, Aspire, Upfluence

Creator plus affiliate attribution: impact.com

Commerce-creator network: LTK, ShopMy

Campaign software plus services: Later Influence

Single-platform activation: TikTok One, Instagram Creator Marketplace or YouTube Creator Partnerships

Sources used:

https://www.creatoriq.com/next-generation-creator-marketing

https://www.creatoriq.com/influencer-marketing-solution/creator-management

https://grin.co/programs/influencer-marketing-platform-solution/

https://grin.co/product/

https://www.aspire.io/platform-overview

https://www.aspire.io/brand-managers

https://impact.com/creator/

https://impact.com/

https://later.com/influencer-marketing-platform/

https://later.com/influencer-marketing-tools/influencer-management-platform/

https://later.com/influencer-marketing-services/

https://captiv8.io/

https://captiv8.io/influencer/

https://www.upfluence.com/

https://www.upfluence.com/manage-influencers

https://company.shopltk.com/ltk-brand-platform-all-in-1-creator-marketing

https://shopmy.us/home/brands

https://creatormarketplace.tiktok.com/

https://support.tiktok.com/en/business-and-creator/tiktok-one/tiktok-one

https://about.fb.com/news/2024/02/creator-marketplace-for-brands-and-creators-to-collaborate-on-instagram/

https://blog.youtube/news-and-events/youtube-creator-partnerships-newfronts-2026/"
Who are the top players in publisher commerce monetization?,"Top publisher commerce monetization players

The market does not have a reliable public market-share ranking, but the strongest current competitive set is:

Skimlinks — category leader for automated affiliate monetization
Automatically converts ordinary product links into affiliate links, aggregates merchant access and provides publisher reporting. Taboola describes Skimlinks as serving roughly 60,000 publishers and 48,500 merchants. 
Taboola.com
+1

Sovrn Commerce — closest full-stack Skimlinks competitor
Combines automatic link monetization with link optimization, product recommendations, merchant-rate intelligence, comparison tools and broader publisher monetization products. It is particularly compelling for publishers seeking both commerce and advertising infrastructure. 
Sovrn, Inc.
+2
Sovrn, Inc.
+2

impact.com / Trackonomics — enterprise commerce-content operations leader
Trackonomics is built for larger media organizations that need cross-network analytics, link management, revenue attribution, advertiser-direct partnerships and workflow automation. It is more of an enterprise operating system than a simple link-conversion service. 
impact.com
+2
impact.com
+2

Awin — major affiliate supply and publisher network
Awin connects editorial publishers with more than 30,000 brands and provides linking, reporting and partnership infrastructure. It is a foundational network rather than a fully publisher-native commerce-content suite. 
Awin
+1

CJ Affiliate — major global network for premium content publishers
CJ offers broad advertiser access, mature tracking and a Content Certification program that gives approved publishers easier access to hundreds of brands. CJ reports more than $1.8 billion in annual publisher commissions across its broader ecosystem. 
CJ
+1

Rakuten Advertising — global enterprise affiliate network
Strong in large-brand relationships, international programs, publisher services and full-funnel affiliate measurement. Like Awin and CJ, it generally supplies partnerships and tracking rather than being an end-to-end editorial commerce workflow platform. 
Rakuten Advertising
+1

Partnerize — enterprise partnerships and emerging zero-click attribution
Partnerize is increasingly differentiated around measuring publisher influence beyond the final click. Its VantagePoint product targets large publishers whose content affects purchases through AI search and other clickless journeys. 
Partnerize
+2
Partnerize
+2

Digidip — established automated-monetization challenger
Digidip offers automatic affiliation, link-generation tools, APIs and voucher-code feeds. It is especially visible among European and international publishers and competes most directly with Skimlinks and Sovrn. 
Digidip
+1

Adjacent specialists

Bonsai: embedded, in-content shopping and checkout rather than traditional outbound affiliate links. 
Business Wire
+1

Wildfire Systems: white-label affiliate commerce, cashback and shopping-rewards infrastructure for platforms, financial institutions and marketplaces. 
Wildfire Corp
+1

Practical competitive framing

The clearest direct publisher-monetization leaders are Skimlinks, Sovrn Commerce and impact.com/Trackonomics.

Choose Skimlinks for low-friction, automated monetization at scale.

Choose Sovrn Commerce for broader optimization and publisher technology.

Choose Trackonomics for enterprise analytics, workflow and multi-network management.

Treat Awin, CJ and Rakuten primarily as merchant-supply and affiliate-network partners.

Watch Partnerize where AI-driven, zero-click attribution is strategically important.

Sources used:

https://www.taboola.com/marketing-hub/q2-publisher-ecommerce-playbook/

https://policies.taboola.com/taboola-uk-tax-strategy/

https://www.sovrn.com/

https://www.sovrn.com/commerce/

https://www.sovrn.com/blog/press-release-ai-shopping-galleries/

https://impact.com/press-releases/impact-acquires-trackonomics-boosts-publisher-commerce-content-capabilities/

https://impact.com/onesheets/boost-commerce-content-revenue-comb-ost-trx-cn-nam-0922/

https://impact.com/partners/

https://www.awin.com/gb/publishers/editorial-media-sites

https://www.awin.com/us/pricing/affiliate-partners

https://www.cj.com/publisher

https://www.cj.com/content-publishers

https://rakutenadvertising.com/publishers/

https://rakutenadvertising.com/affiliate/

https://partnerize.com/resources/blog/icymi-partnerize-brings-vantagepoint-to-publishers-to-quantify-and-monetize-influence-beyond-the-click

https://partnerize.com/vantagepoint-publishers

https://go.partnerize.com/vantagepoint-publishers

https://digidip.net/

https://digidip.net/publisher/merchant-lookup/detail/315328

https://www.businesswire.com/news/home/20220330005100/en/Bonsai-Raises-%2421-Million-CAD-to-Scale-Embedded-Commerce-for-Publishers

https://www.mediapost.com/publications/article/372511/embedded-commerce-solution-used-by-major-publisher.html

https://www.wildfire-corp.com/advertiser-network

https://www.morningstar.com/news/pr-newswire/20260330la21692/wildfire-systems-to-power-affiliate-monetization-for-credit-keys-b2b-marketplace"
What companies help track revenue from influencer links?,"Companies that help brands attribute clicks, conversions, and revenue to individual influencer links fall into three main groups:

Creator-program platforms

impact.com — Enterprise platform for managing creators and affiliates, with full-funnel sales tracking, cross-channel deduplication, commissions, and payouts. 
impact.com
+1

CreatorIQ — Enterprise creator-marketing suite with conversion tracking, link-performance analytics, campaign reporting, and ROI measurement. 
CreatorIQ
+1

Aspire — Strong for ecommerce brands; generates unique affiliate links and promo codes and reports clicks, conversions, sales, and influencer-level revenue. 
Aspire

GRIN — DTC-focused creator-management platform connecting creator activity to sales through automatic UTM tracking and conversion reporting. 
GRIN - Influencer Marketing Software

Social Snowball — Shopify/DTC-focused platform that tracks influencer revenue using links, discount codes, and configurable attribution rules. 
Social Snowball
+1

Affiliate and performance-tracking infrastructure

Partnerize — Tracks and pays affiliates, creators, and influencers, with configurable partner attribution and program analytics. 
Partnerize
+1

Everflow — First-party tracking for influencer, affiliate, referral, app, QR-code, and other performance channels. 
Everflow
+1

Refersion — Ecommerce affiliate platform that attributes each sale to an influencer or ambassador and automates commissions and payments. 
Refersion

Awin, CJ and Rakuten Advertising — Large affiliate networks that provide trackable creator links, conversion attribution, advertiser reporting, and commission infrastructure. 
Awin
+2
CJ
+2

Creator-commerce networks

LTK — Creator shopping ecosystem with proprietary sales data and full-funnel reporting for brand influencer investments. 
Shopltk

ShopMy — Tracks creator mentions, clicks, order volume, sales, retailer activity, and campaign ROI. 
ShopMy

Mavely — Social-commerce network that provides creators and brands with link-level clicks, sales, commissions, and traffic-source reporting. 
Mavely
+1

Levanta — Particularly relevant for marketplace sellers, tracking creator-driven clicks and sales across Amazon, Shopify, and Walmart. 
Levanta
+1

Best initial shortlist: impact.com or CreatorIQ for enterprise programs; Aspire or GRIN for ecommerce creator management; Social Snowball or Refersion for Shopify-centric programs; Everflow for flexible attribution infrastructure; and LTK or ShopMy for commerce-focused creator networks.

https://impact.com/

https://www.creatoriq.com/influencer-marketing-solution/track-conversions

https://www.aspire.io/drive-sales

https://grin.co/product/influencer-marketing-reporting-platform/

https://www.socialsnowball.io/influencer-marketing

https://partnerize.com/platform/track

https://www.everflow.io/platform/track-everything

https://www.refersion.com/

https://www.awin.com/us/advertisers/tools

https://www.cj.com/solutions/cj-influence

https://rakutenadvertising.com/

https://company.shopltk.com/en/brands

https://shopmy.us/home/brands/track

https://www.joinmavely.com/brands/

https://levanta.io/"
Which tools are best for ecommerce affiliate attribution?,"Best ecommerce affiliate attribution tools
Tool	Best for	Why it stands out
impact.com	Best overall for larger ecommerce brands	Combines affiliate, creator, referral, and other partnerships in one system. It supports configurable attribution, promo-code tracking, API/server-side conversion submission, fraud controls, and commission automation. 
impact.com
+2
Impact Help
+2

Partnerize	Global enterprise programs	Strong tracking infrastructure, customizable reporting, partner automation, and sophisticated commissioning. A good fit for international retailers with complex partner arrangements. 
Partnerize
+2
Partnerize
+2

Awin	Best combination of network reach and ecommerce accessibility	Provides access to a large partner marketplace, with integrations for Shopify, WooCommerce, and Magento. Its Advanced plan includes Attribution Manager for custom conversion windows, partner prioritization, and attribution rules. 
Awin
+2
Awin Help Center
+2

CJ Affiliate	Established retailers needing premium publishers	Offers a mature publisher network and strong technical measurement through click IDs, its Universal Tag, API tracking, and mobile measurement integrations. 
CJ Developer Portal
+3
CJ
+3
CJ's Developer Portal
+3

Everflow	Best independent and customizable tracking platform	Particularly strong for brands managing partners directly. It supports server-to-server postbacks, coupon-based clickless attribution, custom events, APIs, and measurement across affiliate and paid channels. 
Everflow
+2
Everflow Helpdesk
+2

Refersion	Mid-market and DTC ecommerce brands	Ecommerce-focused, with first-party tracking and native integrations for Shopify, BigCommerce, and WooCommerce. It supports links, coupons, customer email attribution, commissions, and payments without requiring enterprise-level implementation. 
Refersion
+2
Refersion
+2

TUNE	Technical teams and white-label programs	Provides substantial control over tracking, data, APIs, partner workflows, and mobile/web attribution. Best suited to teams that want to build a highly customized direct program or affiliate network. 
TUNE
+2
TUNE Support
+2

Shopify Collabs	Shopify-native creator affiliate programs	The simplest option for recruiting creators, issuing links and discount codes, tracking sales, and processing commissions within Shopify. It is less appropriate for sophisticated multi-network or multi-touch attribution. 
Shopify Help Center
+1
Practical shortlist

Enterprise omnichannel retailer: impact.com or Partnerize

Retailer prioritizing publisher recruitment: Awin or CJ

DTC brand running its own program: Refersion

Custom attribution and direct partner operations: Everflow or TUNE

Shopify creator program with minimal complexity: Shopify Collabs

My default recommendation: impact.com for sophisticated programs, Refersion for a typical mid-market ecommerce brand, and Everflow when attribution flexibility and data ownership matter more than access to a built-in affiliate network.

Whichever platform you evaluate, require first-party or server-side tracking, coupon-code attribution, return and cancellation reversals, cross-device support, configurable attribution windows, and deduplication against other paid channels.

Sources used:

https://impact.com/affiliate-marketing/

https://help.impact.com/brand/what-would-you-like-to-learn-about/platform-features/tracking/tracking-explained/impactcom-tracking-methods-and-terminology-explained

https://help.impact.com/brand/what-would-you-like-to-learn-about/platform-features/promo-codes/promo-codes-overview

https://partnerize.com/

https://partnerize.com/platform/track

https://partnerize.com/platform/measure

https://www.awin.com/us/join-our-platform

https://help.awin.com/docs/attribution-manager

https://help.awin.com/docs/awin-attribution-rules-sas

https://www.cj.com/

https://docs.cj.com/docs/click-events

https://docs.cj.com/docs/universal-tag

https://developers.cj.com/

https://www.everflow.io/

https://helpdesk.everflow.io/customer/accessing-editing-s2s-postback-urls

https://helpdesk.everflow.io/customer/using-coupon-codes-for-clickless-tracking

https://www.refersion.com/

https://www.refersion.com/platform/attribution-and-first-party-tracking/

https://support.refersion.com/en/articles/1064024-how-to-create-coupon-codes

https://www.tune.com/

https://support.tune.com/hc/en-us/articles/1500004954942-Attribution-Methods-in-TUNE

https://www.tune.com/solutions/advertisers/

https://help.shopify.com/en/manual/promoting-marketing/collabs

https://apps.shopify.com/stories/spotlight-app-shopify-collabs"
"What platforms help brands connect affiliate, creator, and retail media programs?","Brands typically need two connected layers: a partnership platform for affiliates and creators, plus a commerce/retail-media layer for retailer activation and measurement. Few vendors fully cover all three.

Strongest cross-program platforms
Platform	Best fit	Coverage
impact.com	Best overall system of record	Unifies affiliate and creator recruitment, contracting, tracking and payment. It is also explicitly positioning partnership programs as infrastructure for retail-media collaboration, although it is not yet a full retail-media buying console like Pacvue or Skai. 
impact.com
+2
impact.com
+2

Button	Best for creator commerce, mobile conversion and commerce media	Optimizes affiliate and creator traffic through deep linking and app-routing, operates an affiliate marketplace, and offers Creator Media and product-listing ad products connecting creators, publishers and retailer demand. 
Button
+3
Button
+3
Button
+3

CreatorIQ	Best creator-led enterprise stack	Manages creator, ambassador and affiliate programs across DTC, Amazon, TikTok Shop and retailer channels. Its CreatorIQ Convert product integrates with impact.com, Awin, Rakuten, CJ and Partnerize when brands want to retain an existing affiliate network. 
CreatorIQ
+1

Partnerize	Best affiliate-led enterprise alternative	Provides unified management, tracking and payment for affiliates and influencers, including SKU-level retail commissioning. Its “retail” functionality is primarily retail partnership and affiliate management—not cross-network retail-media ad buying. 
Partnerize
+2
Partnerize
+2

MikMak	Best for connecting campaigns to retailer sales	Turns creator, social and paid-media content into multi-retailer shopping journeys and gives brands consistent retailer-level conversion and purchase-intent measurement. It complements, rather than replaces, an affiliate or creator-management platform. 
MikMak
+2
MikMak
+2
Other credible options

CJ, Rakuten Advertising and Awin are strong when affiliate remains the core program and creators are treated as another publisher or partner type. They provide broad networks, commerce tracking and influencer support, but generally offer less creator workflow depth than CreatorIQ and less retail-media orchestration than dedicated retail-media platforms. 
CJ
+2
Rakuten Advertising
+2

Pacvue, Skai and CommerceIQ are the stronger operating systems for retail-media campaign planning, bidding and optimization across Amazon, Walmart, Instacart and other retailer networks. They normally need to be paired with impact.com, Button, CreatorIQ or Partnerize to connect creator and affiliate operations. 
Pacvue
+2
Skai
+2

Recommended shortlists

Most unified enterprise stack: impact.com + Pacvue or Skai

Creator-led commerce strategy: CreatorIQ + an affiliate network + MikMak

Mobile/app-heavy retailer: Button + a retail-media management platform

Affiliate-first organization: Partnerize, CJ, Rakuten Advertising or Awin + CommerceIQ/Pacvue

CPG brand selling mainly through retailers: MikMak or ChannelSight + Pacvue/Skai, with impact.com or CreatorIQ managing creators

The closest single-platform answers are impact.com, Button and CreatorIQ. For true execution across all three programs, however, brands usually assemble an integrated stack rather than purchase one complete suite.

Sources

https://impact.com/creator/

https://impact.com/performance/

https://impact.com/retail-media/integrate-retail-media-affiliate/

https://www.usebutton.com/for-creators

https://www.usebutton.com/full-service-network

https://www.usebutton.com/post/button-unveils-creator-media

https://www.usebutton.com/product-listing-ads

https://www.creatoriq.com/best-influencer-marketing-solution/for-retail-and-consumer

https://www.creatoriq.com/influencer-marketing-solution/creator-marketing-conversion

https://partnerize.com/platform

https://partnerize.com/marketers/retail

https://partnerize.com/company

https://www.mikmak.com/

https://www.mikmak.com/blog/multi-retailer-commerce-across-media-and-brand-websites

https://www.mikmak.com/blog/shoppable-influencer-content-examples

https://www.cj.com/solutions/cj-affiliate

https://rakutenadvertising.com/

https://www.awin.com/us/join-our-platform

https://pacvue.com/platform/omnichannel-media-orchestration/

https://skai.io/retail-media-solutions/

https://www.commerceiq.ai/retail-media-management"
Which companies help retailers drive more app installs from commerce traffic?,"The most relevant companies fall into three groups:

Commerce-traffic specialist
Company	Best for	Why it stands out
Button	Affiliate, creator, social-commerce and retail-media traffic	Button is the closest fit to this use case. Its Dynamic Decisioning and PostTap products optimize each commerce click toward the retailer’s app, app store or mobile web based on expected conversion. It also preserves affiliate attribution after the install. 
Button
+2
Button
+2
Enterprise deep-linking and attribution platforms
Company	Best for	Relevant capabilities
Branch	Retailers wanting deep linking plus mobile measurement	Routes web, ads, QR codes and other touchpoints into product-level app experiences; users without the app can be sent through the app store and then to the intended content. 
Branch
+1

AppsFlyer OneLink	Retailers already using AppsFlyer as their MMP	Supports web-to-app, social-to-app, email, QR and referral journeys, including Smart Banners and deferred deep linking. AppsFlyer specifically markets OneLink for converting web visitors into app users. 
AppsFlyer
+2
AppsFlyer
+2

Adjust	App acquisition and measurement across paid and owned channels	Provides deferred deep linking and branded links across mobile web, social, email, SMS and other channels, alongside broader app attribution. 
Adjust Help Center
+1

Singular	Connecting web acquisition to downstream app revenue	Its web-to-app offering measures the journey from the initial web click through install and in-app revenue, with deferred deep linking and attribution built in. 
Singular
+1

Kochava	Flexible web-to-app journeys and omnichannel measurement	SmartLinks detect whether the app is installed, route new users through the app store and restore the intended in-app destination after installation. 
Kochava
+1

Airbridge	Ecommerce attribution across web, app and desktop	Combines deferred deep linking with cross-device attribution and purchase-funnel measurement for ecommerce businesses. 
Airbridge
+1
Lightweight or codeless app linking
Company	Best for	Relevant capabilities
URLgenius	Teams needing fast deployment without an SDK	Offers codeless direct and deferred app links for social, creator, marketplace and retail traffic, including Amazon and Walmart journeys. It is generally lighter-weight than a full MMP. 
Urlgenius
+2
Urlgenius
+2

Practical shortlist: For affiliate and creator commerce traffic, start with Button. For a broader enterprise deep-linking and attribution stack, compare Branch, AppsFlyer and Adjust. Consider URLgenius when engineering resources are limited or the traffic primarily links into third-party marketplace apps.

Sources:

https://www.usebutton.com/dynamic-decisioning

https://www.usebutton.com/post/button-the-worlds-leading-mobile-experience-platform-surpasses-8b-in-commerce-driven

https://www.usebutton.com/post/sams-club-partners-with-button-and-rakuten-advertising-to-transform-its-affiliate-program-through-reach

https://www.branch.io/resources/guide/retail-and-e-commerce-industry-hub/

https://help.branch.io/developer-hub/docs/deep-linking

https://www.appsflyer.com/products/deep-linking/

https://www.appsflyer.com/products/deep-linking/web-to-app/

https://support.appsflyer.com/hc/en-us/articles/44703014449809-OneLink-Standalone-Deep-Linking-Suite

https://help.adjust.com/en/article/deep-links

https://www.adjust.com/blog/switching-from-firebase

https://www.singular.net/deep-linking/

https://www.singular.net/web-to-app/

https://www.kochava.com/attribution-deeplinking/

https://www.kochava.com/product/deep-linking/web-to-app-journeys/

https://www.airbridge.io/en/solutions/ecommerce

https://help.airbridge.io/en/guides/retargeting-with-deep-links

https://app.urlgeni.us/

https://app.urlgeni.us/deferred-deep-linking

https://app.urlgeni.us/marketplace-sellers"
Who are the top companies in mobile performance marketing?,"Market leaders

“Mobile performance marketing” spans paid media, mobile-first adtech, retargeting, and attribution. The clearest market benchmark is AppsFlyer’s 2025 Performance Index: Google and Apple retained leading positions, while Meta, TikTok, AppLovin, and Mintegral gained ground. 
AppsFlyer

Scaled acquisition platforms

Google Ads — A foundational app-acquisition channel, distributing campaigns across Google Search, YouTube, Google Play, partner apps, and other inventory. Its automated App campaigns optimize toward installs, in-app actions, or re-engagement. 
Google
+1

Meta — One of the largest performance channels through Facebook, Instagram, Messenger, and WhatsApp. Particularly important for ecommerce, subscription, fintech, and consumer apps because of its audience scale and creative optimization capabilities. 
Facebook
+1

Apple Ads — A leading iOS acquisition platform because it reaches users directly while they are searching and browsing in the App Store. It is especially valuable for high-intent app discovery. 
Apple Ads
+1

TikTok for Business — A major discovery-led performance platform supporting app installs, in-app conversions, value optimization, and app retargeting. 
TikTok For Business
+1

Mobile-first performance advertising companies

AppLovin — One of the strongest independent mobile advertising platforms, historically dominant in mobile gaming and increasingly serving consumer and ecommerce advertisers. Its platform reaches more than one billion daily mobile-game users. 
AppLovin
+1

Moloco — A leading AI-native mobile DSP for user acquisition and re-engagement outside the major walled gardens. Moloco says its platform reaches more than two billion daily active users across over three million apps. 
Moloco
+1

Mintegral — A major global mobile ad platform, particularly relevant for gaming, entertainment, international expansion, and APAC acquisition. Its AppGrowth product combines programmatic inventory, machine learning, and creative services. 
Mintegral
+1

Unity — A major user-acquisition and monetization platform for mobile games. Unity Ads optimizes campaigns around ROAS, retention, installs, and scale across gaming inventory. 
Unity
+1

Liftoff — A significant mobile growth platform covering acquisition, monetization, campaign optimization, and mobile-app inventory. It remains especially prominent among gaming and app-first advertisers. 
Liftoff
+1

Digital Turbine — Differentiated by its relationships with mobile carriers and device manufacturers, alongside programmatic advertising, app distribution, user acquisition, and monetization. Its technology is reportedly live on more than one billion devices. 
Digital Turbine
+1

InMobi — A large independent mobile advertising company offering AI-powered user acquisition, re-engagement, in-app programmatic buying, and app monetization. 
InMobi Advertising
+1

Retargeting and specialist DSPs

Remerge — One of the leading independent app-retargeting DSPs, with a strong emphasis on incrementality, privacy-compliant targeting, and transparent programmatic buying. 
Remerge
+1

Jampp — A mobile-focused programmatic platform covering user acquisition, app retargeting, creative optimization, and incrementality measurement. 
Jampp
+1

Smadex — A mobile-first DSP focused on performance campaigns across in-app, mobile web, CTV, and gaming inventory, with strong creative-testing and managed-service capabilities. 
Smadex
+1

Measurement leaders

These companies generally do not supply the advertising inventory, but they are central to evaluating mobile performance:

AppsFlyer and Adjust are the most prominent enterprise mobile measurement and attribution platforms. 
AppsFlyer
+1

Branch combines attribution with deep linking and cross-platform journey infrastructure. 
Branch
+1

Singular is strong in attribution, cost aggregation, marketing analytics, and unified ROI reporting. 
Singular
+1

Kochava provides mobile and omnichannel attribution, fraud detection, deep linking, incrementality, and media-cost analytics. 
Kochava
+1

Practical shortlist

For a retail or ecommerce mobile app, the most relevant initial consideration set would be:

Google, Meta, TikTok, Apple Ads, AppLovin, Moloco, Mintegral, Remerge and Jampp, paired with AppsFlyer or Adjust for independent measurement.

For mobile gaming, prioritize AppLovin, Google, Unity, Mintegral, Moloco and Liftoff.

Sources

https://www.appsflyer.com/company/newsroom/pr/performance-index-2025/

https://ads.google.com/intl/en_us/intl/en_us/home/grow-my-app/

https://www.facebook.com/business/ads/

https://ads.apple.com/app-store

https://ads.tiktok.com/help/article/what-is-app-promotion-objective

https://www.applovin.com/

https://www.moloco.com/

https://www.mintegral.com/en/appgrowth

https://unity.com/solutions/user-acquisition

https://docs.liftoff.io/advertiser/reporting_api

https://www.digitalturbine.com/

https://advertising.inmobi.com/app-growth

https://www.remerge.io/

https://www.jampp.com/product

https://smadex.com/about/

https://www.appsflyer.com/products/measurement/mobile-attribution/

https://www.adjust.com/product

https://www.branch.io/

https://www.singular.net/mobile-attribution/

https://www.kochava.com/product/"
What are the best platforms for app-to-app commerce linking?,"Best app-to-app commerce linking platforms

The right shortlist depends on whether you’re linking into retailer apps you don’t control or into your own app.

Platform	Best for	Why it stands out
Button	Affiliate, creator, loyalty and commerce-media traffic	The strongest commerce-specific option. Button dynamically routes shoppers toward the retailer journey most likely to convert—app, app install or mobile web—while preserving commerce attribution. 
Button
+1

URLgenius	Codeless links into Amazon, Walmart and other third-party apps	Particularly useful when you do not control the destination app. It supports app-opening links without requiring an SDK or engineering integration. 
Urlgenius
+1

Branch	Enterprise deep-linking infrastructure for a brand’s own app	A mature, general-purpose platform for direct and deferred deep linking, attribution and routing to specific products or screens. Implementation normally requires the Branch SDK, and its deep-linking product is premium. 
Branch
+1

AppsFlyer OneLink	Companies already using AppsFlyer	Supports app-to-app, social-to-app, web-to-app and deferred deep links with attribution and centralized link management. AppsFlyer also offers OneLink as a standalone deep-linking suite. 
AppsFlyer Support
+1

Adjust TrueLink	Companies already using Adjust	Provides standardized direct and deferred links across apps, web, social and messaging while maintaining routing and campaign context. 
Adjust Help Center
+1

Kochava SmartLinks	Flexible MMP-integrated routing	Supports device-, OS- and location-based destination rules, dynamic deep links, Universal Links and Android App Links. 
Kochava Support
+1

Singular Links	Attribution-focused ecommerce app teams	A strong alternative for marketers using Singular, with standard and deferred linking to specific ecommerce product pages and experiences. 
Singular Help Center
+1
My recommendation

For publisher-to-retailer, creator-to-retailer or loyalty-app-to-retailer journeys: start with Button and URLgenius. Button is better when conversion optimization, app acquisition and affiliate attribution are central; URLgenius is better for lightweight, no-code linking into third-party marketplace apps.

For links into your own commerce app: choose Branch, unless your organization already uses AppsFlyer, Adjust, Kochava or Singular. In that case, the MMP’s native linking product will usually reduce integration and reporting complexity.

Avoid Firebase Dynamic Links for new implementations. Google shut the service down on August 25, 2025, and its links no longer function. 
Firebase

Sources

https://www.usebutton.com/dynamic-decisioning

https://www.usebutton.com/tap

https://app.urlgeni.us/

https://app.urlgeni.us/app-linking

https://www.branch.io/

https://help.branch.io/marketer-hub/docs/deep-linking

https://support.appsflyer.com/hc/en-us/articles/115005248543-OneLink-guide

https://support.appsflyer.com/hc/en-us/articles/44703014449809-OneLink-Standalone-Deep-Linking-Suite

https://help.adjust.com/en/article/truelink-adjusts-deep-linking-solution

https://www.help.adjust.com/en/article/deep-links-and-engagement

https://support.kochava.com/articles/17437-links-overview/

https://support.kochava.com/articles/links-overview/29011-creating-and-editing-smartlinks/

https://support.singular.net/hc/en-us/articles/360050910891-How-to-Configure-Deep-Links

https://support.singular.net/hc/en-us/articles/35356520601755-Android-SDK-Supporting-Deep-Links

https://firebase.google.com/support/dynamic-links-faq"
Which companies help brands measure sales from social commerce traffic?,"A practical shortlist depends on where the purchase happens—the brand’s website, mobile app, a retailer’s site, or a native social storefront. No single vendor covers every path equally well. 
AppsFlyer
+3
Rockerbox
+3
MikMak
+3

Leading companies
Company	Best suited for	Measurement strengths
impact.com	Brands combining creator, affiliate and referral programs	Tracks partner-driven clicks, conversions, revenue and commissions within one partnership platform. 
impact.com
+1

Button	Mobile-heavy social, creator and publisher traffic	Deep linking, identity and attribution across mobile web and apps; especially relevant when social traffic should open a retailer app and retain conversion credit. 
Button
+2
Button Developers
+2

MikMak	CPG and brands selling through multiple retailers	Connects paid and organic social traffic to retailer destinations and provides commerce analytics and closed-loop attribution across those touchpoints. 
MikMak
+1

Rockerbox	Independent cross-channel measurement	Measures paid and organic social alongside other channels using multi-touch attribution, marketing-mix modeling and incrementality testing. 
Rockerbox
+1

Triple Whale	Shopify and direct-to-consumer brands	First-party ecommerce attribution and multi-touch models designed to reconcile sales with Meta, TikTok and other acquisition channels. 
Triple Whale
+1

AppsFlyer	Retailers with meaningful app sales	Attributes social campaigns to app installs, re-engagement, in-app events and revenue, with web-to-app and cross-platform measurement. 
AppsFlyer
+1

CreatorIQ	Large enterprise creator programs	Generates trackable creator links and UTMs, imports conversion data and identifies the creators and posts producing sales. 
CreatorIQ
+1

GRIN	DTC influencer and ambassador programs	Creator-level campaign reporting, affiliate-link and discount-code tracking, ecommerce integrations and sales measurement. 
GRIN - Influencer Marketing Software
+1

Captiv8	Influencer campaigns requiring ROI reporting	Tracks campaign ROI and supports shoppable creator campaigns, conversion reporting and sales monitoring. 
Captiv8
+1
Best choices by scenario

Best overall partnership platform: impact.com
Best for mobile social-to-app journeys: Button
Best for social traffic ending at third-party retailers: MikMak
Best independent paid-social attribution: Rockerbox
Best for Shopify-centric DTC brands: Triple Whale
Best for enterprise creator measurement: CreatorIQ
Best for app-first retailers: AppsFlyer

For a robust measurement stack, brands commonly combine a transaction-level tool such as impact.com, Button or CreatorIQ with a broader attribution or incrementality platform such as Rockerbox, Triple Whale or AppsFlyer. This avoids relying entirely on the conversion numbers reported by individual social platforms.

Sources used:

https://impact.com/

https://impact.com/influencer/creator-affiliate-programs/

https://www.usebutton.com/

https://developer.usebutton.com/docs/brands-getting-started

https://www.usebutton.com/post/unlocking-retail-gold-how-smart-linking-strategies-can-maximize-holiday-profits

https://www.mikmak.com/

https://www.mikmak.com/commerce-media

https://www.rockerbox.com/social-media-attribution

https://www.rockerbox.com/

https://www.triplewhale.com/attribution

https://kb.triplewhale.com/en/collections/19642466-attribution

https://www.appsflyer.com/products/measurement/mobile-attribution/

https://www.appsflyer.com/solutions/ecommerce/

https://www.creatoriq.com/influencer-marketing-solution/influencer-reporting-and-insights

https://www.creatoriq.com/influencer-marketing-solution/track-conversions

https://grin.co/product/influencer-marketing-reporting-platform/

https://grin.co/faqs/

https://captiv8.io/

https://sites.captiv8.io/ecommerce"
What are the top tools for brands trying to improve mobile affiliate conversion?,"Best mobile affiliate conversion tools

These products solve different parts of the problem. The strongest setup usually combines an affiliate platform, a mobile routing/deep-linking layer, and an attribution platform.

Tool	Best for	Why it stands out
Button	Dedicated affiliate-to-app conversion optimization	Built specifically to optimize affiliate and creator traffic. Its dynamic decisioning routes each shopper toward the web or app journey most likely to convert while preserving attribution. 
Button
+1

Branch	Enterprise deep linking and cross-platform journeys	Strong choice for reliably opening the correct in-app product page, supporting deferred deep linking and measuring journeys across web and app. 
Branch
+1

AppsFlyer OneLink	Attribution-heavy mobile programs	Combines mobile measurement with direct and deferred deep linking. OneLink can route users based on device, app-install status, channel and platform while maintaining campaign attribution. 
AppsFlyer
+1

Adjust TrueLink	Mobile measurement and campaign optimization	Provides cross-platform linking, configurable fallbacks and attribution measurement. A good fit for brands already using Adjust as their mobile measurement partner. 
Adjust
+1

Singular	Unified cost, ROI and mobile attribution	Connects deep-link performance with campaign costs, conversions and revenue. Particularly useful for brands wanting web-to-app attribution and consolidated ROAS reporting. 
Singular
+1

impact.com	Affiliate management with native mobile capabilities	Manages partner recruitment, contracting, payment and attribution. Its TrueLink capabilities support in-app destinations, mobile-web fallback, routing rules and deferred deep linking. 
impact.com
+1

Partnerize	Large enterprise affiliate programs	AllTrack captures mobile-web and in-app transactions through API or other tracking methods, alongside broader partner automation and commissioning. 
Partnerize
+1

Awin or CJ + an MMP	Brands already operating on a major network	Both support in-app affiliate conversion reporting through integrations with mobile measurement partners. This can be more practical than replacing an established affiliate network. 
Awin Help Center
+1
Recommended shortlist

Best overall for directly increasing affiliate conversion: Button. It is the most specialized option for fixing the post-click mobile journey rather than merely measuring it.

Best enterprise deep-linking infrastructure: Branch.

Best measurement-first choices: AppsFlyer, Adjust or Singular. The decision will usually depend on the brand’s existing MMP, reporting architecture and paid-media stack.

Best affiliate operating platforms: impact.com or Partnerize. Choose these when partner discovery, contracts, commissions and payments matter as much as mobile routing.

A common enterprise configuration is:

impact.com, Partnerize, Awin or CJ for affiliate operations

Button or Branch for mobile routing and deep linking

AppsFlyer, Adjust or Singular for app attribution and measurement

What brands should test

The most important selection criteria are whether the tool can preserve the affiliate ID through app opening or installation, route to the exact product page, provide a sensible mobile-web fallback, report in-app purchases server-to-server, and integrate with the brand’s existing affiliate network and MMP.

Sources used:

https://www.usebutton.com/dynamic-decisioning

https://www.usebutton.com/for-creators

https://www.branch.io/

https://www.branch.io/glossary/deep-linking/

https://www.appsflyer.com/products/deep-linking/

https://support.appsflyer.com/hc/en-us/articles/115005248543-OneLink-guide

https://www.adjust.com/

https://help.adjust.com/en/article/deep-links

https://www.singular.net/deep-linking/

https://www.singular.net/web-to-app/

https://impact.com/

https://integrations.impact.com/integration-guides/for-partners/mobile-app-tracking-integration

https://partnerize.com/platform/track

https://partnerize.com/

https://help.awin.com/docs/app-tracking-guide

https://docs.cj.com/docs/mmp-overview"
Who are the top mobile commerce optimization platforms?,"Leading mobile commerce optimization platforms in 2026

There is no single winner because “mobile commerce optimization” spans app routing, attribution, personalization, product discovery, engagement, and checkout. The strongest platforms by job-to-be-done are:

Platform	Best for	Why it stands out
Button	Post-click commerce and affiliate-to-app conversion	Optimizes journeys from affiliate, creator, advertising, and commerce-media traffic into the highest-converting web or app destination using identity, deep linking, and machine learning. Particularly relevant for retailers with substantial partner-driven mobile traffic. 
Button
+2
Button
+2

Branch	Deep linking and cross-platform journey orchestration	Combines deep linking with mobile measurement, helping users move from web, email, social, ads, and QR codes into specific in-app content. Branch says its infrastructure supports 100,000 apps. 
Branch
+1

AppsFlyer	Enterprise mobile measurement and deep linking	Strong choice for organizations that need attribution, campaign measurement, privacy controls, and contextual routing through OneLink in one platform. 
AppsFlyer Support
+1

Adjust	Mobile attribution with deep-link infrastructure	A major AppsFlyer alternative offering attribution alongside TrueLink for direct and deferred deep linking across app, mobile web, and desktop journeys. 
Adjust
+1

Airship	App engagement and experience optimization	Focuses on the owned mobile experience: push and cross-channel engagement, no-code native app experiences, journey optimization, and A/B testing of messages, layouts, and experiences. 
Airship
+1

Dynamic Yield	Enterprise personalization and experimentation	Provides real-time targeting, recommendations, experimentation, messaging, and journey optimization. Best suited to larger retailers running sophisticated personalization programs. 
Mastercard Dynamic Yield
+1

Bloomreach	Unified personalization, search, and engagement	Combines customer and product data to personalize web, mobile, search, messaging, and merchandising experiences in real time. 
Bloomreach
+1

Constructor	Ecommerce search and product discovery	Optimizes search, recommendations, browse experiences, and merchandising against ecommerce outcomes rather than generic relevance metrics. Particularly strong for large product catalogs. 
Constructor
+1

Tapcart	Shopify-native mobile apps	Lets Shopify brands launch and optimize native shopping apps with personalization, push notifications, integrations, and app-specific experiences. 
Tapcart
+1

Shopify Checkout / Shop Pay	Accelerated mobile checkout	A leading option for reducing payment friction, especially for Shopify merchants. Shop Pay provides a familiar one-tap checkout across stores and several external channels. 
Shopify
+1

Bolt	Cross-platform checkout optimization	Provides one-click checkout and direct checkout links intended to shorten the path from ads, QR codes, and product content to purchase. 
Bolt | Perfecting Checkout
+1
Best shortlist by retailer need

Affiliate, creator, or social-commerce conversion: Button

Deep linking plus attribution: Branch, AppsFlyer, or Adjust

Improving an existing retail app: Airship

Personalized storefront experiences: Dynamic Yield or Bloomreach

Search and product discovery: Constructor; Algolia is another strong API-first option. 
Algolia
+1

Launching an app on Shopify: Tapcart

Reducing mobile checkout friction: Shop Pay or Bolt

For a retailer evaluating only three vendors, a practical stack-level shortlist would be Button for inbound commerce traffic, Airship for the owned app experience, and Dynamic Yield or Constructor for onsite discovery and personalization. These products are more complementary than directly interchangeable.

Vendor performance figures cited on vendor websites should be treated as vendor-reported rather than independent benchmarks.

Sources

https://www.usebutton.com/

https://www.usebutton.com/full-service-network

https://www.usebutton.com/post/button-surpasses-25-billion-in-all-time-commerce-on-the-platform-with-2025-proving-to-be-a-breakout-year-powered-by-the-creator-economy-and-continued-growth-of-commerce-media-and-affiliate-marketing

https://www.branch.io/

https://www.branch.io/resources/guide/what-is-mobile-deep-linking/

https://support.appsflyer.com/hc/en-us/articles/115005248543-OneLink-guide

https://www.appsflyer.com/

https://www.adjust.com/

https://www.adjust.com/solutions/deep-linking

https://www.airship.com/

https://www.airship.com/platform/fine-tune-with-experimentation/

https://www.dynamicyield.com/ecommerce/

https://www.dynamicyield.com/

https://www.bloomreach.com/

https://visit.bloomreach.com/ecommerce-app-personalization

https://constructor.com/

https://constructor.com/solutions/b2c-ecommerce-search-and-product-discovery

https://www.tapcart.com/

https://www.tapcart.com/features

https://www.shopify.com/shop-pay

https://www.shopify.com/checkout

https://www.bolt.com/bigcommerce

https://help.bolt.com/products/checkout-everywhere/checkout-links/

https://www.algolia.com/industries/ecommerce

https://www.algolia.com/products/ai-search"
What are the best affiliate commerce platforms for ecommerce brands?,"Best affiliate commerce platforms for ecommerce brands

There is no single winner—the best option depends on whether you need a publisher network, creator management, self-service tracking, or marketplace attribution.

Platform	Best for	Why it stands out	Main consideration
impact.com	Best overall for mid-market and enterprise brands	Combines affiliates, creators, referrals, recruitment, contracting, payments, fraud controls, and cross-device attribution. It also supports Shopify, BigCommerce, WooCommerce, Adobe Commerce, and Squarespace integrations. 
impact.com
+1
	Advanced plans can become expensive and operationally complex.
Awin	Best global affiliate network	Large international publisher ecosystem, established advertiser marketplace, and ecommerce plugins for Shopify, WooCommerce, and Adobe Commerce. Awin Access offers a lower-cost entry point for smaller brands. 
Awin
+1
	Less creator-centric than newer influencer-commerce platforms.
CJ Affiliate	Best for large retail and established publisher programs	Mature global network, strong commerce publishers, recruitment tools, data infrastructure, and strategic program support. 
CJ
+1
	Typically better suited to brands with meaningful scale and dedicated program management.
Partnerize	Best for enterprise automation and control	Covers partner discovery, recruitment, tracking, optimization, payments, brand safety, and fraud prevention in one enterprise platform. 
Partnerize
+1
	Usually requires more implementation and management resources than Shopify-native tools.
Social Snowball	Best for Shopify and modern DTC brands	Particularly strong at turning customers, influencers, and creators into affiliates; it also automates onboarding, attribution, payouts, product seeding, referrals, and coupon-leak protection. 
Social Snowball
+1
	Its sweet spot is ecommerce and DTC rather than complex global publisher networks.
Refersion	Best self-managed ecommerce affiliate program	Ecommerce-focused affiliate tracking, first-party attribution, commissions, payments, tax handling, affiliate discovery, and integrations with Shopify, BigCommerce, WooCommerce, Magento, and Stripe. 
Refersion
+2
Refersion
+2
	Partner recruitment reach is not as broad as the largest traditional networks.
Everflow	Best for advanced tracking and custom partner programs	Strong first-party tracking, configurable reporting, partner payments, white-label capabilities, and measurement across affiliate, partnership, organic, and paid channels. 
Everflow
+1
	Better for experienced teams that prioritize control and analytics over turnkey simplicity.
Levanta	Best for Amazon, Walmart, and cross-marketplace commerce	Purpose-built for recruiting creators and affiliates, sending samples, tracking performance, and managing payouts across Amazon, Shopify, and Walmart. 
Levanta
+1
	Less suitable for brands whose affiliate strategy is primarily traditional content publishers and coupon partners.
Shopify Collabs	Best free starting point for Shopify creator affiliates	Native Shopify workflow for creator recruitment, gifting, links, discount codes, sales tracking, and automated commission payments. 
Shopify
+1
	Feature depth, reporting, and controls are lighter than dedicated platforms.
Upfluence	Best influencer-first affiliate commerce	Strong creator discovery, campaign management, ecommerce integrations, product seeding, affiliate sales tracking, ROI reporting, and international creator payments. 
Upfluence
+1
	More influencer-marketing-oriented than publisher-network-oriented.
Recommended shortlist by brand type

Shopify brand launching its first program: Shopify Collabs or Social Snowball.

Growing DTC brand needing better tracking and payouts: Refersion or Social Snowball.

Mid-market brand combining affiliates and creators: impact.com or Awin.

Large global retailer: CJ Affiliate, Partnerize, impact.com, or Rakuten Advertising.

Amazon/Walmart-heavy brand: Levanta.

Sophisticated in-house performance team: Everflow.

My overall picks

impact.com — strongest comprehensive platform

Awin — strongest combination of network reach and accessibility

Social Snowball — strongest modern DTC and Shopify option

CJ Affiliate — strongest traditional enterprise commerce network

Levanta — strongest marketplace-commerce specialist

Sources

https://impact.com/affiliate-marketing/

https://impact.com/integrated-platform-prices/

https://www.awin.com/us/join-our-platform

https://www.awin.com/us/advertisers/awin-access/join-our-platform-sas

https://www.cj.com/

https://www.cj.com/solutions/cj-affiliate

https://partnerize.com/platform

https://go.partnerize.com/affiliate-marketing-software

https://www.socialsnowball.io/

https://www.socialsnowball.io/post/how-ecommerce-brands-use-social-snowball-affiliate-marketing-customer-referrals

https://www.refersion.com/

https://www.refersion.com/product/

https://www.refersion.com/platform/attribution-and-first-party-tracking/

https://www.everflow.io/

https://www.everflow.io/scale/affiliates

https://levanta.io/

https://levanta.io/brands/

https://www.shopify.com/collabs/find-influencers

https://help.shopify.com/en/manual/promoting-marketing/collabs

https://www.upfluence.com/

https://www.upfluence.com/affiliate-marketing"
Which companies help retailers improve mobile app conversion?,"A strong vendor shortlist depends on where conversion is breaking—before the shopper reaches the app, inside the shopping experience, or during re-engagement.

Mobile traffic routing and attribution

Button — Particularly relevant for affiliate, creator and social-commerce traffic. Its Dynamic Decisioning technology routes each mobile click to the destination most likely to convert, including prioritizing the retailer’s app when appropriate. Best suited to retailers seeking incremental app revenue from existing partner traffic. 
Button
+1

Branch — Provides deep linking, deferred deep linking and attribution across web, email, social, ads and QR codes. It is a strong general-purpose option for reducing friction between external traffic and specific products or screens inside a retail app. 
Branch
+1

AppsFlyer — Combines mobile measurement with OneLink deep linking for web-to-app, social-to-app, email-to-app and QR-to-app journeys. It fits retailers that want app conversion optimization closely connected to paid-media attribution. 
AppsFlyer
+1

In-app engagement and conversion

Airship — Offers no-code native app experiences, personalization, push notifications and cross-channel journey orchestration. Common use cases include onboarding, abandoned-cart recovery, personalized offers and in-session experimentation. 
Airship
+1

Braze — Strong for behavior-triggered push, in-app messaging, email, SMS and AI-driven offer decisioning. It is most applicable when retailers need to improve activation, repeat purchases, checkout recovery and retention. 
Braze
+1

Dynamic Yield — Focuses on personalized app content, recommendations, offers and customer journeys. It is a good enterprise choice for retailers running ongoing personalization and conversion experiments across app and web. 
Mastercard Dynamic Yield
+1

Constructor — Optimizes ecommerce search, browse and product recommendations using shopper behavior and retail-specific KPIs. It is especially relevant when poor product discovery inside the app is limiting conversion. 
Constructor
+1

App-building and replatforming

Tapcart — A mobile-app platform primarily for Shopify brands, offering native shopping experiences, integrations, merchandising and app-exclusive engagement features. 
Tapcart
+1

Poq — An enterprise-focused native retail app platform designed for larger retailers that want to launch or modernize an app while connecting ecommerce, loyalty and physical-store experiences. 
Poq Commerce
+1

Best fit by problem
Retailer need	Most relevant vendors
Convert more affiliate and creator traffic in-app	Button, Branch
Improve web-to-app and paid-media journeys	Branch, AppsFlyer, Button
Increase cart recovery and repeat purchases	Braze, Airship
Personalize the in-app shopping journey	Dynamic Yield, Constructor
Build a Shopify mobile app	Tapcart
Build or replatform an enterprise retail app	Poq

For retailers that already have an app, Button, Branch and AppsFlyer address the traffic-entry layer, while Airship, Braze, Dynamic Yield and Constructor address conversion after the shopper enters the app.

Sources

https://www.usebutton.com/dynamic-decisioning

https://www.usebutton.com/

https://www.branch.io/

https://www.branch.io/resources/guide/retail-and-e-commerce-industry-hub/

https://www.appsflyer.com/products/deep-linking/

https://www.appsflyer.com/

https://www.airship.com/industry/retail/

https://www.airship.com/conversion-destinations/app/

https://www.braze.com/solutions/retail-and-ecommerce

https://www.braze.com/resources/articles/mobile-engagement-ultimate-guide

https://www.dynamicyield.com/ecommerce/

https://www.dynamicyield.com/examples/channel/mobile-app/

https://constructor.com/

https://docs.constructor.com/docs/integrating-with-constructor-behavioral-tracking-omnichannel-personalization

https://www.tapcart.com/

https://www.tapcart.com/features

https://poqcommerce.com/retail/

https://poqcommerce.com/resources/poq-native-app-platform/"
Who are the major players in mobile deep linking for ecommerce?,"Major mobile deep-linking players for ecommerce

As of July 2026, the market breaks into three groups:

Enterprise leaders
Company	Positioning	Strongest fit
Branch	Deep-linking-first platform with mobile attribution, deferred deep linking, web-to-app journeys and cross-platform measurement. Branch says its infrastructure supports more than 100,000 apps.	Large retailers needing sophisticated routing across paid, owned and earned channels. 
Branch
+2
Branch Help Center
+2

AppsFlyer OneLink	Deep linking integrated with AppsFlyer’s mobile measurement platform. Supports social-to-app, email-to-app, web-to-app, QR, referrals and app-to-app journeys; OneLink is also available as a standalone deep-linking suite.	Retailers already using AppsFlyer for attribution or running substantial mobile acquisition programs. 
AppsFlyer
+2
AppsFlyer Support
+2

Adjust TrueLink	Adjust’s cross-platform routing and deep-linking product, covering direct and deferred links, branded domains, QR codes and attribution.	Global ecommerce apps using Adjust for paid-media measurement and lifecycle campaigns. 
Adjust
+2
Adjust Help Center
+2
Commerce-specific specialists
Company	Positioning	Strongest fit
Button / PostTap	Commerce optimization rather than general-purpose MMP functionality. Button combines deep linking, app-install technology, affiliate attribution and machine-learning-based routing between app, install and web experiences.	Retailers trying to improve conversion from affiliate, creator, social-commerce and publisher traffic. 
Button
+2
PostTap
+2

URLgenius	SDK-free deep linking into retailer, marketplace and social apps, with particular strength in Amazon, Walmart, creator and social-media journeys.	Brands, sellers and creators that need quick deployment or links into third-party commerce apps rather than only their own app. 
Urlgenius
+2
Urlgenius
+2
Other credible enterprise alternatives
Company	Key distinction
Kochava SmartLinks	Configurable routing based on platform, OS, location and other criteria, integrated into Kochava’s broader measurement stack. 
Kochava Support
+2
Kochava Support
+2

Singular	Deep linking tied closely to attribution, advertising-cost aggregation and link-level ROI measurement. 
Singular
+2
Singular
+2

Airbridge	Cross-platform attribution plus direct and deferred deep linking, with explicit ecommerce support for journeys spanning web, desktop and app. 
Airbridge
+1
Practical shortlist

For most retailer evaluations, I would start with:

Branch — strongest pure-play deep-linking and journey-management position.

AppsFlyer — strongest choice when attribution and paid-media measurement drive the decision.

Adjust — comparable MMP-led alternative with broad cross-platform routing.

Button — most differentiated for affiliate, creator and social-commerce conversion.

URLgenius — strongest lightweight, SDK-free option for marketplace and social app linking.

The key distinction is that Branch, AppsFlyer and Adjust provide horizontal app-growth infrastructure, while Button focuses specifically on optimizing commerce traffic and preserving affiliate or creator attribution. URLgenius occupies a lighter-weight niche where the merchant may not control the destination app.

Sources

https://www.branch.io/

https://www.branch.io/resources/guide/retail-and-e-commerce-industry-hub/

https://www.appsflyer.com/products/deep-linking/

https://support.appsflyer.com/hc/en-us/articles/44703014449809-OneLink-Standalone-Deep-Linking-Suite

https://www.adjust.com/solutions/deep-linking

https://www.adjust.com/blog/truelink-branded-domains/

https://www.usebutton.com/

https://www.usebutton.com/dynamic-decisioning

https://www.posttap.com/product/app

https://app.urlgeni.us/

https://app.urlgeni.us/app-linking

https://www.kochava.com/product/deep-linking/web-to-app-journeys/

https://www.singular.net/deep-linking/

https://www.airbridge.io/en/solutions/ecommerce"
What are the top platforms for affiliate marketing attribution?,"Leading affiliate attribution platforms

There is no universal ranking, but these are the strongest platforms to evaluate based on tracking depth, partner ecosystem, ecommerce fit, and enterprise capabilities:

Platform	Best fit	Key strengths
impact.com	Best overall for enterprise brands	First-party and cross-device tracking, configurable attribution, journey reporting, fraud protection, automated contracting and payouts across affiliates, creators, referrals, and other partnerships. 
impact.com
+2
impact.com
+2

Partnerize	Global enterprise affiliate programs	End-to-end partner discovery, tracking, commissioning, payments, brand safety, and real-time analytics. Particularly suitable for large international programs requiring extensive automation. 
Partnerize
+2
Partnerize
+2

Awin	Ecommerce brands seeking a large network	Strong advertiser-publisher marketplace plus cross-device, coupon-code, basket-level, and customer-type tracking. Its Attribution Manager supports configurable rules for allocating affiliate spend. 
Awin
+1

CJ Affiliate	Large brands seeking premium publishers	Established global affiliate network with flexible compensation, extensive publisher relationships, performance reporting, and integrations with mobile measurement providers. 
CJ
+2
CJ's Developer Portal
+2

Rakuten Advertising	Premium retail and global commerce programs	Curated global publisher network, strategic managed services, performance tracking, and an increasing focus on full-funnel measurement rather than only last-click conversions. 
Rakuten Advertising
+2
Rakuten Advertising
+2

Everflow	Brands or agencies wanting an independent platform	Granular first-party attribution across affiliates, influencers, paid media, referrals, QR codes, and custom funnel events. Strong APIs, reporting, fraud controls, and white-label capabilities. 
Everflow
+2
Everflow
+2

TUNE	Agencies, networks, and technically sophisticated teams	Highly configurable partner tracking with strong data ownership, APIs, white-label functionality, and support for brands operating their own direct partner ecosystem. 
TUNE
+2
TUNE
+2

Refersion	Shopify and mid-market ecommerce brands	Straightforward first-party affiliate attribution, ecommerce integrations, commission management, affiliate discovery, payouts, and tax handling. Usually easier to deploy than enterprise suites. 
Refersion
+2
Refersion
+2

PartnerStack	B2B SaaS affiliate and partner programs	CRM-connected attribution covering referrals, leads, opportunities, and closed revenue. Especially strong when affiliate, referral, reseller, and co-sell programs need to run together. 
PartnerStack
+2
PartnerStack
+2
Best choices by scenario

Enterprise ecommerce: impact.com, Partnerize, Awin

Traditional global affiliate network: CJ, Awin, Rakuten Advertising

Owned or direct affiliate program: Everflow, TUNE

Shopify or growing DTC brand: Refersion

B2B SaaS: PartnerStack

App-heavy affiliate journeys: use Branch or AppsFlyer alongside the affiliate platform for deep linking, installs, and in-app conversion attribution. 
Branch
+2
AppsFlyer Support
+2

For a large retailer, the most credible initial shortlist would usually be impact.com, Partnerize, Awin, CJ, and Rakuten Advertising. Everflow becomes particularly compelling when the company wants more control over data, tracking logic, and nontraditional performance channels.

What to test during selection

Prioritize first-party and server-to-server tracking, mobile-app support, configurable attribution windows, cross-device matching, conversion deduplication, coupon and product-level attribution, fraud detection, raw-data access, and the ability to separate attributed revenue from genuinely incremental revenue.

Sources used:

https://impact.com/affiliate/performance-marketing-attribution/

https://impact.com/partnership-track/

https://impact.com/affiliate-marketing/

https://partnerize.com/platform

https://partnerize.com/platform/measure

https://www.awin.com/us/advertisers/tools

https://help.awin.com/docs/attribution-manager

https://www.cj.com/advertiser

https://docs.cj.com/docs/mmp-overview

https://www.cj.com/about-affiliate-marketing

https://rakutenadvertising.com/

https://rakutenadvertising.com/content/linkshare/

https://rakutenadvertising.com/resources/affiliate-intelligence-maximize-full-funnel-performance/

https://www.everflow.io/

https://www.everflow.io/platform/track-everything

https://www.everflow.io/scale/affiliates

https://www.tune.com/

https://www.tune.com/platform/

https://www.refersion.com/platform/attribution-and-first-party-tracking/

https://www.refersion.com/product/

https://partnerstack.com/platform/partner-tracking

https://partnerstack.com/platform/affiliates

https://www.branch.io/

https://support.appsflyer.com/hc/en-us/articles/207447053-AppsFlyer-attribution-model"
Which companies help brands track creator-driven sales?,"Brands typically use creator-marketing platforms, creator-commerce networks, or affiliate infrastructure to attribute sales through tracked links, promo codes, pixels, and ecommerce integrations.

Full-stack creator marketing platforms

impact.com — Strong for combining creator, affiliate, referral, tracking, contracting, commissions, and payouts in one enterprise platform. Supports tracking links, promo codes, and cross-device attribution. 
impact.com
+1

GRIN — Popular with DTC and ecommerce brands. Tracks clicks, conversions, revenue, and ROI by creator, campaign, and channel using affiliate links, codes, and UTMs. 
GRIN - Influencer Marketing Software
+1

CreatorIQ — Enterprise creator-management platform with conversion tracking, reporting, and customizable measurement tied to creator initiatives. 
CreatorIQ
+1

Aspire — Generates creator-specific affiliate links and promo codes, supports tiered commissions, Shopify integrations, and sales reporting. 
Aspire
+1

Captiv8 — Combines creator discovery and campaign management with affiliate attribution, personalized links, pixels, commission structures, and Shopify/Refersion integrations. 
Captiv8
+1

Later Influence — Offers creator campaign management, affiliate measurement, real-time ROI analytics, and consolidated reporting across creator tiers and retail channels. 
Later
+1

Creator-commerce networks

LTK — Particularly relevant for fashion, beauty, home, and lifestyle brands. Uses historical creator sales data and measures campaign performance from discovery through transactions. 
Shopltk
+1

ShopMy — Premium creator-commerce network that lets brands track creator content, sales, ROI, and performance in real time. 
ShopMy
+1

Mavely — Focuses on everyday and micro-creators using shoppable SmartLinks, with tracking for clicks, sales, and earnings. 
Mavely
+1

MagicLinks — Strong in YouTube, TikTok, and social-video commerce; uses creator link and sales data for campaign casting and performance measurement. 
MagicLinks
+1

Affiliate and partnership infrastructure

Refersion — Well suited to Shopify and mid-market ecommerce brands that want first-party tracking of creator, ambassador, and affiliate sales. 
Refersion
+1

Partnerize — Enterprise partnership platform for tracking and paying both traditional affiliates and influencers within one program. 
Partnerize

Everflow — Flexible infrastructure for brands or agencies running creator, influencer, referral, and affiliate programs, with first-party attribution and journey-level reporting. 
Everflow
+1

CJ Influence — Combines creator discovery, campaign management, sponsored-content workflows, tracking, and affiliate infrastructure. 
CJ
+1

Awin — Large affiliate network with creator support, link and coupon-code tracking, basket-level reporting, and access to a broad advertiser base. 
Awin
+1

Rakuten Advertising — Global affiliate network that supports influencer partnerships, tracking links, attribution, reporting, and commission payments. 
Rakuten Advertising
+1

Practical shortlist: impact.com or CreatorIQ for enterprise programs; GRIN or Aspire for DTC creator operations; Refersion for Shopify-centric affiliate tracking; LTK or ShopMy for commerce-focused creator networks; and Everflow or Partnerize when flexible partnership infrastructure is the priority.

Sources used:

https://impact.com/

https://impact.com/partners/affiliate-partners/

https://grin.co/programs/affiliate-marketing-platform-solution/

https://grin.co/product/influencer-marketing-reporting-platform/

https://www.creatoriq.com/influencer-marketing-solution/influencer-reporting-and-insights

https://www.creatoriq.com/influencer-marketing-solution/track-conversions

https://www.aspire.io/

https://www.aspire.io/blog/3-moves-to-turn-creator-relationships-into-repeat-revenue

https://captiv8.io/commerce/

https://sites.captiv8.io/ecommerce

https://later.com/

https://later.com/blog/later-360/

https://company.shopltk.com/en-gb/brands

https://company.shopltk.com/en-gb/how-it-works-brands

https://shopmy.us/home/brands/track

https://guide.shopmy.us/working-with-brands/3ViMaZXyQ2eoRf1eFbHfXN/types-of-brands-on-shopmy-/3ViMaZXyQ3sZHE8AUSWA9s

https://www.joinmavely.com/brands/

https://www.joinmavely.com/

https://www.magiclinks.com/blog/how-creators-get-cast-in-brand-campaigns-an-inside-look

https://www.magiclinks.com/creators/connect-with-brands

https://www.refersion.com/

https://www.refersion.com/platform/attribution-and-first-party-tracking/

https://partnerize.com/platform

https://www.everflow.io/faq

https://www.everflow.io/platform/track-everything

https://www.cj.com/solutions/cj-influence

https://www.cj.com/cj-influence-campaigns

https://www.awin.com/gb/publishers/content-creator-influencer

https://www.awin.com/us/advertisers/tools

https://rakutenadvertising.com/influencer-marketing/

https://blog.rakutenadvertising.com/marketing-strategies/how-affiliate-tracking-works-the-complete-guide-for-brands-publishers/"
What are the best tools for creator commerce programs?,"Best creator commerce tools in 2026

The right choice depends on whether your program prioritizes enterprise governance, creator relationships, affiliate revenue, Shopify conversion, or marketplace sales.

Platform	Best for	Why it stands out
impact.com	Best overall enterprise platform	Unifies creators, traditional affiliates, referrals, recruitment, contracting, tracking and payouts. Strong choice when creator commerce sits within a broader partnerships organization. 
impact.com
+1

Superfiliate	Best for creator-led Shopify growth	Combines affiliate links, co-branded landing pages, gifting, payments, Meta Partnership Ads and TikTok Shop workflows. Particularly well suited to DTC brands treating creator content as both organic and paid media. 
Superfiliate
+2
Superfiliate
+2

CreatorIQ	Best for global creator operations	Provides enterprise-grade discovery, intelligence and campaign workflows. CreatorIQ Convert adds performance-based creator programs through affiliate-network and Shopify integrations. 
CreatorIQ
+1

GRIN	Best influencer-first relationship platform	Strong creator CRM, product gifting, campaign management and affiliate commission tracking. Its CreatorCommerce integration adds personalized, shoppable creator landing pages. 
GRIN - Influencer Marketing Software
+1

Social Snowball	Best for customer-plus-creator programs	Designed for ecommerce brands that want to run influencers, affiliates and customer referrals together. Its strengths include automated affiliate enrollment, attribution, dynamic coupon protection and payouts. 
Social Snowball
+1

ShopMy	Best for premium tastemakers	Especially compelling for beauty, fashion, wellness and luxury brands. It offers curated creator discovery, storefronts, affiliate links, paid opportunities and performance-based search across a claimed network of more than 300,000 creators. 
ShopMy
+2
ShopMy
+2

LTK	Best for fashion, beauty and lifestyle	Combines a high-intent shopping destination with creator campaigns, commissions, content licensing and retail-media capabilities. LTK says its ecosystem reaches more than 40 million monthly shoppers. 
Shopltk
+1

Levanta	Best for Amazon and Walmart sellers	Unifies creator recruitment, sampling, attribution and payouts across Amazon, Walmart and Shopify, making it one of the strongest options for brands whose sales occur outside their DTC website. 
Levanta
+1

Shopify Collabs	Best low-cost Shopify starting point	Free to install and handles applications, direct invitations, gifting, affiliate links, codes, sales tracking and automated commission payments. One important limitation: Shopify currently says new general creator signups are paused, although merchants can still invite and approve creators directly. 
Shopify
+1
My practical shortlist

For most enterprise brands: impact.com
For enterprise influencer teams: CreatorIQ
For Shopify-native DTC brands: Superfiliate
For relationship-heavy influencer programs: GRIN
For customer referrals plus creators: Social Snowball
For premium fashion, beauty or lifestyle: ShopMy or LTK
For Amazon/Walmart commerce: Levanta
For a smaller Shopify pilot: Shopify Collabs

Native platforms should also be part of the stack. TikTok Shop Affiliate supports open and creator-specific collaborations, samples, commissions and native video/LIVE selling, while YouTube Shopping manages creator onboarding, product tagging, conversion tracking and billing. These work best as distribution and checkout channels rather than as the sole system of record for a multi-channel creator program. 
TikTok Seller
+2
TikTok Seller
+2

Sources used

https://impact.com/creator/

https://impact.com/

https://www.superfiliate.com/

https://superfiliate.com/compare/creatoriq-alternatives

https://www.superfiliate.com/book-demo

https://www.creatoriq.com/

https://www.creatoriq.com/influencer-marketing-solution/creator-marketing-conversion

https://grin.co/programs/affiliate-marketing-platform-solution/

https://grin.co/app-marketplace/creatorcommerce/

https://www.socialsnowball.io/

https://www.socialsnowball.io/influencer-marketing

https://shopmy.us/home/brands

https://shopmy.us/home/brands/discover

https://shopmy.us/home/brands/amplify

https://company.shopltk.com/en/brands

https://company.shopltk.com/ltk-brand-platform-all-in-1-creator-marketing

https://levanta.io/

https://levanta.io/brands/

https://www.shopify.com/collabs/find-influencers

https://help.shopify.com/en/manual/promoting-marketing/collabs/creators

https://seller-us.tiktok.com/university/essay?knowledge_id=2174457721128747

https://seller-us.tiktok.com/university/essay?default_language=en&knowledge_id=6837873164896001

https://support.google.com/merchants/answer/14815513?hl=en"
Who are the biggest companies in affiliate marketing software?,"Biggest affiliate marketing software companies

There is no definitive revenue ranking because many vendors are privately held and report different metrics. Based on advertiser reach, publisher scale, transaction volume, and enterprise adoption, these are the largest and most consequential players as of July 2026:

Awin — Arguably the largest traditional affiliate network by disclosed ecosystem size: 30,000 advertisers, more than 1 million publishers, 1,400 employees, and 17 offices. Its group also includes Commission Factory and the former ShareASale business. 
Awin

CJ Affiliate — One of the largest and most established global networks, serving 3,800+ brands and distributing more than $1.8 billion in annual publisher commissions. Especially strong with large retailers, travel, finance, and other enterprise advertisers. 
CJ
+1

impact.com — A leading enterprise partnership-management software company. Unlike a conventional network, it gives brands infrastructure to recruit, contract, track, pay, and optimize affiliates, creators, referrals, and other commercial partners in one platform. 
impact.com
+1

Rakuten Advertising — A major global affiliate network backed by Rakuten, with more than 25 years in the market. It is particularly prominent among global retail brands and premium publishers. 
Rakuten Advertising
+1

Partnerize — A major enterprise affiliate-automation platform competing most directly with impact.com. Partnerize says its platform supports more than $7 billion in annual partner-driven sales and $600 million in commissions. 
Partnerize

Tradedoubler — A large European-origin affiliate and partner-marketing group operating across 90+ markets and trusted by more than 3,000 brands. It reported SEK 2.22 billion in 2025 revenue, making it one of the few publicly reporting companies in the category. 
Tradedoubler
+2
Tradedoubler
+2

Everflow — One of the strongest independent software-first challengers, particularly for performance-marketing agencies, networks, ecommerce companies, and direct-to-consumer brands. It reported processing $4.3 billion in partner-tracked revenue in 2025. 
Everflow

Admitad — A large international affiliate network with particular strength across Europe, Asia, MENA, and emerging markets. Its network provides access to approximately 3,000 advertisers across 100+ countries. 
Admitad

PartnerStack — The leading affiliate and partner platform focused specifically on B2B SaaS rather than retail ecommerce. Its marketplace includes programs from 600+ B2B brands. 
PartnerStack

Practical competitive tiers

Global network leaders: Awin, CJ Affiliate, Rakuten Advertising
Enterprise partnership software: impact.com, Partnerize
Large regional/global networks: Tradedoubler, Admitad, Webgains
Software-first challengers: Everflow, Affise
B2B SaaS specialist: PartnerStack

For a large ecommerce brand evaluating a shortlist, the most common head-to-head set would be impact.com, Awin, CJ, Rakuten Advertising, and Partnerize.

Sources used:

https://www.awin.com/us/about-us/meet-the-team

https://www.cj.com/about-us

https://www.cj.com/publisher

https://impact.com/affiliate-marketing/

https://impact.com/performance/

https://rakutenadvertising.com/advertisers/

https://rakutenadvertising.com/media-and-press/rakuten-advertising-launches-industry-first-solutions-for-greater-affiliate-transparency-and-creator-growth/

https://partnerize.com/partners/affiliates

https://www.tradedoubler.com/quarterly-reports/tradedoubler-year-end-report-january-%E2%80%93-december-2025

https://www.tradedoubler.com/

https://www.tradedoubler.com/affiliate-and-partner-marketing

https://www.everflow.io/post/everflow-drives-4-3-billion-in-high-value-partner-revenue-delivering-essential-solutions-for-modern-affiliate-programs-

https://www.admitad.com/affiliates/

https://partnerstack.com/"
Which platforms help publishers monetize commerce content?,"Leading platforms for publisher commerce monetization

The market spans affiliate networks, automated link monetization, and conversion/commerce infrastructure. These platforms are complementary rather than direct substitutes.

Platform	Primary role	Best suited for
Skimlinks	Automatically converts ordinary merchant links into affiliate links, aggregates access across 50+ affiliate networks, and consolidates reporting and payments.	Publishers wanting low-effort monetization across a broad merchant base. 
Skimlinks Support

Sovrn Commerce	Affiliate-link automation, real-time yield optimization, price comparisons, product recommendations, shopping galleries, and unified multi-network reporting.	Publishers that want more control and optimization than a basic affiliate subnetwork. 
Sovrn, Inc.

impact.com / Trackonomics	Brand-partnership marketplace plus enterprise commerce-content analytics, workflow management, tracking, and revenue optimization across networks.	Large publishers running sophisticated, multi-network commerce operations. 
impact.com
+1

Awin	Global affiliate network connecting editorial publishers with more than 30,000 brands across retail, travel, finance, and other categories.	Publishers seeking broad advertiser access, particularly in Europe and international markets. 
Awin

CJ Affiliate	Large affiliate network with advanced linking, reporting, advertiser relationships, and a Content Certification program providing streamlined access to hundreds of brands.	Established publishers that want direct brand relationships and enterprise support. 
CJ
+1

Rakuten Advertising	Affiliate network offering publisher tools, link generation, advertiser discovery, reporting, and access to major global brands.	Premium editorial, lifestyle, retail, and loyalty publishers. 
Rakuten Advertising

Partnerize	Enterprise partnership platform connecting content publishers with brands, with newer tools focused on measuring publisher influence beyond last-click attribution.	Large media groups and publishers negotiating strategic brand partnerships. 
Partnerize
+1

Amazon Associates	Direct affiliate program covering Amazon’s extensive product catalog, with product-linking and reporting tools.	Product-review, deals, buying-guide, and Amazon-heavy publishers. 
Amazon Associates
+1

Button	Optimizes affiliate clicks and mobile purchase journeys using app routing and conversion optimization; also offers a full-service network and shoppable-content tools.	Publishers with substantial mobile or social traffic that already have affiliate relationships but need higher conversion and revenue per click. 
Button
+2
Button
+2
Practical shortlist

For a small or midsize publisher, the simplest starting point is usually Skimlinks or Sovrn Commerce, supplemented by Amazon Associates.

For a scaled commerce publisher, a stronger stack is typically impact.com/Trackonomics for operations and analytics, direct relationships through Awin, CJ, and Rakuten, and Button for mobile routing and conversion optimization.

For a premium media organization, impact.com, Partnerize, Button, and Sovrn are particularly relevant because they address operational complexity, measurement, yield optimization, and monetization beyond simply creating affiliate links.

Sources used

https://support.skimlinks.com/hc/en-us/articles/36714399781789-How-Skimlinks-simplifies-affiliate-marketing-for-Content-Creators

https://www.sovrn.com/commerce/

https://impact.com/partners/

https://impact.com/partners/publishers-media-groups-partners/

https://www.awin.com/gb/publishers/editorial-media-sites

https://www.cj.com/publisher

https://www.cj.com/content-publishers

https://rakutenadvertising.com/publishers/

https://partnerize.com/partners/content

https://go.partnerize.com/vantagepoint-research-hub

https://affiliate-program.amazon.com/

https://affiliate-program.amazon.com/welcome/topic/tools

https://www.usebutton.com/full-service-network

https://www.usebutton.com/post/button-launches-curatedby-to-help-publishers-scale-commerce-for-the-ai-driven-discovery-era

https://www.usebutton.com/post/buttons-commerce-optimization-platform-launches-button-for-publishers"
What are the top companies for retail media attribution?,"Top retail media attribution companies

There is no single definitive ranking because the market spans independent measurement, clean rooms, retail-media activation, and incrementality. My practical enterprise shortlist is:

Company	Best for	Why it stands out
Circana	Independent omnichannel measurement	Combines verified retail-sales data with media lift, marketing-mix modeling, cross-retailer analysis, and campaign experimentation. Particularly strong for CPG brands. 
Circana
+2
Circana
+2

NIQ	Global retail and CPG measurement	Broad international retail-sales coverage plus measurement and attribution for brands and retailer-owned media networks. 
NIQ
+2
NIQ
+2

Incremental	Causal incrementality and independent iROAS	Purpose-built for commerce media; connects media, sales, digital-shelf, pricing, inventory, and promotional data to estimate true incremental growth across retailers. 
Incremental
+1

LiveRamp	Clean-room measurement and data collaboration	Strong identity and clean-room infrastructure for connecting retailer first-party sales data with offsite campaign exposure in privacy-safe environments. 
LiveRamp
+1

Criteo	Large-scale retail-media activation and closed-loop attribution	Offers access to more than 200 retailers, with standardized sales attribution across onsite and offsite campaigns and configurable attribution windows. 
Criteo
+2
Criteo Help Center
+2

Epsilon	Deterministic online and in-store attribution	Uses persistent person-level identity to connect media exposure with actual ecommerce and physical-store sales. 
Epsilon
+1

Skai	Cross-retailer campaign management plus measurement	Strong for agencies and brands that want activation, optimization, and incrementality capabilities across retail media, search, social, and other walled gardens. 
Skai
+1

Pacvue	Retail-media operations and performance optimization	Combines campaign management with sales, inventory, operational data, and incrementality measurement, making it useful for day-to-day commerce teams. 
Pacvue
Other notable players

CommerceIQ: Strong for connecting retail media with digital-shelf, sales, inventory, and keyword-level incrementality. 
CommerceIQ
+1

Flywheel: Broad retail-media management, reporting, Amazon expertise, and incrementality tooling. 
Flywheel

MikMak: Particularly relevant for attributing brand, social, influencer, and shoppable-media traffic to purchases at downstream retailers. 
MikMak

TransUnion: Stronger in enterprise-wide MTA, MMM, identity, and cross-channel outcome measurement than in retail-media campaign management itself. 
TransUnion
+1

Best choices by use case

For neutral, cross-retailer attribution: Circana, NIQ, Incremental
For privacy-safe clean-room infrastructure: LiveRamp
For running and measuring campaigns in one platform: Criteo, Skai, Pacvue
For retailer-owned network technology: Epsilon, Criteo, NIQ
For causal incrementality rather than platform-reported ROAS: Incremental, Circana, CommerceIQ

The most important buying distinction is whether a vendor reports attributed sales—purchases occurring after exposure—or estimates incremental sales that would not have happened without the campaign. IAB guidelines also emphasize consistent definitions across onsite, offsite, online, and in-store media. 
IAB

Sources

https://www.circana.com/solutions/retail-media

https://www.circana.com/solutions/measurement

https://www.circana.com/post/circana-expands-liquid-testing-solution-to-include-media-measurement-and-campaign-experimentation

https://nielseniq.com/global/en/products/activate-retail-media-intelligence/

https://nielseniq.com/global/en/industries/media/

https://nielseniq.com/global/en/news-center/2026/niq-and-unlimitail-collaborate-to-deliver-the-next-generation-of-omnichannel-retail-media-insights-measurement-across-retailers-and-countries/

https://www.incremental.com/

https://www.incremental.com/solutions

https://liveramp.com/our-platform/clean-rooms

https://docs.liveramp.com/connect-2/en/meta-incrementality-insights-for-retail-media-networks.html

https://www.criteo.com/

https://help.retailmedia.criteo.com/kb/guide/en/about-attribution-sZH1iCyq5L/Steps/1034909

https://help.retailmedia.criteo.com/kb/guide/en/offsite-overview-of-attribution-EI4QIV8Md9/Steps/3156374

https://www.epsilon.com/us/products-and-services/retail-media-network/advertisers

https://www.epsilon.com/emea/about-us/pressroom/epsilon-launches-in-store-attribution-for-retail-media

https://skai.io/blog/incrementality-measurement/

https://www.incremental.com/press/post/incremental-partners-with-skai-to-address-retail-media-incrementality

https://pacvue.com/platform/measurement-and-incrementality/

https://www.commerceiq.ai/lp/product/rmm

https://www.commerceiq.ai/retail-media-management

https://www.flywheeldigital.com/retail-media

https://www.mikmak.com/commerce-media

https://www.transunion.com/solution/truaudience/analytics

https://www.transunion.com/case-study/bayer-marketing-unification

https://www.iab.com/wp-content/uploads/2024/01/IAB_Retail_Media_Measurement_Guidelines_January2024.pdf"
Which companies help ecommerce brands route shoppers into apps?,"The strongest companies fall into two groups: commerce-specialized routing platforms and broader mobile measurement/deep-linking suites.

Company	Best suited for	Why it stands out
Button	Affiliate, creator and retail-media traffic	Commerce-focused routing that sends shoppers to the relevant in-app product destination while preserving attribution. Particularly relevant when brands want to improve post-click conversion rather than simply measure it. 
Button
+1

Branch	Enterprise-scale web-to-app journeys	A leading dedicated deep-linking platform with deferred deep linking, app-store fallbacks and configurable in-app routing. 
Branch Help Center
+1

AppsFlyer OneLink	Brands already using AppsFlyer attribution	Supports web-, social-, email-, QR-, referral- and text-to-app journeys, including deferred deep linking and destination rules. 
AppsFlyer
+1

Adjust	App marketers wanting routing plus measurement	Provides deep links, deferred deep links and web-to-app journeys connected to Adjust’s attribution and engagement products. 
Adjust Help Center
+1

Kochava SmartLinks	Complex destination and audience rules	SmartLinks can route based on device, operating system, geography and other criteria, with support for app, app-store and web destinations. 
Kochava Support
+1

Singular	Performance marketing and ROI measurement	Combines dynamic and deferred deep linking with web-to-app attribution, campaign measurement and product-level routing. 
Singular
+1

Airbridge	Web-to-app acquisition and retargeting	Routes existing users to exact app screens and carries destinations through installation for users who do not yet have the app. 
Airbridge
+1

URLgenius	Lightweight or no-code deployment	SDK-free app-opening links for owned apps and major retail marketplaces such as Amazon and Walmart; useful for social, creator, email and QR traffic. 
Urlgenius
+1
Practical shortlist

For commerce conversion from affiliate, creator or retail-media clicks, start with Button and URLgenius.

For a full enterprise deep-linking infrastructure, evaluate Branch and AppsFlyer OneLink.

For brands that want routing inside an existing mobile measurement partner stack, consider Adjust, Kochava, Singular or Airbridge.

Sources used:

https://www.usebutton.com/product-listing-ads

https://developer.usebutton.com/docs/button-merchant-library-overview

https://help.branch.io/developer-hub/docs/deep-linking

https://help.branch.io/docs/link-routing-rules-new

https://www.appsflyer.com/products/deep-linking/

https://support.appsflyer.com/hc/en-us/articles/44703014449809-OneLink-Standalone-Deep-Linking-Suite

https://www.help.adjust.com/en/article/deep-links-and-engagement

https://help.adjust.com/en/article/deep-link-support

https://support.kochava.com/articles/17437-links-overview/

https://support.kochava.com/articles/links-overview/29011-creating-and-editing-smartlinks/

https://www.singular.net/deep-linking/

https://www.singular.net/web-to-app/

https://www.airbridge.io/en/product/deep-linking

https://help.airbridge.io/en/deeplink-guides/retargeting-with-deep-links

https://app.urlgeni.us/app-linking

https://app.urlgeni.us/blog"
What are the best platforms for managing affiliate links?,"The best choice depends on whether you are publishing affiliate links or operating an affiliate program for a brand. These are different software categories.

Best for publishers, creators and commerce-content teams
Platform	Best for	Why it stands out
Geniuslink	Overall link management and Amazon affiliates	Centralized link editing, branded URLs, geographic/device routing, Amazon localization, retailer choice pages, testing and channel-level analytics. 
Geniuslink
+2
Geniuslink
+2

Lasso	WordPress publishers and content creators	Organizes links in one dashboard, updates destinations globally, identifies broken or unmonetized links, and supports product displays and revenue reporting. 
Lasso
+2
Lasso
+2

Affilimate	Large publishers managing multiple networks	Combines link generation, custom redirects, transaction and payout data, rate monitoring, team permissions and integrations with 100+ affiliate platforms. 
Affilimate
+2
Affilimate
+2

Sovrn Commerce	Automated monetization across many merchants	Can automatically affiliate existing merchant links, create new links and centralize reporting and link management across direct affiliate relationships. 
Sovrn, Inc.
+2
Sovrn Knowledge Base
+2

Skimlinks	Hands-off editorial monetization	Automatically converts ordinary merchant links into affiliate links using a site integration, reducing the need to join and manage every program separately. 
Skimlinks
+1

Pretty Links	Straightforward WordPress link cloaking	A WordPress-native option for branded short links, redirects, keyword auto-linking, broken-link discovery, organization and click tracking. 
PrettyLinks
+2
PrettyLinks
+2

ThirstyAffiliates	WordPress affiliate-heavy sites	Strong for organizing, cloaking and tracking large link libraries, with keyword linking, geographic redirects and Amazon-oriented workflows. 
ThirstyAffiliates
+2
ThirstyAffiliates
+2
My practical picks

Best overall: Geniuslink
Best for WordPress: Lasso
Best for a scaled commerce publisher: Affilimate
Best for automatic link monetization: Sovrn Commerce or Skimlinks
Best lightweight WordPress plugin: Pretty Links

Best for brands running affiliate programs

These platforms manage affiliates, tracking, commissions, recruitment and payouts—not merely individual URLs:

impact.com: Best broad enterprise platform for affiliate, creator and referral programs in one system. 
impact.com
+1

PartnerStack: Best suited to B2B SaaS affiliate, referral, reseller and co-sell programs. 
PartnerStack
+1

Awin: Strong global affiliate network for ecommerce brands wanting access to established publishers and creators. 
Awin
+1

Everflow: Strong for brands or agencies wanting granular attribution, direct partner management and greater platform/API control. 
Everflow
+1

TUNE: Strong for companies building a customized direct affiliate program or their own affiliate network. 
TUNE
+1

For most publishers, I would shortlist Geniuslink, Lasso and Affilimate. For a brand launching a program, I would shortlist impact.com, PartnerStack and Everflow.

Sources:

https://geniuslink.com/

https://geniuslink.com/solutions/for-affiliates

https://geniuslink.com/features/link-management

https://getlasso.co/solutions/affiliate-link-manager/

https://getlasso.co/solutions/

https://getlasso.co/affiliate-dashboard/

https://affilimate.com/product/

https://affilimate.com/product/affiliate-link-generator/

https://affilimate.com/product/unify/

https://www.sovrn.com/commerce/

https://knowledge.sovrn.com/kb/general-guide-for-getting-started-with-commerce

https://knowledge.sovrn.com/kb/connect-your-affiliate-networks-to-commerce

https://merchant.skimlinks.com/network/affiliate-programs

https://signup.skimlinks.com/

https://prettylinks.com/

https://prettylinks.com/feature/link-management/

https://prettylinks.com/docs/welcome-to-pretty-links-pro/

https://thirstyaffiliates.com/feature/affiliate-link-management

https://thirstyaffiliates.com/

https://thirstyaffiliates.com/plans/pricing/

https://impact.com/

https://impact.com/affiliate-marketing/

https://partnerstack.com/platform

https://partnerstack.com/platform/affiliates

https://www.awin.com/us/

https://www.awin.com/us/advertisers

https://www.everflow.io/

https://www.everflow.io/faq

https://www.tune.com/

https://www.tune.com/solutions/networks/"
Who are the leading companies in social commerce attribution?,"There is no single dominant “social commerce attribution” category; the market splits across creator commerce, affiliate partnerships, mobile attribution, and paid-social measurement.

Leading companies by segment
Company	Strongest use case	Positioning
impact.com	Enterprise creator and affiliate programs	Broad partnership platform combining creator, affiliate, and referral management with conversion attribution. 
impact.com
+1

CreatorIQ	Large enterprise influencer programs	Strong creator discovery, program reporting, brand-lift measurement, and full-funnel creator analytics. 
CreatorIQ
+1

Captiv8 / Influential	Performance-based creator campaigns	Integrated creator-affiliate suite with creator-level links, sales tracking, fraud detection, and commerce data integrations. 
Captiv8
+1

LTK	Fashion, beauty, lifestyle creator commerce	One of the largest closed-loop creator-shopping ecosystems, with campaign management and performance insights for brands. 
Shopltk
+1

ShopMy	Premium creator commerce	Tracks creator mentions, clicks, orders, sales, retailer destinations, and ROI—particularly strong in fashion, beauty, and lifestyle. 
ShopMy
+1

Partnerize	Enterprise affiliate and influencer attribution	Tracks and pays affiliates and influencers, with growing emphasis on incrementality and zero-click influence measurement. 
Partnerize
+1

AppsFlyer	Social traffic driving app installs or purchases	Major mobile measurement platform for attributing paid-social and other cross-channel activity across web and apps. 
AppsFlyer
+1

Branch	Deep linking and cross-platform mobile attribution	Particularly strong when a social or creator click must open the correct app screen and remain attributable through conversion. 
Branch
+1

Adjust	Mobile-app campaign attribution	Measures app installs, re-engagement, clicks, impressions, and downstream actions across social advertising networks. 
Adjust Help Center
+1

Button	Mobile affiliate and creator conversion	Specializes in repairing attribution across affiliate links, app installs, deep links, and in-app purchases while optimizing the post-click journey. 
Button
+1

MikMak	Social-to-retailer measurement	Strong for CPG and omnichannel brands sending social traffic to Amazon, Walmart, Target, grocery, and other retailers rather than their own checkout. 
MikMak
+1

Triple Whale / Northbeam	DTC paid-social attribution	Independent multi-touch attribution for ecommerce brands allocating spend across Meta, TikTok, Google, and other channels. 
Triple Whale
+2
Northbeam
+2
Practical shortlist

For creator and affiliate sales attribution, start with impact.com, CreatorIQ, Captiv8, LTK, ShopMy, and Partnerize.

For mobile social-commerce journeys, the most relevant group is AppsFlyer, Branch, Adjust, and Button.

For social traffic converting through third-party retailers, MikMak is especially differentiated.

For DTC paid-social budget attribution, evaluate Triple Whale and Northbeam.

From a Button competitive-landscape perspective, the closest overlaps are Branch and AppsFlyer in mobile attribution and deep linking; impact.com and Partnerize in partnership attribution; and MikMak in post-click commerce and retailer measurement. Button is more narrowly differentiated around attributable affiliate and creator traffic flowing into retailer apps.

https://impact.com/

https://impact.com/affiliate/creator-attribution-marketing-models/

https://www.creatoriq.com/influencer-marketing-solution/influencer-reporting-and-insights

https://www.creatoriq.com/blog/creator-marketing-measurement-techniques

https://captiv8.io/commerce/

https://captiv8.io/

https://company.shopltk.com/ltk-brand-platform-all-in-1-creator-marketing

https://secure.businesswire.com/news/home/20250909827560/en/LTK-Introduces-Brand-Profiles-to-Unlock-Direct-Consumer-Engagement-in-the-LTK-app-Offers-Brands-Free-Access-to-LTK-Brand-Platform

https://shopmy.us/home/brands

https://shopmy.us/home/brands/track

https://partnerize.com/platform

https://partnerize.com/resources/blog/the-incrementality-gap-why-scale-is-meaningless-without-a-system-of-record-for-influence

https://www.appsflyer.com/solutions/ecommerce/

https://www.appsflyer.com/products/measurement/

https://www.branch.io/

https://www.branch.io/attribution/

https://help.adjust.com/en/article/attribution-overview

https://help.adjust.com/en/article/attribution-methods

https://www.usebutton.com/for-creators

https://www.usebutton.com/dynamic-decisioning

https://www.mikmak.com/mikmak-commerce

https://www.mikmak.com/publishers

https://www.triplewhale.com/attribution

https://www.northbeam.io/

https://docs.northbeam.io/docs/attribution-models"
Which tools help creators make money from product links?,"The strongest tools fall into three groups: creator storefronts, affiliate networks, and automated link monetization.

Best creator-focused tools
Tool	Best for	Why creators use it
ShopMy	Fashion, beauty, home and lifestyle creators	Digital storefronts, automatically monetized product links, brand partnerships and reported commission rates commonly ranging from 10%–30%. 
ShopMy
+1

LTK	Established lifestyle influencers	A polished creator shop, shoppable collections, analytics, brand campaigns and access to more than 7,000 retailers. Admission is selective. 
Shopltk
+1

Amazon Influencer Program	Creators recommending Amazon products	Provides a customizable Amazon storefront, vanity URL, product lists and opportunities to monetize qualifying purchases and onsite content. 
Amazon Associates
+1

Mavely	Newer and micro-creators	No application or membership fee; creators can earn through SmartLinks, brand campaigns, bonuses and referrals. 
Mavely

MagicLinks	YouTube and video-first creators	Product-link creation, a creator storefront, transaction analytics and access to more than 5,000 brands. 
MagicLinks
+1

Howl	Technology, electronics and gaming creators	Mobile and browser link tools, creator campaigns and a network spanning more than 200 brands; it explicitly accommodates creators with relatively small audiences. 
Howl
+1

Levanta	Amazon, Walmart and Shopify product promotion	Lets creators discover direct brand partnerships and generate commissionable links across multiple commerce destinations. 
Levanta
+1
Broader affiliate platforms

Awin is a good option for creators who want direct access to a large affiliate marketplace rather than a curated storefront. It supports product links across social posts, videos, blogs and newsletters and advertises access to more than 30,000 brands. 
Awin
+1

impact.com combines affiliate links, promo codes, gifting, creator campaigns and flat-fee or performance-based compensation. It is useful for creators who want more formal, direct brand relationships. 
Impact Help
+1

Best for blogs and editorial content

Skimlinks automatically converts ordinary merchant links into affiliate links, consolidating thousands of merchants and multiple networks into one dashboard and payment stream. 
Skimlinks Support
+1

Sovrn Commerce offers automatic link affiliation, manual social links, link optimization and both sale-based and click-based monetization across more than 50,000 merchants. 
Sovrn, Inc.
+2
Sovrn, Inc.
+2

Practical starting stack

For most creators, a strong setup is:

ShopMy or LTK as the main storefront, Amazon Influencer for Amazon recommendations, and Awin or impact.com for brands unavailable through the storefront. Bloggers can add Skimlinks or Sovrn to monetize existing links automatically.

One outdated recommendation to avoid is Collective Voice: its current website states that the platform has officially closed. 
Collective Voice

Sources

https://shopmy.us/home/creators

https://shopmy.us/home/creators/affiliates

https://company.shopltk.com/en/creator

https://company.shopltk.com/u/creator_blog_apply

https://affiliate-program.amazon.com/influencers

https://affiliate-program.amazon.com/help/node/topic/GTP6NKQ2GXPZL7AT

https://www.joinmavely.com/

https://www.magiclinks.com/creators

https://www.magiclinks.com/creators/monetize-content

https://www.howl.link/

https://help.howl.link/hc/en-us/articles/30453471463707-Howl-for-Creators

https://levanta.io/creators/

https://levanta.io/product-announcements/the-best-multi-channel-affiliate-platform-for-creators-is-here/

https://www.awin.com/gb/publishers/content-creator-influencer

https://www.awin.com/us/pricing/content-creators

https://help.impact.com/en/support/solutions/folders/155000001004

https://impact.com/partners/influencer-partners/

https://support.skimlinks.com/hc/en-us/articles/36714399781789-How-Skimlinks-simplifies-affiliate-marketing-for-Content-Creators

https://support.skimlinks.com/hc/en-us/articles/27522009730973-How-to-monetize-your-content

https://www.sovrn.com/sovrn-for-creators/

https://www.sovrn.com/sovrn-affiliate-programs/

https://knowledge.sovrn.com/kb/general-guide-for-getting-started-with-commerce

https://app.collectivevoice.com/"
What are the best Amazon affiliate link tools for creators?,"Best Amazon affiliate link tools for creators

1. Amazon’s native tools — best free starting point
Use SiteStripe on desktop or Mobile GetLink in the Amazon Shopping app to generate properly tagged product links. Add OneLink for international redirection, and apply to the Amazon Influencer Program for a customizable storefront and vanity URL. 
Amazon Associates
+3
Amazon Associates
+3
Amazon Associates
+3

2. Geniuslink — best for social, YouTube and international audiences
Geniuslink creates editable short links that can route shoppers by country, device or operating system. It also offers click analytics, campaign tags, A/B testing and multi-retailer Choice Pages. It is especially useful when the same link appears across videos, bios, podcasts and older posts. 
Geniuslink
+2
Geniuslink
+2

3. Lasso — best all-in-one option for bloggers and publishers
Lasso combines link management, product displays, click tracking and Amazon integration. It can import SiteStripe links, correct missing or incorrect affiliate IDs and keep Amazon product displays updated. Its full workflow is strongest on WordPress, although embeds can be used on other websites. 
Lasso
+2
Lasso
+2

4. AAWP — best Amazon-specific WordPress display plugin
AAWP is built for creators publishing Amazon-heavy buying guides. Its core features include product boxes, comparison tables, bestseller lists and customizable templates populated with Amazon product data. 
AAWP - Amazon WordPress Plugin
+1

5. Affiliatable — best no-code comparison-table builder
Affiliatable is a good fit when polished product boxes and comparison tables matter more than comprehensive link management. It supports Amazon API imports, multi-retailer calls to action, centralized product updates and click analytics across different publishing platforms. 
Affiliatable

6. AMZ Watcher — best for broken-link monitoring
AMZ Watcher scans websites for unavailable Amazon products, broken links and links missing affiliate IDs. It becomes most valuable once a creator has hundreds or thousands of older product links. 
AMZ Watcher
+1

7. Levanta — best for direct Amazon brand partnerships
Levanta is more of a creator-affiliate marketplace than a conventional link shortener. It connects creators with Amazon sellers and provides attribution, performance measurement and payout management, making it useful for finding partnerships beyond standard Amazon Associates links. 
Levanta
+1

Recommended stacks

Social-first creator: Amazon Influencer storefront + Mobile GetLink + Geniuslink

Blog or review site: SiteStripe + Lasso

Amazon-focused WordPress publisher: AAWP + AMZ Watcher

Multi-retailer content site: Affiliatable + Geniuslink

International audience: OneLink for a simple free setup; Geniuslink for greater routing and analytics control

Creator seeking higher-paying brand relationships: Standard Amazon Associates links + Levanta

Overall winner: Geniuslink for social and video creators; Lasso for website-based publishers; Amazon’s native tools for creators just getting started.

Sources used:

https://affiliate-program.amazon.com/help/node/topic/GJMMT7G4C8K4Y3AY

https://affiliate-program.amazon.com/help/node/topic/GH37MDS5PLQ9Z366

https://affiliate-program.amazon.com/help/node/topic/GKHRXG4YEJBTCAFC

https://affiliate-program.amazon.com/influencers

https://geniuslink.com/solutions/for-affiliates

https://try.geniuslink.com/amazon-affiliate-localization

https://geniuslink.com/solutions/for-creators

https://getlasso.co/pricing/

https://getlasso.co/

https://getlasso.co/features/amazon/

https://aawp.de/

https://aawp.de/funktionen/

https://affiliatable.io/

https://app.amzwatcher.com/app/pricing

https://amzwatcher.com/pricing/

https://levanta.io/

https://sellercentral.amazon.com/selling-partner-appstore/dp/amzn1.sp.solution.4b5e8989-6131-4461-9a91-4f47c228b713"
Which companies help publishers increase affiliate revenue?,"Leading companies for publisher affiliate-revenue growth

The best option depends on where revenue is leaking: unmonetized links, weak merchant access, poor analytics, or low mobile conversion. This is a capabilities-based shortlist, not a strict market-share ranking.

Company	Primary revenue lever	Best fit
Skimlinks	Automatically converts ordinary commerce links into affiliate links, provides access to tens of thousands of merchants, and offers enhanced rates from preferred partners.	Editorial publishers seeking low-effort monetization without managing every merchant relationship directly. 
Skimlinks Support
+2
Skimlinks
+2

Sovrn Commerce	Automates affiliation, consolidates multiple affiliate networks, optimizes merchant routing and helps negotiate improved commission rates.	Mid-sized and enterprise publishers managing significant commerce content across many merchants. 
Sovrn, Inc.
+3
Sovrn, Inc.
+3
Sovrn, Inc.
+3

impact.com / Trackonomics	Aggregates data across 100–200+ networks and channels, provides page- and link-level revenue attribution, automates link creation and identifies optimization opportunities.	Mature commerce-content teams that need a reliable analytics and workflow layer. 
impact.com
+3
Trackonomics
+3
Trackonomics
+3

Button	Uses deep linking, app routing and machine-learning optimization to improve mobile affiliate conversion; also operates a publisher and advertiser marketplace.	Publishers with substantial mobile-web or social traffic, particularly when retailers have higher-converting apps. 
Button
+2
impact.com
+2

mrge — including digidip and Yieldkit	Provides automated content monetization, advertiser access and commerce-advertising formats through a combined publisher platform.	Large publishers, especially those operating internationally or in European markets. 
mrge - commerce advertising
+2
mrge - commerce advertising
+2

Geniuslink	Localizes links by country, deep-links shoppers into apps, supports multi-retailer choice pages and enables destination A/B testing.	Amazon-heavy publishers, global audiences, YouTube publishers and creators needing link-level optimization. 
Geniuslink
+1

Awin	Connects editorial publishers with 30,000+ brands, supplies link-generation tools and provides performance reporting.	Publishers looking to establish more direct advertiser relationships across retail, travel, finance and other verticals. 
Awin
+2
Awin
+2

CJ	Offers a large affiliate network plus customer-journey, conversion, product and commission analytics.	Established publishers wanting direct access to major advertisers and sophisticated network-level reporting. 
CJ
+1

Partnerize	Its newer VantagePoint product aims to measure publisher influence that is missed by click-based attribution and translate it into commission rules.	Premium publishers experimenting with AI-search and zero-click attribution models; it is a newer, emerging category. 
Partnerize
+1
Practical shortlist

For automated monetization, start with Skimlinks, Sovrn Commerce and mrge.

For enterprise affiliate analytics, prioritize Trackonomics by impact.com.

For mobile conversion optimization, Button is the clearest specialist.

For Amazon and international traffic, consider Geniuslink.

For direct brand-program access, evaluate Awin, CJ and impact.com’s marketplace. 
impact.com

Sources

https://support.skimlinks.com/hc/en-us/articles/27522009730973-How-to-monetize-your-content

https://merchant.skimlinks.com/network/affiliate-programs

https://signup.skimlinks.com/

https://www.sovrn.com/commerce/

https://www.sovrn.com/blog/maximum-affiliate-revenue-commerce/

https://www.sovrn.com/blog/maximize-affiliate-rates-with-the-commerce-demand-team/

https://www.sovrn.com/blog/manage-your-affiliate-earnings-with-sovrn-commerce/

https://trackonomics.net/

https://trackonomics.net/product-overview/

https://trackonomics.net/affiliate-dashboard/

https://impact.com/partners/premium-news-and-media-publishers/

https://www.usebutton.com/full-service-network

https://impact.com/marketing-intelligence/ai-driven-affiliate-marketing-button-and-impact-com-integration/

https://www.prnewswire.com/news-releases/buttons-commerce-optimization-platform-launches-button-for-publishers-302119089.html

https://mrge.com/

https://mrge.com/publisher/

https://mrge.com/company/

https://geniuslink.com/solutions/for-affiliates

https://stage-www.geniuslink.com/

https://www.awin.com/gb/publishers/editorial-media-sites

https://www.awin.com/us/pricing/affiliate-partners

https://www.awin.com/us/publishers/editorial-media-sites

https://www.cj.com/publisher

https://www.cj.com/

https://partnerize.com/vantagepoint

https://go.partnerize.com/vantagepoint-publishers

https://impact.com/partners/"
What platforms should a retailer use to improve mobile shopping conversion?,"Recommended mobile conversion stack

Most retailers need several complementary platforms, not one end-to-end tool:

Conversion problem	Strong platforms	Best fit
Affiliate, creator and social clicks open the wrong destination	Button	Optimizes each click toward the app or web experience most likely to convert. Particularly relevant for affiliate-, publisher- and creator-sourced traffic. 
Button
+1

Deep linking and mobile attribution	Branch, AppsFlyer, Adjust	Sends shoppers to the correct in-app product page and measures the source of installs, re-engagement and purchases. 
Branch
+2
AppsFlyer Support
+2

Mobile checkout friction	Shop Pay	Accelerated, one-tap checkout with prefilled payment and shipping information. Best for Shopify retailers, though Shop Pay can also be added to supported non-Shopify commerce platforms. 
Shopify
+1

Poor product discovery or generic experiences	Dynamic Yield, Nosto	Personalization, recommendations, search, merchandising and experimentation across mobile web and apps. 
Mastercard Dynamic Yield
+2
Mastercard Dynamic Yield
+2

Cart abandonment and weak repeat purchasing	Braze, Airship	Push, in-app, SMS and cross-channel journeys for cart recovery, onboarding and customer reactivation. 
Braze
+1

No strong native shopping app	Tapcart	A practical app-building option for Shopify brands that want a dedicated mobile commerce channel without developing an app from scratch. 
Tapcart
Best combinations

Retailer with an existing app and significant creator or affiliate traffic:
Button + Branch or AppsFlyer + Dynamic Yield + Braze.

Shopify retailer without an app:
Tapcart + Shop Pay + Nosto + Braze or Airship.

Large enterprise with a custom app:
Branch, AppsFlyer or Adjust for infrastructure; Button for conversion-oriented traffic routing; Dynamic Yield for experience optimization; and Braze or Airship for lifecycle engagement.

The most important distinction is that Button and mobile measurement platforms are complementary: Branch, AppsFlyer and Adjust primarily provide linking and attribution infrastructure, while Button focuses on deciding and optimizing where commerce traffic should land to maximize conversion.

Sources used:

https://www.usebutton.com/dynamic-decisioning

https://www.usebutton.com/post/awin-and-button-more-than-double-in-app-conversion-rates

https://www.branch.io/resources/guide/retail-and-e-commerce-industry-hub/

https://support.appsflyer.com/hc/en-us/articles/115005248543-OneLink-guide

https://www.adjust.com/resources/guides/deep-linking/

https://www.shopify.com/shop-pay

https://help.shopify.com/en/manual/payments/shop-pay/shop-pay-on-any-platform

https://www.dynamicyield.com/ecommerce/

https://www.dynamicyield.com/mobile/

https://www.nosto.com/commerce-experience-platform/

https://www.braze.com/solutions/retail-and-ecommerce

https://www.airship.com/channels/push-notifications/

https://www.tapcart.com/"
Who are the main competitors in mobile attribution and deep linking?,"Main competitive set

The strongest full-stack mobile attribution and deep-linking competitors are:

Company	Positioning	Strongest fit
AppsFlyer	Large mobile measurement platform with attribution, fraud protection and OneLink deep linking	Brands running substantial paid user acquisition across many ad networks 
AppsFlyer Support
+1

Adjust	Mobile attribution platform with direct, deferred and dynamic deep-linking capabilities	Performance marketers seeking attribution, campaign management and automation in one stack 
Adjust
+1

Branch	Linking-first platform combining deep linking, web-to-app journeys and cross-platform attribution	Retailers and consumer apps where post-click routing and app-open conversion are especially important 
Branch
+1

Singular	Attribution and marketing analytics platform that connects link-level conversions with cost, ROAS and revenue data	Teams prioritizing cost aggregation and unified marketing reporting 
Singular
+1

Kochava	Independent omnichannel measurement platform with SmartLinks, attribution, fraud detection and broad device coverage	Companies wanting configurable measurement across mobile, web, CTV and other channels 
Kochava
+2
Kochava
+2
Notable challengers

Airbridge: Combines mobile attribution with deferred deep linking, web-to-app identity stitching and cross-platform measurement. 
Airbridge
+1

Tenjin: A more streamlined mobile attribution and analytics option, with tracking links and deferred deep-link support. 
Tenjin
+2
Tenjin
+2

Deep-linking specialists

These compete more directly for app opening, mobile routing and commerce conversion, but generally do not replace a full enterprise MMP:

URLgenius: No-code app linking and attribution, particularly relevant to commerce, retail media, social and creator traffic. 
Urlgeni

JotURL: Deep linking, link management, attribution and third-party app routing for marketers and affiliates. 
Joturl
+1

Practical shortlist

For full mobile attribution, start with AppsFlyer, Adjust, Branch, Singular and Kochava.

For retail or commerce-focused app routing, the closest competitive group is Branch, AppsFlyer OneLink, Kochava SmartLinks, URLgenius and JotURL. Adjust and Singular are generally more measurement-led, while Branch and the specialist providers are more directly oriented toward the click-to-app experience.

Firebase Dynamic Links should no longer be treated as an active competitor: Google shut the service down on August 25, 2025. 
Firebase

https://support.appsflyer.com/hc/en-us/articles/115005248543-OneLink-guide

https://www.appsflyer.com/products/deep-linking/

https://www.adjust.com/solutions/deep-linking

https://help.adjust.com/en/article/deep-links

https://www.branch.io/

https://www.branch.io/attribution/

https://www.singular.net/deep-linking/

https://www.singular.net/mobile-attribution/

https://www.kochava.com/

https://www.kochava.com/product/

https://www.kochava.com/product/deep-linking/web-to-app-journeys/

https://www.airbridge.io/en/product/deep-linking

https://www.airbridge.io/

https://tenjin.com/docs/deferred-deep-linking/

https://tenjin.com/docs/user-attribution-overview/

https://tenjin.com/

https://app.urlgeni.us/

https://joturl.com/tools/grow/advanced-deep-linking/

https://joturl.zendesk.com/hc/en-us/articles/360026953851-Deep-linking-Deferred-Deep-Linking-Android-App-Links-and-iOS-Universal-Links

https://firebase.google.com/support/dynamic-links-faq"
Which companies help brands optimize post-click shopping journeys?,"Most relevant companies
Company	Best fit	How it optimizes the post-click journey
Button	Affiliate, creator and commerce traffic	Uses real-time decisioning to choose whether each shopper should open the retailer’s app, see an install prompt, deep-link to a product or remain on mobile web. It is the most directly specialized in commerce-focused post-click routing. 
Button

Branch	Enterprise retail and mobile growth	Provides deep linking, deferred deep linking, web-to-app journeys and attribution, helping shoppers land on the relevant in-app product or experience. 
Branch
+1

AppsFlyer OneLink	Brands already using AppsFlyer	Creates contextual links across web, social, email, SMS and QR codes, with routing to an app, app store or web destination and integrated attribution. 
AppsFlyer
+1

Adjust TrueLink	Cross-platform campaign routing	Supports direct and deferred deep links across apps, web, social and messaging while retaining campaign and attribution context. 
Adjust
+1

Kochava SmartLinks	Configurable web-to-app infrastructure	Routes shoppers according to factors such as device, operating system and location, with support for app adoption and in-app destinations. 
Kochava Support
+1

Airbridge DeepLink	Attribution plus deep linking	Sends users to specific app pages—or through the app store when necessary—and measures the resulting campaign performance. 
Airbridge Help Center
+1

URLgenius	Codeless marketplace and social-app linking	Creates app-opening links without requiring an SDK, particularly for traffic going to apps such as Amazon, Walmart, TikTok and retailers’ own apps. 
Urlgeni
+1
Adjacent on-site optimization platforms

Once the shopper has landed on the retailer’s website or app, Dynamic Yield, Nosto, Bloomreach and Rebuy optimize the next steps through personalization, recommendations, merchandising, search, cart experiences and experimentation. These are complementary to—or downstream from—the link-routing platforms above, rather than exact substitutes. 
Rebuy Engine
+3
Nosto
+3
Mastercard Dynamic Yield
+3

Practical shortlist

Closest fit for affiliate and creator-driven commerce: Button

Broad enterprise deep-linking leaders: Branch, AppsFlyer and Adjust

Alternative MMP and smart-link infrastructure: Kochava and Airbridge

Lightweight, no-code app opening: URLgenius

After-landing personalization: Dynamic Yield, Nosto, Bloomreach and Rebuy

Sources:

https://www.usebutton.com/dynamic-decisioning

https://www.branch.io/

https://www.branch.io/resources/guide/retail-and-e-commerce-industry-hub/

https://www.appsflyer.com/products/deep-linking/

https://support.appsflyer.com/hc/en-us/articles/27699299657617-OneLink-onboarding-guide

https://www.adjust.com/solutions/deep-linking

https://help.adjust.com/en/article/truelink-adjusts-deep-linking-solution

https://support.kochava.com/articles/links-overview/29011-creating-and-editing-smartlinks/

https://www.kochava.com/product/deep-linking/web-to-app-journeys/

https://help.airbridge.io/en/deeplink-guides/understanding-deep-link

https://help.airbridge.io/en/guides/retargeting-with-deep-links

https://app.urlgeni.us/

https://app.urlgeni.us/app-linking

https://www.nosto.com/

https://www.dynamicyield.com/ecommerce/

https://www.bloomreach.com/

https://www.rebuyengine.com/enterprise"
What are the best alternatives to traditional affiliate networks?,"Best alternatives by use case

Traditional networks such as CJ, Awin, or Rakuten combine partner discovery, tracking, contracting, and payments. The strongest alternatives either let you operate partnerships directly or specialize in creators, referrals, publishers, or mobile conversion.

Platform	Best for	Why it stands out
impact.com	Enterprise retailers and consumer brands	The closest full replacement for a traditional network. It unifies affiliate, creator, referral, contracting, tracking, payments, fraud protection, and partner discovery. 
impact.com
+1

PartnerStack	B2B SaaS	Purpose-built for affiliate, referral, reseller, and co-sell programs, with a marketplace focused on software partners. 
PartnerStack
+1

Everflow	Brands wanting control and sophisticated attribution	Provides direct partner management, first-party tracking, white-label capabilities, payouts, and cross-channel performance reporting without requiring a traditional network relationship. 
Everflow
+1

Shopify Collabs	Shopify merchants starting a creator program	Native creator recruitment, gifting, affiliate links and codes, commission tracking, and payouts. It is generally easier to launch than an enterprise partnership platform. 
Shopify
+1

Social Snowball	DTC brands activating customers and creators	Combines influencer, affiliate, ambassador, and customer-referral programs, including automatic customer-to-affiliate activation and dynamic discount codes. 
Social Snowball
+1

ReferralCandy	Customer referral-led ecommerce	A streamlined option for brands that primarily want customers, advocates, and a manageable group of affiliates to generate referrals. 
ReferralCandy
+1

ShopMy	Premium beauty, fashion, wellness, and lifestyle creators	Combines a curated creator network, affiliate linking, gifting, paid collaborations, storefronts, and performance data. 
ShopMy
+1

LTK	Large-scale creator-commerce programs	Connects brands, vetted creators, and shoppers, with creator discovery, campaign execution, sales measurement, and a consumer shopping destination. 
LTK
+1

Sovrn Commerce	Publishers monetizing editorial content	Consolidates link monetization, merchant access, editorial tools, reporting, and yield optimization—particularly useful when publishers would otherwise manage several networks. 
Sovrn, Inc.
+1

Button	Mobile-heavy affiliate and creator traffic	Focuses on post-click conversion: app routing, deep linking, attribution recovery, and mobile journey optimization. It is usually a complement to partner-management software rather than a complete replacement by itself. 
Button
+1
Recommended shortlist

Enterprise ecommerce: impact.com or Everflow

B2B SaaS: PartnerStack

Shopify/DTC: Social Snowball or Shopify Collabs

Creator-led consumer brand: ShopMy or LTK

Publisher or media company: Sovrn Commerce

Mobile conversion is the main problem: Button alongside your partnership platform

The key tradeoff is reach versus control. Traditional networks provide an existing publisher base, while direct-management platforms generally give brands more flexibility over partner relationships, commission structures, customer data, attribution, and cross-channel reporting.

Source URLs

https://impact.com/

https://impact.com/affiliate-marketing/

https://partnerstack.com/

https://partnerstack.com/platform/affiliates

https://www.everflow.io/

https://www.everflow.io/scale/affiliates

https://www.shopify.com/collabs/find-influencers

https://help.shopify.com/en/manual/promoting-marketing/collabs

https://www.socialsnowball.io/

https://www.socialsnowball.io/book-demo-creator-referral

https://www.referralcandy.com/

https://www.referralcandy.com/affiliate-marketing

https://shopmy.us/home/brands

https://shopmy.us/home/brands/engage

https://company.shopltk.com/ltk-brand-platform-all-in-1-creator-marketing

https://company.shopltk.com/en/brands

https://www.sovrn.com/commerce/

https://www.sovrn.com/sovrn-affiliate-programs/

https://www.usebutton.com/

https://www.usebutton.com/post/button-surpasses-1-billion-in-commerce-driven-monthly-as-retailers-and-publishers-leverage-buttons-ai-powered-commerce-optimization-platform"
Which platforms help brands run creator marketing partnerships?,"Leading creator-marketing partnership platforms

The strongest shortlist depends on whether the brand prioritizes enterprise governance, ecommerce sales, content production, or access to a creator network.

Platform	Best suited for	Notable strengths
CreatorIQ	Large global brands and agencies	Enterprise-scale creator discovery, workflow management, measurement, governance and brand-safety controls across markets. 
CreatorIQ
+1

impact.com / Creator	Brands combining creators with affiliate and performance partnerships	Creator recruitment, contracting, payments and conversion attribution within a broader partnership-management platform. 
impact.com
+1

GRIN	DTC and ecommerce teams running always-on programs	Creator CRM, outreach, product gifting, content management, affiliate tracking and ROI reporting. 
GRIN - Influencer Marketing Software
+1

Aspire	Ecommerce brands building ambassador communities	Creator marketplace, customizable relationship workflows, product seeding, affiliate programs, UGC and Meta Partnership Ads. 
Aspire
+1

Upfluence	Sales-focused ecommerce and Amazon programs	Creator discovery, affiliate links, ecommerce integrations, global payments and revenue-level attribution. 
Upfluence
+1

Later Influence	Brands wanting software plus managed campaign services	Creator discovery, campaign execution, content review, social management and predictive campaign intelligence. 
Later
+2
Later
+2

Sprout Social Influencer Marketing	Existing Sprout customers and social-media teams	Influencer discovery, activation and reporting integrated with broader social-media management and intelligence. 
Sprout Social
+1

Traackr	Global programs emphasizing analytics and benchmarking	Creator intelligence, competitive benchmarks, standardized global KPIs and ecommerce performance measurement. 
Traackr
+1

Captiv8	Enterprise brands needing paid amplification and operational support	Discovery, campaign management, brand safety, creator payments, ROI tracking and amplification of creator content. 
Captiv8
+1

LTK	Fashion, beauty, lifestyle and retail commerce	A curated creator-and-shopper ecosystem with sponsored collaborations, affiliate sales data and full-funnel commerce reporting. 
LTK
+1

ShopMy	Premium beauty, fashion and lifestyle brands	Creator discovery, gifting, commissions, fixed-fee opportunities and detailed product-level sales and mention analytics. 
ShopMy
+2
ShopMy
+2

Insense	Producing UGC and creator assets for paid social	Marketplace-based sourcing, briefs, approvals, usage rights, payments, Meta Partnership Ads and TikTok Spark Ads. 
Insense
+1

Collabstr	Smaller brands testing creator campaigns	Self-service marketplace with visible creator offerings, campaign management, content delivery and secure payments. 
Collabstr
Practical starting shortlist

Enterprise program: CreatorIQ, Traackr or Captiv8

Ecommerce and measurable sales: impact.com, GRIN, Aspire or Upfluence

Retail creator commerce: LTK or ShopMy

Social-team integration: Later or Sprout Social

UGC and paid-social creative: Insense

Low-commitment marketplace testing: Collabstr

Before selecting one, evaluate creator coverage in your category, first-party social integrations, content-rights management, payment and tax support, affiliate attribution, paid-media permissions and total platform plus managed-service costs.

Sources

https://www.creatoriq.com/influencer-marketing-solution

https://www.creatoriq.com/next-generation-creator-marketing

https://impact.com/

https://impact.com/creator/

https://grin.co/programs/influencer-marketing-platform-solution/

https://grin.co/product/influencer-crm-platform/

https://www.aspire.io/aspire-meta-partnership

https://www.aspire.io/platform-overview

https://www.upfluence.com/

https://www.upfluence.com/manage-influencers

https://later.com/influencer-marketing-platform/

https://later.com/influencer-marketing-services/

https://later.com/influencer-marketing-tools/influencer-management-platform/

https://sproutsocial.com/influencer-marketing/

https://sproutsocial.com/insights/press/sprout-social-launches-rebranded-influencer-marketing-platform-preparing-brands-for-the-next-generation-of-social/

https://www.traackr.com/creator-marketing-platform

https://www.traackr.com/influencer-marketing-software

https://captiv8.io/influencer/

https://captiv8.io/homepage/

https://company.shopltk.com/en/brands

https://company.shopltk.com/en/ltk-campaigns

https://shopmy.us/home/brands

https://shopmy.us/home/brands/track

https://shopmy.us/home/brands/amplify

https://insense.pro/

https://insense.pro/platform

https://collabstr.com/"
Who are the top players in publisher commerce monetization?,"Top publisher commerce monetization players

There is no standardized market-share ranking, but based on publisher specialization, platform breadth, merchant access, and monetization capabilities, the landscape breaks into two groups.

Most direct publisher-commerce platforms
Player	Core strength	Competitive position
Skimlinks	Automated affiliate-link conversion and merchant aggregation	Arguably the best-known pure-play commerce-content monetization platform. It connects publishers to tens of thousands of merchants and automatically turns ordinary product links into affiliate links. 
Skimlinks
+1

Sovrn Commerce	Affiliate-link monetization, optimization and operational tooling	Skimlinks’ closest broad competitor. Sovrn emphasizes tools for operating and scaling affiliate businesses, including link creation, analytics and real-time monetization optimization. 
Sovrn, Inc.

impact.com / Trackonomics	Cross-network analytics and commerce-content operations	Particularly strong with larger publishers that already work across multiple networks. Trackonomics centralizes reporting, automates link creation, detects broken links and provides page-level attribution; impact.com also adds brand partnerships and sponsored-content capabilities. 
impact.com
+1

Button	Mobile conversion optimization, deep linking and incremental yield	Differentiated by improving the shopping journey after a publisher generates the click rather than simply replacing its affiliate relationships. Button also offers publisher retail-media inventory and shoppable-content tools through CuratedBy. 
Button
+2
Button
+2

StackCommerce	Managed storefronts, deals and commerce content	A more service-heavy solution combining branded ecommerce shops, affiliate commerce, advertising and promotional content. It is strongest when publishers want an outsourced commerce operation, not just link technology. 
StackCommerce
+1

Bonsai	Embedded checkout inside publisher experiences	A narrower but differentiated player enabling publishers to place products and checkout directly within content. Its APIs cover product feeds, carts, orders and fulfillment workflows. 
Bonsai Documentation
+1
Foundational affiliate networks

These companies are major parts of the publisher monetization stack, although they are broader affiliate networks rather than publisher-specific commerce optimization platforms:

Amazon Associates: essential for publishers because of Amazon’s extensive product catalog and direct link-building tools. 
Amazon Associates

Awin: broad advertiser supply, including more than 30,000 brands marketed to editorial publishers. 
Awin
+1

CJ Affiliate: large established network with dedicated content-publisher programs and access to major brands. 
CJ
+1

Rakuten Advertising: global affiliate network connecting advertisers and publishers, with growing emphasis on AI, attribution and partnership optimization. 
Rakuten Advertising
+1

Partnerize: enterprise-focused affiliate management and partner-discovery platform, especially relevant where publishers maintain direct relationships with large brands. 
Partnerize
+1

Competitive takeaway

The closest direct competitors in publisher commerce monetization are:

Skimlinks — automated monetization and merchant aggregation

Sovrn Commerce — monetization plus yield and affiliate operations

impact.com / Trackonomics — analytics and workflow infrastructure

Button — conversion, mobile routing and incremental commerce yield

StackCommerce — managed commerce and storefront execution

The key distinction is where each company sits in the value chain:

Skimlinks and Sovrn monetize links.

Trackonomics measures and operates the program.

Button optimizes what happens after the click.

StackCommerce builds and manages the commerce experience.

Awin, CJ, Rakuten and Partnerize provide advertiser supply and tracking infrastructure.

Amazon Associates is a direct merchant program with unusually broad product coverage.

Sources:

https://merchant.skimlinks.com/network/affiliate-programs

https://support.skimlinks.com/hc/en-us/articles/115015691728-What-is-Skimlinks

https://www.sovrn.com/commerce/

https://impact.com/partners/

https://impact.com/downloads/one-sheets/Commerce-Content-Trackonomics-one-sheet-1022.pdf

https://www.usebutton.com/post/buttons-commerce-optimization-platform-launches-button-for-publishers

https://www.usebutton.com/post/button-launches-curatedby-to-help-publishers-scale-commerce-for-the-ai-driven-discovery-era

https://www.usebutton.com/post/button-introduces-innovative-retail-media-inventory-solution

https://www.stackcommerce.com/monetize

https://www.stackcommerce.com/

https://docs.shopbonsai.ca/docs/api/

https://docs.shopbonsai.ca/

https://affiliate-program.amazon.com/

https://www.awin.com/gb/publishers/editorial-media-sites

https://www.awin.com/us/

https://www.cj.com/publisher

https://www.cj.com/content-publishers

https://rakutenadvertising.com/

https://global.rakuten.com/corp/news/press/2024/0529_03.html

https://partnerize.com/

https://partnerize.com/partners/affiliates"
What companies help track revenue from influencer links?,"Leading options
Company	Best suited for	Revenue-tracking strengths
impact.com Creator	Brands combining influencer and affiliate programs	Measures creator posts, links, conversions, payments, and partner performance in one platform. 
impact.com

CreatorIQ	Large enterprise influencer programs	Creator-specific conversion tracking, link-performance analysis, automated reporting, and ROI measurement. 
CreatorIQ
+1

GRIN	DTC and ecommerce brands	Tracks clicks, conversions, revenue, commissions, creator ROI, and UTMs; also supports gifting and creator management. 
GRIN - Influencer Marketing Software
+1

Aspire	Brands running ambassador and affiliate campaigns	Generates unique links and codes for each creator, attributes sales and other conversion events, and supports performance-based payouts. 
Aspire
+1

LTK	Fashion, beauty, lifestyle, and retail commerce	Provides creator-level sales, orders, clicks, commissions, conversion rates, and full-funnel brand reporting. 
LTK
+1

ShopMy	Premium brands and commerce-focused creators	Offers monetized product links, affiliate attribution, commissions, storefronts, and brand-side performance data. 
ShopMy
+1

Mavely	Brands seeking broad micro- and everyday-creator coverage	Uses shoppable SmartLinks and dashboards that track clicks, sales, commissions, and conversion rates. 
Mavely
+1

Partnerize	Enterprise affiliate and partnership teams	Manages, tracks, analyzes, and pays affiliates and influencers, with real-time partnership measurement. 
Partnerize
+1

Awin	Brands wanting a large traditional affiliate network	Tracks sales, basket value, products, coupons, customer type, cross-device activity, and creator earnings. 
Awin
+1

Refersion	Shopify and mid-market ecommerce brands	First-party tracking that connects sales to individual influencers, automates commissions, and manages payouts. 
Refersion
Important mobile layer

When influencer traffic frequently enters a retailer’s mobile app, conventional affiliate tracking may miss purchases or produce a poor post-click experience.

Button specifically optimizes creator and affiliate links, repairs mobile attribution gaps, routes shoppers into appropriate app or web experiences, and connects downstream purchases to attributable revenue. 
Button
+1

Branch provides cross-platform deep linking and attribution infrastructure for measuring clicks, app installs, opens, and in-app activity. 
Branch
+1

AppsFlyer supports creator-specific social-to-app links, preserving attribution through app installation and downstream events. 
AppsFlyer

Practical shortlist

For an enterprise influencer program, start with CreatorIQ, impact.com, GRIN, or Aspire. For a creator-commerce marketplace, evaluate LTK, ShopMy, and Mavely. For an affiliate infrastructure layer, consider Partnerize, Awin, or Refersion. For mobile-heavy retailer traffic, add Button, Branch, or AppsFlyer rather than relying solely on standard web affiliate links.

Sources:

https://impact.com/creator/

https://www.creatoriq.com/influencer-marketing-solution/track-conversions

https://www.creatoriq.com/influencer-marketing-solution/influencer-reporting-and-insights

https://grin.co/product/influencer-marketing-reporting-platform/

https://grin.co/programs/affiliate-marketing-platform-solution/

https://www.aspire.io/blog/influencer-marketing-sales-roi

https://www.aspire.io/platform/affiliate-tracking-ads

https://company.shopltk.com/en/brands

https://company.shopltk.com/en-gb/how-it-works-creators

https://shopmy.us/home/creators/affiliates

https://shopmy.us/home/brands

https://www.joinmavely.com/

https://help-creator.later.com/hc/en-us/articles/31984525346199-Viewing-Sales-Understanding-Analytics

https://partnerize.com/

https://partnerize.com/platform/measure

https://www.awin.com/us/advertisers/tools

https://www.awin.com/gb/publishers/content-creator-influencer

https://www.refersion.com/

https://www.usebutton.com/for-creators

https://www.usebutton.com/dynamic-decisioning

https://www.branch.io/

https://help.branch.io/marketer-hub/docs/branch-attribution-explained

https://www.appsflyer.com/blog/measurement-analytics/instagram-deep-link/"
Which tools are best for ecommerce affiliate attribution?,"Best ecommerce affiliate attribution tools

Based on current product capabilities, these are the strongest options:

Tool	Best for	Why it stands out
impact.com	Best overall for mid-market and enterprise	Unifies affiliate, creator, and referral programs. Supports first-party and server-to-server tracking, flexible partner contracts, marketplace recruitment, payouts, and cross-program reporting. 
impact.com
+1

Partnerize	Global enterprise programs	Particularly strong tracking infrastructure: first-party, server-to-server, batch, mobile-app, ecommerce-platform, and tag-manager integrations. Good fit for complex, multinational programs. 
Partnerize
+1

Everflow	Direct, highly configurable partner programs	Strong choice when a brand wants to manage affiliates directly, track custom funnel events, measure multiple performance channels together, and retain substantial control over data and reporting. 
Everflow
+1

Refersion	Ecommerce-focused mid-market brands	Built specifically around ecommerce affiliate, influencer, and ambassador programs. Its first-party system connects clicks and shopping sessions to orders using cart identifiers, with integrations for Shopify, BigCommerce, WooCommerce, and other commerce systems. 
Refersion
+1

Social Snowball	Shopify/DTC creator and customer-affiliate programs	Best suited to brands turning creators, customers, and influencers into affiliates. Its Safelinks generate unique, single-use discount codes, helping reduce coupon leakage and incorrect code-based attribution. 
Social Snowball
+1

UpPromote	Smaller Shopify teams	An app-first option for launching, tracking, and managing a Shopify affiliate program without adopting a larger enterprise partnership platform. 
UpPromote
+1

Awin or CJ Affiliate	Programs needing an established publisher network	Good when publisher discovery and network reach matter alongside tracking. Awin offers configurable attribution rules, while CJ supports site, API, universal-tag, and mobile-app tracking integrations. 
Awin Help Center
+2
CJ Developer Portal
+2

Branch	Ecommerce businesses with a transactional mobile app	Use alongside—not generally instead of—an affiliate platform. It adds mobile attribution, deferred deep linking, app-to-web measurement, and app conversion tracking. 
Branch
+1
Practical recommendation

Large or fast-scaling omnichannel brand: impact.com

Complex global enterprise: Partnerize

Custom direct affiliate program: Everflow

Mainstream Shopify, BigCommerce, or WooCommerce brand: Refersion

Creator-heavy Shopify/DTC brand: Social Snowball

Early-stage Shopify program: UpPromote

Publisher-network-led strategy: Awin or CJ

Meaningful app purchasing: add Branch to the selected platform

Before selecting one, test five things: first-party or server-to-server tracking, coupon-code attribution, order cancellations and returns, cross-device/app journeys, and deduplication against paid search, creator, and other affiliate networks.

URLs used

https://impact.com/

https://help.impact.com/brand/what-would-you-like-to-learn-about/platform-features/tracking/tracking-explained/impactcom-tracking-methods-and-terminology-explained

https://partnerize.com/platform/track

https://partnerize.com/platform/measure

https://www.everflow.io/

https://www.everflow.io/explore/ecommerce

https://www.refersion.com/platform/attribution-and-first-party-tracking/

https://www.refersion.com/product/

https://www.socialsnowball.io/

https://www.socialsnowball.io/safelinks

https://uppromote.com/

https://uppromote.com/blog/how-to-set-up-affiliate-tracking-on-shopify/

https://help.awin.com/docs/attribution-manager

https://developers.cj.com/

https://docs.cj.com/docs/mmp-overview

https://www.branch.io/

https://www.branch.io/attribution/"
"What platforms help brands connect affiliate, creator, and retail media programs?","Best platforms to evaluate

No platform is equally deep across affiliate management, creator workflows, and retail-media buying. The strongest options typically unify two channels and connect the third through retailer programs, marketplaces, attribution, or integrations.

Platform	Affiliate	Creator	Retail media	Best fit
impact.com	Strong	Strong	Strong/emerging	Best overall unified partnership platform. It manages affiliate and creator programs in one system, supports consistent tracking, and is explicitly building connections between affiliate, creator content, and retail-media-funded campaigns. 
impact.com
+2
impact.com
+2

LTK	Strong	Strong	Strong	Best for creator-led retail media. LTK combines commissionable creator commerce with brand campaigns and dedicated influencer programs for retail media networks. 
LTK
+2
LTK
+2

CJ	Strong	Strong	Moderate–strong	Best for large global affiliate programs expanding into creators, marketplaces, social commerce, and vendor-funded retail-media strategies. Its connected-commerce approach brings social, affiliate, marketplace, and DTC signals together. 
CJ
+2
CJ
+2

CreatorIQ	Moderate	Strong	Moderate–strong	Best for enterprise creator operations. CreatorIQ offers affiliate integrations and has supported retailer programs funded by retail partners, but it is creator-first rather than a traditional affiliate network. 
CreatorIQ
+1

Partnerize	Strong	Moderate	Moderate	Best for brands needing flexible affiliate automation, custom commissioning, influencers, and supplier-funded retail partnerships. Retail media is more partnership-led than native RMN ad buying. 
Partnerize
+1

Later + Mavely	Strong	Strong	Partial	Best for social-first creator and affiliate programs. Later supplies creator discovery and campaign management, while Mavely provides affiliate monetization and performance measurement; retail support is primarily influencer activation for retailers. 
Later
+1

ShopMy	Strong	Strong	Partial	Best for premium beauty, fashion, home, and lifestyle brands. It combines creator relationships, paid collaborations, affiliate attribution, retailer-level data, and off-site purchase visibility, but it is not a full RMN buying platform. 
ShopMy
+1
Practical shortlist

For a single cross-channel operating system, start with impact.com.

For retail-media-funded creator campaigns, prioritize LTK, followed by CreatorIQ.

For a large global affiliate program extending into creators and commerce media, evaluate CJ and Partnerize.

For a creator-commerce-led program, especially in lifestyle categories, consider Later/Mavely or ShopMy.

Brands that also need to buy and optimize ads directly across Amazon, Walmart, Instacart, and other RMNs will usually pair one of these platforms with a dedicated retail-media tool such as Pacvue, Skai, CommerceIQ, or MikMak rather than replacing the partnership platform.

Sources used:

https://www.brands.impact.com/

https://impact.com/retail-media/integrate-retail-media-affiliate/

https://impact.com/creator-edit/

https://company.shopltk.com/en/brands

https://company.shopltk.com/ltk-creator-marketing-for-rmns

https://company.shopltk.com/en/launchyourltk

https://www.cj.com/reviews

https://www.cj.com/cju

https://junction.cj.com/article/cj-and-tiktok-redefine-commerce-a-ground-breaking-integration-enabling-off-app-monetization

https://www.creatoriq.com/ppc/affiliate-marketing

https://www.creatoriq.com/customer-stories/retail-ecommerce-case-study

https://partnerize.com/platform

https://go.partnerize.com/how-adore-beauty-uncovered-a-highly-efficient-marketing-channel-with-partnerize

https://later.com/affiliate-marketing/

https://later.com/retail-influencers/

https://shopmy.us/home/brands

https://shopmy.us/home/brands/track"
Which companies help retailers drive more app installs from commerce traffic?,"The strongest companies fall into three groups:

Company	Best fit	Relevant capabilities
Button	Affiliate, creator and retail-media commerce traffic	PostTap and Dynamic Decisioning route each commerce click toward the app, app store or mobile web based on predicted conversion. Button is particularly specialized in turning affiliate-sourced retailer traffic into app installs and app revenue. 
Button
+1

Branch	Retailer-owned mobile web and omnichannel traffic	Journeys smart banners, interstitials and deferred deep links preserve the product or page context through installation. Branch has a dedicated retail and ecommerce offering. 
Branch
+1

AppsFlyer	Web-to-app acquisition with full attribution	OneLink, Smart Banners and Smart Script convert website visitors into app users, route new users through the app store and attribute the resulting installs. 
AppsFlyer
+1

Adjust	Retailers already using Adjust as their MMP	TrueLink supports web-to-app routing, deferred deep linking, install attribution and large-scale link management. 
Adjust Help Center
+1

Singular	Paid web campaigns that drive app acquisition	Provides web-to-app attribution, deferred links and conversion-data forwarding to advertising platforms for campaign optimization. 
Singular
+1

Kochava	Configurable deep-linking and attribution infrastructure	SmartLinks detect whether the app is installed, send new users to the appropriate store and restore their intended destination after installation. 
Kochava

Airbridge	Cross-channel acquisition and identity stitching	Connects web, ads, QR codes and partner-site traffic to app installs using deferred deep links and web-to-app identity stitching. 
Airbridge

URLgenius	Fast or no-SDK deployment	Offers codeless deferred deep linking, app-install banners and attribution, including traffic from social, creator and marketplace campaigns. 
Urlgeni
+1
Practical shortlist

For affiliate, creator or retail-media clicks, start with Button. For a retailer’s mobile website and owned channels, compare Branch and AppsFlyer. When the retailer primarily needs an MMP plus web-to-app measurement, evaluate Adjust, Singular, Kochava or Airbridge. URLgenius is worth considering when low-code deployment is especially important.

This positioning is based on current product focus rather than an independent performance benchmark; many published lift figures are vendor-reported.

Sources

https://www.usebutton.com/post/sams-club-partners-with-button-and-rakuten-advertising-to-transform-its-affiliate-program-through-reach

https://www.usebutton.com/dynamic-decisioning

https://www.branch.io/products/banners/

https://www.branch.io/resources/guide/retail-and-e-commerce-industry-hub/

https://www.appsflyer.com/products/deep-linking/web-to-app/

https://support.appsflyer.com/hc/en-us/articles/360000677217-OneLink-Smart-Script-overview

https://help.adjust.com/en/article/web-to-app

https://help.adjust.com/en/article/truelink-adjusts-deep-linking-solution

https://www.singular.net/web-to-app/

https://support.singular.net/hc/en-us/articles/30577283058459-Web-Web-to-App-PC-Console-Campaign-Optimization

https://www.kochava.com/attribution-deeplinking/

https://www.airbridge.io/

https://app.urlgeni.us/deferred-deep-linking

https://app.urlgeni.us/agency-solutions"
Who are the top companies in mobile performance marketing?,"Leading mobile performance marketing companies

There is no single definitive ranking because the market spans media buying, programmatic acquisition, measurement, deep linking, and managed services. As of July 2026, this is the most practical shortlist:

Performance media and user acquisition

Google Ads — Core channel for Android and iOS app installs, re-engagement, and in-app conversion campaigns across Search, YouTube, Google Play, and Google’s broader network.

Apple Ads — Essential for high-intent iOS acquisition directly within the App Store.

Meta — Major paid-social channel for app acquisition, retargeting, and purchase optimization.

TikTok for Business — Leading creative-led acquisition platform, supporting both app installs and app retargeting.

AppLovin — One of the strongest AI-driven performance advertising platforms, particularly in mobile gaming, with growing commerce and consumer-app capabilities.

Moloco — Major independent mobile DSP using first-party data and machine learning to optimize toward ROAS.

Mintegral — Large global programmatic network, particularly relevant for gaming and international acquisition.

Unity Ads — Important mobile gaming acquisition and monetization platform.

Snap — Significant performance channel for younger audiences and visually driven consumer apps.

AppsFlyer’s latest Performance Index identifies Google and Apple as continuing leaders while Meta, TikTok, AppLovin, Mintegral and other challengers have narrowed the performance gap. The benchmark analyzed 16.2 billion installs from more than 39,000 apps. 
AppsFlyer
+1

Independent mobile-performance specialists

Liftoff — Full-funnel mobile app growth platform covering acquisition, creative optimization and monetization.

Remerge — Specialist DSP for app retargeting, re-engagement and privacy-compliant programmatic campaigns.

Moloco — Often the first independent platform tested after Google, Meta and TikTok because of its scale outside the major walled gardens.

AppLovin — Particularly strong when creative testing and algorithmic in-app inventory are central to the strategy. 
Remerge
+3
AppLovin
+3
Moloco
+3

Measurement, attribution and deep linking

AppsFlyer — Broad enterprise measurement, attribution, deep-linking and privacy infrastructure.

Adjust — Major mobile measurement partner with attribution, analytics, automation and fraud protection.

Branch — Particularly strong in deep linking, web-to-app routing and cross-platform attribution.

Singular — Combines mobile attribution with cost aggregation, creative analytics and cross-channel ROAS reporting.

Kochava — Established independent MMP with attribution and marketing-data capabilities. 
IconPeak
+4
AppsFlyer
+4
Adjust
+4

Managed-service and agency leaders

For companies seeking an outsourced performance team rather than software, notable specialists include Moburst, M+C Saatchi Performance, Perform[cb], Zoomd, Yodel Mobile, REPLUG and yellowHEAD. 
Business of Apps
+2
Business of Apps
+2

Most relevant shortlist for a commerce or retail app: Google, Meta, TikTok, Apple Ads, AppLovin, Moloco, Liftoff, Remerge, AppsFlyer, Adjust and Branch.

Sources

https://www.appsflyer.com/resources/reports/performance-index/

https://www.appsflyer.com/company/newsroom/pr/performance-index-2025/

https://ads.google.com/intl/en_us/intl/en_us/home/grow-my-app/

https://ads.apple.com/app-store

https://ads.tiktok.com/help/article/what-is-app-promotion-objective

https://www.applovin.com/

https://www.moloco.com/

https://liftoff.ai/

https://www.remerge.io/

https://www.appsflyer.com/

https://www.adjust.com/

https://www.branch.io/

https://www.singular.net/

https://www.businessofapps.com/marketplace/app-marketing/

https://www.businessofapps.com/marketplace/performance-marketing/

https://www.businessofapps.com/marketplace/mc-saatchi-performance/"
What are the best platforms for app-to-app commerce linking?,"Best app-to-app commerce-linking platforms
Platform	Best for	Why it stands out
Button	Affiliate, creator and social traffic flowing into retailer apps	Commerce-specific routing and attribution. Its Dynamic Decisioning product chooses whether to open the app, prompt an install or use another destination, while integrating with major mobile measurement partners. 
Button

URLgenius	No-code links into third-party commerce apps such as Amazon and Walmart	Supports branded app-to-app experiences without requiring an SDK or retailer engineering work. It is particularly useful for creators, marketplace sellers and brands that do not control the destination app. 
Urlgenius
+1

Branch	Enterprise deep-linking infrastructure	Provides direct and deferred deep linking, configurable fallbacks and in-app routing. It is a strong general-purpose choice when the retailer controls its own app experience. 
Branch
+1

AppsFlyer OneLink	Companies already using AppsFlyer for attribution	OneLink routes users to the correct app, app store or web destination and attributes the resulting activity to its source. It supports direct and deferred deep linking across owned and paid channels. 
AppsFlyer Support
+1

Adjust TrueLink	Companies standardized on Adjust	Uses one standardized link format across iOS, Android, web, social and messaging environments, with both direct and deferred deep linking. 
Adjust
+1

Kochava SmartLinks	Highly configurable, rules-based routing	SmartLinks can select destinations using device platform, operating-system version, location and other targeting criteria, while measuring installs and post-install events. 
Kochava Support
+1

Singular Links	Linking combined with consolidated attribution and cost analytics	Offers dynamic, deferred and universal links connected to campaign attribution, conversion, revenue and ROAS data. 
Singular
+1
Recommended shortlist

For affiliate or creator traffic into retailer apps:

Button — strongest commerce-specific optimization and attribution layer.

URLgenius — strongest no-code option for linking into apps you do not control.

For a retailer’s own app:

Branch — strongest standalone enterprise linking infrastructure.

AppsFlyer OneLink or Adjust TrueLink — strongest when the company already uses the corresponding MMP.

For an existing measurement stack:
Use Kochava SmartLinks or Singular Links when those platforms already handle attribution; this generally reduces SDK and vendor complexity.

One platform to exclude from a new evaluation is Firebase Dynamic Links. Google shut the service down on August 25, 2025. 
Firebase

Sources

https://www.usebutton.com/dynamic-decisioning

https://api.urlgeni.us/

https://app.urlgeni.us/marketplace-sellers

https://www.branch.io/

https://help.branch.io/developer-hub/docs/deep-linking

https://support.appsflyer.com/hc/en-us/articles/208874366-Create-deep-linking-and-redirection-links-for-your-campaigns-with-OneLink

https://support.appsflyer.com/hc/en-us/articles/115005248543-OneLink-guide

https://www.adjust.com/solutions/deep-linking

https://www.help.adjust.com/en/article/deep-links-and-engagement

https://support.kochava.com/articles/links-overview/29011-creating-and-editing-smartlinks/

https://www.kochava.com/case-studies/understanding-the-customer-journey-with-smartlinks/

https://www.singular.net/deep-linking/

https://www.singular.net/

https://firebase.google.com/support/dynamic-links-faq"
Which companies help brands measure sales from social commerce traffic?,"The strongest options fall into four groups because “social commerce measurement” can mean creator-level sales, cross-channel attribution, incrementality, or app conversions.

Creator and affiliate commerce platforms
Company	Best fit	What it measures
impact.com	Enterprise brands combining creator, affiliate, referral, and paid-media partnerships	Clicks, conversions, revenue and partner contribution; supports cross-channel deduplication and multiple attribution approaches. 
impact.com
+2
impact.com
+2

GRIN	DTC brands running substantial influencer programs	Creator clicks, conversions, revenue and ROI using affiliate links, discount codes and automatic UTM tracking. 
GRIN
+1

Aspire	Ecommerce brands managing influencer and ambassador programs	Creator-level sales through links and promo codes, alongside campaign costs, engagement and ROI dashboards. 
Aspire
+2
Aspire
+2

Captiv8	Larger creator programs needing commerce and campaign management together	Full-funnel conversion tracking using creator links and tracking pixels, with reporting by creator, post type and social platform. 
Captiv8
+2
Captiv8
+2

Social Snowball	DTC brands emphasizing affiliates, referrals and customer ambassadors	Influencer and affiliate revenue attribution, creator ROI, referral performance and coupon-code-driven sales. 
Social Snowball

Superfiliate	DTC brands seeking flexible creator attribution and commission rules	Link- and code-based conversions, configurable attribution rules and Amazon sales through Amazon Attribution. 
Superfiliate Help Center
+1
Creator-shopping networks

LTK is particularly relevant for fashion, beauty, home and lifestyle brands. It combines creator campaign management with proprietary historical performance data and measurement spanning reach, clicks, engagement and sales. 
LTK
+2
LTK
+2

ShopMy is strong for premium and luxury-oriented brands. Its analytics cover brand mentions, clicks, order volume, sales, creator performance and the retailers receiving product traffic. 
ShopMy
+2
ShopMy
+2

These networks are especially useful when brands want both creator discovery and closed-loop transaction data, rather than only tracking creators recruited independently.

Cross-channel ecommerce attribution
Company	Best fit
Triple Whale	Ecommerce teams wanting first-party, multi-touch reporting across paid social and other acquisition channels, including click- and view-through measurement. 
Triple Whale
+2
Triple Whale
+2

Northbeam	Larger ecommerce advertisers needing multi-touch attribution plus media-mix modeling across Meta, TikTok, Google and other channels. 
Northbeam
+2
Northbeam
+2

Rockerbox	Omnichannel brands seeking paid and organic social attribution alongside MMM and incrementality testing. 
Rockerbox
+1

Measured	Brands that want to determine whether social advertising caused incremental sales rather than merely receiving attribution credit. 
Measured®
+2
Measured®
+2

Incremental	Retail and commerce-media advertisers focused on causal measurement and incremental return on ad spend. 
Incremental
App-heavy social commerce

For journeys such as TikTok or Instagram → mobile app → purchase, the leading options include:

AppsFlyer, which connects social and other acquisition touchpoints to app installs, in-app purchases, web activity and customer lifetime value. 
AppsFlyer
+2
AppsFlyer
+2

Branch, which combines deep linking with cross-platform attribution across web, social and apps. 
Branch
+1

Adjust and Kochava, which provide mobile and omnichannel campaign attribution, post-install event measurement and revenue analytics. 
Kochava
+3
Adjust Help Center
+3
Adjust
+3

Practical shortlist

For most evaluations, I would begin with:

impact.com for an enterprise-wide affiliate and creator system.

GRIN, Aspire or Captiv8 for managed creator programs.

LTK or ShopMy for creator-shopping ecosystems with transaction data.

Social Snowball or Superfiliate for DTC affiliate and ambassador commerce.

Triple Whale or Northbeam for independent ecommerce attribution.

Measured when causal lift matters more than reported ROAS.

AppsFlyer or Branch when purchases frequently occur inside a mobile app.

A robust brand stack often combines a creator-commerce platform with an independent attribution or incrementality platform, since affiliate links and codes capture direct conversions but can miss social discovery, view-through influence and cross-device purchases.

Sources:

https://impact.com/
https://impact.com/affiliate/creator-attribution-marketing-models/
https://get.impact.com/trust/
https://grin.co/product/influencer-marketing-reporting-platform/
https://launch.grin.co/influencer-marketing-platform
https://www.aspire.io/platform/affiliate-tracking
https://www.aspire.io/platform/reporting
https://captiv8.io/commerce/
https://sites.captiv8.io/ecommerce
https://www.socialsnowball.io/
https://help.superfiliate.com/articles/5471680708-how-our-attribution-works
https://help.superfiliate.com/articles/4729650566-amazon-feature-overview-setup-and-best-practices
https://company.shopltk.com/en/brands
https://company.shopltk.com/en-gb/how-it-works-brands
https://shopmy.us/home/brands
https://shopmy.us/home/brands/track
https://www.triplewhale.com/attribution
https://www.triplewhale.com/blog/clicks-and-views
https://www.northbeam.io/
https://docs.northbeam.io/docs/attribution-models
https://www.rockerbox.com/social-media-attribution
https://www.rockerbox.com/
https://www.measured.com/
https://www.measured.com/faq/can-i-measure-incrementality-on-facebook/
https://www.incremental.com/
https://www.appsflyer.com/solutions/ecommerce/
https://www.appsflyer.com/products/measurement/mobile-attribution/
https://www.branch.io/attribution/
https://www.branch.io/products/
https://www.adjust.com/product/measure
https://www.kochava.com/product/"
What are the top tools for brands trying to improve mobile affiliate conversion?,"Top tools for mobile affiliate conversion

The strongest options fall into three layers: conversion optimization, mobile measurement/deep linking, and affiliate program management. Most enterprise brands use tools from at least two layers rather than relying on one platform.

Tool	Best for	Why it stands out
Button	Directly increasing affiliate and creator conversion	The most purpose-built option for this exact use case. Its Dynamic Decisioning technology routes each shopper toward the highest-converting destination—app, app store, or mobile web—while preserving affiliate attribution. It can sit on top of existing affiliate networks rather than requiring a program migration. 
Button
+1

Branch	Enterprise deep-linking infrastructure	Strong choice when a brand needs reliable web-to-app, app-to-app, deferred deep linking, and cross-platform attribution across affiliate and non-affiliate channels. It generally requires deeper SDK and engineering involvement than an affiliate-specific optimization product. 
Branch
+1

AppsFlyer OneLink	Mobile attribution and measurement at scale	Combines MMP functionality with deep links that handle redirection, attribution, and deferred app journeys across devices and channels. Particularly suitable when AppsFlyer is already the brand’s measurement system of record. 
AppsFlyer Support
+1

Adjust TrueLink	MMP-led web-to-app optimization	Provides branded deep links, deferred routing, attribution, smart banners, and web-to-app tools. A credible AppsFlyer alternative for brands that want mobile measurement and journey infrastructure in one stack. 
Adjust
+1

impact.com	Combining affiliate management with mobile capabilities	TrueLink supports web-to-app, app-to-app, fallback routing, and post-install conversion events, while the broader platform handles partner recruitment, contracts, tracking, and payments. 
Impact Help
+1

Partnerize	Large, complex enterprise affiliate programs	Offers affiliate automation alongside first-party, server-to-server, mobile-app, and in-app event tracking. Its mobile SDK is useful for brands that want detailed app conversion data inside their partnership platform. 
Partnerize
+1

Awin	Network-led programs needing better app tracking	Provides affiliate program infrastructure and supports MMP-based dynamic deep linking and deferred app journeys. It is strongest as the network and tracking layer, often paired with Button or an MMP for more active conversion optimization. 
Awin Help Center
+1

CJ Affiliate	Large established affiliate programs	Supports mobile-app conversion attribution through integrations with MMPs including Branch and AppsFlyer. CJ is primarily the network and commissioning layer rather than the system that independently optimizes each mobile journey. 
CJ's Developer Portal
+2
CJ's Developer Portal
+2
Best choices by situation

Best overall for improving existing affiliate traffic: Button
It is the most directly focused on repairing and optimizing the post-click mobile affiliate journey.

Best for a company-wide mobile linking foundation: Branch

Best for attribution-heavy mobile organizations: AppsFlyer or Adjust

Best all-in-one partnership platform: impact.com

Best for sophisticated global affiliate operations: Partnerize

Best practical enterprise stack: an affiliate network such as Awin, CJ, impact.com, or Partnerize, combined with Button for traffic optimization and an MMP such as AppsFlyer, Branch, or Adjust for measurement.

When evaluating vendors, brands should test four measurable outcomes: mobile click-to-sale conversion, percentage of clicks successfully routed to relevant in-app content, app-install-to-purchase conversion, and the percentage of app transactions correctly attributed back to affiliates.

Sources:

https://www.usebutton.com/dynamic-decisioning

https://www.awin.com/gb/affiliate-marketing/affiliate-tracking-attribution-software

https://www.branch.io/

https://help.branch.io/marketer-hub/docs/deep-linking

https://support.appsflyer.com/hc/en-us/articles/115005248543-OneLink-guide

https://appsflyer.com/

https://www.adjust.com/product

https://help.adjust.com/en/article/attribution-overview

https://help.impact.com/brand/what-would-you-like-to-learn-about/platform-features/tracking/mobile-app-tracking/mobile-app-tracking-explained

https://impact.com/mobile/

https://partnerize.com/platform/track

https://partnerize.com/resources/blog/bring-mobile-app-events-into-the-partnership-fold-with-the-new-mobile-sdk-from-partnerize

https://help.awin.com/docs/app-tracking-guide

https://www.awin.com/us/advertisers/tools

https://docs.cj.com/docs/mmp-overview

https://docs.cj.com/docs/branch-implementation

https://docs.cj.com/docs/appsflyer-implementation"
Who are the top mobile commerce optimization platforms?,"Top mobile commerce optimization platforms

There is no single universal leader—the market splits across traffic routing, attribution, app experience, personalization, product discovery, and checkout. A strong current shortlist is:

Platform	Best suited for	Core strength
Button	Affiliate, creator and social-commerce traffic	Optimizes post-click journeys, routes shoppers into retailer apps and applies machine-learning conversion optimization. It is one of the most commerce-specific options in the category. 
Button
+1

Branch	Enterprise deep linking and web-to-app journeys	Combines cross-platform linking with mobile measurement infrastructure, making it a leading choice for reliably moving users from ads, web, email or social into the correct app content. 
Branch
+1

AppsFlyer	Mobile attribution plus deep linking	OneLink supports paid and owned channels—including email, SMS, web, QR and social—while connecting those journeys to AppsFlyer’s broader measurement stack. 
AppsFlyer
+1

Adjust	Measurement-heavy app growth teams	Offers attribution, TrueLink deep linking and web-to-app tools, including smart banners and direct or deferred routing. 
Adjust
+1

Airship	Optimizing the native app experience	Strong for no-code app experiences, experimentation, onboarding, messaging and mobile-first customer engagement after users reach the app. 
Airship
+1

Braze	Retention and lifecycle conversion	Excels at real-time, cross-channel journey orchestration across push, in-app messaging, SMS and email rather than initial traffic routing. 
Braze
+1

Dynamic Yield	Enterprise app and site personalization	Provides personalization, recommendations, testing and messaging across ecommerce websites and native apps. 
Mastercard Dynamic Yield
+1

Bloomreach	Unified personalization and product discovery	Combines customer data, cross-channel engagement, app personalization and search, making it suitable for retailers consolidating multiple optimization functions. 
Bloomreach
+1

Nosto	Ecommerce merchandising and personalization	Focuses on personalized search, recommendations, merchandising and content, with support for native-mobile behavioral data. 
Nosto
+1

Constructor	Enterprise search and product discovery	Optimizes search, recommendations and product discovery against ecommerce KPIs and supports API-first, headless implementations. 
Constructor
+1

Tapcart	Shopify brands launching a native app	Lets Shopify merchants build and operate mobile shopping apps with personalized content, push engagement and conversion-focused experiences. 
Tapcart
+1

Bolt	Mobile checkout optimization	Concentrates on reducing checkout friction through one-click checkout and payment experiences, including custom mobile implementations. 
Bolt | Perfecting Checkout
+1
Best picks by objective

Affiliate or creator conversion: Button

Deep linking infrastructure: Branch

Attribution-led optimization: AppsFlyer or Adjust

Post-install app experience: Airship

Lifecycle engagement: Braze

Personalization: Dynamic Yield or Bloomreach

Search and product discovery: Constructor

Shopify mobile app: Tapcart

Checkout conversion: Bolt

For a competitive landscape centered on mobile commerce traffic and app conversion, the most direct comparison set is Button, Branch, AppsFlyer, Adjust and Airship. Button is differentiated by its commerce and affiliate focus; Branch, AppsFlyer and Adjust are broader mobile-growth infrastructure providers; Airship focuses further downstream on the experience inside the app.

Sources used:

https://www.usebutton.com/full-service-network

https://www.usebutton.com/post/awin-and-button-more-than-double-in-app-conversion-rates

https://www.branch.io/

https://www.branch.io/resources/blog/the-role-of-deep-linking-in-mobile-marketing-campaigns/

https://www.appsflyer.com/products/deep-linking/

https://support.appsflyer.com/hc/en-us/articles/115005248543-OneLink-guide

https://www.adjust.com/product

https://www.help.adjust.com/en/article/deep-links-and-engagement

https://www.airship.com/

https://www.airship.com/conversion-destinations/app/

https://www.braze.com/solutions/retail-and-ecommerce

https://www.braze.com/

https://www.dynamicyield.com/ecommerce/

https://www.dynamicyield.com/mobile/

https://www.bloomreach.com/

https://visit.bloomreach.com/ecommerce-app-personalization

https://www.nosto.com/commerce-experience-platform/

https://docs.nosto.com/techdocs/implementing-nosto/implement-on-native-mobile

https://constructor.com/

https://constructor.com/solutions/b2c-ecommerce-search-and-product-discovery

https://www.tapcart.com/

https://www.tapcart.com/?kfl_ln=sku-agency

https://www.bolt.com/case-studies/FWRD

https://help.bolt.com/developers/sdks/ios-swift/custom-checkout/"
What are the best affiliate commerce platforms for ecommerce brands?,"Best affiliate commerce platforms for ecommerce brands

There is no universal winner—the right choice depends on whether you need a publisher network, a private affiliate/creator program, or both.

Platform	Best for	Why it stands out	Main consideration
impact.com	Best overall for enterprise brands	Combines affiliate, creator, referral, recruitment, contracting, tracking and payments in one platform. Strong choice for brands consolidating multiple partnership programs. 
impact.com
+1
	More platform and operational complexity than most DTC tools.
Awin	Best broad affiliate network	Large global advertiser-publisher ecosystem, with partner discovery, reporting and payments. Awin Access offers a lower-cost entry point for smaller ecommerce businesses. 
Awin
+2
Awin
+2
	Best results usually require active publisher recruitment and program management.
CJ Affiliate	Best for major retailers and established programs	Long-established global affiliate network with strong publisher reach, recruitment tools, ecommerce plugins and sophisticated measurement capabilities. 
CJ
+2
Junction
+2
	Generally better suited to brands with meaningful scale and dedicated affiliate resources.
Partnerize	Best for global enterprise automation	Supports discovery, recruitment, tracking, payments, optimization, brand safety and fraud prevention across affiliates and influencers. 
Partnerize
+1
	Enterprise-oriented implementation and commercial model.
Rakuten Advertising	Best high-touch global network	Strong global publisher relationships, managed expertise and multichannel capabilities spanning affiliate, media, search and social. 
Rakuten Advertising
+2
Rakuten Advertising
+2
	Often most compelling for larger international advertisers.
Everflow	Best for tracking flexibility and program control	Designed for brands running direct affiliate, creator, referral and strategic partnership programs, with detailed attribution, APIs, fraud controls and white-label capabilities. 
Everflow
+2
Everflow
+2
	It is more of a partner-management infrastructure layer than a traditional mass-market affiliate network.
Refersion	Best for straightforward DTC ecommerce programs	Built specifically for DTC brands, with direct Shopify, WooCommerce and BigCommerce integrations, customizable commissions, affiliate discovery, reporting and payments. 
Refersion
+1
	Publisher discovery and enterprise functionality are less expansive than the largest networks.
Social Snowball	Best for Shopify customer-to-affiliate programs	Particularly strong at automatically turning customers into affiliates, managing creators, preventing coupon leakage and simplifying referral workflows. 
Social Snowball
	Primarily optimized around modern DTC and Shopify operating models.
Levanta	Best for Amazon, Walmart and Shopify commerce	Unifies creator recruitment, product seeding, performance measurement and payouts across Amazon, Shopify and Walmart. 
Levanta
+1
	Most differentiated for marketplace-heavy brands rather than conventional publisher affiliate programs.
Shopify Collabs	Best native starter option for Shopify	A free Shopify-native tool for discovering creators, gifting products, generating affiliate links and tracking performance. 
Shopify App Store
+1
	Less suitable for complex, multi-market or highly customized enterprise programs.
My practical recommendations

For a large omnichannel ecommerce brand: start with impact.com, CJ, Awin and Partnerize.

For a growing Shopify or DTC brand: evaluate Refersion and Social Snowball first. Use Shopify Collabs when simplicity and low initial cost matter most.

For a marketplace-led brand: choose Levanta, particularly when Amazon and Walmart sales are central.

For a brand that already has partners and prioritizes attribution, customization and control: evaluate Everflow.

A strong two-layer setup can also work: use Awin, CJ or Rakuten for network access, while using a platform such as impact.com or Everflow to manage direct creators, ambassadors, technology partners and other strategic relationships.

Sources used

https://impact.com/affiliate-marketing/

https://impact.com/performance/

https://www.awin.com/us/

https://www.awin.com/us/advertisers

https://www.awin.com/us/advertisers/awin-access/join-our-platform

https://www.cj.com/advertiser

https://junction.cj.com/article/plug-into-growth-with-cj-ecommerce-plugins

https://junction.cj.com/news/qvc-and-cj-elevating-affiliate-into-a-multi-market-growth-engine

https://partnerize.com/platform

https://go.partnerize.com/affiliate-marketing-software

https://rakutenadvertising.com/affiliate/

https://rakutenadvertising.com/advertisers/

https://rakutenadvertising.com/media-and-press/rakuten-advertising-launches-industry-first-solutions-for-greater-affiliate-transparency-and-creator-growth/

https://www.everflow.io/explore/ecommerce

https://www.everflow.io/

https://www.everflow.io/scale/affiliates

https://www.refersion.com/platform/

https://www.refersion.com/solutions/

https://www.socialsnowball.io/

https://levanta.io/

https://levanta.io/brands/

https://apps.shopify.com/collabs

https://www.shopify.com/collabs/find-influencers"
Which companies help retailers improve mobile app conversion?,"Retailers typically use different vendors for traffic routing, app engagement, personalization, and conversion analytics. The strongest companies include:

Company	Primary conversion lever	Best fit
Button	AI-powered routing and deep linking that sends affiliate and creator traffic to the destination most likely to convert, prioritizing the retailer’s app	Retailers seeking more app sales from affiliate, creator, and commerce-content traffic 
Button
+1

Branch	Deep linking, deferred deep linking, attribution, and web-to-app journeys	Enterprise retailers needing reliable links from ads, email, social, QR codes, or mobile web into specific app product pages 
Branch
+1

AppsFlyer	OneLink deep linking, smart banners, attribution, audience segmentation, and cross-channel measurement	Retailers combining app acquisition, measurement, and web-to-app conversion in one platform 
AppsFlyer
+2
AppsFlyer
+2

Adjust	Deep linking, web-to-app routing, attribution, and campaign optimization	Retailers already using an MMP and looking to reduce friction between external campaigns and app destinations 
Adjust
+1

Airship	No-code native app experiences, push, in-app messaging, personalization, and journey orchestration	Retailers that want marketers to improve onboarding, promotions, loyalty, and checkout experiences without frequent app releases 
Airship
+1

Braze	Behavioral messaging, cart recovery, push, SMS, email, content cards, and real-time personalization	Retailers focused on converting and retaining existing app users through lifecycle marketing 
Braze
+1

CleverTap	App analytics, segmentation, real-time personalization, and automated engagement	Retail and ecommerce apps seeking a combined retention, personalization, and customer-engagement platform 
CleverTap
+1

Dynamic Yield	Mobile-app recommendations, personalization, A/B testing, and screen optimization	Larger retailers optimizing product discovery, offers, merchandising, and app UX 
Mastercard Dynamic Yield
+1

Contentsquare	Mobile journey analytics, friction detection, session analysis, and conversion diagnostics	Product and UX teams that need to understand where shoppers struggle or abandon within the app 
Contentsquare
+1

Amplitude	Funnel analytics, behavioral analysis, and experimentation	Retail product teams running systematic tests across browsing, cart, checkout, and loyalty flows 
Amplitude
+1

Tapcart	Native mobile-app creation and optimization for Shopify brands	Shopify retailers that do not yet have a strong native app or want a more commerce-focused alternative to custom development 
Tapcart
+1
Most relevant shortlists

For converting affiliate or creator clicks into app purchases: Button, Branch, AppsFlyer and Adjust.

For increasing conversion among existing app users: Airship, Braze and CleverTap.

For improving product discovery and app UX: Dynamic Yield, Contentsquare and Amplitude.

For launching a higher-converting Shopify app: Tapcart.

For a large retailer with an existing app, the most practical stack is usually one routing/measurement vendor such as Button, Branch or AppsFlyer, paired with an engagement platform such as Airship or Braze and an analytics/optimization platform such as Contentsquare, Amplitude or Dynamic Yield.

Sources:

https://www.usebutton.com/dynamic-decisioning

https://www.usebutton.com/post/sams-club-experienced-a-165-increase-in-total-mobile-affiliate-revenue-with-buttons-reach

https://www.branch.io/resources/guide/retail-and-e-commerce-industry-hub/

https://www.branch.io/

https://www.appsflyer.com/products/deep-linking/

https://www.appsflyer.com/solutions/ecommerce/

https://www.appsflyer.com/products/deep-linking/web-to-app/

https://www.adjust.com/solutions/deep-linking

https://www.help.adjust.com/en/article/deep-links-and-engagement

https://www.airship.com/industry/retail/

https://www.airship.com/conversion-destinations/app/

https://www.braze.com/solutions/retail-and-ecommerce

https://www.braze.com/resources/articles/checkout-conversion-rate

https://clevertap.com/blog/e-commerce-personalization/

https://clevertap.com/blog/increase-app-conversion-rate/

https://www.dynamicyield.com/examples/channel/mobile-app/

https://www.dynamicyield.com/mobile/

https://contentsquare.com/guides/mobile-app-optimization/conversion-rate/

https://contentsquare.com/tours/mobile-app-conversions/

https://amplitude.com/blog/revenue-customer-experience-amplitude

https://amplitude.com/resources/b2c-retail-experimentation

https://www.tapcart.com/

https://www.tapcart.com/testing"
Who are the major players in mobile deep linking for ecommerce?,"Major mobile deep-linking players for ecommerce

The most relevant vendors fall into three groups: enterprise mobile-growth platforms, commerce-specific routing platforms, and lighter link-management tools. This is a capability-based landscape, not a strict market-share ranking.

Enterprise deep-linking and attribution leaders

Branch — One of the best-known dedicated deep-linking platforms. It combines direct and deferred deep linking, web-to-app journeys, smart banners, attribution, and cross-platform measurement. Branch has a particularly established retail and ecommerce offering. 
Branch
+1

AppsFlyer OneLink — A leading choice for retailers already using AppsFlyer as their mobile measurement partner. OneLink supports social-to-app, web-to-app, email, SMS, QR codes, referrals, app-to-app routing, deferred deep linking, branded domains, and large-scale API link creation. 
AppsFlyer
+2
AppsFlyer Support
+2

Adjust TrueLink — Combines deep linking with Adjust’s attribution and fraud-prevention stack. TrueLink supports direct and deferred links, branded domains, cross-platform fallbacks and web-URL-based routing, which is useful when an ecommerce site’s product URLs correspond to pages in its native app. 
Adjust
+2
Adjust Help Center
+2

Singular — Another major mobile measurement platform offering dynamic, deferred and universal links across ads, web, email, push, SMS and QR codes, with link-level attribution connected to campaign cost and revenue data. 
Singular
+1

Commerce and partnership specialists

Button — The most directly commerce-focused player in the group. Button specializes in affiliate, creator, social-commerce and retail-media traffic, combining deep linking with attribution and real-time routing optimization to choose the shopping path most likely to convert. Its PostTap product also targets Amazon creator and affiliate links. 
Button
+2
Button
+2

URLgenius — Strong for codeless app-to-app linking into third-party marketplace apps such as Amazon, Walmart and Target. It is particularly relevant to marketplace sellers, creators, agencies and brands that need app-open links without integrating an SDK into the destination app. 
Urlgeni
+2
Urlgeni
+2

impact.com TrueLink — Relevant when deep linking is part of an affiliate or partnership-management program. It supports web-to-app, app-to-app and fallback routing while keeping partnership attribution intact, without requiring partners to implement an SDK. 
impact.com
+2
Impact
+2

Other credible alternatives

Airbridge — Mobile attribution platform with direct and deferred deep linking, web-to-app identity stitching, QR links and campaign measurement. 
Airbridge
+1

Kochava SmartLinks — Offers device-, OS-, geography- and destination-based routing, including dynamic deep links suitable for large product catalogs. 
Kochava Support
+2
Kochava Support
+2

Bitly — Useful for branded link management, QR codes and basic mobile-app routing, but generally less specialized than the full attribution and commerce-optimization platforms. 
Bitly Support
+1

Geniuslink and JotURL — Smaller specialists oriented toward creators, affiliates and Amazon or marketplace app links rather than enterprise-owned-app infrastructure. 
Geniuslink
+1

Best shortlist by ecommerce use case
Need	Strongest candidates
Enterprise retailer with its own app	Branch, AppsFlyer, Adjust
Attribution and deep linking in one MMP	AppsFlyer, Adjust, Branch, Singular
Affiliate, creator or retail-media conversion	Button, impact.com
Amazon or marketplace app routing	Button/PostTap, URLgenius, Geniuslink
No-code or no-SDK deployment	URLgenius, impact.com, Bitly
Alternative enterprise MMP	Airbridge, Kochava, Singular

Bottom line: Branch, AppsFlyer and Adjust are the broad enterprise leaders; Button is the clearest commerce-optimization specialist; and URLgenius is a notable specialist for codeless marketplace app routing. Firebase Dynamic Links should no longer be considered for new implementations because Google has deprecated it. 
Firebase

Sources

https://www.branch.io/

https://www.branch.io/resources/guide/retail-and-e-commerce-industry-hub/

https://www.appsflyer.com/products/deep-linking/

https://support.appsflyer.com/hc/en-us/articles/115005248543-OneLink-guide

https://www.adjust.com/solutions/deep-linking

https://help.adjust.com/en/article/truelink-adjusts-deep-linking-solution

https://www.singular.net/deep-linking/

https://www.usebutton.com/

https://www.usebutton.com/old-home-2

https://www.posttap.com/

https://app.urlgeni.us/

https://app.urlgeni.us/app-linking

https://app.urlgeni.us/marketplace-sellers

https://impact.com/mobile/

https://integrations.impact.com/integration-guides/for-partners/mobile-app-tracking-integration

https://www.airbridge.io/en/product/deep-linking

https://support.kochava.com/articles/17437-links-overview/

https://support.bitly.com/hc/en-us/articles/231262448-What-are-mobile-deep-links

https://geniuslink.com/features/mobile-deep-linking

https://joturl.com/tools/grow/advanced-deep-linking/

https://firebase.google.com/docs/dynamic-links/"
What are the top platforms for affiliate marketing attribution?,"Top affiliate marketing attribution platforms

As of July 2026, there is no universal winner—the strongest choice depends on whether you prioritize attribution sophistication, publisher reach, mobile measurement, or operational control.

Platform	Best suited for	Why it stands out
impact.com	Best overall for enterprise and omnichannel brands	Unified affiliate, creator, referral, and mobile partnership management, with first-party, API-based, deep-link and cross-device tracking. Strong fraud protection and configurable reporting. 
impact.com
+1

Partnerize	Advanced attribution and incrementality	Strong enterprise automation plus VantagePoint, which measures fractional and non-click partner influence beyond conventional last-click attribution. 
Partnerize
+1

CJ Affiliate	Large brands wanting an established publisher network	Combines a major global affiliate marketplace with cross-device tracking and robust advertiser integrations. Particularly strong in retail, travel and financial services. 
CJ
+1

Awin	Global ecommerce and retail programs	Detailed transaction-level tracking, including products, basket value, customer type, coupons and click-to-sale time. SingleView adds multi-touch, cross-channel attribution. 
Awin
+1

Rakuten Advertising	Premium retail, luxury and international brands	Curated publisher network with server-based tracking, multi-touch attribution, audience-based commissioning and tools designed for complex customer journeys. 
Publisher Help Center
+1

Everflow	Flexible, directly managed affiliate programs	Strong first-party and direct-link tracking across affiliates, influencers, referrals and paid media. Particularly useful when teams want unified attribution without relying primarily on a traditional network. 
Everflow
+1

TUNE	Affiliate networks, agencies and technically sophisticated teams	Offers significant control over tracking, data, partner terms and integrations. Well suited to custom performance programs and teams that want to own their partner relationships. 
TUNE
+1

PartnerStack	B2B SaaS affiliate and partner programs	CRM-centric attribution for referrals, leads, opportunities and revenue, with automated commission rules and native workflows for Salesforce and HubSpot. 
PartnerStack
+1
Practical shortlist

For a typical enterprise ecommerce brand, evaluate impact.com, Partnerize and Awin first.

Choose CJ or Rakuten Advertising when publisher access and managed network relationships are especially important. Choose Everflow or TUNE when you already have partners and want greater data ownership, customization and operational control. For B2B SaaS, PartnerStack is usually the most natural fit.

For app-heavy commerce, pair the affiliate platform with a mobile measurement and deep-linking platform such as Branch, AppsFlyer or Adjust. Affiliate platforms manage partner credit and commissions; mobile measurement platforms provide stronger install, re-engagement and in-app event attribution. 
Branch
+2
AppsFlyer
+2

What to test during evaluation

Prioritize a proof of concept covering first-party or server-to-server tracking, web-to-app journeys, coupon attribution, cross-device matching, deduplication against paid media, configurable attribution windows and raw-data exports. Also compare how each platform handles returns, cancellations, fraud and commission disputes.

Sources used:

https://impact.com/partnership-track/

https://impact.com/affiliate-marketing/

https://partnerize.com/platform/track

https://partnerize.com/vantagepoint

https://www.cj.com/solutions/cj-affiliate

https://www.cj.com/cross-device

https://www.awin.com/us/advertisers/tools

https://www.awin.com/gb/advertisers/tools

https://pubhelp.rakutenadvertising.com/hc/en-us/articles/14927247605517-Understand-Tracking-Technology

https://rakutenadvertising.com/publishers/

https://www.everflow.io/platform/track-everything

https://www.everflow.io/platform/affiliate-marketing-software

https://www.tune.com/

https://support.tune.com/hc/en-us/articles/1500004710822-Tracking-Basics

https://partnerstack.com/platform/partner-tracking

https://partnerstack.com/platform/optimize

https://www.branch.io/

https://www.appsflyer.com/blog/measurement-analytics/marketing-attribution/

https://www.adjust.com/product"
Which companies help brands track creator-driven sales?,"Companies helping brands attribute creator activity to purchases generally fall into three groups:

Company	Best fit	Sales-tracking strengths
impact.com	Brands combining creator, affiliate and referral programs	Tracks creator-driven conversions alongside other partnership channels, with performance-based commissions and unified reporting. 
impact.com
+1

CreatorIQ	Large enterprise creator programs	Conversion tracking, link-performance analysis, customized attribution and reporting designed to connect creator programs to business results. 
CreatorIQ
+1

GRIN	DTC and ecommerce brands	Creator management, personalized storefronts, affiliate links and commission tracking in one platform. 
GRIN - Influencer Marketing Software

Captiv8	Enterprise influencer and social-commerce teams	Personalized creator links, tracking pixels, Shopify integrations, attribution and commission-based campaigns. 
Captiv8
+1

Aspire	Ecommerce brands building creator-affiliate programs	Unique links, promo codes, conversion tracking, customizable commissions and creator-level sales reporting. 
Aspire
+1

Later Influence	Brands wanting campaign management plus ROI measurement	Creator discovery and campaign workflows combined with sales, ROI and full-funnel performance reporting. 
Later
+1

Traackr	Global or multi-brand creator organizations	Enterprise creator intelligence with affiliate campaign tracking, payouts and automated reporting. 
Traackr

LTK	Fashion, beauty, lifestyle and retail commerce	Creator storefronts and collaborations supported by proprietary historical sales data and real-time commerce performance measurement. 
LTK

ShopMy	Premium, luxury, beauty and lifestyle brands	Tracks sales from creator recommendations and storefronts, along with campaign ROI and real-time creator performance. 
ShopMy
+1

Refersion	Shopify-first affiliate and ambassador programs	First-party click-to-sale attribution, coupon and link tracking, automated commissions and payouts. 
Refersion
+1

Strongest general-purpose shortlist: impact.com, CreatorIQ, GRIN, Captiv8 and Aspire.

For commerce-network distribution: LTK and ShopMy.

For straightforward affiliate attribution: Refersion; Awin and Partnerize are also relevant when creators sit within a broader affiliate or partnership program. Awin supports influencer contribution reporting beyond the final click, while Partnerize focuses heavily on partner attribution and reward models. 
Awin
+1

Sources:

https://impact.com/creator/

https://www.creatoriq.com/influencer-marketing-solution/track-conversions

https://grin.co/programs/affiliate-marketing-platform-solution/

https://captiv8.io/commerce/

https://sites.captiv8.io/ecommerce

https://www.aspire.io/

https://www.aspire.io/strategy/affiliate-marketing

https://later.com/

https://later.com/retail-influencers/

https://www.traackr.com/creator-marketing-platform

https://company.shopltk.com/en-au/brands

https://shopmy.us/home/brands

https://guide.shopmy.us/working-with-brands/3ViMaZXyQ2eoRf1eFbHfXN/types-of-brands-on-shopmy-/3ViMaZXyQ3sZHE8AUSWA9s

https://www.refersion.com/

https://www.refersion.com/platform/attribution-and-first-party-tracking/

https://www.awin.com/us/advertisers/tools

https://partnerize.com/resources/blog/last-click-vs-spend-allocation-finding-the-right-partner-reward-structure-for-your-brand"
What are the best tools for creator commerce programs?,"Best creator commerce tools in 2026

The strongest choice depends on whether the program prioritizes creator relationships, affiliate revenue, marketplace sales, or post-click conversion.

Platform	Best for	Key strength
impact.com	Enterprise performance programs	Combines creator, affiliate, referral, contracting, tracking, and payouts in one partnership platform. Strong choice when creators are managed as a measurable acquisition channel. 
impact.com
+1

CreatorIQ	Large global brands	Enterprise-grade creator discovery, governance, measurement, and commerce workflows. CreatorIQ Convert adds performance-based creator activation through affiliate-network and Shopify integrations. 
CreatorIQ
+1

GRIN	DTC creator operations	Strong end-to-end workflow for recruitment, CRM, gifting, content management, affiliate tracking, and payments. Particularly suitable for brands operating substantial owned creator communities. 
GRIN - Influencer Marketing Software
+1

ShopMy	Premium, beauty and luxury brands	Curated creator network, digital storefronts, product linking, paid collaborations, and commerce data. Best suited to brands that value influential tastemakers over maximum creator volume. 
ShopMy
+1

LTK	Fashion, beauty and lifestyle commerce	Combines a vetted creator network, consumer shopping destination, campaign management, product gifting, and performance reporting. 
LTK
+1

Levanta	Amazon, Walmart and Shopify sellers	Purpose-built for recruiting creators, seeding products, tracking sales, and paying partners across marketplaces and direct-to-consumer commerce. 
Levanta
+1

Superfiliate	Shopify-native creator-led growth	Unifies influencers, affiliates and ambassadors with gifting, UGC management, co-branded landing pages, Meta Partnership Ads, and TikTok Shop workflows. 
Superfiliate
+1

Social Snowball	Customer-to-creator affiliate programs	Particularly effective for automatically turning customers and brand fans into affiliates while managing creator, referral and commission programs within Shopify. 
Social Snowball

Shopify Collabs	Smaller Shopify programs	A relatively lightweight native option for applications, creator invitations, gifting, commission links, sales tracking, and payments. Shopify currently states that Collabs is not accepting new creator signups, although brands can work with approved or invited creators. 
Shopify Help Center
+1
Recommended shortlist by use case

Enterprise, omnichannel: Start with impact.com when performance attribution and partnership automation are central. Choose CreatorIQ when creator intelligence, global governance and brand workflows matter more.

DTC on Shopify: Evaluate GRIN, Superfiliate and Social Snowball. GRIN is strongest for relationship management; Superfiliate for creator content plus paid amplification; Social Snowball for customer and ambassador automation.

Marketplace-heavy commerce: Levanta is the clearest fit for programs spanning Amazon, Walmart and Shopify.

Premium creator networks: ShopMy and LTK provide more differentiated creator and shopper ecosystems than general-purpose affiliate software.

Basic Shopify launch: Shopify Collabs remains a useful low-complexity starting point, subject to its current creator-access limitations.

Important complementary layer

For creator traffic that frequently lands on mobile retailer experiences, Button is worth evaluating alongside—not necessarily instead of—the platforms above. It focuses on optimizing affiliate links, app routing, attribution and post-click conversion rather than serving primarily as the creator CRM or campaign system of record. 
Button
+1

My overall evaluation set: impact.com, CreatorIQ, GRIN, ShopMy, LTK, Levanta, Superfiliate and Button.

Sources used

https://impact.com/creator/

https://impact.com/performance/

https://www.creatoriq.com/influencer-marketing-solution

https://www.creatoriq.com/influencer-marketing-solution/creator-marketing-conversion

https://grin.co/product/

https://grin.co/programs/affiliate-marketing-platform-solution/

https://shopmy.us/home/brands

https://shopmy.us/home/brands/amplify

https://company.shopltk.com/ltk-brand-platform-all-in-1-creator-marketing

https://company.shopltk.com/en-us/brands/apply

https://levanta.io/

https://levanta.io/blog/affiliate-and-creator-platform-for-ecommerce-shopify-launch/

https://www.superfiliate.com/

https://www.superfiliate.com/book-demo

https://www.socialsnowball.io/

https://help.shopify.com/en/manual/promoting-marketing/collabs

https://help.shopify.com/en/manual/promoting-marketing/collabs/creators

https://www.usebutton.com/for-creators

https://www.usebutton.com/post/buttons-creator-network-and-publisher-solutions-are-the-easiest-way-to-maximize-revenue-from-your-commerce-strategies"
Who are the biggest companies in affiliate marketing software?,"Biggest affiliate marketing software companies

There is no authoritative revenue ranking because most vendors do not disclose affiliate-platform revenue separately. Based on network size, transaction volume, customer reach, and enterprise adoption, these are the clearest market leaders in 2026:

Company	Why it is one of the biggest	Strongest fit
Awin	One of the largest traditional affiliate networks, with 1 million+ publisher partners and broad coverage across North America, Europe, Brazil, and Asia-Pacific. It is owned by Axel Springer. 
Awin
+1
	Global retail, ecommerce, travel and financial services
CJ	A major enterprise network serving 3,800+ global brands across an ecosystem of more than 167,000 publishers and brands. CJ is part of Publicis Groupe. 
CJ
	Large brands needing a mature managed affiliate network
impact.com	Probably the largest independent partnership-management software company. Its discovery marketplace provides access to 7 million+ affiliates, publishers and influencers, covering affiliate, creator, referral and other partnership programs. 
impact.com
+1
	Enterprises consolidating affiliate, creator and referral programs
Rakuten Advertising	A long-established global affiliate network with 25+ years in the market and thousands of advertisers, backed by the broader Rakuten organization. 
Rakuten Advertising
+1
	Premium global brands seeking curated publishers and managed services
Partnerize	Reports 1,800+ clients, more than $15 billion in annual transactions, and a network of 750,000+ partners plus 250,000 influencers. 
Partnerize
	Enterprise brands wanting affiliate automation and flexible services
PartnerStack	The most prominent affiliate and partner platform focused specifically on B2B software, with 80,000+ active partners in its marketplace. 
PartnerStack
+1
	B2B SaaS affiliate, referral and reseller programs
Everflow	A significant independent tracking and partner-management platform that reported processing $4.3 billion in partner-generated revenue. 
Everflow
	Performance marketers needing flexible tracking, attribution and direct partner management
Practical competitive tiers

Global enterprise leaders: impact.com, Awin, CJ, Rakuten Advertising and Partnerize.

B2B SaaS leader: PartnerStack.

Independent tracking and infrastructure leader: Everflow.

Other meaningful competitors include TUNE, Tradedoubler, Admitad, Refersion, Tapfiliate, Rewardful, GoAffPro and UpPromote, although they are generally smaller, more regionally concentrated, or focused on self-service and midmarket customers.

For an ecommerce-brand competitive landscape, the most important comparison set is usually impact.com, Awin, CJ, Rakuten Advertising and Partnerize. For B2B software, replace the traditional networks with PartnerStack.

https://www.awin.com/gb/advertisers

https://www.awin.com/us/about-us

https://www.cj.com/en-gb/about-us

https://impact.com/discover-recruit/

https://impact.com/performance/

https://rakutenadvertising.com/advertisers/

https://pubhelp.rakutenadvertising.com/hc/en-us/articles/13214712392205-Brands-and-Advertisers-in-the-Network

https://partnerize.com/company

https://partnerstack.com/platform/partnerships-software

https://partnerstack.com/platform/affiliates

https://www.everflow.io/post/everflow-drives-4-3-billion-in-high-value-partner-revenue-delivering-essential-solutions-for-modern-affiliate-programs-"
Which platforms help publishers monetize commerce content?,"Publishers typically use three types of platforms to monetize product reviews, buying guides, deal pages, newsletters, and social content.

Leading platforms
Platform	Best for	Core monetization approach
Skimlinks	Editorial publishers seeking low-lift monetization	Automatically converts eligible merchant links into affiliate links and provides content-performance insights. 
Skimlinks

Sovrn Commerce	Larger publishers optimizing affiliate yield	Link routing, network aggregation, price comparisons, shopping galleries, broken-link reporting, and real-time analytics. 
Sovrn, Inc.

digidip	Premium or established content publishers	Invite-only commerce network that turns product recommendations into commission-generating links. 
DigiDip

impact.com	Publishers wanting direct brand relationships	Brand marketplace, cross-platform tracking, product catalog, promo codes, reporting, and flexible commercial terms. 
impact.com

CJ	Enterprise publishers and major media companies	Large affiliate network with established brands, data, tracking, and publisher monetization infrastructure. 
CJ

Awin	Publishers needing broad international merchant coverage	Global affiliate network supporting websites, social media, video, and creator content. 
Awin

Rakuten Advertising	Premium publishers working with major retail brands	Curated global affiliate network with reporting, partner discovery, and performance optimization tools. 
Rakuten Advertising

Partnerize	Publishers pursuing customized brand partnerships	Affiliate links, sponsored-content campaigns, deep-linking tools, APIs, and detailed performance reporting. 
Partnerize

LTK	Lifestyle and creator-led publishers	Shoppable content, retailer affiliate links, audience distribution, analytics, and paid brand collaborations. 
LTK

ShopMy	Premium creators and personality-led media brands	Digital storefronts, affiliate linking, shoppable social feeds, and direct brand partnerships. 
ShopMy

Amazon Associates	Product-review and buying-guide publishers	Direct monetization of Amazon product recommendations through customized affiliate links. 
Amazon Associates
Best choices by publisher model

Large editorial publisher: Start with Skimlinks or Sovrn Commerce, while maintaining direct relationships through impact.com, CJ, Awin, or Rakuten for strategically important merchants.

Creator-led publisher: ShopMy and LTK provide the strongest storefront, social-shopping, and brand-collaboration experiences.

Premium commerce publication: Consider digidip, Sovrn, or a combination of direct affiliate networks and proprietary link-management technology.

Amazon-heavy buying guides: Amazon Associates remains important because of its product breadth and purchasing familiarity, although it only monetizes activity within Amazon and commission rates vary by category. 
Amazon Associates

These products are not all direct substitutes: Skimlinks, Sovrn, and digidip primarily automate and optimize monetization; impact.com, CJ, Awin, Rakuten, and Partnerize provide merchant relationships and tracking; LTK and ShopMy are more creator- and storefront-oriented.

https://merchant.skimlinks.com/network/affiliate-programs

https://www.sovrn.com/commerce/

https://digidip.net

https://impact.com/partners/affiliate-partners/

https://www.cj.com/publisher

https://www.awin.com/us/publishers/content-creator-influencer

https://rakutenadvertising.com/publishers/

https://partnerize.com/partners/content

https://company.shopltk.com/en/creator

https://shopmy.us/home/creators

https://affiliate-program.amazon.com/?service=content_creation"
What are the top companies for retail media attribution?,"Top retail media attribution companies in 2026

There is no universal ranking because the market spans campaign-management platforms, independent measurement providers, clean rooms, and commerce-attribution tools. Measurement comparability remains a major industry problem, reflected in IAB Europe’s updated Commerce Media Measurement Standards V2.1. 
IAB Europe

Company	Best for	Why it stands out
Pacvue	Best overall cross-retailer platform	Combines retail media activation, reporting, operational data, and incrementality measurement across a large retailer network. Strong choice for enterprise brands and agencies seeking one operating platform. 
Pacvue
+1

Skai	Cross-channel enterprise measurement	Unifies retail media, paid search, and social advertising. Its measurement approach increasingly emphasizes incremental sales, iROAS, clean rooms, and cross-channel business outcomes rather than retailer-reported ROAS alone. 
Skai
+2
Skai
+2

Flywheel	Large CPG and marketplace programs	Deep retail-media expertise, particularly across Amazon, Walmart, Target, and other major networks. Its software includes measurement, reporting, incrementality, targeting, and retail-readiness capabilities. 
Flywheel

CommerceIQ	Connecting media with digital-shelf performance	Links advertising data with sales, inventory, pricing, content, and organic performance. Particularly useful for determining whether paid media is generating incremental demand or cannibalizing organic sales. 
CommerceIQ
+2
CommerceIQ
+2

Criteo	Closed-loop commerce media at scale	Provides activation and standardized closed-loop measurement across more than 200 retailers and media owners. Supports onsite and offsite attribution with configurable attribution windows and deduplicated sales reporting. 
Criteo
+2
Commerce Max Help Center
+2

Incremental	Independent causal measurement	Built specifically around commerce-media incrementality. Measures causal sales impact across retailers, channels, campaigns, and products rather than relying primarily on last-touch attribution. 
Incremental
+1

Circana	CPG, offline sales and verified purchase data	Strong for measuring sales lift using loyalty, panel, POS, and omnichannel purchase data. It provides independent context beyond individual retail-media-network reporting and supports campaign experimentation. 
Circana
+2
Circana
+2

NIQ	Global CPG and retailer measurement	Strong international retail coverage and consumer intelligence. NIQ Activate supports data management, activation, measurement, and attribution, while newer partnerships are expanding interoperable cross-retailer measurement. 
NIQ
+1

LiveRamp	Privacy-safe data collaboration	A leading clean-room and identity infrastructure provider. Best when retailers and brands need to match first-party data, measure incrementality, or connect offsite media exposure with retail sales in a neutral environment. 
LiveRamp
+1

MikMak	Offsite media-to-retailer attribution	Particularly relevant for brands sending shoppers from social, CTV, influencers, display, or brand websites to multiple retail destinations. Measures clicks and downstream retailer conversions while also powering shoppable and “where to buy” experiences. 
MikMak
+1
Practical shortlist

For a typical enterprise RFP, I would prioritize:

Pacvue, Skai and Flywheel for cross-retailer execution and operational measurement.

Incremental or Circana for independent incrementality validation.

CommerceIQ when digital-shelf, inventory and organic-sales effects are central.

Criteo when broad commerce-media activation and closed-loop attribution need to live together.

MikMak when the core journey begins outside the retailer and ends across multiple retailer destinations.

LiveRamp when the company needs to build its own privacy-safe attribution layer rather than purchase a turnkey campaign platform.

The strongest setup is often a two-layer stack: an activation platform such as Pacvue, Skai, Flywheel or Criteo, paired with an independent measurement layer such as Incremental, Circana or NIQ. This helps counter differences in retailer attribution windows and reduces dependence on the platform that sold the media to grade its own performance.

Sources:

https://iabeurope.eu/knowledge_hub/iab-europes-commerce-incl-retail-media-measurement-standards-v2/

https://pacvue.com/platform/measurement-and-incrementality/

https://pacvue.com/platform/

https://skai.io/

https://skai.io/blog/retail-media-measurement/

https://skai.io/blog/the-2026-state-of-retail-media-measurement-and-incrementality/

https://www.flywheeldigital.com/retail-media

https://www.commerceiq.ai/retail-media-management

https://www.commerceiq.ai/lp/product/rmm

https://www.commerceiq.ai/blog/measuring-real-incrementality-in-retail-media

https://www.criteo.com/

https://help.retailmedia.criteo.com/kb/guide/en/about-attribution-sZH1iCyq5L/Steps/1034909

https://help.retailmedia.criteo.com/kb/guide/en/offsite-overview-of-attribution-EI4QIV8Md9/Steps/3156374

https://www.incremental.com/

https://www.incremental.com/solutions

https://www.circana.com/solutions/retail-media

https://www.circana.com/solutions/ncs-measurement

https://www.circana.com/post/circana-expands-liquid-testing-solution-to-include-media-measurement-and-campaign-experimentation

https://nielseniq.com/global/en/products/activate-retail-media-intelligence/

https://investors.nielseniq.com/news/news-details/2026/NIQ-and-Unlimitail-Collaborate-to-Deliver-the-Next-Generation-of-Omnichannel-Retail-Media-Insights--Measurement-Across-Retailers-and-Countries/default.aspx

https://liveramp.com/our-platform/clean-rooms

https://docs.liveramp.com/connect-2/en/meta-incrementality-insights-for-retail-media-networks.html

https://www.mikmak.com/commerce-media

https://www.mikmak.com/blog/mikmak-announces-amazon-attribution-reporting"
Which companies help ecommerce brands route shoppers into apps?,"Ecommerce brands typically use commerce-routing platforms or broader mobile measurement/deep-linking platforms to send shoppers from web, social, affiliate, creator, email, or ads into the correct in-app product page.

Leading companies
Company	Best fit	Routing capabilities
Button	Retailers with significant affiliate, creator, or social-commerce traffic	Commerce-specific routing that dynamically chooses whether to open the app, prompt an install, deep-link to a product, or use another optimized post-click experience. 
Button
+1

Branch	Large brands needing enterprise deep linking plus attribution	Routes installed users into specific app content and sends non-installed users to an app store or fallback destination, including deferred deep linking. 
Branch
+1

AppsFlyer OneLink	Brands already using AppsFlyer for mobile measurement	Web-to-app, social-to-app, email-to-app and QR-to-app routing, with app-store fallback and deferred deep linking. 
AppsFlyer Support
+1

Adjust TrueLink	Ecommerce brands wanting linking integrated with an MMP	Branded, cross-platform deep links and web-to-app routing; its web URL-based routing is specifically positioned for brands with equivalent website and app content. 
Adjust
+1

Singular	Performance marketers focused on attribution continuity	Opens the correct screen for installed users and carries new users through the app store to the intended destination while preserving web-to-app attribution. 
Singular
+1

Kochava	Teams needing configurable routing rules	SmartLinks can route according to device platform, operating-system version, location and other criteria, with support for app links and dynamic deep links. 
Kochava Support
+1

Airbridge	Brands seeking an alternative MMP and deep-linking stack	Supports installed-user routing, app-store fallback, deferred deep linking and web-to-app identity stitching. 
Airbridge
+1

URLgenius	Marketplace sellers, creators and teams wanting low-code deployment	Codeless app-opening links for brand-owned apps and retail marketplaces such as Amazon and Walmart, particularly from social, QR, email and creator content. 
Urlgeni
+1

Most directly ecommerce-focused: Button and URLgenius.
Broadest enterprise deep-linking/MMP competitors: Branch, AppsFlyer, Adjust and Singular.
Other credible alternatives: Kochava and Airbridge.

Sources used:

https://www.usebutton.com/dynamic-decisioning

https://www.usebutton.com/old-home-2

https://www.branch.io/

https://help.branch.io/developer-hub/docs/deep-linking

https://support.appsflyer.com/hc/en-us/articles/44703014449809-OneLink-Standalone-Deep-Linking-Suite

https://support.appsflyer.com/hc/en-us/articles/208874366-Create-deep-linking-and-redirection-links-for-your-campaigns-with-OneLink

https://www.adjust.com/solutions/deep-linking

https://help.adjust.com/en/article/web-url-based-deep-link-routing

https://www.singular.net/web-to-app/

https://www.singular.net/

https://support.kochava.com/articles/17437-links-overview/

https://support.kochava.com/articles/links-overview/29011-creating-and-editing-smartlinks/

https://www.airbridge.io/

https://help.airbridge.io/en/deeplink-guides/retargeting-with-deep-links

https://app.urlgeni.us/

https://app.urlgeni.us/app-linking"
What are the best platforms for managing affiliate links?,"Best affiliate-link management platforms in 2026

The right shortlist depends on whether you are publishing affiliate links or operating a brand’s affiliate program.

For publishers, creators, and commerce-content teams
Platform	Best for	Why it stands out
Geniuslink	Smart links and global audiences	Excellent routing by country, device, operating system, and other rules. Particularly strong for Amazon localization, multi-retailer choice pages, A/B testing, and changing destinations without replacing published links. 
Geniuslink
+1

Lasso	Bloggers and content-driven affiliate sites	Combines a centralized link inventory with broken-link and out-of-stock alerts, Amazon integrations, product displays, and identification of unmonetized content. 
Lasso
+2
Lasso Help Center
+2

Affilimate	Large publishers and multi-network analytics	Consolidates data from more than 100 networks, generates links across integrations, and connects revenue to individual pages, placements, authors, social channels, and syndicated content. 
Affilimate
+2
Affilimate
+2

Skimlinks	Hands-off link monetization	Automatically converts eligible merchant links into affiliate links through a site integration, making it useful for editorial publishers that do not want writers manually creating every link. 
Skimlinks
+1

Sovrn Commerce	Automated monetization and yield optimization	Provides link creation, merchant access, reporting, and automated routing designed to select higher-value monetization opportunities for publisher traffic. 
Sovrn, Inc.
+2
Sovrn, Inc.
+2

Pretty Links	WordPress-native branded links	A strong option for shortening, cloaking, categorizing, automatically inserting and centrally updating affiliate links inside WordPress. 
PrettyLinks
+2
PrettyLinks
+2

ThirstyAffiliates	Straightforward WordPress link management	Handles link organization, cloaking, click tracking and keyword auto-linking directly within WordPress. 
ThirstyAffiliates
+1

Trackonomics by impact.com	Enterprise commerce publishers	Designed for link generation across multiple affiliate networks, revenue attribution, link scanning and large-scale publisher operations. 
impact.com
+2
Impact Help
+2
For brands operating affiliate programs
Platform	Best for	Why it stands out
impact.com	Enterprise and multi-channel partnerships	Covers recruiting, contracts, tracking, commission rules, payouts, compliance and reporting across affiliates, creators and referrals. 
impact.com
+2
impact.com
+2

PartnerStack	B2B SaaS programs	Purpose-built for SaaS companies managing affiliate, referral, reseller and co-sell partners, with access to a dedicated B2B partner marketplace. 
PartnerStack
+2
PartnerStack
+2

Everflow	Flexible performance tracking	Strong tracking infrastructure for affiliates, creators, referrals, paid channels, app activity and custom conversion events, alongside partner management and payments. 
Everflow
+2
Everflow
+2

Awin	Global ecommerce network reach	Combines affiliate tracking and reporting with access to a large international advertiser-and-publisher network; it also offers an entry-level option for smaller ecommerce businesses. 
Awin
+2
Awin
+2
Recommended starting points

Creator or YouTuber: Geniuslink

Affiliate blog or review site: Lasso

Large publisher managing many networks: Affilimate or Trackonomics

Automatic content monetization: Skimlinks or Sovrn Commerce

WordPress-only operation: Pretty Links or ThirstyAffiliates

Enterprise ecommerce brand: impact.com

B2B SaaS brand: PartnerStack

Tracking-heavy performance program: Everflow

Current verified-review comparisons also consistently place impact.com, PartnerStack and Awin among the prominent affiliate-management platforms, though smaller products can rate highly for narrower requirements. 
G2
+1

Sources used

https://www.g2.com/categories/affiliate-marketing

https://www.capterra.com/affiliate-software/

https://geniuslink.com/features/link-management

https://geniuslink.com/solutions/for-affiliates

https://getlasso.co/solutions/affiliate-link-manager/

https://support.getlasso.co/en/articles/13370319-what-exactly-is-included-in-lasso-as-a-whole

https://getlasso.co/features/opportunities/

https://affilimate.com/product/

https://affilimate.com/product/affiliate-link-generator/

https://affilimate.com/product/unify/

https://merchant.skimlinks.com/network/affiliate-programs

https://signup.skimlinks.com/

https://www.sovrn.com/commerce/

https://www.sovrn.com/blog/affilaite-link-optimization/

https://www.sovrn.com/sovrn-affiliate-programs/

https://prettylinks.com/

https://prettylinks.com/feature/link-management/

https://prettylinks.com/feature/affiliate-link-tracking/

https://thirstyaffiliates.com/feature/affiliate-link-management

https://thirstyaffiliates.com/

https://impact.com/partnerships/more-power-to-publishers-introducing-trackonomics/

https://help.impact.com/partner/what-would-you-like-to-learn-about/platform-features/trackonomics/integrate-your-affiliate-network-within-impactcom

https://get.impact.com/trx-demo-request/

https://impact.com/affiliate-marketing/

https://impact.com/performance/

https://get.impact.com/ppc-affiliate-demo-v2-faq/

https://partnerstack.com/

https://partnerstack.com/platform/partnerships-software

https://partnerstack.com/platform/affiliates

https://www.everflow.io/

https://www.everflow.io/platform/track-everything

https://www.everflow.io/faq

https://www.awin.com/us/

https://www.awin.com/us/advertisers

https://www.awin.com/us/advertisers/awin-access/join-our-platform"
Who are the leading companies in social commerce attribution?,"Leading social commerce attribution companies

There is no single, cleanly defined “social commerce attribution” category. The market spans creator commerce, affiliate tracking, paid-social measurement, and mobile app attribution. Based on current product breadth and market visibility, these are the leading vendors to evaluate:

Creator and affiliate commerce leaders
Company	Strongest use case	Why it stands out
impact.com	Enterprise creator, affiliate, referral, and partnership programs	One of the broadest platforms, combining creator and affiliate management, cross-channel deduplication, attribution, commissioning, and payouts. 
impact.com
+1

Captiv8	Enterprise influencer and creator-affiliate programs	Offers creator discovery, campaign management, affiliate tracking, payments, and explicit social-commerce attribution in one suite. 
Captiv8
+1

CreatorIQ	Large enterprise creator-program measurement	Particularly strong in program-level reporting, benchmarking, brand measurement, and standardized creator-performance metrics. More measurement-oriented than affiliate-network-oriented. 
CreatorIQ
+1

GRIN	DTC brands running creator and ambassador programs	Connects creator activity to clicks, conversions, revenue, commissions, and payouts, with strong Shopify/DTC positioning. 
GRIN
+1

LTK	Fashion, beauty, home, and lifestyle creator commerce	Combines a large creator-shopping ecosystem with cross-channel sales aggregation and reporting across web, apps, mobile, and social. 
LTK

ShopMy	Premium beauty, fashion, lifestyle, and tastemaker programs	A fast-growing creator-commerce network with detailed creator, order, click, sales, retailer, and brand-mention analytics. 
ShopMy
+1

Partnerize	Global affiliate and influencer partnership attribution	Strong enterprise affiliate infrastructure for tracking, commissioning, and payment; its newer VantagePoint offering focuses on influence that traditional last-click models miss. 
Partnerize
+1
Paid-social and ecommerce attribution leaders
Company	Strongest use case	Why it stands out
Triple Whale	Shopify and DTC paid-social measurement	Popular with ecommerce growth teams for first-party data, multi-touch models, and comparing performance across Meta, TikTok, Google, and other channels. 
Triple Whale
+1

Northbeam	Larger DTC brands with substantial media spend	Combines multi-touch attribution and media-mix modeling, including models that account for clicks and viewed social/video ads. 
Northbeam
+1

Rockerbox	Omnichannel brands requiring independent measurement	Measures paid and organic social alongside influencer, affiliate, search, offline, and other channels, with MTA, MMM, and incrementality testing. 
Rockerbox
+1
Mobile and app-commerce attribution leaders
Company	Strongest use case
AppsFlyer	Attributing social campaigns to app installs, in-app purchases, re-engagement, and web-to-app journeys. 
AppsFlyer
+1

Branch	Deep linking, app routing, and cross-platform attribution from social content or ads into retailer apps. 
Branch
+1

Adjust	Omnichannel mobile attribution across apps, web, CTV, and other connected environments. 
Adjust
+1
Practical competitive shortlist

For a focused competitive landscape, I would prioritize:

impact.com — broadest direct category leader

Captiv8 — creator-affiliate and social-commerce specialist

CreatorIQ — enterprise creator measurement

GRIN — DTC creator revenue attribution

LTK and ShopMy — creator-commerce networks with transaction data

Triple Whale and Northbeam — paid-social ecommerce attribution

AppsFlyer and Branch — mobile/app social-commerce journeys

TikTok Shop, Meta/Instagram Shopping, YouTube Shopping, and Pinterest also provide native conversion reporting, but they are generally data sources or commerce ecosystems rather than independent, cross-platform attribution vendors.

Sources

https://impact.com/

https://get.impact.com/trust/

https://captiv8.io/commerce/

https://sites.captiv8.io/affiliate-benchmark-report-2025

https://www.creatoriq.com/influencer-marketing-solution/influencer-reporting-and-insights

https://www.creatoriq.com/press/releases/standardized-metrics-suite-measurement

https://launch.grin.co/influencer-marketing-platform

https://grin.co/product/influencer-marketing-reporting-platform/

https://company.shopltk.com/en-gb/brands

https://shopmy.us/home/brands

https://shopmy.us/home/brands/track

https://partnerize.com/

https://partnerize.com/vantagepoint

https://www.triplewhale.com/attribution

https://kb.triplewhale.com/en/articles/5960333-understanding-and-utilizing-attribution-models

https://www.northbeam.io/products/multi-touch-attribution

https://docs.northbeam.io/docs/attribution-models

https://www.rockerbox.com/social-media-attribution

https://www.rockerbox.com/marketing-multi-touch-attribution-solution

https://www.appsflyer.com/products/measurement/mobile-attribution/

https://www.appsflyer.com/products/measurement/web-attribution/

https://www.branch.io/

https://www.branch.io/attribution/

https://www.adjust.com/product

https://help.adjust.com/en/marketer/campaign-measurement"
Which tools help creators make money from product links?,"Creators typically use a mix of affiliate marketplaces, shoppable storefronts, and link-optimization tools.

Tool	Best for	How creators earn
ShopMy	Fashion, beauty, home and lifestyle creators	Curated storefronts, commissionable product links and paid brand opportunities. ShopMy says creator commissions commonly range from 10%–30%. 
ShopMy
+1

LTK	Established lifestyle influencers	Personalized LTK shops, shoppable social content, retailer commissions and brand collaborations. It also provides click, order, conversion and commission analytics. 
LTK
+1

Amazon Influencer Program	Creators recommending mainstream consumer products	Creators build an Amazon storefront, share individual product links and earn commissions on qualifying purchases. Eligible creators can also monetize videos appearing across Amazon. 
Amazon Associates
+1

Mavely by Later	Beginners and micro-creators	Free access to SmartLinks, brand campaigns, bonuses and referral commissions; no formal application or joining fee is currently required. 
Mavely
+1

MagicLinks	YouTube and video-first creators	Affiliate links, a shoppable storefront and sponsored brand campaigns, particularly across beauty, fashion and lifestyle. 
MagicLinks
+1

TikTok Shop Affiliate	Creators with strong TikTok reach	Product-linked videos and other native shopping content generate commissions when viewers purchase. Sellers can also promote authorized creator videos through Shop Ads. 
TikTok For Business
+1

Howl	Commerce-focused and higher-performing creators	Storefronts, affiliate commissions, elevated rates, flat fees, content licensing and CPC or pay-per-lead opportunities. 
Howl
+1

impact.com Creator	Creators seeking direct brand relationships	Affiliate links, promotional codes, gifting, sponsored collaborations and negotiable flat-fee or performance-based compensation. 
impact.com

Skimlinks	Bloggers, editorial creators and newsletters	Automatically converts ordinary retailer links into affiliate links and consolidates programs and reporting across many networks. 
Skimlinks Support
+1

Sovrn Commerce	Publishers and creators managing many merchants	Link generation, automatic affiliation, merchant discovery, reporting and optimization across more than 50,000 merchants. 
Sovrn, Inc.
+1

Geniuslink	Amazon-heavy creators with international audiences	Localizes Amazon links, deep-links shoppers into retailer apps and routes visitors by country or device while retaining affiliate tracking. 
Geniuslink
+1

Beacons	Creators wanting one link-in-bio hub	Combines a link-in-bio page, affiliate marketplace, storefront, email tools and brand-deal features. 
Beacons
+1
Strongest choices by creator type

Best overall creator-commerce platforms: ShopMy and LTK

Easiest starting point: Mavely and Amazon Influencer

Best native social-shopping option: TikTok Shop Affiliate

Best for YouTube/video: MagicLinks and Amazon Influencer

Best for blogs or large content libraries: Skimlinks and Sovrn Commerce

Best for optimizing existing Amazon links: Geniuslink

Best for direct brand deals plus affiliate revenue: impact.com Creator and Howl

One commonly cited legacy option, Collective Voice, is now officially closed, so it should not be included in a current platform shortlist. 
Collective Voice

Sources used:

https://shopmy.us/home/creators

https://shopmy.us/home/creators/shop

https://company.shopltk.com/en/creator

https://company.shopltk.com/en-gb/how-it-works-creators

https://affiliate-program.amazon.com/influencers

https://affiliate-program.amazon.com/help/node/topic/GKZN7G85Q4XGX29C

https://www.joinmavely.com/

https://www.joinmavely.com/product-updates/mavely-link-creator/

https://www.magiclinks.com/creators

https://www.magiclinks.com/creators/connect-with-brands

https://ads.tiktok.com/help/article/about-affiliate-creatives-for-tiktok-shop-ads?lang=en

https://ads.tiktok.com/help/article/how-to-authorize-affiliate-videos-for-shop-ads

https://planethowl.com/

https://impact.com/partners/influencer-partners/

https://support.skimlinks.com/hc/en-us/articles/36714399781789-How-Skimlinks-simplifies-affiliate-marketing-for-Content-Creators

https://support.skimlinks.com/hc/en-us/articles/27522009730973-How-to-monetize-your-content

https://www.sovrn.com/sovrn-for-creators/

https://www.sovrn.com/sovrn-affiliate-programs/

https://try.geniuslink.com/amazon-affiliate-localization

https://geniuslink.com/

https://beacons.ai/

https://beacons.ai/i/pricing

https://app.collectivevoice.com/"
What are the best Amazon affiliate link tools for creators?,"Best Amazon affiliate link tools for creators
Tool	Best for	Why it stands out
Geniuslink	Best overall	Automatically localizes Amazon links by country, opens products in the Amazon app when possible, supports editable destinations, and provides channel-level analytics. It is particularly useful for YouTubers and creators with international audiences. Pricing scales with clicks. 
Geniuslink
+2
Geniuslink
+2

URLgenius	Social-first creators	Strong app-to-app deep linking from Instagram, TikTok, YouTube, Facebook, and other platforms. It supports Amazon product pages and storefronts while retaining affiliate tags, with attribution reporting and pay-as-you-go pricing. 
Urlgeni
+2
Urlgeni
+2

Lasso	Bloggers and review publishers	Centralized link management, product displays, comparison tables, analytics, broken-link alerts, and link-in-bio pages. Its free plan covers basic management; paid plans add optimization and automation. Eligible products can also receive brand-funded commission boosts. 
Lasso Help Center
+2
Lasso
+2

Levanta	Higher brand-funded payouts	Lets creators connect directly with Amazon, Shopify, and Walmart brands offering additional commissions, product-level offers, samples, and partnerships beyond standard marketplace rates. Creator participation is free. 
Levanta
+1

AAWP	WordPress Amazon sites	Purpose-built Amazon product boxes, bestseller lists, comparison tables, customizable templates, and Amazon product-data integration. Best suited to SEO-driven review and niche sites rather than social-only creators. 
AAWP - Amazon WordPress Plugin
+1

Affilimate	Large publishers and teams	Provides unified affiliate analytics, page- and content-level optimization, revenue monitoring, and centralized link generation. It is more appropriate for scaled commerce publishers than casual creators. 
Affilimate
+2
Affilimate
+2

Amazon SiteStripe, OneLink and Influencer Storefront	Best free starting stack	SiteStripe generates Amazon links and shortlinks directly from product pages; OneLink redirects international visitors to supported local stores; qualifying influencers receive a customizable Amazon storefront and vanity URL. 
Amazon Associates
+2
Amazon Associates
+2
My recommendations by creator type

Instagram or TikTok creator: Amazon Influencer Storefront + URLgenius. This combination is optimized around mobile, app-opening journeys.

YouTuber with international viewers: Geniuslink. Localization, app deep linking and channel tracking address the biggest link-management problems with global video traffic.

WordPress blogger: Lasso for an all-in-one workflow; AAWP when Amazon-specific product boxes and comparison tables are the priority.

Creator seeking higher commissions: Add Levanta or Lasso’s creator marketplace to standard Amazon Associates links. Availability and payout increases depend on the products and participating brands.

Scaled publisher: Affilimate for analytics, paired with Geniuslink or a website-focused display tool.

Best default choice

For most established creators, Geniuslink is the strongest general-purpose Amazon link tool. For creators whose traffic is predominantly social and mobile, URLgenius is the stronger specialist choice.

One outdated recommendation to avoid: Kit.co closed on May 11, 2026, so older articles recommending it for Amazon product collections are no longer current. 
Kit

Amazon also requires the statement “As an Amazon Associate I earn from qualifying purchases” to appear clearly and conspicuously, while the FTC expects affiliate relationships to be disclosed where audiences will notice them. A link-management tool does not replace these disclosures. 
Amazon Associates
+1

Sources

https://geniuslink.com/

https://geniuslink.com/solutions/for-affiliates

https://geniuslink.com/pricing

https://app.urlgeni.us/

https://app.urlgeni.us/pricing

https://app.urlgeni.us/influencers-affiliates

https://support.getlasso.co/en/articles/13391934-which-lasso-features-are-free-vs-paid

https://getlasso.co/upgrade-pro/

https://lassocreators.com/

https://levanta.io/creators/

https://levanta.io/product-announcements/the-best-multi-channel-affiliate-platform-for-creators-is-here/

https://aawp.de/

https://aawp.de/funktionen/

https://affilimate.com/product/

https://affilimate.com/product/affiliate-link-generator/

https://affilimate.com/pricing/

https://affiliate-program.amazon.com/welcome/topic/tools

https://affiliate-program.amazon.com/help/node/topic/G8JHEWQ9GTDUN7EH

https://affiliate-program.amazon.com/help/node/topic/GTP6NKQ2GXPZL7AT

https://kit.co/

https://affiliate-program.amazon.com/help/node/topic/GPXFHVYZMTGPUMPE

https://www.ftc.gov/business-guidance/resources/disclosures-101-social-media-influencers"
Which companies help publishers increase affiliate revenue?,"Leading companies for publisher affiliate-revenue growth

The market falls into three groups: commerce monetization and optimization tools, affiliate networks, and specialized link or content platforms.

Company	Best for	How it increases publisher revenue
Button	Publishers with meaningful mobile commerce traffic	Optimizes each shopper’s path to purchase using deep linking and conversion routing while preserving existing retailer relationships. Its CuratedBy product also lets publishers combine affiliate commissions with retail-media, seller and campaign budgets. 
Button
+2
Button
+2

Skimlinks	Publishers wanting low-effort, automated monetization	Automatically converts ordinary merchant links into affiliate links, consolidates multiple affiliate networks into one dashboard and provides tools for websites, newsletters and social content. 
Skimlinks Support
+2
Skimlinks Support
+2

Sovrn Commerce	Mid-sized and enterprise publishers managing many programs	Centralizes affiliate networks, links and reporting; automatically affiliates existing content; optimizes merchant routing; and provides near-real-time analytics and commission-rate negotiation support. 
Sovrn, Inc.
+3
Sovrn, Inc.
+3
Sovrn, Inc.
+3

impact.com / Trackonomics	Mature commerce-content operations	Combines direct brand discovery with cross-network commerce analytics, product discovery, link and content performance reporting, and publisher automation. 
impact.com
+2
impact.com
+2

Awin	Editorial sites seeking broad advertiser access	Connects media and editorial publishers with more than 30,000 brands and provides conventional affiliate tracking, links and commissions through a global network. 
Awin
+1

CJ Affiliate	Established publishers wanting major brands and hands-on support	Provides access to large advertisers, publisher data and expertise; its Content Certification program gives qualified content publishers streamlined access to hundreds of brands. 
CJ
+1

Rakuten Advertising	Publishers seeking curated global brand relationships	Offers brand discovery, link generation, tracking and performance tools through its publisher dashboard and affiliate network. 
Rakuten Advertising
+1

Geniuslink	Amazon-heavy publishers and international audiences	Uses geographic and device-based routing, Amazon localization, mobile deep linking, link-health tools and A/B testing to improve conversion and capture international commissions. 
Geniuslink
+2
Geniuslink
+2

Linkby	Premium publishers that want revenue beyond CPA commissions	Connects publishers with brands funding editorial coverage on a cost-per-click basis, creating an incremental revenue stream alongside traditional affiliate links. 
Linkby
+1

Partnerize	Enterprise publishers and emerging AI-attribution use cases	Runs affiliate programs and payments, while its newer VantagePoint offering is designed to measure publisher influence that occurs without a conventional affiliate click. 
Partnerize
+1
Strongest shortlist by need

Automate monetization quickly: Skimlinks or Sovrn Commerce.

Improve mobile conversion from existing links: Button.

Run a sophisticated commerce-content newsroom: impact.com/Trackonomics, Sovrn and Button.

Expand advertiser relationships: Awin, CJ, Rakuten Advertising or impact.com.

Optimize Amazon and international traffic: Geniuslink.

Add paid editorial/CPC revenue: Linkby.

Measure AI-influenced, zero-click commerce: Partnerize.

For large publishers, these products are often complementary rather than mutually exclusive: an affiliate network supplies advertiser relationships, while Button, Sovrn, Trackonomics or Geniuslink improves routing, reporting and yield on the resulting traffic.

Sources

https://www.usebutton.com/full-service-network

https://www.usebutton.com/post/buttons-commerce-optimization-platform-launches-button-for-publishers

https://www.financialcontent.com/article/gnwcq-2025-10-15-button-launches-curatedby-to-help-publishers-scale-commerce-for-the-ai-driven-discovery-era

https://support.skimlinks.com/hc/en-us/articles/36714399781789-How-Skimlinks-simplifies-affiliate-marketing-for-Content-Creators

https://support.skimlinks.com/hc/en-us/articles/27522009730973-How-to-monetize-your-content

https://merchant.skimlinks.com/network/affiliate-programs

https://www.sovrn.com/commerce/

https://www.sovrn.com/blog/maximum-affiliate-revenue-commerce/

https://www.sovrn.com/blog/maximize-affiliate-rates-with-the-commerce-demand-team/

https://www.sovrn.com/blog/commerce-real-time-analytics/

https://impact.com/partners/

https://impact.com/partners/publishers-media-groups-partners/

https://impact.com/partners/premium-news-and-media-publishers/

https://www.awin.com/gb/publishers/editorial-media-sites

https://www.awin.com/us/pricing/content-creators

https://www.cj.com/publisher

https://www.cj.com/content-publishers

https://rakutenadvertising.com/publishers/

https://rakutenadvertising.com/affiliate/

https://geniuslink.com/solutions/for-affiliates

https://stage-www.geniuslink.com/

https://geniuslink.com/blog/affiliate-link-tracking/

https://linkby.com/publisher

https://linkby.com/faq

https://partnerize.com/partners/affiliates

https://go.partnerize.com/vantagepoint-research-hub"
What platforms should a retailer use to improve mobile shopping conversion?,"Recommended platform stack

A retailer should use a layered stack, since mobile conversion problems occur across routing, discovery, performance, and checkout.

Priority	Platform	Best use case
1	Button	Optimizing affiliate, creator, social, and publisher traffic by routing each shopper to the highest-converting app or mobile-web destination. Button can complement an existing mobile measurement partner rather than replace it. 
Button

2	Branch	Enterprise deep linking and cross-channel measurement across ads, QR codes, smart banners, web, and apps. Best when the retailer needs broad mobile-growth infrastructure. 
Branch

3	AppsFlyer OneLink	Deep linking combined with attribution, particularly for retailers already using AppsFlyer. It supports web-, email-, social-, SMS-, referral-, and QR-to-app journeys and is also available separately from AppsFlyer’s paid-media attribution product. 
AppsFlyer

4	Tapcart	Building a native mobile app for a Shopify retailer without maintaining a fully custom app. It includes personalized storefront experiences, push notifications, loyalty features, and Shopify ecosystem integrations. 
Tapcart

5	Constructor	Improving mobile search, browse, recommendations, and product discovery for retailers with large or complex catalogs. 
Constructor
+1

6	Dynamic Yield	Broader personalization and experimentation, including recommendations, audience segmentation, merchandising, and personalized promotions. 
Mastercard Dynamic Yield

7	Yottaa	Reducing mobile-site latency caused by images, third-party scripts, tags, and commerce applications. Its platform focuses on PDP, category-page, and checkout performance. 
Yottaa

8	Shop Pay	Removing checkout friction through stored identity, shipping, and payment information. Shopify offers it both within Shopify and as an addition to supported external commerce platforms. 
Shopify
Best combinations

Retailer with an established app and substantial affiliate or creator traffic:
Button + the retailer’s existing Branch or AppsFlyer implementation. Button is the commerce-routing optimization layer; Branch or AppsFlyer supplies broader deep-linking and measurement infrastructure.

Shopify retailer launching an app:
Tapcart + Shop Pay, with Button added when partner, publisher, social, or creator traffic represents a meaningful acquisition channel.

Large omnichannel retailer:
Branch or AppsFlyer + Button + Constructor or Dynamic Yield + Yottaa + an accelerated checkout. Constructor is preferable when search and product discovery are the main problem; Dynamic Yield is preferable when the requirement is broader journey personalization.

Mobile-web-heavy retailer without an app:
Start with Yottaa, Constructor or Dynamic Yield, and accelerated checkout. Building an app should come later unless repeat purchase frequency and customer loyalty justify the acquisition and maintenance costs.

My evaluation order would be: fix checkout and speed first, then product discovery, then optimize app routing and retention. Branch and AppsFlyer substantially overlap, so most retailers should select one rather than deploy both. Any vendor-reported conversion lift should be validated with a channel-level A/B test measuring purchase conversion, revenue per visit, revenue per tap, and incremental app orders.

Sources:

https://www.usebutton.com/

https://www.branch.io/resources/guide/retail-and-e-commerce-industry-hub/

https://www.appsflyer.com/products/deep-linking/

https://www.tapcart.com/

https://constructor.com/

https://constructor.com/solutions/b2c-ecommerce-search-and-product-discovery

https://www.dynamicyield.com/ecommerce/

https://www.yottaa.com/

https://www.shopify.com/solutions/shop-pay/enterprise"
Who are the main competitors in mobile attribution and deep linking?,"Main competitors

The mobile attribution and deep-linking market has five core enterprise platforms:

AppsFlyer — A leading full-stack mobile measurement partner, with attribution, fraud prevention, privacy measurement and OneLink for web-to-app, social-to-app, QR and deferred deep linking. It is typically strongest in large, global paid user-acquisition programs. 
AppsFlyer Support
+1

Adjust — A broad enterprise MMP combining attribution, analytics, fraud prevention and deep-linking infrastructure. It competes closely with AppsFlyer for brands seeking a centralized mobile measurement system. 
Adjust
+1

Branch — Probably the closest all-around competitor when deep linking and cross-platform journeys are the primary requirement. Branch combines deferred deep links, web-to-app routing and attribution in one platform. 
Branch
+2
Branch
+2

Singular — Combines mobile attribution with cost aggregation, marketing data pipelines, ROAS analysis and deep linking. It is particularly relevant for data-intensive performance-marketing teams. 
Singular
+2
Singular
+2

Kochava — An independent omnichannel attribution platform offering mobile measurement, fraud detection and SmartLinks for dynamic and deferred deep linking. It often appears in enterprise MMP evaluations alongside AppsFlyer and Adjust. 
Kochava
+2
Kochava
+2

Challengers and specialized alternatives

Airbridge — Unified web-and-app attribution with identity matching and deferred deep linking; increasingly positioned as a lower-friction alternative to the largest MMPs. 
Airbridge
+1

Tenjin — A lighter-weight attribution and analytics platform, especially common among mobile gaming and cost-conscious app developers. 
Tenjin
+1

Affise MMP — Most differentiated where mobile attribution overlaps with affiliate, partner and performance-marketing program management. 
Affise
+1

URLgenius — A specialized, SDK-less deep-linking provider. It is particularly relevant for social-to-commerce traffic and links into marketplace apps such as Amazon and Walmart, rather than as a complete enterprise MMP. 
Urlgeni
+2
Urlgeni
+2

From a Button competitive-landscape perspective

Button positions around identity, deep linking, intelligent routing and attribution for retailer, affiliate and creator traffic. 
Button
+1

The most relevant competitors are therefore:

Closest overall: Branch

Enterprise MMP alternatives: AppsFlyer, Adjust, Singular and Kochava

Closest commerce-linking specialist: URLgenius

Emerging or price-sensitive alternatives: Airbridge, Tenjin and Affise MMP

The distinction is that AppsFlyer, Adjust, Singular and Kochava primarily sell a measurement system of record, while Button, Branch and URLgenius compete more directly around the post-click experience, app routing and conversion impact—although Branch also operates as a full MMP.

Firebase Dynamic Links should no longer be treated as an active competitor: Google shut the service down on August 25, 2025. 
Firebase

Sources used:

https://support.appsflyer.com/hc/en-us/articles/115005248543-OneLink-guide

https://www.appsflyer.com/products/deep-linking/

https://www.adjust.com/solutions/deep-linking

https://www.adjust.com/

https://www.branch.io/

https://www.branch.io/attribution/

https://help.branch.io/developer-hub/docs/deep-linking

https://www.singular.net/deep-linking/

https://www.singular.net/mobile-attribution/

https://www.singular.net/

https://www.kochava.com/attribution-deeplinking/

https://www.kochava.com/

https://www.kochava.com/product/

https://www.airbridge.io/en/product/deep-linking

https://www.airbridge.io/

https://tenjin.com/mobile-attribution/

https://tenjin.com/

https://affise.com/affise-mobile-attribution/

https://affise.com/integration/affise-mmp/

https://app.urlgeni.us/

https://app.urlgeni.us/app-linking

https://api.urlgeni.us/

https://www.usebutton.com/

https://www.usebutton.com/dynamic-decisioning

https://firebase.google.com/support/dynamic-links-faq"
Which companies help brands optimize post-click shopping journeys?,"Brands typically use different vendors depending on where post-click friction occurs—routing, landing pages, retailer selection, onsite discovery, or checkout.

Company	Post-click role	Best suited for
Button	Dynamically routes mobile shoppers to the web or app destination most likely to convert, with a strong focus on affiliate, creator, and commerce traffic.	Retailers seeking conversion lift from mobile partner traffic. 
Button

Branch	Deep linking, web-to-app journeys, deferred deep linking, and mobile attribution.	Enterprises needing broad cross-channel app routing and measurement. 
Branch
+1

AppsFlyer OneLink	Routes users from social, email, web, SMS, and QR codes into contextual app experiences while measuring the journey.	Brands already using AppsFlyer as their mobile measurement platform. 
AppsFlyer
+1

Adjust	Deep links, web-to-app routing, audience segmentation, re-engagement, and attribution.	App-first brands wanting routing integrated with measurement and lifecycle marketing. 
Adjust Help Center

URLgenius	No-SDK app linking that opens retailer and marketplace apps such as Amazon, Walmart, and Target at the intended destination.	Brands, agencies, and creators driving traffic into third-party commerce apps. 
Urlgeni
+1

FERMÀT	Builds campaign-specific landing pages, embedded product pages, carts, and adaptive funnels for paid traffic.	DTC brands optimizing the experience between an ad click and checkout. 
Fermat Commerce

Spangle AI	Creates self-optimizing landing experiences and AI-native product discovery based on the shopper’s pre-click context.	Enterprise retailers experimenting with adaptive and agentic commerce experiences. 
Spangle AI

MikMak	Provides shoppable media, “where to buy” experiences, retailer selection, inventory-aware routing, and commerce measurement.	CPG and multichannel brands selling through multiple retailers rather than primarily DTC. 
MikMak
+1

Nosto	Personalizes onsite content, search, merchandising, recommendations, and product discovery after shoppers arrive.	Retailers whose biggest friction occurs within the ecommerce site. 
Nosto
+1

Dynamic Yield	Journey orchestration, personalization, recommendations, testing, and individualized messaging.	Large ecommerce organizations needing enterprise-wide personalization. 
Mastercard Dynamic Yield
+1

Rebuy	Shopify-focused personalization across search, merchandising, cart, checkout, upsells, and post-purchase offers.	Shopify and Shopify Plus merchants focused on conversion and average order value. 
Rebuy Engine
+1
Most relevant competitive sets

For mobile click-to-purchase routing, the closest group is Button, Branch, AppsFlyer, Adjust, and URLgenius. Button is more explicitly commerce- and conversion-oriented, while Branch, AppsFlyer, and Adjust originate from deep linking and mobile measurement.

For paid-media post-click optimization, focus on FERMÀT and Spangle AI.

For multi-retailer and CPG journeys, the strongest specialist is MikMak.

For optimization after shoppers reach the retailer’s website, evaluate Nosto, Dynamic Yield, and Rebuy.

Sources used:

https://www.usebutton.com/dynamic-decisioning

https://www.branch.io/

https://help.branch.io/marketer-hub/docs/web-to-app

https://www.appsflyer.com/products/deep-linking/

https://support.appsflyer.com/hc/en-us/articles/27699299657617-OneLink-onboarding-guide

https://www.help.adjust.com/en/article/deep-links-and-engagement

https://app.urlgeni.us/blog/app-open-experiences-for-marketplace-sellers

https://app.urlgeni.us/app-linking

https://www.fermatcommerce.com/product/funnel-builder

https://www.spangle.ai/

https://www.mikmak.com/mikmak-commerce

https://www.mikmak.com/

https://www.nosto.com/

https://www.nosto.com/commerce-experience-platform/

https://www.dynamicyield.com/ecommerce/

https://www.dynamicyield.com/article/modern-customer-journey-orchestration-latest-capabilities-best-practices-and-omnichannel-strategies/

https://www.rebuyengine.com/enterprise

https://www.rebuyengine.com/product/checkout-post-purchase"
What are the best alternatives to traditional affiliate networks?,"The best alternative depends on what you are trying to replace: partner recruitment, tracking and payouts, creator access, publisher monetization, or mobile conversion. Traditional networks bundle these functions together; newer platforms let brands assemble a more controlled stack.

Best alternatives by use case
Need	Strong options	Why they stand out
Enterprise partnership management	impact.com	Best broad replacement for a traditional network. It unifies affiliate, creator and referral programs, with partner discovery, contracting, tracking, payments and fraud controls. 
impact.com
+1

Direct affiliate relationships and data control	Everflow, TUNE	These are infrastructure platforms rather than conventional intermediaries. Everflow emphasizes direct partner management, cross-channel tracking and granular attribution; TUNE emphasizes flexible program configuration, data ownership and direct partnerships across mobile and web. 
Everflow
+2
TUNE
+2

B2B SaaS partnerships	PartnerStack	Purpose-built for affiliate, referral, reseller and co-sell programs in B2B software, including a marketplace for recruiting SaaS-focused partners. 
PartnerStack
+1

DTC and Shopify affiliate programs	Refersion, Social Snowball	Refersion provides ecommerce integrations, commissions, discovery and payments. Social Snowball is particularly strong for combining creators, affiliates, customer referrals, product seeding and automated customer-to-affiliate conversion. 
Refersion
+1

Creator-led commerce	ShopMy, LTK, Mavely	ShopMy offers curated creator-brand relationships, affiliate links and storefronts; LTK combines creator discovery, campaigns and shopping content; Mavely provides accessible affiliate tools for everyday and micro-creators. 
Mavely
+3
ShopMy
+3
ShopMy
+3

Amazon and marketplace sellers	Levanta	Designed for brands running creator and affiliate programs across Amazon, Shopify and Walmart, with recruiting, sampling, attribution and payouts in one system. 
Levanta
+1

Commerce publishers and editorial sites	Skimlinks, Sovrn Commerce	These platforms automatically monetize product links and reduce the need to negotiate with individual merchants. Sovrn also provides optimization and affiliate-business management tools. They function more like aggregators, so they offer simplicity but less direct merchant control. 
Skimlinks
+2
Sovrn, Inc.
+2

Customer advocacy instead of affiliates	Friendbuy	Replaces external publisher recruitment with customer referral and loyalty programs, including attribution, rewards and fraud controls. 
Friendbuy
+1

Creator-program operations	GRIN, Aspire	Better suited to brands whose program centers on creator discovery, gifting, content workflows and relationship management, with affiliate tracking layered into the creator program. 
GRIN - Influencer Marketing Software
+2
GRIN - Influencer Marketing Software
+2

Mobile post-click conversion	Button	Button is not primarily a replacement for partner recruitment software. It is most relevant when the problem is lost mobile conversion: deep linking shoppers into retailer apps, improving post-click journeys and measuring in-app outcomes. Button also offers a managed affiliate marketplace. 
Button
+2
Button
+2
Practical shortlist

For most enterprise ecommerce brands, start with impact.com or Everflow.

For B2B SaaS, choose PartnerStack.

For a Shopify-native DTC brand, evaluate Social Snowball and Refersion.

For a program driven primarily by influencers and social content, shortlist ShopMy, LTK, GRIN or Aspire.

For publishers, use Skimlinks or Sovrn Commerce when merchant coverage and operational simplicity matter more than direct relationships.

For brands already generating substantial affiliate traffic but losing shoppers on mobile, pair one of these systems with Button rather than treating Button as a complete partner-management substitute.

The most effective modern setup is often a combination: a direct partner-management platform, a specialized creator or publisher source, and a conversion layer for mobile traffic. This reduces dependence on a single network while preserving partner reach.

https://impact.com/

https://impact.com/affiliate-marketing/

https://www.everflow.io/

https://www.tune.com/

https://www.tune.com/partner-marketing-platform-for-advertisers/

https://partnerstack.com/

https://partnerstack.com/platform/partnerships-software

https://partnerstack.com/platform/affiliates

https://www.refersion.com/platform/

https://www.socialsnowball.io/

https://shopmy.us/home/creators

https://shopmy.us/home/brands

https://company.shopltk.com/ltk-brand-platform-all-in-1-creator-marketing

https://www.joinmavely.com/affiliate-platform/

https://levanta.io/

https://levanta.io/brands/

https://merchant.skimlinks.com/network/affiliate-programs

https://www.sovrn.com/commerce/

https://www.sovrn.com/blog/commerce-aps-connection-marketplace/

https://www.friendbuy.com/

https://www.friendbuy.com/referral-program-software

https://grin.co/programs/

https://grin.co/programs/affiliate-marketing-platform-solution/

https://www.aspire.io/relationship-management

https://www.usebutton.com/

https://www.usebutton.com/full-service-network

https://www.usebutton.com/post/awin-and-button-more-than-double-in-app-conversion-rates"
Which platforms help brands run creator marketing partnerships?,"Leading creator-marketing platforms
Platform	Best suited for	Key strength
CreatorIQ	Large enterprises, agencies and global programs	Enterprise-grade creator discovery, governance, collaboration and measurement across brands and regions. 
CreatorIQ
+1

impact.com / Creator	Brands combining creators, affiliates and referrals	Runs discovery, contracting, campaign management, payouts and performance attribution within a broader partnership platform. 
impact.com
+1

GRIN	DTC and ecommerce brands managing programs in-house	Strong creator CRM and end-to-end workflows covering recruitment, negotiation, product seeding, content, payments and reporting. 
GRIN - Influencer Marketing Software
+1

Aspire	Ecommerce, ambassador and community-led programs	Creator marketplace, customizable relationship workflows and direct partnerships with Meta, TikTok and Pinterest. 
Aspire
+1

Traackr	Global, data-driven consumer brands	Particularly strong in creator intelligence, vetting, benchmarking, standardized reporting and multi-market program oversight. 
Traackr
+1

Upfluence	Ecommerce teams prioritizing sales attribution	Combines creator and affiliate management with ecommerce integrations, automated sales tracking, commissions and global payments. 
Upfluence
+1

Later Influence	Brands wanting software plus campaign services	Creator discovery, campaign management, content review, performance intelligence and optional full-service execution. 
Later
+1

Captiv8 / Influential	Enterprise campaigns and paid-media amplification	Covers discovery, social intelligence, brand safety, campaign execution, payments, ROI measurement and content amplification. 
Captiv8
+1

LTK	Fashion, beauty, home and lifestyle commerce	Connects brands with commerce-focused creators and shoppers, using proprietary sales data for matching and full-funnel measurement. 
LTK
+1

ShopMy	Premium beauty, fashion and lifestyle brands	Performance-oriented creator relationships, gifting, affiliate commerce and paid opportunities supported by creator-level sales data. 
ShopMy
+1
Practical shortlist

For an enterprise/global brand, start with CreatorIQ, Traackr and Captiv8.

For a DTC or ecommerce brand, evaluate GRIN, Aspire and Upfluence.

For programs where creator and affiliate marketing are converging, impact.com is one of the strongest fits.

For commerce-heavy fashion, beauty or lifestyle partnerships, compare LTK and ShopMy.

The buying decision should primarily test creator-data quality, CRM workflows, contracts and payments, content rights, sales attribution, ecommerce integrations and the amount of managed-service support required.

Sources used

https://www.creatoriq.com/influencer-marketing-solution

https://www.creatoriq.com/influencer-marketing-solution/creator-management

https://impact.com/creator/

https://impact.com/

https://impact.com/news/impact-com-creator-first-fully-integrated-influencer-platform/

https://grin.co/creator-management/

https://grin.co/platform

https://www.aspire.io/platform-overview

https://www.aspire.io/preferred-influencer-marketing-partner

https://www.traackr.com/

https://www.traackr.com/clients/industries

https://www.upfluence.com/

https://www.upfluence.com/manage-influencers

https://later.com/influencer-marketing-platform/

https://later.com/influencer-marketing-services/

https://captiv8.io/

https://captiv8.io/influencer/

https://company.shopltk.com/en/brands

https://company.shopltk.com/en-gb/brands

https://shopmy.us/home/brands

https://shopmy.us/home/brands/amplify"
Who are the top players in publisher commerce monetization?,"Top publisher commerce monetization players

There is no definitive market-share ranking because the category spans affiliate networks, link-optimization tools, partnership platforms, and native-commerce providers. Based on publisher focus, product breadth, and enterprise relevance, this is the strongest shortlist:

Player	Where it leads	Best fit
Skimlinks	Automatically converts ordinary merchant links into affiliate links and consolidates programs from many affiliate networks into one dashboard. 
Skimlinks Support
	Publishers seeking low-effort, broad merchant monetization
Sovrn Commerce	Affiliate-link automation, centralized reporting, product tools, and yield optimization that dynamically routes clicks toward higher-value programs. 
Sovrn, Inc.
+1
	Publishers optimizing revenue across multiple networks
impact.com / Trackonomics	Enterprise partnership management combined with commerce-content analytics and a centralized source of truth for publisher programs. 
impact.com
+1
	Large media groups managing direct brand relationships
Awin	Large global affiliate network connecting publishers with a broad range of advertisers, with tracking, payments, and performance analytics. 
Awin
+1
	Publishers prioritizing global advertiser coverage
CJ Affiliate	Established enterprise affiliate network with major brands, extensive performance data, and tools for scaling publisher relationships. 
CJ
+1
	Premium and high-volume publishers
Rakuten Advertising	Curated global affiliate network with strong brand relationships and publisher link, reporting, and discovery tools. 
Rakuten Advertising
+1
	Publishers seeking premium retail and global programs
Amazon Associates	Direct access to Amazon’s product catalog, customized linking tools, and commissions on qualifying purchases and actions. 
Amazon Associates
	Product-review, deals, lifestyle, and shopping publishers
Partnerize	Enterprise affiliate automation, direct brand programs, tracking, commissioning, and partner-management workflows. 
Partnerize
+1
	Publishers with strategic, direct advertiser partnerships
Button	Differentiates through mobile deep linking, conversion routing, app-to-app journeys, affiliate-link optimization, and additional CPC or retail-media opportunities. 
Button
+2
Button
+2
	Publishers with significant mobile and app commerce traffic
StackCommerce	Turnkey branded shops, native commerce, affiliate offers, product merchandising, and sponsored-content monetization. 
StackCommerce
+1
	Media companies wanting commerce beyond conventional links
Competitive structure

Most direct publisher-monetization competitors: Skimlinks, Sovrn Commerce, impact.com/Trackonomics, and Button.

Major affiliate infrastructure: Awin, CJ Affiliate, Rakuten Advertising, impact.com, and Partnerize.

Retailer-owned monetization: Amazon Associates.

Native storefront and commerce-content specialist: StackCommerce.

For a publisher evaluating vendors, a common stack is not one platform but a combination: an affiliate network such as Awin or CJ, an operations and analytics layer such as Trackonomics, and an optimization layer such as Sovrn Commerce or Button.

Sources

https://support.skimlinks.com/hc/en-us/articles/36714399781789-How-Skimlinks-simplifies-affiliate-marketing-for-Content-Creators

https://www.sovrn.com/commerce/

https://knowledge.sovrn.com/kb/real-time-bidding-with-commerce

https://impact.com/

https://impact.com/partners/publishers-media-groups-partners/

https://www.awin.com/

https://success.awin.com/s/article/How-do-I-join-Awin-as-a-Publisher

https://www.cj.com/

https://www.cj.com/publisher

https://rakutenadvertising.com/publishers/

https://rakutenadvertising.com/

https://affiliate-program.amazon.com/

https://partnerize.com/

https://partnerize.com/partners/content

https://www.usebutton.com/

https://www.usebutton.com/post/buttons-commerce-optimization-platform-launches-button-for-publishers

https://www.usebutton.com/post/rebuilding-publisher-monetization-in-the-age-of-ai

https://www.stackcommerce.com/monetize

https://www.stackcommerce.com/"
What companies help track revenue from influencer links?,"Leading companies for influencer-link revenue tracking

A practical 2026 shortlist includes:

Full creator-marketing platforms

impact.com — Tracks creator-driven clicks, conversions, sales and payouts alongside affiliate and other partnership channels. Its cross-channel attribution and deduplication are especially relevant for larger brands. 
impact.com
+1

CreatorIQ — Generates unique creator links with predefined UTM parameters and integrates conversion data into campaign reporting. Best suited to enterprise creator programs. 
CreatorIQ
+1

GRIN — Combines creator management, product gifting, affiliate links, storefronts, commission tracking and ROI reporting, with a particular focus on DTC ecommerce brands. 
GRIN - Influencer Marketing Software
+1

Aspire — Gives each creator a unique affiliate link and reports clicks, conversions, sales value and average order value. It also supports promo-code attribution and performance-based payments. 
Aspire
+1

Upfluence — Tracks revenue, orders, ROI, average order value and commissions by creator using affiliate links or discount codes. It has direct ecommerce integrations, including Shopify. 
Upfluence
+1

Affiliate and partnership infrastructure

Partnerize — Enterprise partnership-management software with scalable tracking, commissioning, optimization and payment capabilities. It works well when influencers are managed as part of a broader affiliate or partner program. 
Partnerize
+1

Refersion — Ecommerce-oriented affiliate software that automatically attributes referral sales, calculates commissions and supports first-party tracking. It is a strong fit for Shopify and mid-market brands. 
Refersion
+1

Creator-commerce networks

ShopMy — Particularly prominent in premium fashion, beauty and lifestyle. Brand dashboards show creator-level mentions, clicks, orders and sales, including retailer-level performance. 
ShopMy
+1

LTK — Combines a creator marketplace with transaction data and full-funnel campaign measurement. It is especially established among retail, fashion, beauty and lifestyle brands. 
LTK
+1

Mavely — Focuses on everyday and micro-creators, using trackable commerce links to measure clicks, purchases, commissions and traffic sources. 
Mavely
+1

Best fits by use case
Need	Companies to evaluate first
Enterprise creator attribution	impact.com, CreatorIQ
DTC or Shopify creator program	GRIN, Aspire, Upfluence, Refersion
Influencers plus traditional affiliates	impact.com, Partnerize
Premium fashion, beauty or lifestyle	ShopMy, LTK
Everyday or micro-creator commerce	Mavely
Detailed creator-level link reporting	Aspire, Upfluence, CreatorIQ

The most important evaluation criteria are ecommerce integrations, first-party tracking, promo-code attribution, attribution-window controls, mobile-app tracking, commission management and the ability to deduplicate influencer sales against affiliate, paid-social and other channels.

Sources used:

https://impact.com/

https://get.impact.com/trust/

https://www.creatoriq.com/influencer-marketing-solution/track-conversions

https://www.creatoriq.com/influencer-marketing-solution/influencer-reporting-and-insights

https://grin.co/programs/affiliate-marketing-platform-solution/

https://grin.co/product/influencer-marketing-reporting-platform/

https://www.aspire.io/blog/influencer-marketing-sales-roi

https://www.aspire.io/features/affiliate-links

https://www.upfluence.com/analytics

https://www.upfluence.com/integrations/upfluence-shopify

https://partnerize.com/platform/track

https://go.partnerize.com/affiliate-marketing-software

https://www.refersion.com/

https://www.refersion.com/platform/attribution-and-first-party-tracking/

https://shopmy.us/home/brands

https://shopmy.us/home/brands/track

https://company.shopltk.com/en/brands

https://company.shopltk.com/en-au/brands

https://www.joinmavely.com/brands/

https://www.joinmavely.com/resources/mavely-walkthrough-desktop/"
Which tools are best for ecommerce affiliate attribution?,"Best ecommerce affiliate attribution tools

The right choice depends mainly on program scale, ecommerce stack, partner type, and whether purchases happen on the web or in a mobile app.

Tool	Best for	Why it stands out
impact.com	Best overall for mid-market and enterprise brands	Combines affiliate, creator, referral, recruitment, contracting, attribution, fraud controls, commissions, and payments. It can deduplicate conversions across channels and support SKU- or promo-code-based payout rules. 
impact.com
+1

Partnerize	Global retailers with sophisticated programs	Strong enterprise automation, real-time analytics, partner commissioning, and measurement beyond conventional last-click attribution. 
Partnerize
+2
Partnerize
+2

Everflow	Performance teams and agencies needing granular tracking	Offers event- and postback-based attribution across affiliates, paid media, organic traffic, lead funnels, and app activity. It supports click, coupon, impression, first-touch, and last-touch approaches. 
Everflow
+2
Everflow
+2

Refersion	Shopify and DTC ecommerce brands	Ecommerce-native setup, first-party tracking, coupon attribution, affiliate recruitment, commissions, and payments, with integrations for Shopify, BigCommerce, WooCommerce, Magento, and Stripe. 
Refersion
+2
Refersion
+2

Awin	Brands that need a large affiliate network plus attribution	Provides publisher discovery alongside cross-device, coupon-code and order-level tracking, including basket value, product data, customer type, and click-to-sale lag. 
Awin
+2
Awin
+2

TUNE	Custom programs, agencies, and affiliate networks	Best when data control, APIs, configurable tracking links, postbacks, custom integrations, or white-label-like flexibility matter more than an out-of-the-box experience. 
TUNE
+2
TUNE Support
+2

Button	Retailers with significant mobile-app affiliate traffic	Specializes in affiliate-aware mobile routing, deep linking and preserving attribution as shoppers move from publisher links into retailer apps. It is designed to work alongside mobile measurement platforms. 
Button
+2
Button
+2

Branch or AppsFlyer	Cross-platform and in-app measurement	These are mobile measurement platforms rather than complete affiliate-management systems. They are useful alongside an affiliate platform when purchases cross web, app, paid, owned, and earned channels. 
Branch
+2
Branch
+2
Practical shortlist

Choose impact.com for the strongest broadly applicable enterprise solution.

Choose Refersion for a straightforward Shopify or DTC affiliate program.

Choose Everflow or TUNE when your team needs highly configurable event tracking, postbacks, APIs, or agency workflows.

Choose Awin when partner recruitment and network reach are as important as measurement.

Choose Button plus Branch or AppsFlyer when a meaningful share of affiliate shoppers convert inside a mobile app. Button addresses affiliate routing and commissioning, while the MMP provides broader cross-channel attribution.

One caution: PartnerStack is strong for B2B SaaS referrals, resellers and partner-led pipeline, but it is usually less ecommerce-specific than impact.com, Refersion, Awin or Everflow. 
PartnerStack
+1

Sources used:

https://impact.com/

https://get.impact.com/ppc-affiliate-demo-v2-faq/

https://partnerize.com/

https://partnerize.com/platform/measure

https://partnerize.com/vantagepoint

https://www.everflow.io/

https://www.everflow.io/explore/ecommerce

https://helpdesk.everflow.io/customer/introduction-to-conversion-attribution

https://www.refersion.com/

https://www.refersion.com/product/

https://www.refersion.com/platform/attribution-and-first-party-tracking/

https://www.awin.com/us/advertisers/tools

https://www.awin.com/nordics/advertisers/tools

https://help.awin.com/docs/attribution-manager

https://www.tune.com/

https://support.tune.com/hc/en-us/articles/1500005236722-Customizing-a-Partner-Tracking-Link

https://support.tune.com/hc/en-us/articles/39344885855127-Why-are-some-postbacks-failing-to-be-sent-or-received

https://www.usebutton.com/

https://www.usebutton.com/post/how-button-works-with-mobile-measurement-partners

https://www.usebutton.com/post/how-reach-product-enhancements-drove-a-37-lift-in-conversion-rate-for-a-leading-retailer

https://www.branch.io/attribution/

https://www.branch.io/

https://www.appsflyer.com/solutions/ecommerce/

https://partnerstack.com/platform/partner-tracking

https://partnerstack.com/"
"What platforms help brands connect affiliate, creator, and retail media programs?","Best platforms to consider

impact.com is the closest to a unified platform. It manages affiliate and creator programs in one system—partner discovery, contracting, tracking, payments, fraud controls, and reporting. It is also expanding into retail media through Product Boost programs, although those retail-media capabilities are currently newer and documented as beta. 
impact.com
+2
impact.com
+2

Partnerize is a strong enterprise option for combining affiliate and creator/influencer partnerships. It provides discovery, commissioning, tracking, optimization, and payments across both partner types. Retail-media campaign buying is not its primary capability, so brands generally connect it to a separate retail-media platform or data warehouse. 
Partnerize
+2
Partnerize
+2

Awin is best for brands prioritizing a large affiliate network while bringing creators into performance-based programs. It supports creators as affiliate partners and is increasingly positioning affiliate, influencer, social commerce, and retail media as converging areas—but it is not a full retail-media buying platform. 
Awin
+2
Awin Help Center
+2

Rakuten Advertising is well suited to global brands wanting managed affiliate and influencer programs with full-funnel reporting. Its strength is combining affiliate-network relationships and influencer services; direct retail-media execution is less central than it is for specialist commerce-media platforms. 
Rakuten Advertising
+2
Rakuten Advertising
+2

MikMak can serve as the connecting measurement and commerce layer. It routes traffic from creator, social, publisher, and paid-media placements to retailers, then combines media signals with retailer and shopping data. It does not replace affiliate contracting or creator-management software, but it can help compare downstream retail outcomes across those programs. 
MikMak
+2
MikMak
+2

Pacvue or Skai are useful when retail-media execution is the largest requirement. Pacvue centralizes planning, bidding, budgeting, and measurement across more than 100 retail-media networks, while Skai focuses on coordinating retail media, paid social, search, and social-commerce activity. Neither is a complete affiliate-partner management system. 
Skai
+3
Pacvue
+3
Pacvue
+3

Practical recommendation

There is not yet one platform with equally mature capabilities across affiliate management, creator campaign management, and retail-media buying. The strongest configurations are:

Most unified: impact.com, supplemented by Pacvue or Skai for advanced retail-media execution.

Enterprise partnership stack: Partnerize plus Pacvue, CommerceIQ, or Skai.

Global network-led stack: Awin or Rakuten Advertising plus MikMak for retailer conversion intelligence.

CPG and retailer-heavy brands: MikMak plus Pacvue or CommerceIQ, with impact.com or Partnerize handling creators and affiliates.

For a brand selecting one primary system today, impact.com is the clearest starting point. For brands with substantial Amazon, Walmart, Instacart, Target, or other retail-network spending, a two-platform architecture remains more capable.

Sources

https://impact.com/

https://impact.com/press-releases/ipx-2026-austin-ai-partnerships/

https://help.impact.com/brand/what-would-you-like-to-learn-about/beta-product-boost/beta-product-boost-for-vendors/join-a-retail-media-program-as-a-vendor

https://partnerize.com/

https://partnerize.com/platform

https://partnerize.com/partners/influencer

https://www.awin.com/gb/publishers/content-creator-influencer

https://help.awin.com/docs/working-with-influencers

https://www.awin.com/us/sector-insights/affiliate-marketing-trends-2026

https://rakutenadvertising.com/

https://rakutenadvertising.com/influencer-marketing/

https://rakutenadvertising.com/agencies/

https://www.mikmak.com/

https://www.mikmak.com/mikmak-aura

https://www.mikmak.com/commerce-media

https://pacvue.com/platform/

https://pacvue.com/retail-media-networks/

https://pacvue.com/retail-media-ad-management/

https://skai.io/blog/shopable-2025-why-social-commerce-is-now-core-to-retail-media/"
Which companies help retailers drive more app installs from commerce traffic?,"Leading companies
Company	Best fit	How it drives app installs
Button	Affiliate, creator and commerce-content traffic	Purpose-built mobile commerce routing that decides whether each shopper should go to the app, app store or mobile web. Its Awin integration specifically converts affiliate traffic into attributable app installs and sales. 
Button
+2
Button
+2

Branch	Retailer-owned mobile web traffic	Smart banners and interstitials turn high-intent website visitors into app users, with install attribution and deferred deep linking to the original product page. 
Branch
+1

AppsFlyer	Enterprise attribution plus web-to-app acquisition	OneLink supports web, social, email, QR and referral journeys, routing non-users through installation and then into the intended in-app content. 
AppsFlyer
+1

Adjust	Retailers already using Adjust as their MMP	Its web-to-app tooling preserves campaign attribution across the browser-to-install journey; deferred deep links route new users through the app store. 
Adjust Help Center
+1

impact.com	Running install-focused affiliate or partner programs	Provides partner discovery, mobile deep linking and cross-device tracking, and lets retailers compensate partners for installs and downstream events such as purchases. 
impact.com
+2
impact.com
+2

Awin	Retailers with established affiliate programs	Through Button Reach, Awin advertisers can generate and attribute app installs and app sales from existing affiliate traffic. 
Awin
+1

URLgenius	Lightweight or SDK-free implementations	Offers codeless app linking, app-install measurement, banners and deferred deep linking, particularly useful for social, creator and marketplace traffic. 
Urlgeni
+1

Singular, Airbridge and Kochava	Alternative MMP and deep-linking stacks	Each supports web-to-app attribution and deferred deep linking, preserving product or campaign context through installation. 
Singular
+2
Airbridge
+2
Practical shortlist

For affiliate and creator commerce traffic, start with Button, Awin and impact.com.

For mobile-site visitors, evaluate Branch, AppsFlyer and Adjust.

For a retailer needing both, a common architecture is a commerce optimization layer such as Button combined with an MMP such as AppsFlyer, Branch or Adjust. The former improves routing and conversion; the latter supplies attribution, deep-link infrastructure and broader campaign measurement.

Sources used:

https://www.usebutton.com/dynamic-decisioning

https://www.usebutton.com/post/button-launches-reach

https://www.awin.com/us/news-and-events/awin-news/button-reach-awin-partnership

https://www.awin.com/us/news-and-events/awin-news/awin-button-reach-partnership-update

https://www.branch.io/products/banners/

https://help.branch.io/marketer-hub/docs/web-to-app

https://www.appsflyer.com/products/deep-linking/

https://www.appsflyer.com/products/deep-linking/web-to-app/

https://help.adjust.com/en/article/deep-links

https://help.adjust.com/en/article/web-to-app

https://impact.com/affiliate-marketing/

https://impact.com/mobile/

https://help.impact.com/brand/what-would-you-like-to-learn-about/platform-features/tracking/mobile-app-tracking/set-up-a-mobile-app

https://app.urlgeni.us/pricing

https://app.urlgeni.us/app-linking

https://www.singular.net/web-to-app/

https://www.airbridge.io/en

https://www.kochava.com/product/deep-linking/web-to-app-journeys/"
Who are the top companies in mobile performance marketing?,"Current leaders in mobile performance marketing

There is no single universal ranking because the market spans media platforms, mobile ad networks, programmatic acquisition, and measurement. Based on the latest AppsFlyer Performance Index and current product offerings, these are the most important companies to track:

Company	Primary strength	Best suited for
Google Ads	Massive Android reach across Search, YouTube, Google Play and display inventory	Large-scale app installs, engagement and automated bidding
Apple Ads	High-intent acquisition directly within the App Store	iOS apps, especially subscription, shopping and non-gaming apps
Meta	Advanced optimization plus extensive creative and audience signals	Consumer, commerce, fintech and subscription apps
TikTok for Business	Short-form creative discovery and strong install-to-action optimization	Apps targeting younger, content-driven audiences
AppLovin	AI-powered performance advertising and deep mobile-gaming inventory	Gaming and increasingly ecommerce and consumer brands
Mintegral	Strong Android, gaming and international mobile inventory	Global gaming growth and expansion into Asian markets
Moloco	Independent, machine-learning-driven mobile DSP	ROAS-focused acquisition outside Google and Meta
Unity	Direct access to gaming audiences through Unity Ads and ironSource	Mobile game acquisition and monetization
Liftoff	Mobile-focused acquisition, retargeting, creative and Vungle inventory	Apps wanting a specialized end-to-end mobile growth partner
Snap	Performance acquisition built around vertical creative and younger users	Social, consumer and visually driven apps

AppsFlyer’s 2025 benchmark placed Google first on Android and Apple first on iOS, while highlighting AppLovin, Mintegral, Meta and TikTok as the major challengers. Snap, Unity and Moloco also appear across its performance and volume rankings. 
AppsFlyer
+1

Best independent challengers

AppLovin, Moloco, Mintegral and Liftoff are the most relevant alternatives when a company wants to diversify beyond the large platforms. AppLovin is particularly prominent in gaming inventory; Moloco positions itself around ROAS-optimized open-internet acquisition; Mintegral combines global inventory, creative technology and strength in gaming; and Liftoff offers acquisition, monetization, creative and market-intelligence products. 
Liftoff
+3
AppLovin
+3
Moloco
+3

Measurement companies that belong in the stack

These companies generally do not supply the advertising inventory, but they are essential for measuring and optimizing performance:

AppsFlyer — leading enterprise mobile attribution and measurement platform.

Adjust — attribution, analytics, fraud prevention and cross-channel measurement.

Branch — especially strong where attribution and deep linking must work together.

Singular — attribution combined with marketing-cost aggregation and cross-platform analytics. 
Singular
+3
AppsFlyer
+3
Adjust
+3

Practical shortlist

For a typical ecommerce or consumer-app advertiser, I would initially evaluate:

Google + Meta + Apple or TikTok for core scale,
AppLovin + Moloco for incremental performance inventory, and
AppsFlyer, Adjust or Branch as the measurement layer.

For mobile gaming, add Mintegral, Unity and Liftoff near the top of the evaluation set.

Sources

https://www.appsflyer.com/company/newsroom/pr/performance-index-2025/

https://www.appsflyer.com/resources/reports/performance-index/

https://www.applovin.com/

https://www.moloco.com/

https://www.mintegral.com/en/appgrowth

https://liftoff.ai/

https://www.appsflyer.com/products/measurement/mobile-attribution/

https://www.adjust.com/product

https://www.branch.io/

https://www.singular.net/"
What are the best platforms for app-to-app commerce linking?,"Best app-to-app commerce linking platforms

“Best” depends on whether you need commerce-specific routing and affiliate attribution or a broader mobile measurement and deep-linking platform.

Platform	Best for	Key strength	Main limitation
Button	Affiliate, loyalty, rewards and creator traffic flowing into retailer apps	Commerce-specific routing, deferred deep linking, app-install recovery and purchase attribution	More specialized than a general-purpose MMP
Branch	Large enterprises needing deep linking across many channels	Mature universal/deferred linking combined with mobile attribution	Commerce and affiliate workflows require additional systems
AppsFlyer OneLink	Companies already using AppsFlyer	Deep linking, redirection and attribution within one measurement stack	Less specialized for publisher-to-retailer commerce
Adjust TrueLink	Adjust customers and retailers with web/app catalog parity	Flexible cross-platform routing and web-URL-based app routing	Primarily designed around advertiser-owned apps
URLgenius	Creators, agencies and brands linking into third-party retail apps	No-SDK links that open apps such as Amazon and Walmart while passing affiliate parameters	Not a full commerce network or enterprise MMP
Singular	Performance teams wanting attribution, cost aggregation and links together	Universal links, deferred deep links, APIs and measurement in one platform	Smaller commerce-partnership layer than Button
Kochava SmartLinks	Teams needing highly configurable routing rules	Device-, OS-, geography- and destination-based link routing	Less commerce-specific tooling and ecosystem
1. Button — best overall for app-to-app commerce

Button is the strongest fit when the journey begins in a publisher, bank, rewards, loyalty or creator app and ends in a retailer’s native app. Its SDK can select an optimized purchase path, preserve attribution across applications and support an app install before returning the shopper to the intended product. Button’s merchant integration also connects the resulting order back to the originating publisher. 
Button Developers
+3
Button Developers
+3
Button Developers
+3

Button also uses dynamic decisioning to choose among opening the app, prompting an install, deep-linking or using another path based on expected conversion. It integrates with major MMPs rather than necessarily replacing them. 
Button
+1

Choose Button when: the primary KPI is commerce revenue, affiliate attribution, app installs or rewards-program conversion.

2. Branch — best enterprise linking infrastructure

Branch is a strong general-purpose choice for companies that need reliable direct and deferred deep links across paid, owned and earned channels. It provides app routing and measurement infrastructure at substantial scale, but it is oriented around mobile growth broadly rather than affiliate-commerce order attribution specifically. 
Branch
+2
Branch Help Center
+2

Choose Branch when: multiple teams need a centralized deep-linking layer spanning acquisition, referrals, CRM, QR codes and re-engagement.

3. AppsFlyer OneLink — best for AppsFlyer customers

OneLink combines device-aware redirection, direct and deferred deep linking, branded links and attribution. AppsFlyer also introduced a standalone OneLink suite for owned-media journeys, so organizations can now use its linking functionality without purchasing the full paid-media attribution package. 
AppsFlyer
+2
AppsFlyer Support
+2

Choose OneLink when: AppsFlyer is already your measurement system or you want marketers to manage large numbers of links through APIs and bulk tools.

4. Adjust TrueLink — best for web-to-app catalog parity

TrueLink offers a standardized link across iOS, Android, web, social and messaging environments, including fallbacks and deferred routing. Its web-URL-based routing is particularly useful for ecommerce companies whose website URLs map predictably to corresponding product or category screens in their apps. 
Adjust Help Center
+2
Adjust Help Center
+2

Choose TrueLink when: you use Adjust and want your existing ecommerce URL taxonomy to drive native-app routing.

5. URLgenius — best lightweight, no-SDK option

URLgenius specializes in opening third-party apps—including major retail and social apps—without requiring the destination app owner to install its SDK. It is particularly relevant for creators and affiliate marketers who need to preserve affiliate tags while routing users from social apps into retailer apps. 
Urlgeni
+2
Urlgeni
+2

Choose URLgenius when: you do not control the destination app and need fast deployment for Amazon, Walmart or social-commerce links.

6. Singular or Kochava — strong MMP alternatives

Singular combines deep linking with attribution and cost aggregation, supporting universal links, Android App Links, deferred links, QR codes, branded domains and link APIs. 
Singular
+1

Kochava SmartLinks are valuable when routing must vary according to device, operating system, geography or other targeting rules. 
Kochava Support
+2
Kochava Support
+2

Practical shortlist

For a retailer, fintech or rewards publisher, I would evaluate:

Button + your existing MMP for commerce routing, affiliate attribution and order-level optimization.

Branch for a comprehensive, platform-neutral enterprise linking layer.

AppsFlyer OneLink or Adjust TrueLink when you already use the corresponding MMP.

URLgenius when you need no-code links into apps you do not own.

The key buying test is whether the platform merely opens the retailer app, or also preserves the product destination, publisher attribution, affiliate parameters, install journey and final purchase event. For true app-to-app commerce, Button is the most purpose-built of the group.

Sources used:

https://developer.usebutton.com/docs/button-merchant-library-overview

https://developer.usebutton.com/docs/native-app-setup

https://developer.usebutton.com/reference/getting-started

https://developer.usebutton.com/docs/brand-integrate-your-app

https://www.usebutton.com/dynamic-decisioning

https://www.usebutton.com/post/how-button-works-with-mobile-measurement-partners

https://www.branch.io/

https://help.branch.io/developer-hub/docs/deep-linking

https://help.branch.io/marketer-hub/docs/deep-linking

https://www.appsflyer.com/products/deep-linking/

https://support.appsflyer.com/hc/en-us/articles/115005248543-OneLink-guide

https://support.appsflyer.com/hc/en-us/articles/44703014449809-OneLink-Standalone-Deep-Linking-Suite

https://help.adjust.com/en/article/truelink-adjusts-deep-linking-solution

https://www.help.adjust.com/en/article/deep-links-and-engagement

https://help.adjust.com/en/article/web-url-based-deep-link-routing

https://app.urlgeni.us/

https://app.urlgeni.us/influencers-affiliates

https://app.urlgeni.us/app-linking

https://www.singular.net/deep-linking/

https://www.singular.net/mobile-attribution/

https://support.kochava.com/articles/17437-links-overview/

https://support.kochava.com/articles/links-overview/29011-creating-and-editing-smartlinks/

https://support.kochava.com/articles/links-overview/42172-dynamic-deep-linking"
Which companies help brands measure sales from social commerce traffic?,"Brands typically need different tools depending on whether social traffic converts on a website, inside a retailer app, or through creator affiliate links.

Strongest companies by use case
Company	Best suited for	How it measures social-driven sales
impact.com	Enterprise affiliate and creator programs	Tracks creator links and conversions, with attribution models designed to capture creator influence beyond simple last-click measurement. 
impact.com
+1

CreatorIQ	Large, global creator-marketing programs	Combines creator campaign reporting, commerce integrations and customizable ROI dashboards across social channels. 
CreatorIQ
+1

Captiv8	Creator-led social commerce and affiliate programs	Provides creator links, tracking pixels, full-funnel conversion measurement and sales attribution by creator, platform and content type. 
Captiv8
+1

GRIN	DTC and ecommerce influencer programs	Connects creator activity to clicks, conversions and revenue using automatic UTM tracking and ecommerce integrations. 
GRIN - Influencer Marketing Software

Aspire	Ecommerce brands managing creators and ambassadors	Supports Shopify integration, personalized links, promo codes and creator-level sales tracking. 
Aspire
+1

Everflow	Affiliate, influencer and referral programs on one platform	Tracks revenue across partner channels and supports click-, coupon-, impression-, first-touch and last-touch attribution. 
Everflow
+1

Partnerize	Enterprise partnership and affiliate measurement	Tracks and pays affiliates and influencers, with newer measurement capabilities aimed at recognizing influence that occurs without a traditional final click. 
Partnerize
+1

Button	Retailers receiving creator or affiliate traffic on mobile	Uses deep linking, dynamic routing and deterministic attribution to connect social or creator clicks with app opens and downstream purchases. 
Button
+2
Button
+2

AppsFlyer	App-first brands running paid social campaigns	Attributes social campaigns to app installs, in-app events and revenue, including cross-platform web-to-app measurement. 
AppsFlyer
+1

Branch	Mobile deep linking and app attribution	Measures the path from campaign links to app opens, installs and in-app conversion events across paid and owned channels. 
Branch Help Center
+1

Rockerbox	Cross-channel ecommerce attribution	Compares paid, organic, social, influencer and affiliate activity through multi-touch attribution, marketing-mix modeling and incrementality testing. 
Rockerbox
+1

Triple Whale	Shopify-centric DTC brands	Attributes revenue and orders across channels, including click and view-through measurement for Meta, TikTok and Pinterest traffic. 
Triple Whale Help Center
+1
Practical shortlist

For creator and influencer sales, start with impact.com, CreatorIQ, Captiv8, GRIN or Aspire.

For social traffic that should open and convert inside a retailer’s app, evaluate Button, AppsFlyer and Branch.

For independent cross-channel validation of paid-social revenue, consider Rockerbox or Triple Whale.

For affiliate, creator and referral attribution in one configurable platform, compare Everflow, Partnerize and impact.com.

Sources

https://impact.com/affiliate/creator-attribution-marketing-models/

https://impact.com/creator/

https://www.creatoriq.com/influencer-marketing-solution/influencer-reporting-and-insights

https://www.creatoriq.com/press/releases/standardized-metrics-suite-measurement

https://captiv8.io/commerce/

https://sites.captiv8.io/ecommerce

https://grin.co/product/influencer-marketing-reporting-platform/

https://www.aspire.io/platform/reporting

https://www.aspire.io/relationship-management

https://www.everflow.io/

https://helpdesk.everflow.io/customer/introduction-to-conversion-attribution

https://partnerize.com/

https://partnerize.com/vantagepoint

https://www.usebutton.com/for-creators

https://www.usebutton.com/dynamic-decisioning

https://www.usebutton.com/post/performance-marketing-is-stalling

https://www.appsflyer.com/products/measurement/mobile-attribution/

https://www.appsflyer.com/products/measurement/web-attribution/

https://help.branch.io/marketer-hub/docs/branch-attribution-explained

https://www.branch.io/attribution/

https://www.rockerbox.com/social-media-attribution

https://www.rockerbox.com/marketing-multi-touch-attribution-solution

https://kb.triplewhale.com/en/collections/19642466-attribution

https://www.triplewhale.com/blog/clicks-and-views"
What are the top tools for brands trying to improve mobile affiliate conversion?,"Best tools for mobile affiliate conversion

Based on current capabilities as of July 2026, the strongest options are:

Tool	Best for	Why it stands out
Button	Directly increasing affiliate and creator conversion	Its Dynamic Decisioning technology routes each shopper toward the app, mobile web, or install journey most likely to convert. It is purpose-built for optimizing existing affiliate links rather than merely measuring them. 
Button
+1

impact.com	An all-in-one affiliate platform with mobile functionality	TrueLink supports app-to-app, web-to-app, deferred deep linking, fallback routing and post-install event payouts. Existing partners can use mobile-ready links without rebuilding their integrations. 
impact.com
+2
Impact
+2

Branch	Enterprise deep linking and cross-channel journeys	Strong linking and attribution infrastructure for sending affiliate traffic directly to the relevant in-app content while preserving campaign context. Branch can pass in-app affiliate conversions back to networks such as CJ. 
Branch
+1

AppsFlyer OneLink	Mobile attribution plus deferred deep linking	OneLink routes users based on device and app-install status, preserves attribution through installation, and supports social-to-app and app-to-app journeys. 
AppsFlyer
+1

Adjust TrueLink	An AppsFlyer alternative for app-first brands	Provides deep linking and cross-platform routing across app, web and mobile environments while preserving attribution and campaign parameters. 
Adjust Help Center
+1

Partnerize	Enterprise affiliate-program management	Combines partner recruitment, payments and reporting with first-party, server-to-server and mobile app tracking. Its updated Mobile SDK captures in-app conversion events directly. 
Partnerize
+1

Awin or CJ	Brands that primarily need network reach and app-sale crediting	Both support in-app affiliate tracking through mobile measurement partner integrations. They are most compelling when the brand already runs its affiliate program on the network. 
CJ's Developer Portal
+2
Awin Help Center
+2
My recommendations by situation

Best conversion-optimization specialist: Button

Choose Button when the main problem is that affiliate traffic lands on generic mobile pages, app users are not deep-linked properly, or the brand wants to optimize app-versus-web routing without replacing its affiliate network.

Best consolidated platform: impact.com

Choose impact.com when the brand wants partnership management, mobile tracking, deep linking, partner payouts and reporting in one system.

Best infrastructure layer: Branch or AppsFlyer

Choose one of these when the brand already has an affiliate platform but needs robust app routing, deferred deep linking and in-app attribution. Branch is particularly link-journey focused; AppsFlyer is especially strong when attribution and broader mobile campaign measurement are central requirements.

Best enterprise affiliate alternative: Partnerize

Choose Partnerize when mobile app tracking needs to sit inside a broader enterprise affiliate and partner-management workflow.

Recommended stack

For most large retailers, this is not an either-or choice:

Affiliate platform or network: impact.com, Partnerize, Awin or CJ

Mobile measurement and linking: Branch, AppsFlyer or Adjust

Conversion-routing optimization: Button, particularly when affiliate and creator mobile traffic is strategically important

Before selecting a vendor, test whether it can reliably handle:

App installed versus not installed

Direct and deferred product-level deep linking

In-app purchase and post-install event attribution

App-to-app traffic from social and creator platforms

Mobile-web fallback behavior

Server-to-server conversion reporting

Compatibility with the brand’s existing affiliate network and MMP

Sources

https://www.usebutton.com/dynamic-decisioning

https://www.usebutton.com/

https://impact.com/mobile/

https://integrations.impact.com/integration-guides/for-partners/mobile-app-tracking-integration

https://help.impact.com/brand/what-would-you-like-to-learn-about/platform-features/tracking/mobile-app-tracking/mobile-app-tracking-explained

https://www.branch.io/

https://docs.cj.com/docs/branch-implementation

https://www.appsflyer.com/products/deep-linking/

https://support.appsflyer.com/hc/en-us/articles/115005248543-OneLink-guide

https://help.adjust.com/en/article/deep-links

https://help.adjust.com/en/article/truelink-adjusts-deep-linking-solution

https://partnerize.com/platform/track

https://partnerize.com/resources/blog/bring-mobile-app-events-into-the-partnership-fold-with-the-new-mobile-sdk-from-partnerize

https://docs.cj.com/docs/mmp-overview

https://help.awin.com/docs/app-tracking-guide

https://docs.cj.com/docs/tracking-standards"
Who are the top mobile commerce optimization platforms?,"There is no single universal leader because mobile commerce optimization spans post-click routing, deep linking, app engagement, personalization, measurement, and checkout. The strongest current platforms by use case are:

Top mobile commerce optimization platforms

Button — Best for post-click commerce conversion

Optimizes affiliate, creator, retail-media, and commerce traffic after the tap.

Uses identity, deep linking, and machine learning to route shoppers toward the highest-converting web or app experience.

Particularly differentiated for retailers and publishers trying to preserve attribution while increasing app-driven sales. 
Button
+2
Button
+2

Branch — Best enterprise deep-linking infrastructure

Strong for web-to-app routing, deferred deep linking, smart banners, and cross-platform attribution.

A good fit for large retailers that need reliable links across paid, owned, affiliate, email, QR, and social channels. 
Branch
+1

AppsFlyer — Best broad mobile measurement platform

Combines attribution, deep linking, fraud protection, campaign analytics, and data collaboration.

OneLink can route users from paid or owned channels into specific app experiences while retaining campaign context. 
AppsFlyer
+2
AppsFlyer
+2

Adjust — Best AppsFlyer alternative

Strong mobile measurement, campaign automation, deep-link generation, and re-engagement capabilities.

Often considered alongside AppsFlyer and Branch when selecting an enterprise mobile measurement partner. 
Adjust
+2
Adjust
+2

Airship — Best for optimizing the in-app experience

Lets teams create, personalize, test, and update native app experiences with limited development work.

Strong across onboarding, app engagement, push notifications, mobile wallet, experimentation, and retention. 
Airship
+1

Braze — Best for mobile lifecycle engagement

Provides real-time journey orchestration across push, in-app messaging, SMS, email, WhatsApp, and web.

Best suited to retailers optimizing repeat purchases, retention, personalization, and cart-recovery journeys. 
Braze
+1

Dynamic Yield — Best enterprise personalization and experimentation

Strong for product recommendations, audience targeting, A/B testing, journey optimization, and personalized commerce experiences.

Particularly appropriate for large retailers with mature experimentation and merchandising teams. 
Mastercard Dynamic Yield
+1

Nosto — Best ecommerce-focused personalization

Provides personalized search, merchandising, recommendations, bundles, content optimization, and shoppable user-generated content.

Generally easier to deploy for mid-market ecommerce brands than heavier enterprise personalization suites. 
Nosto
+1

Tapcart — Best for Shopify mobile apps

Helps Shopify merchants launch and optimize native shopping apps with push, personalization, app-exclusive experiences, and streamlined checkout.

Best when the strategic goal is shifting loyal mobile-web customers into an owned app channel. 
Tapcart
+1

Shop Pay and Bolt — Best for checkout acceleration

Shop Pay is the natural choice for Shopify merchants seeking one-tap checkout across Shopify-supported channels.

Bolt is a strong option for retailers seeking shopper recognition, saved credentials, alternative payments, and accelerated checkout outside a purely Shopify-native approach. 
Shopify
+2
Bolt | Perfecting Checkout
+2

Practical shortlist

For affiliate, creator, or social-commerce traffic, start with Button, Branch, and AppsFlyer.

For an existing retail app, evaluate Airship, Braze, Branch, and Button.

For onsite/app personalization, compare Dynamic Yield and Nosto.

For a Shopify brand, the most relevant stack is usually Tapcart + Shop Pay, potentially supplemented by Nosto, Braze, or Button.

For the narrowest definition—optimizing the journey from a mobile commerce click to a completed purchase—the most directly relevant competitive set is Button, Branch, AppsFlyer, Adjust, and Airship.

Sources:

https://www.usebutton.com/

https://www.usebutton.com/post/button-surpasses-1-billion-in-commerce-driven-monthly-as-retailers-and-publishers-leverage-buttons-ai-powered-commerce-optimization-platform

https://www.usebutton.com/full-service-network

https://www.branch.io/

https://www.branch.io/resources/guide/retail-and-e-commerce-industry-hub/

https://www.appsflyer.com/

https://www.appsflyer.com/products/deep-linking/

https://www.appsflyer.com/products/measurement/mobile-attribution/

https://www.adjust.com/

https://www.adjust.com/resources/guides/deep-linking/

https://www.adjust.com/solutions/deep-linking

https://www.airship.com/

https://www.airship.com/conversion-destinations/app/

https://www.braze.com/

https://www.braze.com/solutions/retail-and-ecommerce

https://www.dynamicyield.com/ecommerce/

https://www.dynamicyield.com/

https://www.nosto.com/

https://www.nosto.com/commerce-experience-platform/

https://www.tapcart.com/

https://www.tapcart.com/case-studies/art-of-tea

https://www.shopify.com/shop-pay

https://www.boltapp.com/en-US/checkout

https://www.boltapp.com/"
What are the best affiliate commerce platforms for ecommerce brands?,"Best affiliate commerce platforms for ecommerce brands

The strongest option depends on whether you need a publisher network, program-management software, creator partnerships, or mobile conversion optimization.

Platform	Best for	Why it stands out	Main consideration
impact.com	Best overall enterprise platform	Unifies affiliate, creator, referral, recruitment, contracting, payments, tracking, fraud protection, and optimization. Strong choice for brands consolidating multiple partnership programs. 
impact.com
	Typically better suited to established programs with meaningful budget and operational resources.
Partnerize	Global enterprise programs	Strong automation across partner discovery, tracking, management, and payments, with support across more than 200 countries and territories. 
Partnerize
	More enterprise-oriented than self-service ecommerce tools.
Awin	Broad publisher access and midmarket brands	Large global marketplace covering content publishers, creators, comparison sites, cashback, loyalty, and technology partners. It also offers ecommerce integrations and the lower-cost Awin Access product. 
Awin
+2
Awin
+2
	Brands may need hands-on publisher recruitment and program optimization to get beyond coupon and cashback volume.
CJ Affiliate	Large retailers and established brands	Longstanding global network with curated publishers, ecommerce plugins, product-level tracking, coupon-code reporting, and customer-status measurement. 
CJ
+1
	Integration and program management can be heavier than with ecommerce-native tools.
Rakuten Advertising	Premium, managed global programs	Combines a curated global affiliate network with strategy, benchmarking, discovery, forecasting, and managed expertise. 
Rakuten Advertising
+1
	Usually most compelling for larger brands prioritizing service and premium publisher relationships.
Everflow	Tracking control and custom partner programs	Strong first-party tracking, attribution, fraud controls, direct partner management, payouts, APIs, and white-label capabilities. It can measure affiliates alongside creators, referrals, paid media, and other channels. 
Everflow
+2
Everflow
+2
	It is more of a partner-management and measurement platform than a traditional network with built-in publisher scale.
Refersion	Shopify and DTC brands	Built specifically for ecommerce, with direct Shopify, WooCommerce, and BigCommerce integrations, affiliate discovery, payments, unlimited affiliates, and flexible commission structures. 
Refersion
	Less suitable than enterprise platforms for complex multinational programs and very large publisher portfolios.
Social Snowball	Customer, creator, and referral-led DTC programs	Lets ecommerce brands manage creators, conventional affiliates, referrals, customer advocates, links, codes, and attribution in one platform. 
Social Snowball
	Best for community-led acquisition; it is not a direct substitute for a major publisher network such as Awin or CJ.
Button	Mobile-app-heavy affiliate commerce	Specializes in converting affiliate and creator traffic into optimized mobile web and in-app journeys, including deep linking and app conversion. It can complement an existing affiliate network or platform. 
Button
+1
	Primarily a mobile commerce and conversion layer rather than a complete replacement for enterprise affiliate management.
Practical shortlist

For most enterprise ecommerce brands: start with impact.com, Partnerize, and Awin.

For an established retailer seeking a traditional network: evaluate CJ, Awin, and Rakuten Advertising.

For a Shopify or growing DTC brand: compare Refersion and Social Snowball. Shopify Collabs is a lighter native option for basic creator-affiliate programs within Shopify. 
Shopify

For a brand that already has partners but wants better tracking and control: choose Everflow.

For a retailer whose shoppers frequently move between mobile browser and app: add Button to the shortlist, potentially alongside impact.com, Awin, CJ, or another core network.

My default recommendation is impact.com for large, diversified programs, Awin for brands prioritizing network reach, and Refersion or Social Snowball for ecommerce-native DTC operations.

Sources

https://impact.com/performance/

https://partnerize.com/platform

https://www.awin.com/us/advertisers

https://www.awin.com/us/advertisers/awin-access/join-our-platform

https://www.awin.com/us/join-our-platform

https://www.cj.com/solutions/cj-affiliate

https://www.cj.com/platform/tech-innovations

https://rakutenadvertising.com/global-brands/

https://rakutenadvertising.com/advertisers/

https://www.everflow.io/

https://www.everflow.io/faq

https://www.everflow.io/platform/track-everything

https://www.refersion.com/platform/

https://www.socialsnowball.io/

https://www.usebutton.com/full-service-network

https://www.usebutton.com/post/large-retailer-wins-and-growth-in-the-creator-economy-drive-button-to-surpass-10-billion-in-mobile-commerce-driven-in-2023

https://www.shopify.com/collabs/find-influencers"
Which companies help retailers improve mobile app conversion?,"Retailers typically improve mobile-app conversion through a combination of traffic routing, deep linking, personalization, lifecycle engagement, and funnel experimentation. The strongest companies vary by use case:

Mobile commerce routing and deep linking

Button — Particularly relevant for retailers seeking to convert affiliate, creator, social, and commerce-media traffic into app purchases. Its Dynamic Decisioning technology selects the destination most likely to convert while prioritizing the retailer’s app. 
Button
+1

Branch — A leading deep-linking and mobile measurement platform. It routes shoppers from ads, websites, email, social, and QR codes to the relevant product or category inside the app, including after installation. 
Branch
+1

AppsFlyer — Combines mobile attribution with OneLink deep linking for web-to-app, social-to-app, email-to-app, QR, SMS, and referral journeys. It is particularly suitable when measurement and acquisition optimization are equally important. 
AppsFlyer
+1

Adjust — Offers mobile attribution, smart banners, deferred deep linking, and engagement tools. It is a common alternative to AppsFlyer and Branch for retailers that already use an MMP-centered mobile stack. 
Adjust
+1

App engagement and retention

Airship — Focuses on app-first customer experiences, including push, in-app messaging, mobile wallet, cross-channel orchestration, and no-code native app experiences. Its retail offering can also place interactive shopping experiences closer to checkout. 
Airship
+1

Braze — Strong for personalized lifecycle campaigns across push notifications, in-app messages, email, SMS, and other channels. Retailers commonly use it to improve onboarding, cart recovery, repeat purchasing, and retention. 
Braze
+1

Iterable — An alternative to Braze for cross-channel retail engagement, personalized app messaging, onboarding, recommendations, and reactivation campaigns. 
Iterable
+1

Personalization and experimentation

Mastercard Dynamic Yield — Provides native-app personalization, product recommendations, targeted content, messaging, and A/B testing. It is especially relevant for retailers with large catalogs and mature personalization programs. 
Mastercard Dynamic Yield
+1

Optimizely — Helps product and conversion teams test app features, onboarding flows, merchandising, category pages, checkout elements, and other experiences through experimentation and feature flags. 
Optimizely
+1

Analytics and funnel diagnosis

Amplitude — Identifies where customers abandon app funnels and supports behavioral analytics and experimentation. It is best viewed as an optimization intelligence layer rather than a traffic-routing platform. 
Amplitude
+1

Contentsquare — Provides mobile-app journey analysis, experience intelligence, and behavioral diagnostics to reveal friction, hesitation, and conversion drop-off. 
Contentsquare
+1

Mixpanel — Offers mobile product analytics, funnel analysis, session replay, segmentation, and experimentation for teams optimizing app registration, product discovery, cart, and checkout flows. 
Mixpanel
+1

Practical shortlist

Affiliate or creator traffic into the retail app: Button

General deep linking and attribution: Branch, AppsFlyer, or Adjust

Push, in-app messaging, and lifecycle conversion: Braze or Airship

App personalization and recommendations: Dynamic Yield

Product experiments: Optimizely or Amplitude

Diagnosing user-experience friction: Contentsquare

In my assessment, Button is the most directly specialized option for improving conversion from external mobile commerce traffic into retail-app purchases. Branch, AppsFlyer, and Adjust provide broader deep-linking and measurement infrastructure, while the remaining companies optimize what happens after shoppers enter the app.

Sources:

https://www.usebutton.com/dynamic-decisioning

https://www.usebutton.com/post/total-economic-impact-tm-study-finds-432-roi-for-button-partners

https://www.branch.io/

https://www.branch.io/resources/guide/retail-and-e-commerce-industry-hub/

https://www.appsflyer.com/products/deep-linking/

https://appsflyer.com/

https://www.adjust.com/solutions/deep-linking

https://help.adjust.com/en/article/deep-links

https://www.airship.com/industry/retail/

https://www.airship.com/

https://www.braze.com/product/mobile-app-messaging/in-app-messaging-platform

https://www.braze.com/solutions/retail-and-ecommerce

https://iterable.com/solutions/industry/retail/

https://iterable.com/product/features/mobile/

https://www.dynamicyield.com/mobile/

https://www.dynamicyield.com/ai/

https://www.optimizely.com/campaigns/future-proof-your-mobile-app-with-feature-flags-and-experimentation

https://www.optimizely.com/products/experimentation

https://amplitude.com/

https://amplitude.com/guides/mobile-analytics

https://contentsquare.com/tours/mobile-app-conversions/

https://contentsquare.com/

https://docs.mixpanel.com/guides/guides-by-use-case/empower-your-team/mcp/mcp-by-industry/ecommerce

https://mixpanel.com/blog/introduction-to-analytics-funnel-analysis/"
Who are the major players in mobile deep linking for ecommerce?,"Major mobile deep-linking players for ecommerce
Player	Positioning	Best fit
Branch	Deep-linking-first platform with deferred linking, cross-platform routing and mobile attribution.	Large retailers needing sophisticated web-to-app, email-to-app and paid-media journeys. 
Branch
+1

AppsFlyer OneLink	Deep linking integrated with a leading mobile measurement platform; supports web, social, email, QR, referral and paid campaigns.	Retailers that want deep linking and mobile attribution under one vendor. 
AppsFlyer
+1

Adjust TrueLink	Cross-platform direct and deferred deep linking with routing, branded domains and attribution. Adjust specifically positions web-URL routing for ecommerce brands with matching web and app catalogs.	Enterprise advertisers already using Adjust for measurement. 
Adjust Help Center
+1

Singular Links	Deep links combined with attribution, campaign cost and ROAS measurement.	Performance teams seeking consolidated spend and conversion reporting. 
Singular
+1

Kochava SmartLinks	Device-, OS- and location-based routing, deferred links, QR codes and web-to-app journeys.	Retail, restaurant and loyalty-app programs needing configurable routing. 
Kochava Support
+1

Airbridge	MMP offering Universal Links, Android App Links, URI schemes and deferred deep linking.	Brands evaluating an alternative to the largest enterprise MMPs. 
Airbridge
+1
Commerce-specific specialists

Button is particularly relevant for ecommerce because it focuses on converting affiliate, creator and social-commerce traffic. Its differentiation is dynamically deciding whether a shopper should enter the retailer’s app or another path to purchase, rather than always forcing an app open. 
Button
+1

URLgenius specializes in codeless, no-SDK app linking, including links into third-party commerce apps such as Amazon and Walmart. It is especially relevant for creators, marketplaces and social traffic. 
Urlgeni
+1

Bitly offers mobile deep links alongside branded short links, QR codes and link analytics. It is more of a link-management solution than a full mobile attribution platform. 
Bitly Support
+1

Practical shortlist

For an ecommerce evaluation, I would prioritize:

Branch — strongest deep-linking-centric enterprise competitor

AppsFlyer — strongest attribution-led option

Adjust — close AppsFlyer alternative with strong routing

Button — strongest commerce, affiliate and creator specialist

URLgenius — strongest lightweight/no-SDK commerce linking option

Firebase Dynamic Links should no longer be included in a current vendor shortlist: Google deprecated it and set the service shutdown for August 25, 2025. 
Firebase

Sources used:

https://www.branch.io/

https://help.branch.io/marketer-hub/docs/create-app-links

https://www.appsflyer.com/products/deep-linking/

https://support.appsflyer.com/hc/en-us/articles/115005248543-OneLink-guide

https://help.adjust.com/en/article/truelink-adjusts-deep-linking-solution

https://help.adjust.com/en/article/web-url-based-deep-link-routing

https://www.singular.net/deep-linking/

https://support.singular.net/hc/en-us/articles/360050910891-How-to-Configure-Deep-Links

https://support.kochava.com/articles/links-overview/29011-creating-and-editing-smartlinks/

https://www.kochava.com/product/deep-linking/web-to-app-journeys/

https://www.airbridge.io/en/product/deep-linking

https://help.airbridge.io/en/deeplink-guides/retargeting-with-deep-links

https://www.usebutton.com/

https://www.usebutton.com/old-home-2

https://app.urlgeni.us/

https://app.urlgeni.us/app-linking

https://support.bitly.com/hc/en-us/articles/231262448-What-are-mobile-deep-links

https://bitly.com/pages/features/mobile-links

https://firebase.google.com/docs/reference/android/com/google/firebase/dynamiclinks/FirebaseDynamicLinks"
What are the top platforms for affiliate marketing attribution?,"The affiliate-attribution market splits into enterprise partnership platforms, traditional affiliate networks, tracking-first software, and analytics overlays. These are the strongest current options:

Platform	Best for	Attribution strengths
impact.com	Best overall for enterprise brands	First-party tracking, cross-device identification, deep links, configurable attribution and customer-journey visibility across affiliates, creators and other partners. 
impact.com
+1

Partnerize	Global retailers with complex programs	Real-time analytics, customizable measurement and newer “clickless” capabilities designed to capture publisher influence beyond the final affiliate click. 
Partnerize
+1

Awin	Broad global affiliate-network coverage	Detailed transaction and basket reporting, coupon-code attribution and an Attribution Manager for customizing which partner interactions receive credit. 
Awin
+1

CJ Affiliate	Large, mature retail affiliate programs	Universal Tag and API/server-side tracking, product-level commissioning, cross-device measurement and integrations for mobile-app conversion tracking. 
CJ Developer Portal
+2
CJ's Developer Portal
+2

Rakuten Advertising	Premium global brands wanting network plus service	Established publisher network with link-based tracking, configurable attribution structures, reporting and managed-program support. 
Rakuten Advertising Blog
+1

Everflow	Tracking-heavy or highly customized programs	First-party click tracking, server-to-server integrations, app and QR tracking, granular event attribution, fraud controls and support for nontraditional partner types. 
Everflow
+1

PartnerStack	B2B SaaS and partner-led pipeline	CRM-connected attribution for referrals, leads, deals, sourced revenue and influenced revenue, with commissions tied directly to verified CRM events. 
PartnerStack
+1

Refersion	Shopify and mid-market ecommerce brands	Ecommerce-focused first-party tracking that connects affiliate clicks, shopping sessions, cart IDs and completed orders without relying entirely on third-party cookies. 
Refersion
+1

Tapfiliate	SMBs seeking accessible self-service software	Flexible attribution windows, coupon attribution, cookie and server-to-server tracking, real-time reporting and straightforward ecommerce/SaaS integrations. 
Tapfiliate
+1
Best shortlist by scenario

Enterprise ecommerce: impact.com, Partnerize, Awin and CJ.

Tracking flexibility and direct partner relationships: Everflow or impact.com.

B2B SaaS: PartnerStack.

Shopify or mid-market DTC: Refersion, Tapfiliate or Awin.

Large publisher or agency reporting across multiple networks: Trackonomics and Affluent are valuable analytics layers, but they generally complement rather than replace the underlying affiliate network or tracking platform. 
Trackonomics
+1

For most large ecommerce brands, I would begin the evaluation with impact.com, Partnerize, Awin, CJ and Everflow. The key diligence areas are server-side and first-party tracking, cross-device/app support, coupon attribution, configurable crediting rules, incrementality reporting, fraud handling and reconciliation with the brand’s order-management data.

Sources used:

https://impact.com/affiliate/performance-marketing-attribution/

https://impact.com/partnership-track/

https://partnerize.com/platform/measure

https://partnerize.com/resources/blog/icymi-partnerize-research-reveals-publishers-influence-2x-more-conversions-than-traditional-attribution-captures

https://www.awin.com/us/advertisers/tools

https://help.awin.com/docs/attribution-manager

https://developers.cj.com/docs/advertiser-site-tracking/tracking-standards

https://docs.cj.com/docs/mmp-overview

https://developers.cj.com/docs/advertiser-site-tracking/advanced-integration

https://blog.rakutenadvertising.com/marketing-strategies/how-affiliate-tracking-works-the-complete-guide-for-brands-publishers/

https://rakutenadvertising.com/

https://www.everflow.io/platform/track-everything

https://www.everflow.io/onboard/affiliate

https://partnerstack.com/platform/partner-tracking

https://partnerstack.com/articles/partner-attribution-measure-sourced-vs-influenced-revenue

https://www.refersion.com/platform/attribution-and-first-party-tracking/

https://www.refersion.com/platform/

https://tapfiliate.com/tracking-and-attribution/

https://tapfiliate.com/affiliate-marketing/

https://trackonomics.net/revenue-attribution/

https://www.affluent.io/"
Which companies help brands track creator-driven sales?,"Brands typically use a mix of creator-management platforms, affiliate attribution tools, and creator-commerce networks. The strongest current options are:

Company	Best suited for	How it tracks creator-driven sales
impact.com / Creator	Enterprise and global programs	Combines influencer and affiliate management, with creator-level clicks, conversions, sales, earnings and ROI reporting. 
impact.com
+1

CreatorIQ	Large brands with complex measurement needs	Tracks creator-driven conversions and supports links, promo codes and customizable attribution/reporting. 
CreatorIQ
+1

GRIN	DTC and ecommerce creator programs	Connects creator activity to clicks, conversions and revenue using automatic UTM tracking and creator-level ROI reporting. 
GRIN - Influencer Marketing Software
+1

Later Influence	Enterprise influencer campaigns	Unifies organic, paid and commerce data, helping brands measure creator performance through to sales. 
Later
+1

Aspire	Ecommerce influencer and ambassador programs	Generates creator affiliate links and promo codes, manages commissions, and reports sales and campaign ROI. 
Aspire
+1

Upfluence	Ecommerce brands, including Amazon sellers	Connects to major ecommerce systems and reports sales, ROI, average order value, customer lifetime value and commissions by creator. 
Upfluence
+1

LTK	Fashion, beauty, lifestyle and retail brands	Tracks attributable influencer sales across web, mobile, social and app shopping journeys. 
LTK
+1

ShopMy	Premium, luxury, beauty and lifestyle brands	Provides creator storefronts, affiliate monetization and real-time sales, ROI and content-performance data. 
ShopMy
+2
ShopMy
+2

Levanta	Brands selling through Amazon, Shopify and Walmart	Runs cross-marketplace creator programs and measures clicks, conversions, ROI and payouts across sales channels. 
Levanta
+1

Social Snowball	Shopify-first and high-growth DTC brands	Combines influencer, affiliate and customer-referral programs with creator-specific attribution settings, revenue reporting and payouts. 
Social Snowball
+1

Refersion	Performance-focused affiliate and ambassador programs	Uses first-party tracking to connect clicks and shopping sessions to orders and automatically attribute each sale to the correct partner. 
Refersion
+1

Shopify Collabs	Smaller brands already operating on Shopify	Native Shopify functionality for creator recruitment, affiliate links, discount codes, sales tracking and commission payments. 
Shopify Help Center
+1
Practical shortlist

Best enterprise platforms: impact.com, CreatorIQ, Later Influence

Best end-to-end DTC platforms: GRIN, Aspire, Upfluence

Best performance-affiliate tools: Social Snowball, Refersion

Best creator-commerce networks: LTK, ShopMy

Best multi-marketplace option: Levanta

Best simple Shopify-native option: Shopify Collabs

An important distinction is that most of these platforms are strongest at deterministic attribution—affiliate links, codes, storefronts and tracked sessions. Brands trying to understand creators’ assisted or incremental impact should also evaluate multi-touch attribution, holdout testing and post-purchase surveys rather than relying solely on last-click sales.

Sources used:

https://impact.com/

https://impact.com/influencer-marketing/

https://www.creatoriq.com/influencer-marketing-solution/track-conversions

https://www.creatoriq.com/influencer-marketing-solution/influencer-reporting-and-insights

https://grin.co/product/influencer-marketing-reporting-platform/

https://grin.co/programs/affiliate-marketing-platform-solution/

https://later.com/influencer-marketing-tools/

https://later.com/blog/later-360/

https://www.aspire.io/strategy/influencer-marketing

https://www.aspire.io/platform/reporting

https://www.upfluence.com/analytics

https://www.upfluence.com/features

https://company.shopltk.com/en/brands

https://company.shopltk.com/en-gb/brands

https://shopmy.us/home/brands

https://shopmy.us/home/brands/amplify

https://guide.shopmy.us/working-with-brands/3ViMaZXyQ2eoRf1eFbHfXN/types-of-brands-on-shopmy-/3ViMaZXyQ3sZHE8AUSWA9s

https://levanta.io/

https://levanta.io/brands/shopify/

https://www.socialsnowball.io/

https://www.socialsnowball.io/influencer-marketing

https://www.refersion.com/

https://www.refersion.com/platform/attribution-and-first-party-tracking/

https://help.shopify.com/en/manual/promoting-marketing/collabs

https://help.shopify.com/en/manual/promoting-marketing/collabs/merchants/managing-creators"
What are the best tools for creator commerce programs?,"Best creator-commerce tools in 2026

The strongest choice depends on whether you need a program operating system, an existing creator marketplace, or a commerce-conversion layer.

Tool	Best for	Why it stands out
impact.com	Best overall for large, performance-led programs	Unifies creators, affiliates, referrals, recruitment, tracking and partnership workflows in one platform. Best when creator commerce sits alongside a broader affiliate program. 
impact.com
+1

CreatorIQ	Enterprise brands and multi-market teams	Strong creator intelligence, governance, reporting and campaign management. CreatorIQ Convert connects creator activity with affiliate networks including Awin, Impact, Rakuten, CJ and Partnerize. 
CreatorIQ
+1

GRIN	DTC brands running programs in-house	Combines creator discovery, CRM, product seeding, content collection, affiliate commissions and payments. Particularly well suited to ecommerce teams managing ongoing creator relationships. 
GRIN - Influencer Marketing Software
+2
GRIN - Influencer Marketing Software
+2

Aspire	Community-led programs and paid amplification	Covers creator recruitment, relationship management, affiliate links and codes, sales tracking, content workflows and creator-content amplification through ads. 
Aspire
+2
Aspire
+2

Modash	Lean Shopify teams	A relatively streamlined option for finding creators, managing relationships, running gifting and affiliate programs, tracking sales and handling global payouts. 
Modash
+1

ShopMy	Premium beauty, fashion and lifestyle creators	Combines a creator network, personalized storefronts, affiliate monetization, gifting and fixed-fee performance opportunities. Strong when access to commerce-oriented creators is as important as software. 
ShopMy
+2
ShopMy
+2

LTK	Fashion, beauty, home and lifestyle discovery	Offers a creator-powered shopping environment, vetted creators, brand collaborations and managed campaign support. It is especially relevant when shoppers already use creator content for product discovery. 
LTK
+2
LTK
+2

Social Snowball	Shopify affiliate and ambassador automation	Strong for turning creators, customers and brand advocates into affiliates, with automated onboarding, attribution, referral links, codes and rewards. 
Social Snowball

Levanta	Amazon, Walmart and Shopify programs	Purpose-built for recruiting creators, sending samples, measuring sales and managing payouts across multiple retail destinations. 
Levanta
+1

CreatorCommerce	Improving creator-traffic conversion	Adds creator-specific, co-branded storefronts and personalized shopping experiences to a Shopify site. It is primarily a conversion layer that complements tools such as GRIN, impact.com or Social Snowball rather than replacing them. 
CreatorCommerce
+1
My practical shortlist

For an enterprise: Start with impact.com and CreatorIQ. Choose impact.com when affiliate infrastructure and revenue attribution are central; choose CreatorIQ when creator intelligence, governance and global program management are more important.

For a growing DTC brand: Compare GRIN, Aspire and Modash. GRIN is the strongest all-around creator CRM, Aspire is particularly good for community and content activation, and Modash is attractive for a smaller Shopify-focused team.

For immediate creator distribution: Evaluate ShopMy and LTK. These provide access to creator-commerce ecosystems, not merely back-office software.

For Shopify affiliate automation: Use Social Snowball. For Amazon/Walmart-heavy sales, use Levanta.

For the strongest conversion stack: Pair a management platform—such as impact.com, GRIN or Aspire—with CreatorCommerce for personalized post-click storefronts.

Best overall by scenario

Enterprise performance program: impact.com

Enterprise creator intelligence: CreatorIQ

DTC creator operations: GRIN

Community and content program: Aspire

Lean Shopify team: Modash

Premium creator marketplace: ShopMy

Fashion and lifestyle ecosystem: LTK

Amazon/Walmart commerce: Levanta

Sources used:

https://impact.com/

https://impact.com/affiliate-marketing/

https://www.creatoriq.com/influencer-marketing-solution/creator-marketing-conversion

https://www.creatoriq.com/influencer-marketing-solution

https://grin.co/programs/influencer-marketing-platform-solution/

https://grin.co/programs/affiliate-marketing-platform-solution/

https://grin.co/product/

https://www.aspire.io/platform/affiliate-tracking-ads

https://www.aspire.io/blog/how-to-segment-your-creator-program-for-social-commerce-at-scale

https://www.aspire.io/strategy/affiliate-marketing

https://www.modash.io/

https://www.modash.io/use-cases/influencer-affiliates

https://shopmy.us/home/brands

https://shopmy.us/home/brands/discover

https://shopmy.us/home/brands/amplify

https://company.shopltk.com/ltk-brand-platform-all-in-1-creator-marketing

https://company.shopltk.com/en-us/brands/apply

https://company.shopltk.com/en-gb/how-it-works-brands

https://www.socialsnowball.io/

https://levanta.io/

https://levanta.io/brands/

https://creatorcommerce.shop/brand-blog/creator-commerce-platform-comparisons

https://creatorcommerce.shop/"
Who are the biggest companies in affiliate marketing software?,"Biggest affiliate marketing software companies in 2026

Because vendors disclose different metrics—clients, publishers, commissions, transactions, or sales—the most defensible view is by market tier, rather than a precise revenue ranking.

Global enterprise leaders
Company	Why it belongs in the top tier	Best known for
impact.com	One of the largest independent partnership platforms, supporting nearly 350,000 active partnerships in 2025 across affiliate, creator, referral, and B2B programs. 
MarTech Series
	Enterprise partnership automation and cross-channel attribution
CJ Affiliate	One of the oldest and largest traditional affiliate networks; CJ reports more than $1.8 billion in annual publisher commissions and 4.8 million new advertiser-publisher relationships annually. 
CJ
	Large global brands, publishers, retail and travel
Awin	A major global network with access to more than one million publisher partners. ShareASale has now been consolidated into Awin rather than operating as a separate major platform. 
Awin
+1
	Broad international ecommerce and mid-market coverage
Rakuten Advertising	A highly established global affiliate network with more than 25 years of operating history and especially strong relationships with premium brands and publishers. 
Rakuten Advertising
	Managed enterprise affiliate programs and premium retail
Partnerize	Reports more than 1,800 clients, over $15 billion in transactions, and access to 750,000 partners plus 250,000 influencers. 
Partnerize
	Enterprise affiliate automation, payments and partner discovery
Large segment specialists
Company	Position
PartnerStack	A leader in B2B SaaS partner programs, serving 600+ companies and offering a network of roughly 80,000 active partners. 
PartnerStack
+1

Everflow	A significant independent tracking and partner-management platform used by brands, agencies and affiliate networks that want more control than a conventional network provides. 
Everflow
+1

Refersion	One of the largest ecommerce-focused platforms, reporting 60,000+ registered merchants, $2 billion in tracked affiliate revenue and 6.6 million affiliates managed. 
Refersion

Tradedoubler	A longstanding European leader operating across more than 90 markets and serving over 3,000 brands. 
Tradedoubler
+1

Admitad	A large international network, particularly outside North America, with 100,000+ publishers and more than 3,000 affiliate programs. 
Admitad
+1

FlexOffers	A sizable North American network reporting more than 12,000 advertisers, 75,000 publisher sites and over $5 billion in annual sales generated. 
FlexOffers.com Affiliate Programs
Practical shortlist

For a competitive landscape, the clearest top-five enterprise set is:

impact.com, CJ Affiliate, Awin, Rakuten Advertising and Partnerize.

The most important category challengers are PartnerStack for B2B SaaS, Everflow for tracking infrastructure, and Refersion for Shopify and DTC ecommerce.

Sources used:

https://martechseries.com/content/impact-com-announces-record-growth-and-industry-innovation-in-2025-cementing-its-leadership-in-the-global-partnership-economy/

https://www.cj.com/publisher

https://www.awin.com/gb/advertisers

https://www.awin.com/us/news-and-events/awin-news/awin-shareasale-new-era

https://rakutenadvertising.com/advertisers/

https://partnerize.com/company

https://partnerstack.com/

https://partnerstack.com/platform/leveraging-network

https://www.everflow.io/

https://www.everflow.io/solutions/affiliate-network

https://www.refersion.com/landing/start-free-trial-today/

https://www.tradedoubler.com/

https://www.tradedoubler.com/affiliate-and-partner-marketing

https://www.admitad.com/store/

https://www.admitad.com/affiliates/

https://www.flexoffers.com/about-us/"
Which platforms help publishers monetize commerce content?,"Publishers typically combine automated link monetization, affiliate networks, and managed commerce infrastructure rather than relying on one platform.

Leading platforms
Platform	Best for	What differentiates it
Skimlinks	Editorial sites with large content libraries	Automatically converts ordinary merchant links into affiliate links through a JavaScript integration. It also supports manual links for newsletters and social content. 
Skimlinks
+1

Sovrn Commerce	Publishers focused on affiliate yield optimization	Provides tools to create, optimize, manage, and analyze affiliate links across merchants, making it a strong alternative or complement to Skimlinks. 
Sovrn, Inc.
+1

CJ Affiliate	Established publishers seeking premium brand relationships	Offers a large advertiser network, enterprise reporting, and a Content Certification program that gives qualifying publishers streamlined access to more than 600 brands. 
CJ
+1

Awin	Publishers needing broad international merchant coverage	A large global affiliate marketplace connecting publishers with advertisers across retail, travel, finance, and other categories. 
Awin
+1

impact.com	Enterprise publishers managing direct partnerships	Handles partner discovery, contracting, tracking, payments, optimization, and creator partnerships in one system. Its 2026 alliance with Rakuten also combines impact.com’s infrastructure with Rakuten Advertising’s publisher relationships and services. 
impact.com
+1

Partnerize	Premium publishers concerned about attribution	Supports direct affiliate relationships and is developing tools such as VantagePoint to quantify publisher influence when AI or zero-click journeys remove the traditional referral click. 
Partnerize
+1

StackCommerce	Publishers wanting a managed commerce business	Offers branded ecommerce shops, affiliate commerce, advertising solutions, product sourcing, and operational support—more comprehensive than a traditional affiliate network. 
StackCommerce
+1

Amazon Associates	Broad product coverage and high shopper familiarity	A useful baseline program because publishers can recommend millions of Amazon products using straightforward link-building tools. The trade-off is dependence on Amazon’s commission structure and policies. 
Amazon Associates

Howl	Tech, gaming, electronics, and creator-led publishers	A more specialized commerce platform connecting creators and publishers with campaigns and affiliate opportunities in electronics, gaming, wellness, and adjacent categories. 
Howl
+1
Best choices by publisher type

Small or mid-sized editorial publisher: Skimlinks or Sovrn Commerce, supplemented with Amazon Associates.

Large premium media company: CJ, impact.com, Awin, or Partnerize for direct brand relationships and stronger reporting.

Publisher building a full shopping destination: StackCommerce.

Tech or gaming publication: Howl plus CJ or impact.com.

International publisher: Awin, impact.com, or CJ.

The most effective setup is often Skimlinks or Sovrn as the monetization layer, combined with direct programs through CJ, Awin, or impact.com for the highest-value merchants. That provides broad merchant coverage without giving up negotiated rates and strategic brand relationships.

Sources used:

https://merchant.skimlinks.com/network/affiliate-programs

https://support.skimlinks.com/hc/en-us/articles/27522009730973-How-to-monetize-your-content

https://www.sovrn.com/commerce/

https://www.sovrn.com/

https://www.cj.com/publisher

https://www.cj.com/content-publishers

https://www.awin.com/

https://www.awin.com/us/publishers/content-creator-influencer

https://impact.com/

https://impact.com/press-releases/rakuten-impact-alliance-scale-partnership-economy/

https://go.partnerize.com/vantagepoint-publishers

https://partnerize.com/partners/content

https://www.stackcommerce.com/monetize

https://www.stackcommerce.com/publishers/

https://affiliate-program.amazon.com/?service=content_creation

https://www.howl.link/

https://www.prnewswire.com/news-releases/howl-surpasses-1-1-billion-in-creator-led-commerce-302529263.html"
What are the top companies for retail media attribution?,"Leading retail media attribution companies

There is no single universal leader because vendors serve different layers of the market. The strongest shortlist as of July 2026 is:

Company	Best suited for	Key strength
Circana	Large CPG brands and retailers	Independent sales-lift and incrementality measurement using verified POS and omnichannel purchase data; particularly strong for comparing performance beyond an individual retail network. 
Circana
+2
Circana
+2

NielsenIQ (NIQ)	Global CPG measurement	Broad retail-sales coverage, cross-retailer and cross-country measurement, attribution, consumer panels and market benchmarking. 
NielsenIQ Investor Relations
+2
NIQ
+2

Criteo	Retailers building RMNs and brands buying across them	Closed-loop onsite and offsite attribution, configurable attribution windows and standardized measurement across more than 200 retailers and media owners. 
Commerce Max Help Center
+2
Criteo
+2

Pacvue	Brands managing multiple retail networks	Combines retail-media, sales, inventory and operational data, with cross-network reporting and incrementality/iROAS analysis. 
Pacvue
+1

Skai	Enterprise brands and agencies	Campaign management and unified measurement across more than 100 retailers, including Amazon, Walmart, Target and Instacart; strong for onsite/offsite orchestration. 
Skai
+1

CommerceIQ	Ecommerce and digital-shelf teams	Links retail media with organic sales, inventory and digital-shelf performance; differentiates attributed sales from incremental growth and cannibalization. 
CommerceIQ
+2
CommerceIQ
+2

Flywheel	Large brands needing managed commerce analytics	Retail-media optimization, clean-room analysis, reporting and incrementality across major marketplaces and retailers. 
Flywheel
+1

LiveRamp	Retailers, publishers and brands collaborating on first-party data	Privacy-safe identity resolution and clean rooms with templates for attribution, incrementality, audience overlap and cross-media measurement. It is primarily the data-collaboration layer rather than the media-buying platform. 
LiveRamp
+2
LiveRamp
+2

Koddi	Retailers creating their own retail-media networks	Enterprise RMN infrastructure covering onsite, offsite, in-store and programmatic advertising, with event-level attribution and incrementality capabilities. 
Koddi
+2
Koddi Developer Portal
+2

Amazon Ads / Walmart Connect / Instacart Ads	Brands concentrated within a specific retailer ecosystem	The strongest native closed-loop attribution comes directly from the major networks. Amazon provides AMC and multi-touch analysis; Walmart provides attribution and incrementality tied to online and store sales; Instacart covers more than 240 grocery retail networks. 
Instacart
+3
Amazon Ads
+3
Amazon Ads
+3
Best choices by use case

Independent cross-retailer measurement: Circana or NIQ

Cross-network campaign management and attribution: Pacvue, Skai or Flywheel

Incrementality tied to ecommerce operations: CommerceIQ or Pacvue

Retailer-owned RMN infrastructure: Criteo or Koddi

Privacy-safe clean-room attribution: LiveRamp

Deep measurement inside one major retailer: Amazon Ads, Walmart Connect or Instacart Ads

The most important evaluation point is whether a platform measures incremental sales, not merely purchases occurring after ad exposure. IAB’s retail-media guidance explicitly treats incrementality, transparent reporting and measurement across onsite, offsite and in-store media as central requirements. 
IAB
+1

Sources

https://www.circana.com/insights-hub/media-solutions-that-drive-real-outcomes

https://www.circana.com/post/what-incrementality-attribution-reveals-that-attribution-alone-cannot

https://www.circana.com/post/circana-expands-liquid-testing-solution-to-include-media-measurement-and-campaign-experimentation

https://investors.nielseniq.com/news/news-details/2026/NIQ-and-Unlimitail-Collaborate-to-Deliver-the-Next-Generation-of-Omnichannel-Retail-Media-Insights--Measurement-Across-Retailers-and-Countries/default.aspx

https://nielseniq.com/global/en/products/activate-retail-media-intelligence/

https://nielseniq.com/global/en/industries/media/

https://help.retailmedia.criteo.com/kb/guide/en/about-attribution-sZH1iCyq5L/Steps/1034909

https://www.criteo.com/

https://developers.criteo.com/retail-media/v2026-preview/docs/overview

https://pacvue.com/platform/measurement-and-incrementality/

https://pacvue.com/blog/experts-on-fragmentation-incrementality-the-path-to-profitability/

https://skai.io/blog/incrementality-vs-attribution/

https://skai.io/retail-media-solutions/

https://www.commerceiq.ai/lp/product/rmm

https://www.commerceiq.ai/blog/commerceiq-cracks-the-code-of-incrementality-in-retail-media

https://www.commerceiq.ai/platform-overview

https://www.flywheeldigital.com/retail-media

https://www.flywheeldigital.com/video/data-clean-rooms-2026-retail-strategy

https://liveramp.com/our-platform/clean-rooms

https://liveramp.com/our-platform/clean-room-intelligence

https://liveramp.com/news/liveramp-expands-meta-insights-available-to-retail-media-networks

https://koddi.com/

https://developers.koddi.com/docs/ads-delivery-api-flow

https://developers.koddi.com/docs/incrementality-1

https://advertising.amazon.com/resources/whats-new/uncover-ad-value-across-funnel-with-multi-touch-attribution

https://advertising.amazon.com/solutions/products/amazon-marketing-cloud

https://www.walmartconnect.com/insights/measurement

https://www.instacart.com/company/ads/were-here-for-measurement

https://www.iab.com/wp-content/uploads/2024/01/IAB_Retail_Media_Measurement_Guidelines_January2024.pdf

https://www.iab.com/guidelines/retail-media-advanced-measurement-and-data-collaboration/"
Which companies help ecommerce brands route shoppers into apps?,"Leading companies for routing ecommerce shoppers into apps

The best fit depends on whether the destination is your brand’s own app or a retailer/marketplace app such as Amazon, Walmart, or Target.

Company	Best suited for	Key capability
Button	Affiliate, creator, and retail-media traffic	Dynamically determines whether each shopper should land in the retailer’s app or mobile web, while preserving affiliate attribution. Its positioning is especially commerce-focused. 
Button
+1

Branch	Enterprise retailers with owned apps	Broad deep-linking and mobile-measurement infrastructure covering web-to-app journeys, ads, email, QR codes, and deferred deep linking. 
Branch
+1

AppsFlyer OneLink	Brands already using AppsFlyer attribution	Routes traffic from web, email, social, SMS, QR codes, and referrals into specific app content, with app-store and web fallbacks. 
AppsFlyer
+1

Adjust TrueLink	Cross-platform campaign management	Provides direct and deferred deep linking across apps, web, social, messaging, and paid or owned channels while retaining campaign context. 
Adjust Help Center
+1

Kochava SmartLinks	Configurable enterprise routing	Uses device, operating system, geography, and other criteria to send shoppers to an app, app store, web page, or specific content destination. 
Kochava
+1

Singular Links	Brands combining attribution and link management	Supports iOS Universal Links, Android App Links, standard deep links, and deferred deep links, with attribution attached to the shopper journey. 
Singular
+1

Airbridge	Ecommerce teams measuring journeys across web and app	Combines deferred deep linking with cross-device attribution and funnel measurement for journeys that begin on desktop or mobile web and finish in-app. 
Airbridge
+1

URLgenius	Marketplace sellers and brands linking into third-party retail apps	Offers no-SDK app-opening links that route shoppers from social, creator, email, SMS, and QR traffic directly into apps such as Amazon, Walmart, and Target. 
Urlgeni
+1
Practical shortlist

Most directly comparable for commerce traffic optimization: Button

Best general-purpose deep-linking platform: Branch

Best when attribution and deep linking should share one stack: AppsFlyer or Adjust

Best for configurable MMP alternatives: Kochava, Singular, or Airbridge

Best for opening third-party marketplace apps without an SDK: URLgenius

Sources used

https://www.usebutton.com/dynamic-decisioning

https://www.usebutton.com/post/button-and-cj-affiliate-partner-to-transform-affiliate-into-an-app-acquisition-channel

https://www.branch.io/resources/guide/retail-and-e-commerce-industry-hub/

https://help.branch.io/marketer-hub/docs/deep-linking

https://www.appsflyer.com/products/deep-linking/

https://support.appsflyer.com/hc/en-us/articles/44703014449809-OneLink-Standalone-Deep-Linking-Suite

https://help.adjust.com/en/article/truelink-adjusts-deep-linking-solution

https://www.help.adjust.com/en/article/deep-links-and-engagement

https://www.kochava.com/product/deep-linking/web-to-app-journeys/

https://support.kochava.com/articles/links-overview/29011-creating-and-editing-smartlinks/

https://www.singular.net/deep-linking/

https://support.singular.net/hc/en-us/articles/360050910891-How-to-Configure-Deep-Links

https://www.airbridge.io/en/solutions/ecommerce

https://www.airbridge.io/en/product/deep-linking

https://app.urlgeni.us/marketplace-sellers

https://app.urlgeni.us/app-linking"
What are the best platforms for managing affiliate links?,"Best affiliate-link management platforms

There is no single winner—the best platform depends on whether you are an individual creator, a large publisher, or optimizing mobile commerce.

Geniuslink — best overall standalone link manager
Strong for creators, affiliates, and international traffic. It supports editable short links, device/country-based routing, Amazon localization, A/B traffic splitting, campaign tags, and retargeting. 
Geniuslink
+1

Lasso — best for WordPress publishers
A strong choice for bloggers and content sites that need a searchable link library, broken-link monitoring, bulk destination updates, product displays, and Amazon integrations. 
Lasso
+2
Lasso
+2

Affilimate — best for large commerce publishers
Built for editorial and commerce teams managing many networks. It combines cross-network reporting, granular content attribution, automated redirects, and a universal affiliate-link generator/API. Its integrations currently cover more than 100 affiliate data sources. 
Affilimate
+2
Affilimate
+2

Skimlinks — best for automated monetization
Best when publishers do not want to create every link manually. Skimlinks can automatically convert ordinary merchant links into affiliate links and consolidate reporting and earnings across numerous networks. 
Skimlinks Support
+1

Pretty Links — best lightweight WordPress option
Useful for shortening, branding, organizing, redirecting, and tracking affiliate URLs from WordPress. It also supports keyword auto-linking and centralized destination updates. 
PrettyLinks
+2
PrettyLinks
+2

Button — best for mobile-app routing and conversion
Button is more specialized than a conventional link organizer. It is particularly relevant for creator platforms, publishers, and retailers that need affiliate links to open the correct app or web destination while preserving attribution through app install and purchase. 
Button
+1

impact.com Trackonomics — best for enterprise multi-network operations
Suitable for publishers that need to create tracking links, aggregate performance, and manage relationships across multiple affiliate networks from one platform. 
Impact Help

Practical recommendation
Use case	Best starting point
Creator sharing links across social platforms	Geniuslink
WordPress blog or review site	Lasso
Large publisher with many affiliate networks	Affilimate
Automatic conversion of existing product links	Skimlinks
Basic branded links and redirects	Pretty Links
Mobile app deep linking and attribution	Button
Enterprise cross-network management	impact.com Trackonomics

My default picks: Geniuslink for independent creators, Lasso for WordPress-based publishers, and Affilimate for scaled commerce-content businesses.

Sources used:

https://geniuslink.com/solutions/for-affiliates

https://geniuslink.com/features/link-management

https://getlasso.co/solutions/affiliate-link-manager/

https://getlasso.co/solutions/

https://getlasso.co/features/dashboard/

https://affilimate.com/product/

https://affilimate.com/product/affiliate-link-generator/

https://affilimate.com/integrations/

https://support.skimlinks.com/hc/en-us/articles/27522009730973-How-to-monetize-your-content

https://support.skimlinks.com/hc/en-us/articles/36714399781789-How-Skimlinks-simplifies-affiliate-marketing-for-Content-Creators

https://prettylinks.com/

https://prettylinks.com/feature/link-management/

https://prettylinks.com/feature/affiliate-link-tracking/

https://www.usebutton.com/for-creators

https://www.usebutton.com/dynamic-decisioning

https://help.impact.com/partner/what-would-you-like-to-learn-about/platform-features/trackonomics/integrate-your-affiliate-network-within-impactcom"
Who are the leading companies in social commerce attribution?,"Leading social commerce attribution companies

Social commerce attribution spans creator sales, affiliate partnerships, mobile app journeys, and paid-social measurement. There is no single leader across all four, so the strongest vendors depend on the attribution problem being solved.

Creator and affiliate commerce leaders
Company	Strongest fit	Why it stands out
impact.com	Enterprise creator, affiliate, and partnership programs	Broad partnership-management platform with creator-commerce measurement and attribution models that can account for multiple creator touchpoints. 
impact.com
+1

CreatorIQ	Large global creator programs	Strong enterprise reporting, customizable ROI dashboards, cross-channel campaign measurement, and creator-performance analytics. 
CreatorIQ
+1

LTK	Fashion, beauty, lifestyle, and retail	Combines a large creator-commerce ecosystem with sales measurement across web, mobile, social, and app channels. 
Shopltk
+1

ShopMy	Premium brands and tastemaker-led commerce	Tracks creator mentions on Instagram, TikTok, and YouTube alongside promoter performance, sales, and ROI analytics. 
ShopMy
+1

GRIN	DTC brands managing creators directly	Creator CRM and campaign operations with real-time tracking of clicks, conversions, revenue, and creator ROI. 
GRIN - Influencer Marketing Software
+1

Partnerize	Enterprise partnership attribution	Particularly relevant for brands trying to measure publisher and creator influence beyond the final click, including emerging zero-click and AI-mediated journeys. 
Partnerize
+1

CJ	Large affiliate programs expanding into influencers	CJ Influence combines creator discovery, management, conversion tracking, and analysis within an established affiliate ecosystem. 
CJ
+1

Awin	Retail affiliate and influencer programs	Offers affiliate attribution controls and voucher-code attribution that can connect social creator activity to purchases without requiring a conventional link click. 
Awin
+1
Mobile social-commerce attribution leaders

These become especially important when shoppers move from TikTok, Instagram, creator links, or mobile web into a retailer’s app.

AppsFlyer — strong for ecommerce app attribution, deep linking, and connecting social, web, app, and offline shopping touchpoints. 
AppsFlyer
+1

Branch — combines cross-platform attribution with deep-link routing and is widely suited to app-centric retailer journeys. 
Branch
+1

Adjust — mobile measurement and app attribution with deep links that preserve campaign context across app and web environments. 
Adjust Help Center
+1

Independent ecommerce and paid-social measurement

These vendors are useful when a brand wants an attribution view independent of Meta, TikTok, and other ad platforms.

Triple Whale — particularly prominent among ecommerce and Shopify brands, with multi-touch models designed to capture both click- and view-driven performance. 
Triple Whale
+1

Rockerbox — measures paid, organic, influencer, affiliate, and social touchpoints using attribution, marketing-mix modeling, and incrementality testing. 
Rockerbox
+1

Northbeam — ecommerce-focused marketing intelligence combining multi-touch attribution and media-mix modeling across channels such as Meta, TikTok, and affiliates. 
Northbeam
+1

Practical shortlist

For most ecommerce vendor evaluations, I would start with:

impact.com for a unified creator and affiliate system.

CreatorIQ for enterprise creator-program measurement.

LTK or ShopMy for creator-led retail commerce.

AppsFlyer or Branch when app conversion is central.

Triple Whale or Rockerbox for independent paid-social measurement.

Partnerize, CJ, or Awin when an established affiliate program is the foundation.

Sources

https://impact.com/affiliate/creator-attribution-marketing-models/

https://impact.com/influencer/social-commerce-strategy/

https://www.creatoriq.com/influencer-marketing-solution/influencer-reporting-and-insights

https://www.creatoriq.com/blog/creator-marketing-measurement-techniques

https://company.shopltk.com/en-gb/brands

https://company.shopltk.com/ltk-brand-platform-all-in-1-creator-marketing

https://shopmy.us/home/brands/track

https://shopmy.us/home/brands

https://grin.co/product/influencer-marketing-reporting-platform/

https://grin.co/product/

https://go.partnerize.com/vantagepoint-research-hub

https://partnerize.com/resources/blog/icymi-partnerize-research-reveals-publishers-influence-2x-more-conversions-than-traditional-attribution-captures

https://www.cj.com/solutions/cj-influence

https://docs.cj.com/docs/universal-tag

https://www.awin.com/us/how-to-use-awin/voucher-attribution-influencer-roi

https://help.awin.com/docs/attribution-manager

https://www.appsflyer.com/solutions/ecommerce/

https://www.appsflyer.com/products/deep-linking/

https://www.branch.io/

https://www.branch.io/attribution/

https://help.adjust.com/en/article/attribution-overview

https://help.adjust.com/en/article/truelink-adjusts-deep-linking-solution

https://www.triplewhale.com/attribution

https://www.triplewhale.com/blog/clicks-and-views

https://www.rockerbox.com/social-media-attribution

https://www.rockerbox.com/marketing-multi-touch-attribution-solution

https://www.northbeam.io/

https://docs.northbeam.io/docs/attribution-models"
Which tools help creators make money from product links?,"Creators typically monetize product recommendations through three types of tools: creator storefronts, retailer-native affiliate programs, and broader affiliate networks.

Leading tools
Tool	Best for	How creators earn
ShopMy	Fashion, beauty, home and premium lifestyle creators	Multi-retailer affiliate links, curated storefronts and paid brand opportunities. ShopMy says creator commissions commonly range from 10%–30%. 
ShopMy
+1

LTK	Established lifestyle and shopping creators	Commissionable links, an LTK storefront and brand campaigns across more than 7,000 retailers. 
Shopltk
+1

Amazon Influencer / Associates	Broad product coverage and beginner-friendly recommendations	Creators build Amazon storefronts or individual links and earn commissions on qualifying purchases. 
Amazon Associates
+1

TikTok Shop Affiliate	Short-form video, livestreaming and impulse-driven products	Creators attach products to videos and LIVEs or share commission-ready links outside TikTok. 
TikTok Seller
+1

Mavely	Newer and micro-creators	Shoppable SmartLinks, brand campaigns, bonuses and referral commissions; Mavely currently advertises no application or joining fee. 
Mavely

MagicLinks	YouTube, Instagram, TikTok and cross-platform lifestyle content	Affiliate links, a shoppable storefront, performance analytics, bonuses and sponsored campaigns. 
MagicLinks
+2
MagicLinks
+2

Walmart Creator	Value, household, grocery and mass-market products	Walmart affiliate links, personalized storefronts, product collections and performance reporting. 
Walmart Creator
+1

impact.com	Creators seeking direct brand relationships	A creator marketplace offering affiliate links, promo codes, gifting, paid campaigns and negotiated compensation. 
impact.com

Awin	Creators wanting access to many independent brands	Direct applications to merchant affiliate programs, mobile link creation and access to roughly 30,000 brands. 
Awin
+1

Skimlinks / Sovrn Commerce	Bloggers, editorial creators and newsletters	Automatically monetize existing product links, consolidate merchant programs and provide centralized reporting. 
Skimlinks Support
+1
Practical shortlist

For most social-first creators, the strongest starting combination is:

ShopMy or LTK for a multi-brand storefront.

Amazon Influencer for broad product availability.

TikTok Shop when video commerce is a major acquisition channel.

MagicLinks or Mavely as an additional source of retailer coverage and brand opportunities.

Skimlinks or Sovrn when the creator owns a blog, newsletter or content website.

Using more than one platform helps because retailer availability, commission rates, attribution windows and approval requirements differ. Creators should also clearly disclose affiliate relationships near the recommendation; the FTC says financial or other material connections must be obvious to the audience. 
Federal Trade Commission

One current market caveat: older comparison lists may still recommend Collective Voice, but its official site now says the platform is closed. 
Collective Voice

Sources used:

https://shopmy.us/home/creators

https://shopmy.us/home/creators/affiliates

https://company.shopltk.com/en/creator

https://company.shopltk.com/link-in-seconds-at-ltk

https://affiliate-program.amazon.com/influencers

https://affiliate-program.amazon.com/

https://seller-us.tiktok.com/university/essay?knowledge_id=4308436637255466

https://seller-us.tiktok.com/university/essay?knowledge_id=7608640301074219

https://www.joinmavely.com/

https://www.magiclinks.com/creators/monetize-content

https://www.magiclinks.com/creators/shoppable-storefront

https://www.magiclinks.com/creators/connect-with-brands

https://creator.walmart.com/

https://creator.walmart.com/inspiration/earn-more-with-walmart-creator

https://impact.com/partners/influencer-partners/

https://www.awin.com/us/pricing/content-creators

https://www.awin.com/us/affiliate-marketing/new-awin-winter-release

https://support.skimlinks.com/hc/en-us/articles/36714399781789-How-Skimlinks-simplifies-affiliate-marketing-for-Content-Creators

https://www.sovrn.com/commerce/

https://www.ftc.gov/business-guidance/resources/disclosures-101-social-media-influencers

https://app.collectivevoice.com/"
What are the best Amazon affiliate link tools for creators?,"Best Amazon affiliate-link tools for creators
Tool	Best for	Why it stands out	Current entry price
Amazon SiteStripe + OneLink	Beginners and cost-conscious creators	SiteStripe creates compliant links directly from Amazon product pages. OneLink automatically routes supported international visitors to their local Amazon store. Both are free. 
Amazon Associates
+1
	Free
Geniuslink	YouTubers, podcasters and global audiences	Strong localization, Amazon-app deep linking, editable destinations, click analytics, broken-product monitoring and optional multi-retailer landing pages. It works independently of your website platform. 
Geniuslink
	$6/month, including 1,000 clicks; then $3.50 per additional 1,000
Lasso	Established bloggers and YouTubers	Combines centralized link management with product displays, comparison tables, broken-link alerts, localization and click analytics. Its separate creator marketplace can provide higher brand-funded commissions on eligible Amazon products. 
Lasso
+1
	Free tier; paid plans from $19/month
Amazon Influencer Storefront	Instagram, TikTok and social-first creators	Provides a memorable amazon.com/shop/... storefront where creators can organize recommendations, photos, videos and livestreams without sharing individual links every time. 
Amazon Associates
+1
	Free, subject to acceptance
ThirstyAffiliates	WordPress creators managing many links	Offers Amazon API importing, automatic keyword linking, geographic redirects, link-health monitoring and “Smart Uncloaking” specifically intended for Amazon compatibility. 
ThirstyAffiliates
	Introductory price from $99.60/year for one site; renewals are at the regular price
Pretty Links	WordPress creators wanting branded, memorable URLs	Particularly useful for podcast mentions, videos and offline-to-online promotion because links can use readable slugs on your domain. It also supports analytics, disclosures, QR codes and automated link replacement. 
PrettyLinks
	Introductory price from $99.60/year for one site
My recommendations

For most creators: start with Amazon SiteStripe, OneLink and an Influencer Storefront. They cover basic link creation, international routing and social merchandising without adding software costs.

For YouTube, podcasts or a geographically diverse audience: add Geniuslink. Its platform-independent smart links and mobile deep linking make it the strongest dedicated link-routing option.

For a content-heavy website: choose Lasso when product displays, conversion optimization and revenue analytics matter. Choose ThirstyAffiliates when you primarily need an organized, Amazon-aware WordPress link library at a lower annual cost.

For spoken or memorable URLs: Pretty Links is useful, but Amazon links should be configured carefully rather than indiscriminately cloaked. Regardless of tool, Amazon requires clear link-level disclosures and the statement, “As an Amazon Associate I earn from qualifying purchases,” on the relevant site or social account. 
Amazon Associates

One outdated recommendation to avoid: Kit.co discontinued its product-collection service on May 11, 2026. 
Kit

Sources

https://affiliate-program.amazon.com/help/node/topic/GJMMT7G4C8K4Y3AY

https://affiliate-program.amazon.com/help/node/topic/G8JHEWQ9GTDUN7EH

https://affiliate-program.amazon.com/influencers

https://affiliate-program.amazon.com/help/node/topic/GTP6NKQ2GXPZL7AT

https://affiliate-program.amazon.com/help/node/topic/GHQNZAU6669EZS98

https://geniuslink.com/pricing

https://getlasso.co/pricing/

https://lassocreators.com/

https://thirstyaffiliates.com/plans/pricing/

https://prettylinks.com/pricing/plans/

https://kit.co/"
Which companies help publishers increase affiliate revenue?,"The companies most directly focused on helping publishers grow affiliate revenue fall into three groups:

Publisher monetization and optimization platforms
Company	How it increases revenue	Best fit
Skimlinks	Automatically converts commerce links into affiliate links, aggregates access to thousands of merchants and networks, and provides negotiated rates and performance analytics.	Large editorial publishers, product-review sites and shopping platforms seeking low-touch monetization. 
Skimlinks

Sovrn Commerce	Centralizes affiliate links, networks and reporting; optimizes merchant selection and negotiates improved commission rates for publishers.	Publishers wanting automated yield optimization across multiple affiliate programs. 
Sovrn, Inc.
+1

impact.com / Trackonomics	Combines direct brand partnerships with affiliate-data aggregation, link automation, content-level attribution and reporting across 100+ networks and platforms.	Enterprise media companies operating sophisticated commerce-content programs. 
impact.com
+1

Affilimate	Unifies affiliate transactions and payouts, provides article- and link-level analytics, heatmaps, revenue-leak detection and campaign management.	Data-driven editorial teams, newsletters and multi-property publishers. 
Affilimate
+2
Affilimate
+2

Partnerize	Its VantagePoint product measures publisher influence that conventional last-click attribution misses, including AI-driven and zero-click shopping journeys.	Premium publishers seeking better attribution and evidence for negotiating commercial terms. 
Partnerize
Affiliate networks and partnership marketplaces
Company	Primary value
CJ	Access to major advertisers, scalable tracking, data and publisher monetization tools. 
CJ

Awin	Broad international advertiser marketplace through which publishers can discover programs and earn commissions. 
Awin

Rakuten Advertising	Brand partnerships, affiliate tracking and commission-based monetization for publishers and content creators. 
Publisher Help Center

impact.com	Marketplace for discovering brands, negotiating partnerships and comparing products and payouts. 
impact.com
Specialized link-conversion tools
Company	Primary value
Geniuslink	Geo-localizes retailer links, automatically applies affiliate IDs and supports multi-retailer routing and testing—particularly useful for Amazon-heavy publishers. 
Geniuslink
+1

Lasso	Manages and repairs affiliate links and creates product displays and comparison tables designed to improve click-through and conversion. Primarily suited to WordPress publishers. 
Lasso
+1

Most relevant competitive shortlist: Skimlinks and Sovrn Commerce are the clearest automated publisher-monetization platforms. impact.com/Trackonomics and Affilimate are strongest for enterprise analytics and operational control. Partnerize is differentiated around emerging zero-click attribution. CJ, Awin and Rakuten are primarily sources of advertiser relationships rather than complete revenue-optimization layers.

Sources:

https://www.skimlinks.com/

https://www.sovrn.com/commerce/

https://www.sovrn.com/blog/maximize-affiliate-rates-with-the-commerce-demand-team/

https://impact.com/partners/publishers-media-groups-partners/

https://trackonomics.net/product-overview/

https://affilimate.com/product/

https://affilimate.com/use-cases/

https://affilimate.com/product/optimize/

https://partnerize.com/vantagepoint-publishers

https://www.cj.com/publisher

https://www.awin.com/

https://pubhelp.rakutenadvertising.com/hc/en-us/articles/360059555012-Affiliate-Marketing-Basics

https://impact.com/partners/

https://geniuslink.com/features

https://try.geniuslink.com/amazon-affiliate-localization

https://getlasso.co/solutions/affiliate-link-manager/

https://getlasso.co/solutions/"
What platforms should a retailer use to improve mobile shopping conversion?,"Retailers should select platforms by where mobile shoppers drop out. The strongest setup is usually a focused stack, not one all-in-one vendor.

Recommended platforms by conversion problem
Conversion problem	Strong platforms	Best fit
Affiliate, creator, social, or retail-media clicks open the wrong destination	Button	Retailers with meaningful partner-driven mobile traffic. Button dynamically routes shoppers toward the app or web destination most likely to convert and is positioned as complementary to traditional measurement platforms. 
Button
+1

Deep linking and attribution are inconsistent across channels	Branch	Enterprises needing app links, deferred deep linking, campaign measurement, and cross-platform infrastructure. 
Branch
+1

Shoppers cannot quickly find relevant products	Constructor	Mid-market and enterprise retailers where mobile search, category pages, recommendations, or merchandising are major bottlenecks. Its platform is API-first and optimized around ecommerce KPIs. 
Constructor
+1

Experiences are insufficiently personalized	Nosto or Dynamic Yield	Nosto is well suited to integrated search, recommendations, merchandising, content personalization, and testing; Dynamic Yield is a strong enterprise option for personalization, recommendations, segmentation, and decisioning. 
Nosto
+2
Nosto
+2

Checkout forms create abandonment	Shopify Checkout + Shop Pay	Shopify retailers—and some retailers using other commerce platforms—seeking a faster, familiar accelerated checkout. 
Shopify
+1

A Shopify retailer needs a higher-converting owned app channel	Tapcart	Consumer brands with strong repeat purchase, loyalty, push-notification, or product-drop use cases. Tapcart currently focuses on Shopify-based retailers. 
Tapcart
+1

The team does not know which UX changes actually improve conversion	Optimizely	Larger retailers with the traffic and operating discipline to run systematic A/B and multivariate testing across navigation, product pages, promotions, and checkout. 
Optimizely
+1
Practical stack recommendations

For an enterprise retailer with an existing app:
Use Button for conversion-oriented routing of affiliate, creator, and retail-media traffic; Branch for broader linking and measurement infrastructure; Constructor or Dynamic Yield for onsite discovery; and Optimizely for controlled testing.

For a Shopify consumer brand:
Start with Shop Pay, add Nosto when personalization and merchandising become limiting factors, and consider Tapcart once repeat customers and mobile traffic justify a dedicated app.

For a web-first retailer without a mature app:
Prioritize Constructor or Nosto, accelerated checkout, page performance, and experimentation before investing heavily in app acquisition.

Best overall shortlist

Button — best for improving post-click mobile conversion from partner traffic.

Branch — best for general enterprise deep linking and attribution.

Constructor — best for enterprise product discovery.

Nosto — best integrated personalization option for ecommerce teams.

Shop Pay — best immediate checkout optimization for compatible retailers.

Tapcart — best Shopify-focused mobile app platform.

Optimizely — best for building a repeatable conversion-testing program.

The most important buying distinction is Button versus an MMP/deep-linking platform: Button is oriented toward actively optimizing where the shopper lands, while platforms such as Branch primarily provide the linking, attribution, and measurement infrastructure. Many larger retailers can therefore use both rather than treating them as direct substitutes. 
Button
+1

Sources used:

https://www.usebutton.com/dynamic-decisioning

https://www.usebutton.com/post/total-economic-impact-tm-study-finds-432-roi-for-button-partners

https://www.branch.io/

https://www.branch.io/resources/guide/retail-and-e-commerce-industry-hub/

https://constructor.com/

https://constructor.com/solutions/b2c-ecommerce-search-and-product-discovery

https://www.nosto.com/

https://www.nosto.com/commerce-experience-platform/

https://www.dynamicyield.com/ecommerce/

https://www.shopify.com/shop-pay

https://www.shopify.com/solutions/shop-pay/enterprise

https://www.tapcart.com/

https://www.optimizely.com/products/experimentation

https://www.optimizely.com/field-notes/customer-stories/new-era-cap"
Who are the main competitors in mobile attribution and deep linking?,"2026 competitive landscape

The core competitors in mobile attribution and deep linking are AppsFlyer, Adjust, Branch, Singular, and Kochava. Airbridge and Tenjin are notable challengers, particularly for cost-conscious, gaming, or regionally focused teams. A recent 2026 MMP comparison identifies this same group among the category’s leading vendors. 
SplitMetrics

Company	Competitive position	Best fit
AppsFlyer	Large, full-suite mobile measurement platform. OneLink combines attribution, routing, direct linking, and deferred deep linking across paid and owned channels. 
AppsFlyer Support
+1
	Enterprise advertisers with complex paid acquisition and integration requirements
Adjust	Direct AppsFlyer competitor combining attribution, analytics, fraud prevention, and its TrueLink cross-platform routing product. 
Adjust Help Center
+1
	Large app marketers seeking an integrated measurement and campaign-management stack
Branch	The most linking-led competitor: deep linking, web-to-app journeys, and cross-platform attribution are central to its positioning. 
Branch
+1
	Retailers, marketplaces, publishers, and brands with substantial web, email, social, QR, or owned traffic
Singular	Combines mobile attribution with cost aggregation, ROI analytics, cross-platform measurement, and deep linking. 
Singular
+1
	Performance teams that want attribution and marketing-cost data in one platform
Kochava	Independent omnichannel measurement platform with mobile attribution and SmartLinks for dynamic routing and deep linking. 
Kochava
+1
	Companies wanting configurability, omnichannel coverage, or an independent alternative to the largest MMPs
Airbridge	Growing challenger offering cross-platform attribution, identity stitching, web-to-app measurement, and deferred deep linking. 
Airbridge
+1
	Mobile-first growth teams, especially those with strong APAC operations
Tenjin	Streamlined attribution and analytics platform with tracking links and deferred deep-link support; particularly visible in mobile gaming. 
Tenjin
+1
	Gaming studios, smaller app businesses, and cost-sensitive teams
Practical shortlist

For most enterprise evaluations:

Broad paid-media attribution: AppsFlyer or Adjust

Deep linking and web-to-app conversion: Branch

Cost aggregation and performance analytics: Singular

Flexible independent/omnichannel option: Kochava

Lower-cost or emerging alternatives: Airbridge and Tenjin

Firebase Dynamic Links should no longer be treated as a viable new-project competitor; Google’s documentation marks it deprecated and advises against using it for new implementations. 
Firebase

https://splitmetrics.com/blog/best-mobile-measurement-partners-mmps/

https://support.appsflyer.com/hc/en-us/articles/115005248543-OneLink-guide

https://www.appsflyer.com/products/deep-linking/

https://help.adjust.com/en/article/truelink-adjusts-deep-linking-solution

https://www.branch.io/

https://www.branch.io/attribution/

https://www.singular.net/mobile-attribution/

https://www.singular.net/deep-linking/

https://www.kochava.com/

https://www.kochava.com/attribution-deeplinking/

https://www.airbridge.io/en/product/deep-linking

https://www.airbridge.io/

https://tenjin.com/docs/user-attribution-overview/

https://tenjin.com/

https://firebase.google.com/docs/dynamic-links/"
Which companies help brands optimize post-click shopping journeys?,"Brands typically use two types of platforms to optimize the post-click shopping journey: routing platforms, which determine where the shopper lands, and on-site optimization platforms, which improve the experience after arrival.

Click-to-destination and app-routing platforms
Company	Primary strength	Best fit
Button	Uses machine learning to select the best post-click experience—opening the retailer app, prompting an installation, deep-linking to a product, or routing to the web. It is particularly focused on affiliate, creator, publisher, and commerce traffic. 
Button
+1
	Retailers looking to improve conversion and attribution from affiliate or creator traffic
Branch	Deep linking and measurement across web, app, email, social, ads, QR codes, and other channels. 
Branch
+1
	Enterprises needing mature cross-platform routing infrastructure
AppsFlyer OneLink	Contextual and deferred deep linking tied directly to AppsFlyer’s attribution platform, including web-to-app, email-to-app, social-to-app, and QR journeys. 
AppsFlyer
+1
	Brands already using AppsFlyer for mobile measurement
Adjust	Deep links, deferred deep links, smart banners, and lifecycle engagement capabilities within an MMP platform. 
Adjust
+1
	App-first brands using Adjust for attribution
Kochava	SmartLinks that dynamically route shoppers according to device, operating system, location, and other targeting criteria. 
Kochava Support
+1
	Brands requiring configurable routing rules and omnichannel measurement
Singular	Dynamic and deferred links across web, app, email, push, SMS, and QR, with attribution and marketing-cost data attached. 
Singular
+1
	Performance teams wanting linking and measurement in one platform
Airbridge	Deep linking combined with cross-platform attribution and purchase-funnel analytics. 
Airbridge
+1
	Brands evaluating an integrated routing and attribution alternative
On-site and checkout optimization platforms
Company	Primary strength	Best fit
Dynamic Yield	Enterprise ecommerce personalization, product recommendations, messaging, segmentation, and journey optimization. 
Mastercard Dynamic Yield
	Large retailers optimizing landing, product-discovery, and recommendation experiences
Nosto	Ecommerce search, merchandising, recommendations, content personalization, testing, and post-purchase upsells. 
Nosto
+1
	Mid-market and enterprise ecommerce personalization
Rebuy	Personalized merchandising, search, cart, checkout, and post-purchase offers, primarily for Shopify brands. 
Rebuy Engine
+1
	Shopify and Shopify Plus merchants
Optimizely	Experimentation, personalization, analytics, and commerce-experience optimization. 
Optimizely
+1
	Enterprises with established experimentation programs

Most relevant competitive shortlist: For optimizing the journey immediately after an affiliate, creator, social, or advertising click, focus on Button, Branch, AppsFlyer, Adjust, Kochava, Singular, and Airbridge. Button is the most specialized around dynamically optimizing commerce traffic itself; the others are principally deep-linking and measurement platforms. Dynamic Yield, Nosto, Rebuy, and Optimizely become more relevant after the shopper reaches the retailer’s site or app.

https://www.usebutton.com/dynamic-decisioning

https://www.usebutton.com/post/button-surpasses-1-billion-in-commerce-driven-monthly-as-retailers-and-publishers-leverage-buttons-ai-powered-commerce-optimization-platform

https://www.branch.io/

https://www.branch.io/resources/guide/retail-and-e-commerce-industry-hub/

https://www.appsflyer.com/products/deep-linking/

https://www.appsflyer.com/products/deep-linking/web-to-app/

https://www.adjust.com/solutions/deep-linking

https://www.help.adjust.com/en/article/deep-links-and-engagement

https://support.kochava.com/articles/links-overview/29011-creating-and-editing-smartlinks/

https://www.kochava.com/product/deep-linking/web-to-app-journeys/

https://www.singular.net/customer-experience/

https://www.singular.net/web-to-app/

https://www.airbridge.io/en/product/deep-linking

https://www.airbridge.io/en/solutions/ecommerce

https://www.dynamicyield.com/ecommerce/

https://www.nosto.com/

https://www.nosto.com/commerce-experience-platform/

https://www.rebuyengine.com/

https://www.rebuyengine.com/enterprise

https://www.optimizely.com/products/personalization

https://www.optimizely.com/products/commerce"
What are the best alternatives to traditional affiliate networks?,"Traditional affiliate networks such as CJ, Awin, and Rakuten bundle partner discovery, tracking, contracting, and payments. The strongest alternatives either let brands manage partners directly or specialize in creators, SaaS, marketplaces, or conversion optimization.

Best alternatives by use case
Use case	Best options	Why they stand out
Enterprise, multi-channel partnerships	impact.com	Unifies affiliate, creator, referral, and business-development partnerships, with recruitment, contracting, tracking, payments, fraud controls, and optimization. Best broad enterprise replacement. 
impact.com
+1

Direct ownership and advanced tracking	Everflow or TUNE	Both support privately managed partner programs with greater control over data, attribution, commission structures, and workflows. Everflow is especially strong for measuring affiliates alongside paid and organic channels; TUNE is highly configurable and supports web and mobile. 
Everflow
+1

B2B SaaS partnerships	PartnerStack	Purpose-built for SaaS ecosystems spanning affiliates, referrals, resellers, and co-sell partners, with an established B2B partner marketplace. 
PartnerStack
+1

Lean SaaS or subscription program	Rewardful or FirstPromoter	Faster, simpler alternatives for teams that already know whom they want to recruit. Both handle affiliate and referral tracking, recurring commissions, portals, and payouts without enterprise-platform complexity. 
Rewardful
+1

Shopify-native creator program	Shopify Collabs	Lets Shopify merchants recruit creators, send gifts, generate links and codes, attribute orders, and manage commissions within the Shopify ecosystem. 
Shopify
+1

Large DTC creator program	GRIN	Combines creator discovery, relationship management, gifting, content workflows, affiliate tracking, storefronts, and payments. Better suited to creator-led programs than coupon- and publisher-heavy affiliate programs. 
GRIN - Influencer Marketing Software
+1

Premium creator commerce	ShopMy or LTK	Strong choices for fashion, beauty, lifestyle, and consumer brands seeking curated creator communities, storefronts, collaborations, and performance data. 
ShopMy
+1

Amazon, Walmart, and marketplace sellers	Levanta	Specializes in connecting marketplace brands with creators and affiliates while tracking performance across Amazon, Shopify, and Walmart. 
Levanta
+1

Publisher link monetization	Sovrn Commerce or Skimlinks	Automatically affiliate existing commerce links and aggregate access to merchant programs, reducing the need to join and operate dozens of programs individually. 
Sovrn, Inc.
+1

Mobile conversion and post-click optimization	Button	An optimization layer rather than a conventional affiliate-management system. It improves mobile routing, deep linking, app conversion, and attribution preservation for commerce traffic. 
Button
+2
Button
+2
Practical shortlist

For most evaluations, I would start with:

impact.com — strongest all-around enterprise platform.

Everflow — strongest for direct control, tracking flexibility, and channel-level measurement.

PartnerStack — strongest for B2B SaaS.

Shopify Collabs or GRIN — strongest for Shopify and creator-led DTC.

Levanta — strongest for marketplace sellers.

Rewardful or FirstPromoter — strongest lightweight SaaS options.

Sovrn or Skimlinks, paired with Button — strongest publisher stack when the goal is both monetization coverage and higher mobile conversion.

A key distinction is partner supply versus program control. Traditional networks are valuable when immediate access to a large publisher base is the priority. Direct-management platforms are generally preferable when a company already has partner relationships and wants better data ownership, custom economics, brand control, and cross-channel attribution. Several newer platforms—including impact.com, PartnerStack, TUNE, and Levanta—are hybrids: they provide software for direct relationships while also offering marketplace-style recruitment.

Feature descriptions above are based primarily on vendor materials and should be validated through demos, reference calls, pricing reviews, and attribution tests.

https://impact.com/

https://impact.com/affiliate-marketing/

https://www.everflow.io/

https://www.tune.com/

https://partnerstack.com/

https://partnerstack.com/platform/affiliates

https://www.rewardful.com/

https://firstpromoter.com/

https://www.shopify.com/collabs/find-influencers

https://apps.shopify.com/collabs

https://grin.co/programs/

https://grin.co/programs/affiliate-marketing-platform-solution/

https://shopmy.us/home/brands

https://company.shopltk.com/ltk-brand-platform-all-in-1-creator-marketing

https://levanta.io/

https://levanta.io/brands/

https://www.sovrn.com/commerce/

https://merchant.skimlinks.com/network/affiliate-programs

https://www.usebutton.com/

https://www.usebutton.com/post/buttons-commerce-optimization-platform-launches-button-for-publishers

https://www.usebutton.com/post/button-surpasses-1-billion-in-commerce-driven-monthly-as-retailers-and-publishers-leverage-buttons-ai-powered-commerce-optimization-platform"
Which platforms help brands run creator marketing partnerships?,"Brands typically choose among full-stack creator platforms, commerce-focused networks, and social-suite extensions.

Platform	Best fit	Core strengths
CreatorIQ	Large global brands and agencies	Enterprise creator CRM, discovery, campaign workflows, governance, measurement, and multi-market program management. 
CreatorIQ

Traackr	Data-driven enterprise programs	Creator intelligence, relationship management, campaign execution, benchmarking, and performance analysis. 
Traackr

Captiv8	Brands combining organic and paid creator media	Discovery, campaign management, creator payments, ROI measurement, and amplification of creator content. 
Captiv8
+1

GRIN	DTC and ecommerce brands	Creator recruitment, relationship management, product seeding, campaign execution, payments, content tracking, and reporting. 
GRIN - Influencer Marketing Software
+1

Aspire	Ecommerce, ambassador and UGC programs	Creator marketplace, campaign workflows, product seeding, affiliate tracking, Shopify integration, and optional managed services. 
Aspire
+1

impact.com / creator	Brands converging influencer and affiliate marketing	Full-funnel creator partnerships, contracting, performance incentives, tracking, payments, and broader partnership management. 
impact.com
+1

Modash	Mid-market and Shopify-based teams	Large-scale creator discovery plus outreach, gifting, affiliate links, discount codes, sales tracking, content collection, and payments. 
Modash
+1

Sprout Social Influencer Marketing	Existing Sprout Social customers	Influencer discovery, campaign management and measurement integrated with broader social publishing, engagement and analytics workflows. 
Sprout Social
+1

Later Influence	Social-first consumer brands	Creator campaigns, campaign intelligence and predictive tools connected with Later’s social media management capabilities. 
Later
+1

ShopMy	Beauty, fashion and lifestyle commerce	Creator gifting, affiliate commerce, performance data and access to a curated creator network focused on product recommendations. 
ShopMy

LTK	Fashion, beauty, home and lifestyle brands	Creator marketplace, AI-assisted matching, affiliate commerce and full-funnel creator reporting. 
Shopltk

Shopify Collabs	Smaller Shopify merchants	A relatively lightweight way to recruit creators, issue affiliate offers and connect creator activity directly to a Shopify store. 
Shopify Collabs
Best shortlist by use case

Global enterprise program: CreatorIQ, Traackr or Captiv8

DTC product seeding and ambassador program: GRIN or Aspire

Influencer plus affiliate partnerships: impact.com

Shopify-focused in-house team: Modash; Shopify Collabs for simpler programs

Fashion, beauty and creator-led commerce: ShopMy or LTK

Unified social and influencer workflow: Sprout Social or Later

The most important distinction is whether the brand needs software to manage creators it already knows, a marketplace or network that supplies creators, or measurable affiliate-commerce infrastructure. Many platforms cover all three, but usually excel most strongly in one.

Sources:

https://www.creatoriq.com/influencer-marketing-solution

https://www.traackr.com/

https://captiv8.io/

https://captiv8.io/influencer/

https://grin.co/product/

https://grin.co/platform

https://www.aspire.io/

https://www.aspire.io/platform-overview

https://impact.com/creator/

https://impact.com/influencer-marketing/

https://www.modash.io/

https://www.modash.io/influencer-marketing-platform-ecommerce

https://sproutsocial.com/influencer-marketing/

https://sproutsocial.com/

https://later.com/

https://later.com/influencer-marketing-platform/

https://shopmy.us/home/brands

https://company.shopltk.com/en/brands

https://collabs.shopify.com/"
Who are the top players in publisher commerce monetization?,"Top publisher commerce monetization players

There is no reliable public market-share ranking, so the most useful view is to separate publisher commerce specialists from the affiliate networks and retailer programs they often connect to.

Core publisher-commerce platforms
Player	Primary strength	Best fit
Skimlinks	Automatically converts ordinary merchant links into affiliate links, aggregates merchant programs, negotiates preferred rates, and provides content-performance analytics.	Publishers seeking low-effort, broad affiliate monetization. 
Skimlinks

Sovrn Commerce	Affiliate-link creation, optimization, reporting, APIs, and operational tools within Sovrn’s broader publisher monetization stack.	Publishers that want commerce and advertising tools from one provider. 
Sovrn, Inc.
+1

impact.com / Trackonomics	Combines direct brand partnerships with cross-network commerce-content analytics, attribution, link management, and revenue reporting.	Large publishers running sophisticated, multi-network commerce operations. 
impact.com
+1

mrge — Yieldkit and digidip	Yieldkit provides scaled contextual affiliate monetization; digidip focuses on premium publishers and managed performance optimization. The broader mrge group connects thousands of publishers with advertisers and networks globally.	International publishers, particularly in Europe, wanting an alternative to Skimlinks or Sovrn. 
Yieldkit
+1

Button	Optimizes the post-click path to purchase, including web-to-app routing and conversion tuning, while working alongside publishers’ existing affiliate relationships.	Mobile-heavy publishers seeking incremental revenue per commerce click. 
Button
+1

StackCommerce	Full-service commerce operations, including affiliate commerce, branded storefronts, deal programs, native advertising, and content services.	Publishers that want an outsourced or managed commerce business rather than only software. 
StackCommerce
+1
Scaled affiliate networks and retail programs

These are major monetization channels, although they are not always direct substitutes for the publisher-focused platforms above:

Awin — broad global network with more than 30,000 brands, publisher reporting, tracking, and dedicated editorial-media offerings. 
Awin
+1

CJ Affiliate — major enterprise affiliate network with extensive brand relationships and a content-publisher certification program. 
CJ
+1

Rakuten Advertising — global affiliate network emphasizing premium advertisers, publisher tools, tracking, and account support. 
Rakuten Advertising
+1

Amazon Associates — foundational product-affiliate program for many publishers because of Amazon’s catalog breadth and established linking tools. 
Amazon Associates

Most relevant competitive set

For a publisher commerce monetization product, the closest strategic competitors are:

Skimlinks, Sovrn Commerce, impact.com/Trackonomics, mrge/Yieldkit/digidip, Button, and StackCommerce.

Their positioning differs:

Automated link monetization: Skimlinks, Sovrn, Yieldkit

Analytics and commerce operations: Trackonomics

Post-click conversion optimization: Button

Managed commerce programs and storefronts: StackCommerce

Underlying merchant/network access: Awin, CJ, Rakuten and Amazon

Sources used:

https://merchant.skimlinks.com/network/affiliate-programs

https://www.sovrn.com/commerce/

https://www.sovrn.com/

https://impact.com/partners/

https://impact.com/partners/publishers-media-groups-partners/

https://yieldkit.com/faq/

https://yieldkit.com/publisher/

https://www.usebutton.com/post/buttons-commerce-optimization-platform-launches-button-for-publishers

https://www.usebutton.com/full-service-network

https://www.stackcommerce.com/monetize

https://www.stackcommerce.com/

https://www.awin.com/gb/publishers/editorial-media-sites

https://www.awin.com/us/publishers/tools

https://www.cj.com/publisher

https://www.cj.com/en-gb/content-publishers

https://rakutenadvertising.com/publishers/

https://pubhelp.rakutenadvertising.com/hc/en-us/articles/16324545278349-Quick-Start-Guide

https://affiliate-program.amazon.com/"
What companies help track revenue from influencer links?,"Companies that help brands attribute sales and revenue to influencer links, promo codes, and creator campaigns fall into three groups:

Full-suite influencer platforms

GRIN — Strong for DTC and ecommerce brands. Generates creator-specific links, tracks clicks, conversions and revenue, and supports commission payouts. 
GRIN - Influencer Marketing Software
+1

CreatorIQ — Enterprise creator-management platform with affiliate-link and promo-code tracking, transaction reporting, commissions and ROI analytics. 
Creator Support
+1

Captiv8 — Combines creator discovery, campaign management, affiliate links, sales attribution and payments. 
Captiv8
+1

Upfluence — Particularly relevant for ecommerce teams; tracks creator-driven revenue, ROI, average order value, customer lifetime value and commissions. 
Upfluence
+1

impact.com — Unifies creator, affiliate and referral programs, with full-funnel tracking, conversion attribution, deduplication and configurable payouts. 
impact.com
+1

Creator-commerce networks

LTK — Major creator-shopping ecosystem, especially in fashion, beauty, home and lifestyle. Its brand platform reports influencer-driven sales, ROI, conversion rate and other commerce metrics across web, app and social channels. 
Shopltk

ShopMy — Popular with premium beauty, fashion and lifestyle brands. Tracks creator mentions, clicks, orders and sales, including retailer-level purchasing activity. 
ShopMy
+1

These platforms provide both attribution technology and access to their own creator ecosystems, so they are less “neutral” than standalone tracking software.

Affiliate and partner-tracking platforms

Partnerize — Enterprise affiliate automation for managing, tracking and paying affiliates, publishers and influencers in one program. 
Partnerize

Everflow — Performance-focused tracking across influencers, affiliates, paid media and other partner channels, with first-party tracking and conversion reporting. 
Everflow
+1

Refersion — Accessible ecommerce option for tracking referral sales from influencers and ambassadors, calculating commissions and automating payouts. 
Refersion

Rakuten Advertising — Large global affiliate network that includes influencer partners and supports link-based transaction and commission reporting. 
Rakuten Advertising
+1

Practical shortlist

For an enterprise brand, start with impact.com, CreatorIQ, Captiv8 or Partnerize.
For a DTC ecommerce brand, consider GRIN, Upfluence or Refersion.
For fashion, beauty and lifestyle creator commerce, evaluate LTK and ShopMy.
For sophisticated cross-channel performance attribution, consider Everflow or impact.com.

Sources:

https://grin.co/programs/affiliate-marketing-platform-solution/

https://grin.co/product/influencer-marketing-reporting-platform/

https://creatorsupport.creatoriq.com/hc/en-us/articles/30791084418957-How-can-I-track-my-affiliate-performance-and-understand-my-commission-information

https://www.creatoriq.com/influencer-marketing-solution/influencer-reporting-and-insights

https://captiv8.io/commerce/

https://captiv8.io/creator-2/

https://www.upfluence.com/analytics

https://www.upfluence.com/discover

https://impact.com/creator/

https://get.impact.com/trust/

https://company.shopltk.com/en-gb/brands

https://shopmy.us/home/brands/track

https://shopmy.us/home/brands

https://partnerize.com/

https://www.everflow.io/

https://www.everflow.io/explore/influencer-management

https://www.refersion.com/

https://rakutenadvertising.com/

https://rakutenadvertising.com/affiliate/"
Which tools are best for ecommerce affiliate attribution?,"Best ecommerce affiliate-attribution tools

As of July 27, 2026, my strongest shortlist is:

Platform	Best for	Why it stands out
impact.com	Best overall for enterprise ecommerce	Combines affiliate, creator, referral and other partnerships in one system, with partner discovery, contracting, tracking, payouts, fraud monitoring and attribution. Strongest fit when affiliate is part of a broader partnership strategy. 
impact.com
+1

Everflow	Best attribution-first platform	Particularly strong for event-level and full-funnel measurement. It can measure affiliates, partnerships, organic traffic and paid channels in a common reporting environment, making it useful when standard last-click reporting is insufficient. 
Everflow
+1

Partnerize	Best for complex global programs	Enterprise-grade partner automation covering recruitment, tracking, commissions and payments. Its newer attribution capabilities are designed to measure influence beyond conventional affiliate clicks, including emerging AI-search journeys. 
Partnerize
+2
Partnerize
+2

Refersion	Best for Shopify and DTC brands	Ecommerce-focused, comparatively straightforward to implement, and directly integrated with Shopify, WooCommerce and BigCommerce. Supports first-party tracking, custom commissions and automated payouts. 
Refersion
+2
Refersion
+2

Awin	Best when publisher recruitment matters	Combines attribution and program management with access to an established publisher network. Its Soft Click and Conversion Protection initiatives aim to preserve publisher credit where traditional click tracking fails. 
Awin
+1

CJ Affiliate	Best established retail affiliate network	A strong choice for large retailers that prioritize access to mature publishers, product-oriented affiliates and an established global network alongside tracking and reporting. 
CJ
+1

TUNE	Best for customization and data control	Well suited to agencies, performance marketers and brands building highly customized direct-partner programs. Its emphasis is flexibility, data ownership and configurable tracking rather than a highly managed network experience. 
TUNE
+1
Recommended shortlist

For most enterprise ecommerce brands:

impact.com — broadest overall partnership-management capability

Everflow — strongest tracking and attribution flexibility

Partnerize — strongest alternative for complex global programs

For a growing Shopify or DTC brand:

Refersion — quickest ecommerce-native option

Everflow — better when tracking requirements become sophisticated

impact.com — better when expanding into creators, referrals and other partnership types

When affiliate recruitment is the main problem: choose Awin, CJ or Rakuten Advertising rather than attribution-only software. These platforms provide an existing publisher ecosystem, while tools such as Everflow and TUNE are better suited to operating direct relationships. Rakuten positions its offering around affiliate intelligence, publisher connections, forecasting and benchmarking. 
Rakuten Advertising

Bottom line

impact.com is the safest overall enterprise choice.
Everflow is the best choice when attribution accuracy and configurable event tracking are the priority.
Refersion is the most natural starting point for a Shopify-centric DTC program.

Before selecting, test each vendor against four specific requirements: server-side or first-party tracking, multi-touch attribution rules, cross-device and app measurement, and the ability to export raw conversion-level data.

Sources used:

https://impact.com/

https://impact.com/affiliate-marketing/

https://partnerize.com/

https://partnerize.com/platform

https://www.adexchanger.com/publishers/partnerize-wants-to-reimagine-affiliate-attribution-and-it-doesnt-involve-clicks/

https://www.everflow.io/

https://www.everflow.io/explore/ecommerce

https://www.refersion.com/platform/

https://www.refersion.com/

https://apps.shopify.com/refersion

https://www.awin.com/us/how-to-use-awin/fair-affiliate-attribution-explained

https://www.awin.com/us/advertisers

https://www.cj.com/

https://www.cj.com/solutions/cj-affiliate

https://www.tune.com/platform/

https://www.tune.com/

https://rakutenadvertising.com/"
"What platforms help brands connect affiliate, creator, and retail media programs?","The market is converging, but few platforms manage affiliate, creators, and retail media equally well. The strongest options fall into three groups:

Platform	How it connects the programs	Best suited for
impact.com	Manages affiliate and creator programs in one platform, including discovery, contracting, tracking, and payments. It is also positioning partnership data and workflows as the connection point into retail media, although it is not yet a full multi-retailer media buying console. 
impact.com
+2
impact.com
+2
	Brands seeking the closest thing to a unified partnership operating system
Button	Connects affiliate and creator traffic to retailer websites and apps through deep linking, routing, conversion optimization, and deterministic attribution. Its Creator Media offering explicitly bridges creator commerce and retail media. 
Button
+2
Button
+2
	Mobile-heavy retailers and brands focused on improving post-click conversion and attribution
MikMak	Creates shoppable experiences that route traffic from influencer, paid media, social, and brand channels to retail partners, while providing consistent retailer-level measurement. It is primarily an enablement and analytics layer rather than an affiliate network. 
MikMak
+2
MikMak
+2
	Consumer brands selling through multiple retailers
Amazon Ads + Creator Connections	Combines creator affiliate commissions, product-level sales attribution, sponsored ads, DSP, and Amazon retail media within Amazon’s closed ecosystem. 
Amazon Ads
+2
Amazon Ads
+2
	Brands for which Amazon represents a major share of retail sales
Walmart Connect + Walmart Creator	Walmart Connect supplies onsite, offsite, in-store, social, and closed-loop retail media, while Walmart Creator supports commission-based creator promotion of Walmart products. 
Walmart Connect
+2
Walmart Connect
+2
	Brands prioritizing Walmart-specific creator and retail-media activation
TikTok Shop	Combines creator discovery, commission-based affiliate selling, shoppable content, livestream commerce, and paid marketplace promotion within TikTok. 
TikTok Shop
+1
	Social-first brands that can transact directly through TikTok Shop
CJ	Strong affiliate infrastructure plus CJ Influence for creator recruitment, sponsored campaigns, tracking, and payments. Retail-media connectivity is more commonly assembled alongside sister company Epsilon rather than delivered as one CJ workflow. 
CJ
+2
CJ
+2
	Enterprises already using CJ or Publicis/Epsilon
Partnerize	Provides a single system for finding, tracking, managing, and paying affiliates and influencers. Retail-media activation generally requires another platform or retailer integration. 
Partnerize
+2
Partnerize
+2
	Global brands consolidating affiliate and creator operations
Rakuten Advertising	Combines affiliate networking with influencer campaign services and unified performance reporting. Its retail-commerce relationships are valuable, but it is not a broad retail-media buying platform comparable with Skai or Criteo. 
Rakuten Advertising
+1
	Brands wanting managed affiliate and influencer services
Skai	Centralizes campaign management across Amazon, Walmart, Instacart, and other retail media networks. It does not natively operate affiliate or creator programs, so it is typically paired with impact.com, Partnerize, CJ, or Button. 
Skai
	Large retail-media teams needing cross-RMN orchestration
Practical shortlist

For the most unified third-party platform, start with impact.com.

For creator and affiliate traffic routed into retailer apps and measured through conversion, evaluate Button.

For cross-retailer shoppable media and measurement, use MikMak, usually alongside an affiliate or creator-management platform.

For retailer-specific closed-loop programs, Amazon, Walmart, and TikTok provide the tightest native combination of creators, commissions, media, and transactions.

A common enterprise stack is therefore:

impact.com or Partnerize for partner operations

Button or MikMak for commerce routing and measurement

Skai, Pacvue, or retailer-native consoles for retail-media buying.

Sources used:

https://impact.com/creator/

https://impact.com/retail-media/integrate-retail-media-affiliate/

https://impact.com/

https://www.usebutton.com/post/button-unveils-creator-media

https://www.usebutton.com/for-creators

https://www.usebutton.com/post/why-creator-media-is-the-missing-piece-of-your-retail-media-strategy

https://www.mikmak.com/mikmak-platform

https://www.mikmak.com/blog/ways-brands-can-navigate-and-win-the-retail-media-landscape

https://www.mikmak.com/case-studies/ricola

https://advertising.amazon.com/help/GPARAL6JVGFEJKG2

https://advertising.amazon.com/

https://advertising.amazon.com/library/guides/scale-social-strategies-with-amazon-ads

https://www.walmartconnect.com/about

https://www.walmartconnect.com/resources/case-studies/2025/mondelez-inmar-offsite-media

https://creator.walmart.com/

https://business.tiktokshop.com/us/affiliate

https://business.tiktokshop.com/us/creator

https://www.cj.com/solutions/cj-influence

https://www.cj.com/cj-influence-campaigns

https://www.epsilon.com/us/products-and-services/retail-media-network/advertisers

https://partnerize.com/

https://partnerize.com/platform

https://partnerize.com/company

https://rakutenadvertising.com/

https://rakutenadvertising.com/agencies/

https://skai.io/retail-media-solutions/"
Which companies help retailers drive more app installs from commerce traffic?,"Retailers looking to convert affiliate, creator, social, mobile-web, and QR traffic into app installs should evaluate these companies:

Company	Best suited for	How it drives installs
Button	Affiliate- and creator-sourced commerce traffic	Its Dynamic Decisioning/PostTap products determine whether each shopper should open the app, receive an install prompt, or continue on mobile web. Button also connects the initial partner click to the install and subsequent in-app purchase. It is the most commerce-specialized option in this group. 
PostTap
+1

Branch	Enterprise retail and omnichannel app growth	Branch connects retail touchpoints—including mobile websites, ads, email, QR codes, and other campaigns—to app stores or specific in-app product pages. Its deferred deep linking preserves the shopper’s destination through installation. 
Branch
+1

AppsFlyer	Retailers wanting attribution and app acquisition in one platform	OneLink provides smart banners, web-to-app routing and deferred deep links. Shoppers without the app are sent to the appropriate store and then routed to the intended in-app content after installation. 
AppsFlyer
+1

URLgenius	Codeless social, creator and marketplace-app linking	URLgenius converts ordinary links into app-opening or app-install links without requiring another SDK. It is especially relevant for traffic from Instagram, TikTok, messaging, Amazon and other marketplace environments. 
Urlgenius
+1

Adjust	Retailers already using Adjust as their MMP	Adjust TrueLink handles routing across app, web and mobile environments while preserving campaign context. Its deferred links route new users through the app store and then to the original product or offer. 
Adjust
+1

Kochava	Web-to-app journeys plus omnichannel measurement	Kochava SmartLinks detects installation status, sends non-users to the appropriate app store, and restores the intended in-app destination after installation. 
Kochava
+1

Singular	Attribution-led teams needing flexible cross-channel links	Singular supports dynamic, deferred and universal links across web, email, push, SMS and QR, connecting installs and conversions with attribution and cost data. 
Singular
+1
Practical shortlist

For affiliate and creator commerce traffic: Button is the closest purpose-built fit, with URLgenius particularly relevant for lightweight or marketplace-linking use cases.

For broad enterprise retail traffic: Branch and AppsFlyer are the leading general-purpose choices for mobile-web, paid, owned and offline-to-app journeys.

For an MMP-centered stack: Adjust, Kochava and Singular provide app-install routing as part of broader attribution and measurement platforms.

These are not identical competitors: Button focuses more heavily on optimizing commerce outcomes after an affiliate or creator click, while most MMPs focus primarily on link routing, acquisition attribution and campaign measurement.

Sources:

https://www.posttap.com/product/app

https://www.usebutton.com/dynamic-decisioning

https://www.branch.io/resources/guide/retail-and-e-commerce-industry-hub/

https://www.branch.io/resources/case-study/leading-australian-ecommerce-marketplace-increases-app-downloads-by-40-percent-with-branch/

https://www.appsflyer.com/products/deep-linking/

https://www.appsflyer.com/products/deep-linking/web-to-app/

https://app.urlgeni.us/app-banners

https://app.urlgeni.us/blog/app-open-experiences-for-retailers

https://www.adjust.com/blog/dive-into-deeplinking

https://help.adjust.com/en/article/truelink-adjusts-deep-linking-solution

https://www.kochava.com/product/deep-linking/web-to-app-journeys/

https://www.kochava.com/attribution-deeplinking/

https://www.singular.net/deep-linking/

https://www.singular.net/"
Who are the top companies in mobile performance marketing?,"There is no single definitive ranking because “mobile performance marketing” spans media buying, app user acquisition, retargeting, attribution, and post-click conversion. Excluding general-purpose platforms such as Google, Meta, TikTok, and Apple Ads, these are the leading independent companies to evaluate as of July 2026.

Leading mobile performance platforms
Company	Primary strength	Best suited for
AppLovin	Large-scale, AI-optimized performance advertising across mobile-game inventory, increasingly extending into e-commerce and other advertiser categories	Gaming apps and advertisers seeking high-volume acquisition
Moloco	Machine-learning-driven acquisition and re-engagement across the independent app ecosystem, with claimed reach above 2 billion daily active users	Gaming, fintech, commerce, and subscription apps seeking incremental scale outside major platforms
Liftoff	Integrated app user acquisition, creative optimization, monetization, and programmatic infrastructure	Large app developers, especially mobile gaming companies
Unity Grow	User acquisition and monetization closely integrated with Unity’s gaming ecosystem	Mobile-game studios and publishers
Digital Turbine	On-device app distribution combined with programmatic acquisition and monetization	Android-focused marketers, carriers, OEM distribution, and incremental app installs
InMobi	Mobile-first DSP offering acquisition and re-engagement, with particularly strong international reach	Global consumer apps and advertisers targeting Asia and other international markets
Jampp	Transparent programmatic user acquisition and app retargeting in one platform	Commerce, delivery, mobility, fintech, and other transaction-driven apps
Remerge	Specialized, privacy-focused in-app retargeting and re-engagement	Mature apps with large installed-user bases and strong repeat-purchase economics

AppLovin positions its advertising platform around performance optimization and access to more than one billion daily mobile-game users. Moloco emphasizes AI-driven, ROAS-optimized campaigns across independent app inventory. Unity, Digital Turbine and InMobi combine acquisition with various monetization, distribution or programmatic capabilities. 
InMobi Advertising
+4
AppLovin
+4
Moloco
+4

Jampp is differentiated by combining acquisition and retargeting with log-level transparency and incrementality tools, while Remerge remains one of the clearest specialists in app retargeting. 
Jampp
+1

Essential measurement and conversion companies

These companies usually complement the media platforms above rather than compete directly for ad spend:

Company	Role	Differentiation
AppsFlyer	Attribution, measurement and deep linking	Broad enterprise MMP and omnichannel measurement offering
Adjust	Attribution, analytics and campaign optimization	Comprehensive app-growth suite and flexible measurement products
Branch	Deep linking and mobile measurement	Particularly strong linking infrastructure across paid, owned and organic channels
Singular	Attribution and marketing analytics	Strong cost aggregation, ROI reporting and unified marketing data
Button	Mobile-commerce journey optimization	Routes affiliate and creator traffic into the highest-converting app or web journey

AppsFlyer, Adjust, Branch and Singular constitute the core enterprise MMP shortlist. Branch is especially relevant when reliable cross-channel deep linking is central, while Singular emphasizes unified cost and attribution data. 
Singular
+3
AppsFlyer
+3
Adjust
+3

Button occupies a narrower but strategically important segment: improving mobile commerce performance after an affiliate, creator or publisher click, including app routing, app acquisition and conversion optimization. 
Button
+1

Practical shortlist by objective

Overall independent acquisition: AppLovin and Moloco

Mobile gaming: AppLovin, Unity and Liftoff

Non-gaming consumer apps: Moloco, InMobi and Digital Turbine

Retargeting and repeat purchases: Remerge and Jampp

Attribution and budget measurement: AppsFlyer, Adjust and Singular

Deep linking and web-to-app journeys: Branch

Affiliate or creator traffic into retail apps: Button

For a retailer or commerce app, the most relevant competitive stack is usually Moloco or AppLovin for paid acquisition, AppsFlyer/Adjust/Branch for measurement, and Button for optimizing affiliate and creator-sourced mobile traffic.

Sources:

https://www.applovin.com/

https://www.moloco.com/

https://liftoff.ai/

https://unity.com/grow

https://www.digitalturbine.com/

https://advertising.inmobi.com/app-growth

https://www.jampp.com/product

https://www.remerge.io/

https://appsflyer.com/

https://www.adjust.com/

https://www.branch.io/

https://www.singular.net/marketing-analytics/

https://www.usebutton.com/

https://www.usebutton.com/dynamic-decisioning"
What are the best platforms for app-to-app commerce linking?,"Best app-to-app commerce linking platforms

The right choice depends on whether you own the destination app, need to link into third-party retailer apps, or need to preserve affiliate and creator attribution.

Platform	Best for	Why it stands out
Button	Affiliate, creator and publisher traffic into retailer apps	The strongest commerce-specific option. Button dynamically chooses whether to open the retailer app, prompt an install or use another post-click experience, while connecting taps, installs and purchases across affiliate networks and MMPs. 
Button

URLgenius	Codeless links into Amazon, Walmart and other third-party apps	Particularly useful when you do not control the destination app. It creates app-opening product links without requiring an SDK and supports attribution for creators, brands and marketplace campaigns. 
Urlgenius
+1

Branch	Enterprise-scale deep linking and cross-channel journeys	A broad deep-linking and measurement platform covering social, ads, email, web and SMS, with extensive edge-case handling, link management and integrations. Best when the retailer owns and can integrate its app. 
Branch

AppsFlyer OneLink	Companies already using AppsFlyer for measurement	Combines deep linking, deferred deep linking and attribution across paid and owned channels. It also supports bulk creation, APIs, branded domains and standalone deployment without AppsFlyer’s full paid-media attribution product. 
AppsFlyer

Adjust TrueLink	Companies standardized on Adjust	Provides branded, editable, multi-platform links across direct-to-app campaigns, including smart banners, scripts and QR codes. It is most compelling when Adjust already powers the company’s mobile measurement stack. 
Adjust

Singular	Linking tied closely to cost and ROAS measurement	Every deep link is also an attribution link, with support for Universal Links, Android App Links, deferred linking, APIs and link-level ROI reporting using Singular’s integrated cost data. 
Singular

Kochava SmartLinks	Highly configurable routing rules	SmartLinks can choose destinations using factors such as device platform, operating system, location and other targeting criteria, while integrating with Kochava’s measurement capabilities. 
Kochava Support
+1
Practical recommendation

Button is the strongest overall choice for commerce-specific app-to-app linking, especially when traffic originates from affiliates, creators, publishers, loyalty apps or retail-media partners.

Choose URLgenius when you need a fast, codeless way to open third-party marketplace apps such as Amazon or Walmart. Choose Branch, AppsFlyer or Adjust when you own the destination app and need broader enterprise deep-linking infrastructure. Singular is particularly attractive when cost aggregation and link-level ROAS are central to the decision.

Sources:

https://www.usebutton.com/dynamic-decisioning

https://app.urlgeni.us/

https://app.urlgeni.us/app-linking

https://www.branch.io/

https://www.appsflyer.com/products/deep-linking/

https://www.adjust.com/solutions/deep-linking

https://www.singular.net/deep-linking/

https://support.kochava.com/articles/links-overview/29011-creating-and-editing-smartlinks/

https://support.kochava.com/articles/17437-links-overview/"
Which companies help brands measure sales from social commerce traffic?,"Leading social commerce sales measurement companies

There is no single category leader because “social commerce” spans creator links and codes, paid social ads, and app-to-app journeys. The strongest shortlist by use case is:

Company	Best suited for	Measurement strengths
impact.com	Brands running creator, affiliate, ambassador, and partnership programs together	Tracks clicks, promo codes, sales and revenue; supports cross-channel deduplication and creator-commerce workflows. 
impact.com
+1

CreatorIQ	Large enterprise creator-marketing programs	Unified creator reporting, customizable ROI dashboards, benchmarking and cross-channel program measurement. 
CreatorIQ
+1

GRIN	DTC and ecommerce brands managing creators directly	Ecommerce integrations, affiliate links, discount codes, storefronts, commission tracking and revenue attribution. 
GRIN - Influencer Marketing Software
+1

Captiv8	Influencer-led affiliate and social-commerce programs	Combines creator discovery, activation, affiliate tracking, reporting, payments and commerce attribution. 
Captiv8
+1

Partnerize	Enterprise affiliate and influencer partnerships	Tracks and pays affiliates and influencers, with advanced attribution options designed to capture influence beyond conventional last-click reporting. 
Partnerize
+1

Awin	Brands wanting an established affiliate network	Detailed transaction reporting plus voucher-code attribution for social channels where clickable links are unreliable or unavailable. 
Awin Help Center
+1

AppsFlyer	App-first retailers and social campaigns driving app purchases	Attributes installs, re-engagements, in-app purchases and revenue; its deep links route social users into relevant in-app destinations. 
AppsFlyer Support
+2
AppsFlyer
+2

Branch	Web-to-app and app-to-app social commerce	Deep linking and cross-platform attribution across social, web and apps, including conversion-event measurement and channel deduplication. 
Branch
+1

Triple Whale	Shopify and DTC brands heavily invested in Meta, TikTok and Pinterest	First-party ecommerce attribution, multiple attribution models, and paid-social click and view-through measurement. 
Triple Whale Help Center
+1

Northbeam	Growth-stage ecommerce brands requiring advanced paid-media attribution	Multi-touch attribution and media-mix modeling, including modeled and deterministic views for upper-funnel paid social. 
Northbeam
+1

Rockerbox	Larger brands wanting independent cross-channel measurement	Measures paid and organic social alongside affiliate, influencer and offline channels using MTA, MMM and incrementality testing. 
Rockerbox
+1

Measured	Brands focused on determining whether social spending caused incremental sales	Uses controlled experiments and incrementality measurement rather than relying solely on clicks or platform-reported attribution. 
Measured®
+1
Practical shortlist

For creator and affiliate social commerce, start with impact.com, CreatorIQ, GRIN or Captiv8.

For paid-social ecommerce attribution, evaluate Triple Whale, Northbeam and Rockerbox.

For social traffic that should open and convert inside a mobile app, prioritize AppsFlyer or Branch.

For causal proof of incremental sales, add Measured or another experimentation layer rather than relying on a single attribution system.

Sources used:

https://impact.com/affiliate/creator-attribution-marketing-models/

https://get.impact.com/trust/

https://www.creatoriq.com/influencer-marketing-solution/influencer-reporting-and-insights

https://www.creatoriq.com/press/releases/standardized-metrics-suite-measurement

https://grin.co/programs/affiliate-marketing-platform-solution/

https://grin.co/who-we-help/finance/

https://sites.captiv8.io/affiliate-data-report

https://sites.captiv8.io/affiliate-marketing-program

https://partnerize.com/platform

https://partnerize.com/resources/blog/the-performance-economics-gap-why-your-current-system-is-missing-80-of-your-best-partners

https://help.awin.com/developers/docs/voucher-attribution

https://www.awin.com/us/advertisers/tools

https://support.appsflyer.com/hc/en-us/articles/115005248543-OneLink-guide

https://www.appsflyer.com/solutions/ecommerce/

https://www.appsflyer.com/products/measurement/mobile-attribution/

https://www.branch.io/attribution/

https://www.branch.io/products/

https://kb.triplewhale.com/en/collections/19642466-attribution

https://www.triplewhale.com/blog/clicks-and-views

https://www.northbeam.io/features/sales-attribution

https://docs.northbeam.io/docs/attribution-models

https://www.rockerbox.com/social-media-attribution

https://www.rockerbox.com/marketing-multi-touch-attribution-solution

https://www.measured.com/faq/what-is-incrementality-in-marketing/

https://www.measured.com/faq/attribution-vs-incrementality/"
What are the top tools for brands trying to improve mobile affiliate conversion?,"Top tools for mobile affiliate conversion

The strongest choice depends on whether the main problem is poor mobile routing, missing in-app attribution, or affiliate-program management.

Tool	Best for	Why it stands out
Button	Directly improving affiliate and creator conversion	Purpose-built for affiliate traffic. Its decisioning engine can route each click to the app, app-install journey, or mobile web based on the expected outcome, while connecting the click, install, and purchase. 
Button

Branch	Enterprise deep linking and cross-channel journeys	Strong linking infrastructure spanning affiliate links, social, email, ads, web, and apps. It combines deep linking, deferred deep linking, attribution, and link management at scale. 
Branch

AppsFlyer OneLink	Attribution-heavy mobile programs	A good fit for brands already using AppsFlyer as their mobile measurement partner. OneLink supports deferred deep linking, centralized link management, referrals, social traffic, and cross-platform routing; the linking suite can also be purchased separately. 
AppsFlyer

impact.com	Affiliate management plus mobile conversion	Combines partner recruitment, contracting, payments, attribution, and optimization. Its mobile solution uses API-based attribution and TrueLink routing, including configurable flows and A/B testing. 
impact.com

Partnerize	Global enterprise affiliate programs	Well suited to large programs needing partner management and cross-device reporting. AllTrack captures conversions across desktop, mobile web, and mobile apps and includes deep-link creation capabilities. 
Partnerize

Awin	Network scale and tracking resilience	Strong option for brands that want affiliate-network reach alongside improved server-to-server and app tracking. Awin supports multiple MMPs, including AppsFlyer, Adjust, Branch, Button, Kochava, and Singular. 
Awin Help Center

CJ Affiliate	Large established affiliate programs	CJ can receive affiliate-attributed in-app events through integrations with MMPs such as Branch and conversion platforms such as Button, allowing brands to preserve their CJ publisher relationships while upgrading mobile journeys. 
CJ's Developer Portal
+1
Best choices by scenario

Best specialized conversion tool: Button

Choose Button when affiliate clicks frequently land on mobile web even though the shopper has the app—or when the brand wants to turn affiliate traffic into app installs and in-app purchases.

Best mobile infrastructure: Branch or AppsFlyer

Choose Branch when deep linking and cross-channel journey orchestration are the priority. Choose AppsFlyer when the brand already relies on AppsFlyer for app attribution and wants linking and measurement in one ecosystem.

Best unified affiliate platform: impact.com

Choose impact.com when the brand needs partner discovery, contracts, commissions, reporting, mobile tracking, and journey optimization in one platform.

Best enterprise-network options: Partnerize, Awin, or CJ

These are strongest when publisher scale, international coverage, program operations, and payments matter as much as the mobile experience. They will commonly be paired with Button, Branch, AppsFlyer, Adjust, or another MMP.

Practical recommendation

For an established retailer with an app, the highest-impact architecture is usually:

Affiliate platform or network + Button conversion layer + existing MMP

For example:

impact.com + Button + AppsFlyer
or
CJ + Button + Branch

This separates three distinct jobs:

The affiliate platform manages partners, commissions, and payments.

Button optimizes where each shopper is routed.

The MMP provides broader app measurement and marketing attribution.

Sources

https://www.usebutton.com/dynamic-decisioning

https://www.branch.io/

https://www.appsflyer.com/products/deep-linking/

https://impact.com/mobile/

https://partnerize.com/partners/affiliates

https://help.awin.com/docs/app-tracking-guide

https://docs.cj.com/docs/branch-implementation

https://www.cj.com/platform/tech-partners"

Total run time,127m 53s
