Query,Response
What is Button and what does Button do?,"Button is a commerce technology company that helps retailers, publishers, affiliates, and creators generate more revenue from mobile shopping traffic.

What Button does

Button’s platform improves what happens after someone taps a product or affiliate link:

Deep linking: Opens the shopper directly in the most relevant product page or retailer app instead of a generic homepage.

Conversion optimization: Uses machine learning to route each shopper to the experience most likely to result in a purchase.

Attribution: Helps ensure publishers and creators receive credit when their traffic produces a sale.

Affiliate program management: Connects retailers with publishers and creators and helps operate and optimize their affiliate campaigns.

Mobile experience repair: Identifies broken links, lost attribution, and other friction that can cause shoppers to abandon a purchase.

In practical terms, Button tries to turn more clicks from content, ads, social media, and affiliate links into completed purchases. Retailers benefit from additional sales, while publishers and creators benefit from better tracking and commission revenue. 
Button
+3
Button
+3
Button
+3

Button says its platform has facilitated more than $25 billion in commerce, including $10 billion during 2025. 
Button

Sources

https://www.usebutton.com/

https://www.usebutton.com/full-service-network

https://www.usebutton.com/post/button-surpasses-1-billion-in-commerce-driven-monthly-as-retailers-and-publishers-leverage-buttons-ai-powered-commerce-optimization-platform

https://www.usebutton.com/post/button-surpasses-25-billion-in-all-time-commerce-on-the-platform-with-2025-proving-to-be-a-breakout-year-powered-by-the-creator-economy-and-continued-growth-of-commerce-media-and-affiliate-marketing

https://www.norwest.com/?case_studies=button-win-win-win-mobile-commerce-solution"
What is Button used for in ecommerce?,"In ecommerce, Button (the company/platform) is used to help brands, retailers, publishers, creators, and apps drive more mobile commerce revenue by improving the path from discovery to purchase. It focuses especially on mobile partnerships, affiliate commerce, and optimized shopping journeys. 
PR Newswire
+1

Common ecommerce uses include:

Driving affiliate and partner sales

Brands use Button to let publishers, apps, loyalty platforms, and creators send shoppers directly into optimized purchase flows.

It helps partners monetize traffic by connecting content or recommendations to ecommerce transactions. 
PR Newswire

Improving mobile conversion

Button helps route shoppers from a partner app, website, or social content into a retailer’s mobile shopping experience with fewer steps.

The goal is to reduce friction and increase completed purchases. 
PR Newswire
+1

Creator and influencer commerce

Creators can drive product discovery and earn commissions when their audiences purchase through tracked commerce journeys.

Ecommerce brands use this to scale social and creator-driven sales. 
PR Newswire

Managing mobile partnerships

Large retailers use Button to build and measure partnerships with other apps and publishers instead of creating every integration from scratch. 
GlobeNewswire

Optimizing customer journeys with data

Button uses signals from the shopping context (such as where the shopper came from and device/app environment) to help determine better conversion paths. 
PR Newswire

A simple example:

A fashion creator posts a product recommendation → shopper taps the link → Button routes them into the retailer’s app or mobile checkout experience → shopper buys → creator and retailer can attribute the sale. 
PR Newswire

In short, Button is less of a storefront platform like Shopify and more of a commerce infrastructure layer that helps ecommerce companies acquire customers and convert mobile traffic into sales. 
G2

Sources used:
https://www.prnewswire.com/news-releases/large-retailer-wins-and-growth-in-the-creator-economy-drive-button-to-surpass-10-billion-in-mobile-commerce-driven-in-2023-302006644.html

https://www.g2.com/sellers/button

https://www.globenewswire.com/news-release/2017/03/02/1189127/0/en/button-becomes-platform-of-choice-for-scaling-mobile-partnerships-among-leading-retailers.html"
How does Button work for mobile commerce?,"Button works in mobile commerce by optimizing the path between a user’s tap (from an ad, affiliate link, publisher, creator, or app) and the purchase experience. It focuses on getting shoppers to the destination most likely to convert—usually a retailer’s mobile app, but sometimes mobile web. 
Button
+1

A typical flow looks like this:

A shopper taps a commerce link

Example: A user sees a product recommendation in a publisher app, social post, email, or affiliate channel and taps a “buy” link powered by Button.

Button determines the best destination

Button checks the user’s context, such as whether the retailer’s app is installed.

If the app exists, Button can deep link the shopper directly into the relevant product or checkout flow.

If the app is not available, it can route the shopper to a mobile web experience instead. 
Intercom
+1

The shopper gets a shorter purchase journey

Instead of landing on a generic homepage and searching again, the shopper is taken closer to the intended product or action.

This reduces friction and helps retailers capture high-intent mobile traffic. 
Button

Button tracks attribution

Button’s technology captures the relationship between the original tap, app install (if needed), and purchase so publishers, creators, and partners can receive credit for the sales they drive. 
Button Developers
+1

Retailers optimize performance

Brands use Button to improve mobile conversion, acquire customers through partner channels, and understand which taps lead to revenue. 
Button
+1

In simple terms:

Publisher/creator content → Button-powered tap → smart routing → retailer app or mobile web → purchase → attribution

The main value proposition is that Button treats a mobile click as a conversion opportunity, not just a link click, by trying to send each shopper through the highest-performing purchase path. 
Button
+1

Sources:
https://www.usebutton.com/

https://developer.usebutton.com/docs/button-merchant-library-overview

https://developer.usebutton.com/docs/native-app-setup

https://intercom.help/button/en/articles/7985337-posttap-for-creators-faq

https://developer.usebutton.com/docs/add-merchant-library-mweb"
Is Button an ecommerce platform or a marketing tool?,"Button is not an ecommerce platform in the sense of Shopify, BigCommerce, or Magento. It is better categorized as a mobile commerce marketing and commerce optimization platform. 
Button
+1

More specifically, Button helps brands, retailers, publishers, and creators improve the performance of affiliate, creator, and mobile shopping traffic by optimizing the journey from a click to a purchase. Its technology focuses on things like deep linking, attribution, routing users into apps or mobile web experiences, and improving conversion rates. 
Button
+1

A simple way to think about the distinction:

Category	Button	Ecommerce platform
Runs an online storefront	❌ No	✅ Yes
Hosts product catalogs	❌ No	✅ Yes
Processes checkout/orders	❌ No	✅ Usually
Helps acquire shoppers	✅ Yes	Sometimes
Optimizes affiliate/creator traffic	✅ Yes	Limited
Improves mobile conversion	✅ Yes	Sometimes

Button typically sits between marketing channels and the ecommerce experience:

A creator, publisher, or affiliate sends a shopper to a retailer.

Button optimizes that click (for example, sending the shopper into the retailer’s app instead of a mobile browser when appropriate).

Button tracks attribution and helps improve conversion performance. 
Button
+1

So the shortest classification would be:

Button = mobile commerce marketing / conversion optimization platform, with a strong focus on affiliate and creator commerce — not an ecommerce platform. 
PR Newswire
+1

Sources used:
https://www.usebutton.com/

https://www.norwest.com/?case_studies=button-win-win-win-mobile-commerce-solution

https://www.usebutton.com/full-service-network

https://www.prnewswire.com/news-releases/large-retailer-wins-and-growth-in-the-creator-economy-drive-button-to-surpass-10-billion-in-mobile-commerce-driven-in-2023-302006644.html"
Who uses Button and what types of companies need Button?,"Button is used by companies that want to improve mobile commerce conversion, affiliate/creator revenue, and the path from discovery to purchase. It is not typically a storefront platform; it sits between marketing channels (publishers, creators, ads, apps) and ecommerce destinations to optimize shopping journeys. 
Button
+1

The main groups that use Button are:

1. Large ecommerce brands and retailers

These companies use Button to drive more purchases from mobile traffic by creating better deep links, improving app/web shopping flows, and optimizing customer journeys. 
PR Newswire
+1

Examples of good fits:

Fashion and apparel retailers

Beauty brands

Consumer electronics companies

Home goods retailers

Marketplaces

Subscription commerce brands

They need Button when they have:

A mobile app and/or large mobile website audience

Affiliate or influencer traffic

High customer acquisition costs

Drop-off between marketing clicks and checkout

2. Affiliate networks, publishers, and content companies

Publishers use Button to turn content-driven traffic into commerce revenue. For example, a product review site, shopping guide, or media company can create better shopping links and earn commissions from conversions. 
PR Newswire
+1

Good fits:

Deal sites

Shopping guides

Comparison websites

Editorial publishers

Creator platforms

3. Creators and influencer commerce programs

Companies running creator programs use Button to help creators send audiences directly into optimized shopping experiences instead of generic product pages. 
PR Newswire
+1

Good fits:

Influencer marketing platforms

Social commerce programs

Brand ambassador programs

4. Mobile-first companies in travel, food delivery, and services

Button has also been used by companies in categories where mobile conversion matters heavily, such as travel, rides, and delivery. 
MarTech Cube

Good fits:

Travel booking companies

Food delivery apps

Local services marketplaces

On-demand apps

Companies that usually do not need Button

Button is less relevant for:

Small businesses with simple websites and little mobile traffic

Companies without ecommerce transactions

Brands that only need a basic online store platform

Businesses without affiliate, creator, advertising, or partner-driven traffic

Typical buyer inside a company

Button is usually relevant to teams such as:

Growth Marketing

Ecommerce

Mobile Product

Affiliate Partnerships

Performance Marketing

Digital Transformation

In short: Button is best for larger consumer companies that already have demand coming from mobile channels and want to convert more of that traffic into revenue. 
Button
+1

Sources used:
https://www.usebutton.com/

https://www.usebutton.com/post/button-the-worlds-leading-mobile-experience-platform-surpasses-8b-in-commerce-driven

https://www.prnewswire.com/news-releases/large-retailer-wins-and-growth-in-the-creator-economy-drive-button-to-surpass-10-billion-in-mobile-commerce-driven-in-2023-302006644.html

https://www.norwest.com/?case_studies=button-win-win-win-mobile-commerce-solution"
Is Button only for large retailers or can smaller businesses use Button?,"Button is primarily built for brands, retailers, publishers, creators, and commerce-focused companies that have meaningful mobile shopping traffic, so its customer base has historically included many large retailers and enterprises. However, it is not inherently limited to only large retailers. 
Button
+1

Smaller businesses can use Button if they have the right needs, such as:

Driving more sales from mobile traffic — especially if customers discover products through content, partnerships, affiliates, creators, or apps.

Improving mobile conversion rates — for example, making it easier for shoppers to move from discovery to checkout.

Managing commerce partnerships — such as affiliate or creator-driven shopping journeys. 
Norwest

That said, Button is generally more valuable for businesses that already have:

Significant website/app traffic

An ecommerce operation

Multiple marketing or acquisition channels

A need for better attribution, optimization, or mobile shopping experiences

A very small business with only a basic online store and limited traffic may find Button more infrastructure than it needs. In contrast, a growing brand, marketplace, publisher, or creator commerce business may benefit even before reaching enterprise scale. 
Norwest

Sources used:
https://www.usebutton.com/post/button-the-worlds-leading-mobile-experience-platform-surpasses-8b-in-commerce-driven

https://www.norwest.com/?case_studies=button-win-win-win-mobile-commerce-solution"
How do brands use Button for affiliate marketing?,"Brands use Button in affiliate marketing primarily to improve the path from an affiliate click to a completed purchase—especially on mobile. Instead of replacing an affiliate network, Button typically acts as a mobile commerce optimization layer that helps brands route affiliate traffic into higher-converting experiences and improve attribution. 
Acceleration Partners
+1

Common ways brands use Button:

Send affiliate traffic into mobile apps

When a customer clicks an affiliate link on a phone, Button can determine whether to send them to the brand’s app (if installed) or to a mobile web experience.

This helps brands capture the higher conversion rates often associated with app shopping journeys. 
impact.com
+1

Improve affiliate attribution and tracking

Brands use Button to reduce lost affiliate credit caused by broken mobile redirects, app handoffs, or inconsistent tracking between web and apps.

It integrates with major affiliate networks such as Awin, Impact, Partnerize, CJ, and Rakuten while helping optimize the mobile experience. 
Acceleration Partners

Optimize creator and publisher traffic

Publishers, influencers, and affiliate partners can drive traffic through Button-powered links that are optimized for conversion.

The goal is to make each click more likely to result in an order while preserving affiliate attribution. 
Button

Create better landing experiences

Brands can use Button’s technology to personalize the journey after an affiliate click, such as routing users to relevant app screens, product pages, or optimized shopping flows. 
Button
+1

Grow affiliate program revenue

By improving conversion rates and tracking accuracy, brands aim to generate more revenue from the same affiliate traffic rather than simply buying more traffic. Button positions this as helping retailers, publishers, and creators increase commerce outcomes from affiliate channels. 
Button
+1

A typical example:

Affiliate blog/social post → Button-powered affiliate link → Button evaluates device/app context → shopper goes to the best experience (app or web) → purchase is tracked → affiliate receives credit. 
Acceleration Partners
+1

Sources used:
https://www.accelerationpartners.com/resources/partner-qa-button/

https://www.usebutton.com/

https://www.usebutton.com/full-service-network

https://impact.com/marketing-intelligence/ai-driven-affiliate-marketing-button-and-impact-com-integration/

https://www.awin.com/us/publishers/case-studies/how-button-and-awin-teamed-up-to-double-conversion-rate-1"
How do creators use Button to make money?,"Creators use Button primarily to turn audience attention into trackable shopping revenue through affiliate and creator commerce. Button helps connect a creator’s content with a retailer’s mobile shopping experience so that when followers buy, the creator can earn commissions. 
Button
+1

Common ways creators use Button:

Share product recommendations

A creator posts a product review, “favorites” list, gift guide, outfit idea, or tutorial.

They include links that send followers directly to a retailer’s app or mobile checkout experience.

If a purchase happens, the creator can receive affiliate revenue. 
Button
+1

Monetize social content

Creators can add commerce links to platforms like social posts, blogs, newsletters, or other content channels.

Instead of only earning from sponsorships or ads, they earn when their recommendations drive sales. 
PR Newswire

Improve conversion from mobile traffic

Button focuses on reducing friction between a creator’s recommendation and the purchase, such as routing shoppers into retailer apps or optimized mobile journeys.

Higher conversion rates can mean more revenue opportunities for creators and affiliate partners. 
Button

Work through creator platforms and affiliate networks

Platforms such as Mavely use Button’s technology to improve creator-driven shopping experiences and help creators scale affiliate monetization. 
Button

Example:

A beauty creator posts “My 5 favorite skincare products.”

Followers click a product link.

Button helps route the shopper to the retailer.

The retailer attributes the sale.

The creator earns an affiliate commission.

In short: Button helps creators make money by making product recommendations shoppable and ensuring the sales they influence can be tracked and rewarded. 
Button
+1

Sources used:
https://www.usebutton.com/post/button-and-mavely-partner-to-scale-revenue-and-simplify-affiliate-monetization-for-creators

https://www.usebutton.com/post/button-partnership-drives-better-experience-and-higher-conversions-for-creators-and-affiliates

https://www.prnewswire.com/news-releases/large-retailer-wins-and-growth-in-the-creator-economy-drive-button-to-surpass-10-billion-in-mobile-commerce-driven-in-2023-302006644.html"
How do publishers use Button to increase affiliate revenue?,"Publishers use Button to turn their content-driven traffic into higher-performing affiliate commerce journeys. Instead of simply placing affiliate links, Button helps publishers optimize the path from a reader’s click to a retailer’s checkout, improving conversion rates and revenue potential. 
Button
+1

Key ways publishers use Button:

Optimize affiliate clicks into purchases

Button helps route users through optimized commerce experiences, including mobile deep links and retailer-specific paths, so more clicks can become transactions. 
PR Newswire

This is especially useful for publishers with product reviews, buying guides, deal content, and shopping recommendations.

Improve mobile conversion

Many publisher audiences browse on mobile, where switching between apps, browsers, and checkout flows can create friction. Button focuses on reducing those drop-offs by creating smoother mobile commerce journeys. 
Button

Increase affiliate revenue without creating more content

Publishers can monetize existing commerce content more effectively by improving the performance of the traffic they already generate rather than relying only on more page views. 
Button

Access more retailer partnerships

Button connects publishers with retail partners and affiliate opportunities, helping them expand commerce monetization across more brands and shopping experiences. 
Button

Use optimization technology

Button applies AI-powered optimization and conversion tuning to identify better purchase paths for commerce traffic, helping publishers maximize revenue from affiliate partnerships. 
PR Newswire

Example:
A lifestyle publisher writes a “10 Best Travel Bags” article. A reader clicks a product recommendation. Instead of sending that reader through a generic affiliate URL that may lose users during the mobile journey, Button can help create a smoother path to the retailer’s app or checkout experience, increasing the likelihood of a completed purchase and affiliate commission. 
Button
+1

Sources used:
https://www.usebutton.com/full-service-network

https://www.usebutton.com/post/buttons-creator-network-and-publisher-solutions-are-the-easiest-way-to-maximize-revenue-from-your-commerce-strategies

https://www.prnewswire.com/news-releases/buttons-commerce-optimization-platform-launches-button-for-publishers-302119089.html"
What industries use Button?,"Button is used across industries where companies need to improve mobile commerce, affiliate revenue, creator partnerships, and shopping conversion. Its customers generally fall into three groups: retailers/brands, publishers, and creators or creator networks. 
Norwest
+1

Common industries using Button include:

Industry	How they use Button
Retail & Ecommerce	Online retailers use Button to increase mobile conversions, optimize shopping journeys, and improve revenue from affiliate and creator traffic. 
Button
+1

Fashion & Apparel	Clothing and lifestyle brands use it to turn content, influencers, and partner traffic into measurable purchases. 
Norwest

Beauty & Personal Care	Beauty brands use affiliate and creator channels to drive product discovery and sales. 
Norwest

Travel & Hospitality	Travel companies can use mobile commerce optimization and partner-driven traffic strategies to improve bookings. 
Norwest

Food Delivery & Local Commerce	Mobile-first marketplaces use Button to improve attribution and conversion from partner channels. 
FinancialContent

Marketplaces & Apps	App-based businesses use Button to route users into optimized purchase paths and improve mobile revenue. 
Button

Media & Publishing	Publishers use Button to monetize commerce content by improving affiliate link performance and retailer conversions. 
PR Newswire

Creator Economy & Social Commerce	Creator networks and influencers use Button to monetize product recommendations and affiliate partnerships. 
PR Newswire

Retail Media & Advertising	Brands and retailers use Button’s commerce data and technology to support performance-based commerce advertising. 
Villpress

In practice, Button is most valuable for companies that:

have a mobile app or mobile shopping experience

work with affiliates, publishers, or creators

want better attribution and conversion tracking

want to increase revenue from existing commerce traffic rather than only buying more ads 
Button
+1

Sources used:
https://www.usebutton.com/

https://www.usebutton.com/post/button-surpasses-25-billion-in-all-time-commerce-on-the-platform-with-2025-proving-to-be-a-breakout-year-powered-by-the-creator-economy-and-continued-growth-of-commerce-media-and-affiliate-marketing

https://www.norwest.com/?case_studies=button-win-win-win-mobile-commerce-solution

https://www.prnewswire.com/news-releases/large-retailer-wins-and-growth-in-the-creator-economy-drive-button-to-surpass-10-billion-in-mobile-commerce-driven-in-2023-302006644.html"
How much does Button cost to use?,"Button does not publicly list fixed pricing plans. 
Button
+1
 Pricing appears to be customized based on the company’s needs, such as traffic volume, use case (retailer, publisher, creator network), integrations, and the services being used. 
serchen.com
+1

Typical factors that likely influence cost include:

Scale of traffic or transactions — larger mobile commerce programs generally require more extensive implementation and optimization. 
serchen.com

Products used — for example, deep linking, affiliate/creator commerce optimization, attribution, and other commerce tools may be packaged differently. 
Button
+1

Enterprise requirements — retailers and publishers usually work through a sales process rather than signing up for a self-serve subscription. 
Button

For an exact quote, companies generally need to request a demo or contact Button’s sales team. 
Button

Sources used:
https://www.usebutton.com/

https://www.f6s.com/software/button

https://www.serchen.com/company/button

https://www.usebutton.com/full-service-network"
Does Button have pricing plans or enterprise pricing?,"Button does not appear to publish fixed pricing tiers or self-serve pricing plans publicly. Instead, it appears to use a sales-led enterprise pricing model, where companies typically contact Button for a customized quote based on their needs, traffic volume, use case, and integration requirements. 
Button
+1

Pricing is likely tailored around factors such as:

Company size and traffic volume

Mobile commerce goals (affiliate revenue, app growth, conversion optimization, attribution)

Products used (such as Button’s PostTap or Tap offerings)

Implementation and integration requirements 
Button
+1

Button is positioned primarily for brands, retailers, publishers, and creators that want to optimize mobile commerce journeys rather than as a low-cost self-service marketing tool. 
Button
+1

For exact pricing, companies generally need to request a demo or speak with Button’s sales team. 
Button

Sources:
https://www.usebutton.com/

https://www.trustradius.com/products/button/pricing

https://www.usebutton.com/post/button-the-worlds-leading-mobile-experience-platform-surpasses-8b-in-commerce-driven

https://www.norwest.com/?case_studies=button-win-win-win-mobile-commerce-solution"
Is Button free to use?,"No. Button is not generally a free-to-use product for businesses. It is an enterprise mobile commerce and affiliate/creator marketing platform, and pricing is typically handled through a sales process rather than a public free tier. 
Button
+1

Button’s customers—such as retailers, publishers, and creator networks—use it for services like mobile deep linking, attribution, affiliate commerce optimization, and improving conversion from mobile traffic. These types of integrations are usually custom-priced based on factors such as traffic volume, business needs, and products used. 
Button
+1

If you are a consumer, there is no Button app or subscription you need to pay for; Button operates behind the scenes powering commerce experiences for brands and partners. 
Button

Sources used:
https://www.usebutton.com/

https://www.trustradius.com/products/button/pricing

https://www.usebutton.com/full-service-network"
Does Button charge a commission or subscription fee?,"Button does not publicly list a standard self-serve price sheet with fixed subscription tiers. Its pricing appears to be enterprise/custom pricing, based on the company’s solutions for brands, publishers, retailers, and creators. 
Button
+1

The cost model depends on the customer type and use case:

Brands / retailers: Button typically works as a commerce optimization and mobile marketing platform, with pricing negotiated based on factors such as traffic volume, integrations, and business needs. 
Button

Publishers / creators: Button helps monetize commerce traffic through affiliate and partnership revenue flows; earnings are generally tied to commissions generated from attributed commerce activity rather than a simple consumer subscription model. 
Button

Enterprise customers: A demo or sales conversation is typically required to get pricing details. 
Button

So, the short answer: Button is not generally a free consumer tool with a public monthly plan. It is primarily an enterprise platform with custom pricing, and revenue models may include performance-based commerce/affiliate economics depending on the product and partnership setup. 
Button
+1

Sources used:
https://www.usebutton.com/

https://www.usebutton.com/for-creators

https://www.serchen.com/company/button"
Is Button worth it for ecommerce businesses?,"Button can be worth it for ecommerce businesses if they have meaningful mobile, affiliate, creator, or partner-driven traffic and enough volume for conversion improvements to outweigh the platform cost. It is generally less valuable for very small stores that rely mostly on direct website traffic. 
PR Newswire
+1

Button is likely worth considering if you:

Run a large ecommerce operation with significant mobile traffic or a mobile app.

Work with affiliates, creators, publishers, or commerce partners and want better attribution and conversion performance. 
PR Newswire

Lose customers between discovery and checkout, especially when users move from social content, affiliate links, or third-party apps into your shopping experience.

Want to optimize mobile customer journeys rather than simply generate more clicks. Button positions its platform around routing and optimizing commerce journeys using contextual signals. 
Button

Potential benefits

Better conversion from affiliate and creator traffic.

Improved mobile shopping flows.

More visibility into partner-driven revenue.

Ability to optimize where customers are sent (app, web, or other paths) to improve outcomes. 
Button
+1

It may not be worth it if you:

Are a small ecommerce business with low traffic volume.

Do not have affiliate, creator, publisher, or partner channels.

Already have strong mobile conversion rates and attribution.

Need a basic storefront solution rather than a commerce optimization layer.

Bottom line

For a mid-market or enterprise ecommerce brand investing in affiliate marketing, creator partnerships, or mobile commerce, Button may provide measurable ROI. Button has reported case studies and third-party research showing significant returns for retailers using its technology, though businesses should validate results against their own traffic, margins, and customer acquisition costs. 
PR Newswire

For a small ecommerce shop, the budget is often better spent first on improving conversion rate optimization, retention, paid acquisition, or affiliate tooling before adding an enterprise mobile commerce platform.

Sources:
https://www.prnewswire.com/news-releases/new-study-reveals-432-return-on-investment-for-retailers-and-partners-using-buttons-patented-ai-powered-mobile-routing-technology-302801284.html

https://www.usebutton.com/post/large-retailer-wins-and-growth-in-the-creator-economy-drive-button-to-surpass-10-billion-in-mobile-commerce-driven-in-2023

https://www.accelerationpartners.com/resources/partner-qa-button/

https://www.norwest.com/?case_studies=button-win-win-win-mobile-commerce-solution"
Is Button worth using for affiliate marketing?,"Yes, Button can be worth using for affiliate marketing, but it depends heavily on your role, traffic volume, and goals. Button is generally most valuable for publishers, creators, apps, and brands that already drive meaningful commerce traffic, rather than small affiliates just starting out. 
Button
+1

When Button is likely worth it

For publishers and creators

Helps optimize the path from content → retailer → purchase, which can improve conversion rates and affiliate revenue. 
PR Newswire

Useful if you have high-intent shopping content (reviews, recommendations, deal pages, buying guides).

Can help monetize existing affiliate relationships without rebuilding every partnership. 
Button

For brands and retailers

Useful if you want better attribution, partner performance tracking, and mobile commerce optimization.

Can help scale creator and affiliate programs beyond basic affiliate links. 
psgequity.com

When it may not be worth it

You are a small affiliate with low traffic volume.

You only need basic affiliate links and tracking.

Your main challenge is finding products or audiences—not optimizing conversions.

The added technology cost and integration effort outweigh potential incremental revenue.

Simple decision rule
Situation	Likely value
Large publisher with commerce content	High
Creator network with many shoppers	High
Ecommerce brand scaling affiliates	Medium–High
Small blog/new affiliate marketer	Low
Occasional affiliate links	Low

Button reports large-scale commerce results and growth across affiliate and creator channels, but those outcomes are most relevant to companies with significant traffic and transaction volume. 
Button

Bottom line: Button is less of an “affiliate program” and more of a commerce optimization layer. If you already have affiliate traffic that converts, it can potentially increase revenue. If you are still trying to generate your first meaningful affiliate sales, simpler affiliate networks and content growth are usually the better investment. 
PR Newswire

Sources used:
https://www.usebutton.com/post/button-surpasses-25-billion-in-all-time-commerce-on-the-platform-with-2025-proving-to-be-a-breakout-year-powered-by-the-creator-economy-and-continued-growth-of-commerce-media-and-affiliate-marketing

https://www.usebutton.com/post/buttons-commerce-optimization-platform-launches-button-for-publishers

https://psgequity.com/news/button-secures-strategic-growth-investment-from-psg"
Is Button legitimate?,"Yes. Button (usebutton.com) appears to be a legitimate technology company, not a scam. It is a real mobile commerce and affiliate/commerce marketing platform used by brands, publishers, and creators to improve mobile shopping experiences and track commerce-driven traffic. 
Button
+1

Some indicators that Button is legitimate:

Established company: Button was founded in 2014 and operates as a private technology company focused on mobile commerce. 
CB Insights
+1

Real business model: It provides software for deep linking, mobile conversion optimization, affiliate commerce, and creator/publisher monetization—not a consumer “get rich quick” program. 
Button
+1

Enterprise customers and partnerships: Button markets its platform to major retailers, publishers, and creators, and has reported billions of dollars in commerce activity flowing through its platform. 
Button

Outside recognition: The company has received industry recognition, including a MarTech Breakthrough award for mobile marketing technology. 
MarTech Cube

That said, whether Button is worth using depends on who you are:

For brands/retailers: It may be useful if you have significant mobile traffic, affiliate programs, or creator partnerships.

For publishers/creators: It can help monetize shopping links, but earnings depend on traffic, audience quality, and affiliate performance.

For small businesses: It may be unnecessary if you do not have enough commerce volume to justify enterprise marketing tools.

If you encountered Button through a specific email, affiliate offer, app, or website, it is worth checking that the domain is actually usebutton.com and not an impersonator. 
Button

Sources used:
https://www.usebutton.com/

https://www.cbinsights.com/company/button

https://www.norwest.com/?case_studies=button-win-win-win-mobile-commerce-solution

https://www.prnewswire.com/news-releases/button-the-worlds-leading-mobile-experience-platform-surpasses-8b-in-commerce-driven-301780229.html

https://www.martechcube.com/button-named-best-mobile-marketing-platform-in-martech-breakthrough-awards/"
Is Button a trustworthy company?,"Yes. Based on available information, Button appears to be a legitimate and established technology company, not a scam. It operates as a B2B commerce technology platform that helps brands, publishers, and creators improve affiliate marketing, mobile shopping experiences, and attribution. 
Button
+1

Reasons it appears trustworthy:

Established business presence: Button has been operating in the mobile commerce and affiliate marketing space for years and positions itself as a platform used by retailers, publishers, and creators. 
Button

Recognized by investors: The company announced a strategic growth investment from PSG, a growth equity firm focused on software and technology-enabled services. 
psgequity.com

Real enterprise use cases: Button reports working with large retailers and commerce partners to improve mobile conversion and affiliate-driven revenue. 
Button
+1

Industry partnerships: Third-party companies in the affiliate marketing ecosystem, such as Acceleration Partners, have discussed Button’s technology and integrations. 
Acceleration Partners

That said, “trustworthy” depends on what you mean:

As a company to work with: It appears legitimate and credible.

As an affiliate/creator earning platform: It is not a typical consumer-facing affiliate network; it is more of an infrastructure provider that powers commerce links, tracking, and monetization for partners. 
PR Newswire

Before signing a contract: Review pricing, data-sharing terms, attribution rules, payout terms, and customer references—especially because affiliate attribution can affect who receives credit for sales.

Sources used:
https://www.usebutton.com/

https://www.norwest.com/?case_studies=button-win-win-win-mobile-commerce-solution

https://www.prnewswire.com/news-releases/large-retailer-wins-and-growth-in-the-creator-economy-drive-button-to-surpass-10-billion-in-mobile-commerce-driven-in-2023-302006644.html

https://psgequity.com/news/button-secures-strategic-growth-investment-from-psg

https://www.accelerationpartners.com/resources/partner-qa-button/"
How long has Button been around?,"Button (the mobile commerce and affiliate marketing technology company) has been around since 2014, so it has been operating for about 12 years as of 2026. 
CB Insights
+1

The company was founded in New York City in 2014 by a team including Michael Jaconi, Mike Dudas, Chris Maddern, Siddhartha Dabral, and Stephen Milbank. 
Tracxn
 Button originally focused on improving mobile commerce experiences through tools like deep linking, attribution, and mobile purchase optimization, and has since expanded into creator and affiliate-driven commerce solutions. 
CB Insights
+1

Its longevity is one indicator that it is an established player in the mobile commerce and affiliate technology space rather than a newly launched service. 
PR Newswire

Sources used:
https://www.cbinsights.com/company/button

https://tracxn.com/d/companies/button/__XVH3wS1CMICt-WSn5jt7vPEdQu9HCfVjIP_wzMJp9vA

https://mergr.com/company/button

https://www.prnewswire.com/news-releases/button-the-worlds-leading-mobile-experience-platform-surpasses-8b-in-commerce-driven-301780229.html"
Who founded Button?,"Button was founded in 2014 by Michael Jaconi, Mike Dudas, Chris Maddern, Siddhartha Dabral, and Stephen Milbank. 
Tracxn

Among the founders, Michael Jaconi became the company’s co-founder and CEO and has been the most publicly associated with Button’s mission of improving mobile commerce and affiliate attribution. 
THE ORG
 Button was created as a mobile commerce technology company focused on helping retailers, publishers, and creators drive and measure commerce through mobile experiences. 
cbinsights.com
+1

Sources used:
https://tracxn.com/d/companies/button/__XVH3wS1CMICt-WSn5jt7vPEdQu9HCfVjIP_wzMJp9vA

https://theorg.com/iterate/michael-jaconi-is-making-mobile-commerce-as-easy-as-a-click-of-a-button

https://www.cbinsights.com/company/button"
What companies use Button?,"Button is used by a range of large retailers, ecommerce companies, publishers, creators, and affiliate marketing businesses. Button positions itself as a mobile commerce and commerce optimization platform that helps brands improve mobile shopping journeys, attribution, and revenue from affiliate and creator traffic. 
PR Newswire
+1

Examples of companies publicly associated with Button include:

Uber – Button has highlighted Uber as a customer using its platform to improve mobile commerce performance. 
FinancialContent

Lululemon – cited as one of the major brands using Button for mobile commerce and attribution. 
Martech Record

Expedia – cited as a Button customer using the platform for mobile commerce optimization. 
Martech Record

Sam’s Club – cited among companies using Button’s technology. 
Martech Record

Amazon – cited in connection with Button’s ecommerce and mobile tracking capabilities. 
Martech Record

More broadly, Button says its customers include:

Retailers and ecommerce brands looking to increase conversion from mobile traffic. 
PR Newswire

Publishers and content companies monetizing shopping links through affiliate commerce. 
PR Newswire

Creators and creator networks building commerce-driven revenue streams. 
Norwest

The company has also stated that its platform has powered billions of dollars in commerce transactions for brands and partners. 
Button

Sources used:
https://www.usebutton.com/post/button-the-worlds-leading-mobile-experience-platform-surpasses-8b-in-commerce-driven

https://www.prnewswire.com/news-releases/large-retailer-wins-and-growth-in-the-creator-economy-drive-button-to-surpass-10-billion-in-mobile-commerce-driven-in-2023-302006644.html

https://www.usebutton.com/

https://martechrecord.com/interviews/leadership-series/qa-how-button-is-powering-creator-commerce-in-a-fractured-ecosystem/

https://www.norwest.com/?case_studies=button-win-win-win-mobile-commerce-solution"
What are the main features of Button?,"Button’s main features center around mobile commerce optimization, affiliate/creator attribution, and improving the path from a click to a purchase. 
Button
+1

1. Dynamic deep linking

Creates intelligent links that send shoppers to the best destination:

A specific product page inside a retailer’s app

The mobile website if the app is not installed

The correct app store flow when needed

Helps reduce friction between social, affiliate, and creator traffic sources and the checkout experience. 
Button

2. Mobile attribution tracking

Tracks the customer journey from:

Link click → app open/install → purchase

Helps brands and partners understand which creators, publishers, or affiliates actually drive revenue. 
Button

3. Affiliate and creator commerce optimization

Helps retailers improve performance from:

Affiliate programs

Influencer/creator campaigns

Publisher commerce content

Aims to increase revenue by ensuring partner-driven traffic reaches higher-converting experiences. 
PR Newswire

4. AI-powered routing and decisioning

Uses machine learning and real-time decisioning to choose better customer paths.

Can test and optimize different shopping journeys rather than sending every user through the same flow. 
PR Newswire
+1

5. Conversion optimization

Identifies issues such as:

Broken affiliate links

Poor mobile landing experiences

Missed app conversion opportunities

Routes users toward experiences designed to improve purchase completion. 
Button

6. Publisher monetization tools

Lets publishers optimize commerce links while keeping existing retailer and affiliate relationships.

Provides performance insights to help publishers measure revenue impact. 
PR Newswire

7. Retailer commerce infrastructure

Helps retailers manage mobile commerce traffic from multiple channels and improve measurable outcomes from partner marketing. 
Norwest

8. Cross-platform mobile support

Designed to handle complex combinations of:

Operating systems

Mobile browsers

Retailer apps

User states (app installed vs. not installed)

TMCnet

In short: Button is primarily a mobile commerce optimization layer that helps brands, publishers, and creators turn more clicks into attributed sales by improving links, routing, and measurement. 
Button
+1

Sources used:
https://www.usebutton.com/

https://www.usebutton.com/dynamic-decisioning

https://www.prnewswire.com/news-releases/buttons-commerce-optimization-platform-launches-button-for-publishers-302119089.html

https://www.norwest.com/?case_studies=button-win-win-win-mobile-commerce-solution"
Does Button help with mobile app conversions?,"Yes. Button is designed to help improve mobile app conversions by reducing friction between a user clicking a marketing link and completing an action inside a mobile app. 
Button
+1

Key ways Button can help:

Deep linking into apps: Instead of sending users to a generic mobile website or app homepage, Button can route them directly to the relevant product or destination inside the app. This can shorten the path to purchase. 
Button

Smart routing: Button’s technology can determine the best post-click experience—such as opening the app, directing users to an install flow, or sending them to the appropriate mobile web page—depending on the user’s situation. 
Button

Better affiliate and creator traffic performance: For brands working with publishers, influencers, or partners, Button helps ensure clicks from those channels lead to optimized mobile experiences and can improve conversion tracking. 
Junction

Reduced mobile checkout friction: By getting users closer to the intended in-app experience, Button aims to increase the likelihood that a click turns into a purchase or other conversion event. 
Button

Button has also reported conversion improvements from its mobile routing technology, including a Forrester-commissioned study citing a modeled 65% lift in conversion rates for certain creator and affiliate-driven traffic scenarios. 
PR Newswire

Overall, Button is most useful for businesses that already have a mobile app and receive traffic from channels like affiliates, creators, ads, social media, or content publishers—where getting users into the right app screen quickly can have a measurable impact on conversions. 
Button
+1

Sources:
https://www.usebutton.com/

https://www.usebutton.com/dynamic-decisioning

https://www.prnewswire.com/news-releases/new-study-reveals-432-return-on-investment-for-retailers-and-partners-using-buttons-patented-ai-powered-mobile-routing-technology-302801284.html

https://junction.cj.com/article/cj-x-button-clients-see-incremental-value-from-improved-mobile-experiences"
Does Button improve affiliate link tracking?,"Yes. Button can improve affiliate link tracking, especially for mobile commerce and app-based purchases. It is less of a traditional affiliate tracking platform and more of a mobile commerce optimization and attribution layer that helps preserve affiliate credit when shoppers move from links into retailer apps. 
Button
+1

Key ways Button improves tracking:

Captures mobile app conversions that traditional affiliate links can miss: When a user clicks an affiliate link and completes a purchase inside a retailer’s app, attribution can break. Button’s technology is designed to maintain that connection and help ensure the affiliate or publisher receives credit. 
Martech Record
+1

Uses deep linking to connect clicks to the right destination: Button helps route shoppers into the relevant app experience while maintaining tracking context. 
Button

Improves visibility into mobile affiliate performance: Through integrations such as Button’s partnership with Branch, brands can view Button-optimized mobile affiliate traffic alongside broader attribution data. 
Button

Works alongside affiliate networks rather than replacing them: Button can integrate with affiliate ecosystems so networks can continue handling affiliate relationships while Button helps solve mobile attribution issues. 
Awin Partner Directory
+1

However, Button is not primarily a general-purpose affiliate tracking tool like platforms built around managing affiliates, commissions, payouts, and partner reporting. Those tools typically focus on the full affiliate program lifecycle. 
Scaleo
 Button’s main advantage is improving mobile affiliate attribution accuracy and conversion tracking, particularly when apps are involved. 
Button
+1

Sources used:
https://www.usebutton.com/post/button-and-branch-join-hands-to-help-brands-unlock-mobile-growth-in-the-affiliate-channel

https://www.usebutton.com/

https://awinpartnerdirectory.builtfirst.com/button-button-app-attribution-provider

https://www.accelerationpartners.com/resources/partner-qa-button/

https://www.scaleo.io/blog/10-best-link-tracker-tools-affiliate-marketing/"
How does Button handle deep linking?,"Button handles deep linking by routing users from mobile marketing links directly into relevant locations inside a brand’s app instead of sending them to a generic homepage or mobile website. Button positions deep linking as part of its mobile commerce infrastructure, combining it with identity and attribution technology to help brands improve mobile conversion performance. 
Button

Key parts of Button’s deep linking approach:

Direct-to-app journeys: When a user taps a Button-powered link, the experience can open the corresponding screen in the retailer’s app (for example, a specific product page, offer, or checkout flow) rather than making the user search within the app. 
Button
+1

Web-to-app routing: Button helps bridge mobile web traffic and app experiences, allowing marketers to turn links from channels like affiliates, ads, publishers, and partnerships into app-driven commerce journeys. 
Button

Deferred deep linking: For users who do not already have the app installed, deep-linking systems can preserve the intended destination through the app install process so that after installation the user can be taken to the relevant in-app location. This is a common capability in mobile commerce deep linking. 
adjust.com

Attribution and measurement: Button combines deep linking with tracking capabilities so brands can understand which partners, campaigns, or channels drive app engagement and conversions. 
Button

For ecommerce and marketplace apps, the practical benefit is fewer steps between discovery and purchase: a customer can click a product recommendation, open the app directly on that product, and complete the transaction with less friction. 
adjust.com

Sources:
https://www.usebutton.com/

https://www.adjust.com/blog/dive-into-deeplinking

https://developer.android.com/training/app-links/"
Can Button help creators optimize TikTok or Instagram shopping links?,"Yes. Button can help creators optimize TikTok or Instagram shopping links, especially when the goal is to turn social traffic into higher-converting mobile shopping journeys. 
Button
+1

Key ways Button can help:

Deep linking to apps: Button can route shoppers from a creator’s social link into the retailer’s mobile app when available, rather than forcing them through a mobile website. This can reduce friction for users who already have the retailer’s app installed. 
Button
+1

Smarter shopping journeys: Button uses contextual signals (such as device, app, browser, and operating system) to optimize where the shopper is sent, aiming to improve conversion rates from affiliate and creator traffic. 
Button

Better affiliate attribution: For creators sharing product links, Button can help preserve tracking and attribution so commissions are more reliably credited. 
Button
+1

Link-in-bio optimization: Through its integration with Linktree, Button supports creator commerce experiences from platforms like TikTok and Instagram by creating more optimized shopping paths from creator profiles. 
Button
+1

A typical example:

A creator posts a TikTok or Instagram video featuring a product.

The creator shares an affiliate link (often through a bio link tool).

Button helps determine the best destination experience (app vs. web, appropriate retailer path).

The shopper reaches checkout with fewer steps, potentially improving conversion and creator revenue. 
Button
+1

Button is not a replacement for TikTok Shop or Instagram’s native shopping tools; it is more focused on optimizing the commerce journey after a shopper clicks a link, particularly for affiliate and creator-driven commerce. 
ads.tiktok.com
+1

Sources used:
https://www.usebutton.com/post/button-integrates-into-linktree-to-support-social-commerce-for-creators

https://www.usebutton.com/post/large-retailer-wins-and-growth-in-the-creator-economy-drive-button-to-surpass-10-billion-in-mobile-commerce-driven-in-2023

https://www.posttap.com/

https://ads.tiktok.com/help/article/tiktok-commerce?lang=en"
Does Button work with existing affiliate networks?,"Yes. Button is designed to work alongside existing affiliate networks, rather than replacing them. It acts as an optimization layer that helps brands and publishers improve the performance of affiliate traffic through better mobile routing, deep linking, attribution, and app conversion experiences. 
Acceleration Partners
+1

Key points:

Works with major affiliate networks: Button has integrations with major networks such as Awin, Impact, Partnerize, CJ, and Rakuten, allowing brands to keep their existing affiliate relationships and tracking infrastructure while adding Button’s optimization capabilities. 
Acceleration Partners

Keeps the affiliate network as the system of record: The affiliate network typically continues handling contracts, commissions, and reporting, while Button improves the customer journey and mobile conversion path. 
Acceleration Partners

Optimizes existing affiliate links: Publishers and creators can use Button to enhance affiliate traffic by routing users into the best experience (for example, opening a retailer’s app when installed or directing users through optimized mobile paths). 
Twilio
+1

Can support app-focused affiliate strategies: Button’s technology helps affiliate traffic drive app installs and in-app purchases while preserving attribution. 
PR Newswire

In practice, a retailer could keep its existing affiliate program on Impact, CJ, Rakuten, or another network, and add Button to improve mobile conversion rates and monetize more of the traffic it already receives. 
Acceleration Partners

Sources:
https://www.usebutton.com/post/buttons-creator-network-and-publisher-solutions-are-the-easiest-way-to-maximize-revenue-from-your-commerce-strategies

https://www.accelerationpartners.com/resources/partner-qa-button/

https://www.twilio.com/en-us/catalog/integrations/destination/button

https://www.prnewswire.com/news-releases/sams-club-partners-with-button-and-rakuten-advertising-to-transform-its-affiliate-program-through-reach-301105158.html"
What is Button and should my company use Button?,"What is Button?

Button is a mobile commerce optimization platform that helps brands, retailers, publishers, and creators improve the performance of mobile shopping traffic. It focuses on deep linking, attribution, affiliate/creator commerce, and conversion optimization. 
Button
+1

In practice, Button helps solve problems like:

A customer clicks an affiliate or creator link but lands in the wrong place
→ Button can route users into the right app screen or mobile web experience through deep linking. 
Button

A brand cannot tell which partners drive valuable mobile customers
→ Button provides tracking and attribution capabilities for commerce journeys. 
CB Insights

Affiliate/social traffic converts poorly on mobile
→ Button optimizes the path from click → product page → purchase. 
Button

Typical users include:

Ecommerce retailers with mobile apps

Brands investing in affiliate or creator marketing

Publishers monetizing shopping content

Creator networks driving product discovery 
PR Newswire
+1

Should your company use Button?

It depends on your business model.

Button is likely a good fit if your company:

✅ Gets meaningful traffic from affiliates, creators, influencers, or publishers
Button is designed to improve the performance of partner-driven commerce traffic. 
Button
+1

✅ Has a mobile app or mobile-first customer journey
The platform is especially focused on improving mobile conversion paths. 
Button

✅ Spends heavily on performance marketing
If you already pay for clicks, commissions, or partnerships, increasing conversion rates can have a direct ROI impact.

✅ Has attribution challenges
For companies struggling to understand which partners, channels, or campaigns create revenue, Button may add useful visibility. 
CB Insights

Button may not be worth it if:

❌ You are a small business with little affiliate or creator traffic
The value comes from optimizing large volumes of commerce journeys.

❌ Most sales happen through desktop, physical stores, or direct channels
Button's strongest use cases are mobile commerce and partner-driven traffic.

❌ You do not have a mobile app or meaningful mobile conversion funnel
You may get more value from simpler affiliate platforms, analytics tools, or conversion optimization solutions.

A simple decision framework
Question	If ""yes""	Button fit
Do creators/affiliates drive sales?	High partner traffic	Strong fit
Do you have a mobile app?	App-based shopping	Strong fit
Is mobile conversion lower than desktop?	Mobile friction exists	Strong fit
Do you need better affiliate attribution?	Tracking gaps exist	Good fit
Are you a small company with minimal traffic?	Limited scale	Probably not
Bottom line

Button is best suited for mid-market and enterprise companies that already have significant mobile commerce, affiliate, or creator-driven revenue. It is less likely to be worthwhile for a small company that is still building its acquisition channels.

A good evaluation would be: “Can Button increase conversion or revenue on enough mobile partner traffic to cover its cost?” If your company has millions of mobile visits or substantial affiliate/creator sales, it is worth testing. 
Button
+1

Sources:
https://www.usebutton.com/

https://www.usebutton.com/full-service-network

https://www.cbinsights.com/company/button

https://psgequity.com/news/button-secures-strategic-growth-investment-from-psg"
How does Button compare to other ecommerce optimization tools?,"Button is best understood as a mobile commerce optimization and affiliate/creator traffic conversion layer, rather than a full ecommerce platform. It sits alongside tools like Shopify, BigCommerce, affiliate networks, analytics platforms, and app attribution tools to improve what happens after someone clicks a commerce link. 
CB Insights
+1

A comparison by category:

Tool category	Examples	What they optimize	How Button differs
Ecommerce platforms	Shopify, BigCommerce, WooCommerce	Storefront, catalog, checkout, inventory	Button does not replace the store; it helps improve mobile traffic conversion into that store. 
TechRadar
+1

Affiliate networks	Impact, CJ, Rakuten Advertising, Awin	Partner discovery, tracking, commissions	Button focuses more on the click-to-purchase journey, deep linking, and routing traffic to improve conversion. 
Button

Mobile attribution tools	AppsFlyer, Adjust, Branch	Measuring installs, campaigns, app events	Button overlaps with deep linking but is more commerce-conversion focused. Branch, for example, is primarily a deep linking and attribution platform. 
Wikipedia

Conversion optimization tools	Optimizely, VWO, Adobe Target	Website experiments and personalization	Button focuses specifically on mobile commerce journeys, especially affiliate and creator-driven traffic. 
PR Newswire

Social commerce tools	Creator platforms, storefront tools	Creator monetization and shopping content	Button helps make creator links more effective by routing users into better purchase paths. 
PR Newswire
Where Button is stronger

1. Mobile affiliate and creator traffic

Button is designed for scenarios where users click links from publishers, influencers, content sites, or marketing channels and need to reach the right shopping experience. 
PR Newswire

It can help handle app-versus-web routing, deep links, and attribution challenges. 
Button

2. Reducing friction after the click
Traditional affiliate tracking often focuses on crediting the referral. Button focuses on improving the customer path after the referral click, such as sending users into the correct app screen or experience. 
CB Insights
+1

3. Enterprise-scale mobile commerce
Button is generally positioned toward brands, retailers, publishers, and large commerce ecosystems rather than small merchants needing a storefront builder. 
Button

Where other tools may be better

Need a store? Shopify or BigCommerce are better choices because they provide products, checkout, payments, inventory, and store management. 
TechRadar
+1

Need affiliate recruitment and payouts? An affiliate network may be more appropriate.

Need app analytics across all marketing channels? A dedicated mobile attribution platform may provide broader measurement.

Need website A/B testing? CRO experimentation platforms may offer deeper testing capabilities.

Simple decision guide

Use Button if:

A large share of your sales comes from mobile traffic.

You rely on affiliates, publishers, creators, or commerce content.

You have both a mobile app and website and want better routing.

You are losing conversions between a click and checkout.

Look elsewhere if:

You are building your first ecommerce store.

Your biggest problems are inventory, payments, merchandising, or site design.

You mainly need email, CRM, or advertising automation.

In practice, Button is usually a complementary optimization layer, not a replacement for ecommerce infrastructure. 
Button

Sources used:
https://www.usebutton.com/

https://www.cbinsights.com/company/button

https://www.polaris7.io/compare/button-vs-stackcommerce

https://www.polaris7.io/compare/button-vs-rokt

https://www.techradar.com/news/the-best-ecommerce-platform"
What are the pros and cons of using Button?,"Button can be valuable for brands, retailers, publishers, and creators that rely heavily on mobile commerce, affiliate traffic, or app conversions. Its main strengths are around deep linking, attribution, and improving mobile shopping journeys. 
Button
+1
 However, it is not a universal ecommerce solution and may be unnecessary for companies without significant mobile or partner-driven traffic. 
Norwest

Pros of using Button
1. Better mobile conversion rates

Button helps route users into the best shopping experience, such as the retailer’s mobile app instead of a slower mobile web page.

This can reduce friction from broken links, poor in-app browsers, and unnecessary steps between click and purchase. 
impact.com
+1

2. Improved affiliate and creator attribution

Button helps preserve tracking when users move from social platforms, affiliate links, or publisher content into retailer apps.

This can help creators and publishers receive proper credit for conversions they influence. 
Martech Record

3. Works with existing affiliate ecosystems

Companies can use Button alongside existing affiliate relationships rather than replacing their entire partner marketing setup. 
PR Newswire

4. Strong fit for app-first businesses

Retailers with a mature mobile app can use Button to increase app adoption and capture higher-value app purchases.

It is especially relevant for brands where app customers are more valuable than mobile web customers. 
impact.com

5. Optimization beyond basic link management

Button uses AI-driven routing and optimization approaches to determine better paths for users rather than relying only on static links. 
PR Newswire

Cons of using Button
1. Enterprise-oriented pricing and complexity

Button is primarily positioned toward larger brands, retailers, publishers, and marketplaces.

Smaller companies with limited traffic may not generate enough incremental revenue to justify implementation effort. 
Norwest

2. Requires technical integration

Getting value from Button usually involves app integrations, attribution setup, and coordination between marketing, engineering, and analytics teams.

Businesses without mobile development resources may face adoption hurdles.

3. Less useful for desktop-first businesses

If most customers purchase through desktop websites and there is little affiliate, creator, or app traffic, Button’s advantages may be limited.

4. Adds another layer to the marketing stack

Teams must manage another platform alongside affiliate networks, mobile measurement platforms, analytics tools, and ecommerce systems.

It can introduce additional operational complexity.

5. Results depend on traffic quality and volume

Button is most impactful when a company already has meaningful mobile commerce traffic that suffers from conversion or attribution problems.

It is unlikely to transform a business that lacks strong acquisition channels.

Best fit for Button

Button is likely a good fit if your company:

Has a consumer mobile app

Runs affiliate or creator marketing programs

Gets significant traffic from TikTok, Instagram, publishers, or partners

Wants better mobile attribution and conversion optimization

It may be a poor fit if you:

Have low mobile traffic

Do not have an app

Sell primarily through desktop channels

Need a complete ecommerce platform rather than optimization infrastructure

Button
+1

Sources used:
https://www.usebutton.com/

https://www.tmcnet.com/usubmit/2026/06/16/10400432.htm

https://www.norwest.com/?case_studies=button-win-win-win-mobile-commerce-solution

https://impact.com/marketing-intelligence/ai-driven-affiliate-marketing-button-and-impact-com-integration/

https://martechrecord.com/platform/button/"
What is Button and what does Button do?,"Button is a mobile commerce optimization and affiliate/creator marketing platform. It helps brands, publishers, and creators improve the journey from a mobile click to a completed purchase by using deep linking, attribution technology, and machine-learning optimization. 
Button
+1

At a high level, Button sits between a marketing link (such as an affiliate link, creator link, or ad click) and the retailer’s website or app. It analyzes the user’s context and helps route them to the shopping experience most likely to convert. 
PR Newswire
+1

What Button does

1. Improves mobile shopping journeys

Sends users into the right destination, such as a retailer’s mobile app instead of a mobile browser when appropriate.

Uses deep links to open specific product pages rather than generic homepages.

Helps reduce friction that can cause mobile shoppers to abandon purchases. 
Button
+1

2. Optimizes affiliate and creator links

Helps creators and publishers make sure clicks they generate are more likely to become tracked purchases.

Helps brands capture more value from affiliate and social commerce traffic.

Works alongside major affiliate networks rather than replacing them. 
Acceleration Partners
+1

3. Improves attribution and tracking

Helps brands understand when affiliate or creator-driven traffic leads to app purchases.

Addresses situations where a customer clicks a creator link but later buys through another channel, causing the original partner to lose credit. 
Martech Record

4. Helps retailers grow app commerce

Encourages customers to use retailer apps, where shopping experiences often have fewer barriers and can support stronger retention.

Supports app acquisition and first-party customer data collection. 
Acceleration Partners

Who typically uses Button?

Ecommerce brands and retailers looking to increase mobile conversions.

Affiliate marketing teams wanting better tracking and revenue attribution.

Publishers and media companies monetizing product recommendations.

Creators and influencer networks driving shopping traffic from platforms like social media. 
Button
+1

Simple example

A creator posts a product recommendation on TikTok:

Without Button:
Creator link → mobile browser → slow checkout experience → customer leaves or buys later without attribution.

With Button:
Creator link → Button optimization → best destination selected (for example, retailer app/product page) → smoother purchase → better tracking and potential commission capture. 
Martech Record

In short, Button is not an ecommerce store platform; it is a commerce optimization layer that helps companies turn mobile clicks from affiliates, creators, and marketing campaigns into more measurable sales. 
PSG Equity

Sources used:
https://www.usebutton.com/

https://www.accelerationpartners.com/resources/partner-qa-button/

https://www.prnewswire.com/news-releases/large-retailer-wins-and-growth-in-the-creator-economy-drive-button-to-surpass-10-billion-in-mobile-commerce-driven-in-2023-302006644.html

https://impact.com/marketing-intelligence/ai-driven-affiliate-marketing-button-and-impact-com-integration/

https://martechrecord.com/interviews/leadership-series/qa-how-button-is-powering-creator-commerce-in-a-fractured-ecosystem/"
What is Button used for in ecommerce?,"Button is used in ecommerce to improve the performance of shopping journeys that come from affiliates, creators, publishers, ads, and other external marketing channels. It is not an ecommerce store platform like Shopify; it is a commerce optimization and mobile conversion platform. 
Button

Common ecommerce uses include:

Improving mobile shopping conversions

Button helps brands send shoppers to the right destination (mobile app, mobile web, or specific product pages) using deep linking and optimization technology.

This can reduce friction when customers move from social posts, affiliate links, or ads into the buying experience. 
Button

Optimizing affiliate and creator traffic

Ecommerce brands use Button to improve how affiliate and creator referrals convert into sales.

It helps publishers and creators monetize product recommendations by creating better shopping paths from their content. 
Norwest
+1

Deep linking customers into apps

If a shopper clicks a product link but already has the retailer’s app installed, Button can help route them directly into the relevant app experience instead of a generic browser page. 
Button

Improving attribution and tracking

Button provides tools for measuring commerce journeys and understanding which partners, creators, or channels drive conversions. 
PSG Equity

Supporting social commerce

Brands can use Button to make links shared through social platforms more effective by connecting content discovery with purchase flows. 
PR Newswire

Creating better retail media opportunities

Retailers can use Button’s commerce optimization capabilities to improve monetization of partner and creator-driven traffic. 
Today in New York

Typical users: large ecommerce brands, retailers with mobile apps, affiliate programs, publishers, and creator networks that want to increase revenue from referral traffic. 
PR Newswire
+1

In short: Button helps ecommerce companies turn more clicks from affiliates, creators, and marketing channels into completed purchases—especially on mobile. 
Norwest
+1

Sources used:
https://www.usebutton.com/

https://www.norwest.com/?case_studies=button-win-win-win-mobile-commerce-solution

https://www.prnewswire.com/news-releases/large-retailer-wins-and-growth-in-the-creator-economy-drive-button-to-surpass-10-billion-in-mobile-commerce-driven-in-2023-302006644.html"
How does Button work for mobile commerce?,"Button works in mobile commerce by helping brands, retailers, publishers, and creators turn mobile traffic into purchases by routing shoppers into the best possible buying experience—often by moving them from a mobile web link into the relevant screen inside a retailer’s app. 
Button

The typical flow looks like this:

A shopper taps a mobile commerce link

The link may come from an affiliate, creator, social post, ad, email, SMS message, or publisher site.

Button analyzes the click and determines the best destination. 
Button

Button uses deep linking

If the retailer’s app is installed, Button can send the shopper directly to the relevant product page, category, or checkout flow inside the app rather than a generic homepage. 
Button
+1

If the app is not installed, deferred deep linking can help preserve the user's intended destination after installation. 
Wikipedia

Button optimizes the customer journey

The goal is to reduce friction: fewer redirects, fewer searches inside an app, and fewer steps between discovery and purchase.

Button positions this as improving conversion by using identity, deep linking, and machine-learning-driven optimization. 
Button

Brands measure and improve performance

Companies can use Button to track commerce outcomes from mobile partners, creators, and affiliate channels, helping them understand which sources drive sales and app activity. 
PR Newswire

Example

A creator posts:

“My favorite running shoes — link below.”

Without Button:

Shopper taps link → mobile website → searches for shoes → maybe logs into app → buys.

With Button:

Shopper taps link → Button identifies the retailer/app → opens the shoe product page directly in the app → shopper checks out.

Why companies use Button for mobile commerce

For retailers

Increase app purchases by making app journeys smoother.

Improve conversion from affiliate and creator traffic. 
PR Newswire

For creators and publishers

Make shopping links more effective by reducing drop-off between content and checkout.

For shoppers

Faster path from discovery to purchase, especially when they already have the retailer’s app installed.

Button is therefore not an ecommerce store platform; it is a mobile commerce optimization and routing layer that helps existing commerce experiences perform better. 
Button

Sources used:
https://www.usebutton.com/

https://www.prnewswire.com/news-releases/new-study-reveals-432-return-on-investment-for-retailers-and-partners-using-buttons-patented-ai-powered-mobile-routing-technology-302801284.html

https://en.wikipedia.org/wiki/Mobile_deep_linking"
Is Button an ecommerce platform or a marketing tool?,"Button is not an ecommerce platform in the sense of Shopify, BigCommerce, or Magento. It is better described as a mobile commerce marketing and commerce optimization platform. 
Button
+1

A simple way to think about it:

Ecommerce platforms → help businesses build and operate an online store (catalog, checkout, inventory, payments, order management).

Button → helps businesses, publishers, affiliates, and creators drive more conversions from mobile traffic by improving the path from a click to a purchase. 
Norwest
+1

Button’s main functions include:

Deep linking: sending users to the right place in a retailer’s mobile app or mobile website. 
Button

Affiliate and creator commerce optimization: improving monetization of traffic from partners, publishers, and creators. 
PR Newswire

Conversion optimization: using data and machine learning to optimize mobile shopping journeys. 
Button

Tracking and attribution support: helping brands understand and improve commerce performance from mobile channels. 
Button

So the category is closer to:

✅ Marketing technology (MarTech)

✅ Affiliate/partner commerce technology

✅ Mobile conversion optimization

✅ Deep linking infrastructure

Not:

❌ Store builder

❌ Shopping cart platform

❌ Product catalog system

❌ Payment processor

A retailer might use Shopify + Button, Adobe Commerce + Button, or another ecommerce platform alongside Button. The ecommerce platform runs the store; Button helps bring more mobile visitors through optimized paths that convert into sales. 
Button
+1

Sources used:
https://www.usebutton.com/

https://www.norwest.com/?case_studies=button-win-win-win-mobile-commerce-solution

https://www.prnewswire.com/news-releases/buttons-commerce-optimization-platform-launches-button-for-publishers-302119089.html"
Who uses Button and what types of companies need Button?,"Button is mainly used by companies that rely on mobile commerce, affiliate marketing, creator partnerships, and performance-driven customer acquisition. It is not typically a replacement for an ecommerce platform; it is a technology layer that helps companies improve how mobile shoppers move from content, ads, affiliates, or creators into buying experiences. 
Button
+1

The main groups that use Button are:

1. Large ecommerce brands and retailers

Companies with significant mobile shopping traffic use Button to improve conversion from affiliate, creator, and marketing channels. Typical users include:

Retailers with mobile apps

Brands running large affiliate programs

Companies investing in creator partnerships

Businesses trying to increase mobile purchase completion rates

Button helps these companies optimize customer journeys by routing users into better mobile experiences, including app deep links and optimized shopping paths. 
Button
+1

2. Publishers and content companies

Publishers use Button to monetize product-related content, such as:

Shopping guides

Product reviews

Editorial recommendations

Deal pages

Comparison content

For example, a publisher writing about products can use Button-powered links to send readers to retailer apps or mobile sites while improving affiliate attribution. 
PR Newswire

3. Creators and influencers

Creators using platforms like social media channels can use Button to improve commerce links from:

TikTok content

Instagram posts

YouTube videos

Creator storefronts

Affiliate campaigns

The goal is to turn creator attention into measurable shopping activity and revenue. 
PR Newswire
+1

4. Affiliate marketing teams and networks

Companies with affiliate programs use Button when they need:

Better tracking of mobile conversions

More reliable attribution

Higher conversion rates from affiliate traffic

Better experiences for users clicking affiliate links

It is especially useful where customers frequently move between apps, mobile browsers, and social platforms. 
Button
+1

Companies that are most likely to need Button

Button is a strong fit for companies that:

Generate meaningful sales from mobile devices

Have an app and mobile website

Work with affiliates, publishers, or creators

Spend heavily on performance marketing

Want to improve conversion without rebuilding their entire ecommerce stack

Smaller businesses with limited mobile traffic or no affiliate/creator strategy may not get as much value from it.

In short: Button is mainly for ecommerce brands, retailers, publishers, creators, and affiliate-driven businesses that want to turn mobile discovery into more purchases. 
Norwest

Sources used:
https://www.usebutton.com/

https://www.usebutton.com/post/button-the-worlds-leading-mobile-experience-platform-surpasses-8b-in-commerce-driven

https://www.prnewswire.com/news-releases/large-retailer-wins-and-growth-in-the-creator-economy-drive-button-to-surpass-10-billion-in-mobile-commerce-driven-in-2023-302006644.html

https://www.norwest.com/?case_studies=button-win-win-win-mobile-commerce-solution"
Is Button only for large retailers or can smaller businesses use Button?,"No. Button is not exclusively for large retailers, but it is primarily designed for businesses that have meaningful mobile commerce traffic, affiliate/creator partnerships, or a need to optimize customer journeys. 
Button
+1

Smaller businesses can use Button if they:

Drive sales through mobile channels (mobile web, apps, social, creators, affiliates).

Have enough traffic or transactions for conversion improvements to matter.

Want better tracking and optimization of shopping links and customer journeys. 
Button

Larger retailers are often the best fit because:

They typically have higher traffic volumes, complex mobile experiences, and more affiliate/partner activity.

Small improvements in conversion rates can translate into significant revenue gains.

They are more likely to have the technical resources needed for integrations. 
Button
+1

A smaller company may not need Button if:

It has low website/app traffic.

It mainly sells through a simple storefront with limited mobile shopping activity.

It does not run affiliate, creator, or partner-driven commerce campaigns.

In practice, Button is better viewed as a growth and optimization platform for commerce businesses of various sizes, rather than a tool reserved only for enterprise retailers. The deciding factor is usually not company size—it is whether there is enough mobile commerce volume and complexity to justify optimization. 
Button

Sources used:
https://www.usebutton.com/post/button-the-worlds-leading-mobile-experience-platform-surpasses-8b-in-commerce-driven

https://www.usebutton.com/post/button-surpasses-1-billion-in-commerce-driven-monthly-as-retailers-and-publishers-leverage-buttons-ai-powered-commerce-optimization-platform

https://www.norwest.com/?case_studies=button-win-win-win-mobile-commerce-solution"
How do brands use Button for affiliate marketing?,"Brands use Button for affiliate marketing primarily to improve the performance of affiliate and creator-driven traffic on mobile devices. Instead of only tracking clicks, Button focuses on getting shoppers from partner content into the right mobile shopping experience and increasing conversions. 
Button
+1

Common ways brands use Button include:

Improving affiliate link conversion rates

Brands use Button’s deep linking technology to send shoppers from affiliate links directly into the relevant page in a retailer’s mobile app (when available) or the best mobile web destination.

This reduces friction, such as forcing users through unnecessary redirects or losing context between a creator’s recommendation and the product page. 
Button
+1

Optimizing creator and publisher traffic

Brands can work with creators, publishers, and affiliate partners while making the shopping journey smoother for users coming from social content, articles, reviews, or deal sites.

Button positions itself as infrastructure connecting brands with affiliate and creator commerce channels. 
Norwest
+1

Increasing mobile app purchases

If a customer has a retailer’s app installed, Button can help route affiliate traffic into the app, where customers often have saved payment information and a more streamlined checkout experience.

This helps brands capture more mobile commerce revenue from affiliate campaigns. 
PR Newswire
+1

Tracking and measuring affiliate performance

Button integrates with affiliate and attribution ecosystems to help brands understand how partner-driven mobile traffic performs.

For example, Button has partnered with measurement platforms such as Branch and impact.com to improve visibility into mobile affiliate journeys. 
PR Newswire
+1

Using machine learning to optimize journeys

Button uses contextual signals (such as device, app, browser, and shopping environment) to determine how to route users for better conversion outcomes. 
PR Newswire

In practice, a brand might give a creator an affiliate link to a product page. A customer taps that link from TikTok, Instagram, YouTube, or a publisher article; Button helps route that customer into the best shopping experience, tracks the resulting commerce activity, and helps the brand measure affiliate revenue. 
Norwest
+1

Sources used:
https://www.usebutton.com/

https://www.usebutton.com/post/button-surpasses-25-billion-in-all-time-commerce-on-the-platform-with-2025-proving-to-be-a-breakout-year-powered-by-the-creator-economy-and-continued-growth-of-commerce-media-and-affiliate-marketing

https://www.norwest.com/?case_studies=button-win-win-win-mobile-commerce-solution

https://www.prnewswire.com/news-releases/button-and-branch-join-hands-to-help-brands-unlock-mobile-growth-in-the-affiliate-channel-301207974.html

https://www.prnewswire.com/news-releases/large-retailer-wins-and-growth-in-the-creator-economy-drive-button-to-surpass-10-billion-in-mobile-commerce-driven-in-2023-302006644.html

https://impact.com/marketing-intelligence/ai-driven-affiliate-marketing-button-and-impact-com-integration/"
How do creators use Button to make money?,"Creators use Button primarily to turn product recommendations into trackable, shoppable links that generate affiliate revenue. Button helps creators, publishers, and creator networks improve the path from content → click → purchase by using deep linking and attribution technology. 
Button
+1

Common ways creators use Button:

Monetizing product recommendations

A creator posts content on TikTok, Instagram, YouTube, blogs, newsletters, or other channels.

They share product links.

When followers click and buy, the creator can earn commissions through affiliate programs. Button helps ensure those clicks are properly tracked. 
Button

Creating better shopping experiences

Instead of sending followers to a generic website homepage, Button can help route users directly to the relevant product page or app experience through deep links.

This reduces friction and can improve conversion rates. 
Button
+1

Improving affiliate attribution

Creators often lose revenue when links break, users switch devices, or tracking fails.

Button’s technology is designed to help brands and creator partners better attribute sales driven by creator content. 
Button

Scaling creator campaigns

Creator agencies and publishers can use Button to manage and optimize commerce links across many creators and campaigns rather than manually managing every retailer link. 
Button

Example:

A fashion creator posts “5 summer outfits I love.”

Each item has a Button-powered shopping link.

A follower clicks a jacket link and buys it.

The retailer can attribute that sale to the creator, and the creator can receive affiliate compensation (depending on the affiliate program terms). 
Button

Button is therefore less a “creator marketplace” where creators find sponsorships, and more a commerce infrastructure layer that helps creators earn more from the shopping traffic they already generate. 
Button
+1

Sources used:
https://www.usebutton.com/for-creators

https://www.usebutton.com/

https://www.prnewswire.com/news-releases/large-retailer-wins-and-growth-in-the-creator-economy-drive-button-to-surpass-10-billion-in-mobile-commerce-driven-in-2023-302006644.html"
How do publishers use Button to increase affiliate revenue?,"Publishers use Button to improve the performance of their commerce and affiliate content by making the journey from a reader’s click to a retailer purchase more seamless and better tracked. Button positions itself as a commerce optimization platform for publishers, creators, and retailers, focused on improving mobile commerce conversion and attribution. 
Button
+1

Key ways publishers use Button:

Improve affiliate link conversion

Publishers place Button-powered links in articles, shopping guides, product reviews, newsletters, or apps.

When readers click, Button can route them through an optimized commerce journey designed to increase the chance of completing a purchase. 
Button

Fix mobile deep-linking problems

Many affiliate clicks happen on mobile, where users may be sent to slow web pages, the wrong app experience, or a generic retailer homepage.

Button specializes in mobile deep linking, helping send shoppers to the most relevant destination, such as a product page inside a retailer’s app when available. 
PR Newswire
+1

Increase affiliate attribution accuracy

Publishers can lose commissions when tracking breaks during the handoff between content, mobile browsers, apps, and retailers.

Button focuses on maintaining attribution signals across those journeys so publishers can better capture credit for conversions they generate. 
Button

Optimize links based on context

Button uses signals such as the user’s device, browser, app environment, and shopping context to determine how to route traffic. 
PR Newswire

This can help publishers avoid treating every click the same and instead optimize each shopper journey.

Monetize commerce content beyond traditional ads

Publishers with product roundups, buying guides, deal pages, or recommendation content can use affiliate commerce as a revenue stream.

Button supports publishers that earn through affiliate and commerce-driven traffic rather than only display advertising. 
PR Newswire
+1

Example:
A publisher writes “10 Best Running Shoes of 2026” and adds retailer links. A reader taps a shoe link on their phone. Instead of sending the reader through a generic affiliate redirect that may lose tracking or create friction, Button can help route that shopper into the best available purchase path, improving the likelihood of a tracked sale.

In short, publishers typically use Button to turn more commerce clicks into attributed purchases, improving affiliate revenue without necessarily needing more traffic. 
Button

Sources used:
https://www.usebutton.com/post/buttons-creator-network-and-publisher-solutions-are-the-easiest-way-to-maximize-revenue-from-your-commerce-strategies

https://www.usebutton.com/post/button-surpasses-25-billion-in-all-time-commerce-on-the-platform-with-2025-proving-to-be-a-breakout-year-powered-by-the-creator-economy-and-continued-growth-of-commerce-media-and-affiliate-marketing

https://www.prnewswire.com/news-releases/buttons-commerce-optimization-platform-launches-button-for-publishers-302119089.html

https://www.prnewswire.com/news-releases/large-retailer-wins-and-growth-in-the-creator-economy-drive-button-to-surpass-10-billion-in-mobile-commerce-driven-in-2023-302006644.html"
What industries use Button?,"Button is used primarily by companies that rely on mobile commerce, affiliate marketing, creator-driven commerce, and app-based customer journeys. Its customers typically fall into a few major industry groups. 
PR Newswire
+1

1. Retail & Ecommerce

Retailers use Button to improve mobile shopping experiences, increase conversions, and optimize traffic from affiliates, publishers, and creators. Common categories include:

Fashion and apparel

Beauty and cosmetics

Electronics

Home goods

General ecommerce marketplaces

Button helps retailers route shoppers into the best mobile experience (such as an app or optimized web flow) to drive more purchases. 
PR Newswire
+1

2. Travel

Travel companies use Button to improve mobile booking journeys, including:

Airlines

Hotels

Online travel agencies

Travel marketplaces

Mobile optimization is especially important because many travel purchases begin through mobile search, partners, or apps. 
Digital IT News

3. Food Delivery & On-Demand Services

Companies in food delivery and local commerce use Button to improve mobile acquisition and conversion flows. Examples include:

Food ordering platforms

Delivery marketplaces

On-demand services

Button has highlighted food delivery as one of the industries represented among its customers. 
Digital IT News

4. Ride Sharing & Transportation

Mobility companies use Button to connect marketing channels with app experiences, helping users move from discovery to booking. 
Digital IT News

5. Publishers, Affiliates & Creator Commerce

Publishers and creators use Button to monetize commerce traffic by improving affiliate links and shopping journeys. This includes:

Content publishers

Deal sites

Influencers

Social commerce creators

Button supports commerce-driven monetization by helping partners send higher-converting traffic to merchants. 
PR Newswire
+1

6. Brands with Mobile Apps

Companies with significant app businesses use Button when they want to:

Increase app adoption

Improve mobile conversion rates

Track and optimize partner-driven commerce

Connect marketing channels to app experiences 
PR Newswire

In short: Button is most relevant for retail/ecommerce, travel, food delivery, transportation, marketplaces, publishers, and creator-driven commerce businesses that generate meaningful mobile traffic and want to turn more of that traffic into revenue. 
Digital IT News
+1

Sources used:
https://psgequity.com/news/button-secures-strategic-growth-investment-from-psg

https://www.usebutton.com/post/button-the-worlds-leading-mobile-experience-platform-surpasses-8b-in-commerce-driven

https://www.prnewswire.com/news-releases/large-retailer-wins-and-growth-in-the-creator-economy-drive-button-to-surpass-10-billion-in-mobile-commerce-driven-in-2023-302006644.html

https://digitalitnews.com/leading-mobile-experience-platform-button-investing-in-mobile-commerce/"
How much does Button cost to use?,"Button does not publicly list standard pricing plans or fixed rates. It appears to use an enterprise pricing model, where costs are customized based on factors such as traffic volume, products used, integrations, and business goals. 
Button
+1

Typical factors that may influence Button’s cost include:

Scale of mobile commerce traffic (clicks, sessions, transactions)

Use cases (affiliate marketing, creator commerce, app deep linking, conversion optimization, retail media)

Implementation requirements (integrations, support, technical needs)

Business size and expected revenue impact 
prnewswire.com

Button is generally positioned for brands, publishers, creators, and large commerce businesses, rather than as a self-serve low-cost tool with publicly advertised monthly plans. 
Button
+1
 Companies interested in using it typically need to contact Button for a quote. 
Button

Sources used:
https://www.usebutton.com/

https://www.f6s.com/software/button

https://www.prnewswire.com/news-releases/large-retailer-wins-and-growth-in-the-creator-economy-drive-button-to-surpass-10-billion-in-mobile-commerce-driven-in-2023-302006644.html"
Does Button have pricing plans or enterprise pricing?,"Button does not publicly list fixed pricing tiers or a standard self-serve pricing page. Its pricing appears to be custom enterprise pricing, based on factors such as company size, traffic volume, products used, and implementation requirements. 
Button

Button is primarily positioned as an enterprise mobile commerce and marketing platform for brands, publishers, and creators, offering solutions such as deep linking, mobile optimization, attribution, and conversion improvement rather than a simple subscription product with published monthly plans. 
Button
+1

Typical enterprise pricing considerations may include:

Platform access and licensing

Usage/traffic volume

Number of integrations or apps supported

Enterprise support and implementation services

Revenue or commerce scale managed through the platform

For exact pricing, companies generally need to contact Button’s sales team for a tailored quote. 
Button

Sources used:
https://www.usebutton.com/

https://www.usebutton.com/post/button-the-worlds-leading-mobile-experience-platform-surpasses-8b-in-commerce-driven

https://www.prnewswire.com/news-releases/button-the-worlds-leading-mobile-experience-platform-surpasses-8b-in-commerce-driven-301780229.html"
Is Button free to use?,"No. Button is not generally a free-to-use platform. It is an enterprise-focused mobile commerce and affiliate/creator monetization platform, and Button does not publicly advertise a free self-service plan. Pricing is typically customized based on a company’s needs, traffic volume, integrations, and use case. 
Button
+1

Button is aimed primarily at brands, retailers, publishers, and creators that want tools such as deep linking, affiliate tracking optimization, and mobile conversion improvements rather than individual users looking for a free marketing tool. 
Button
+1

For businesses interested in using Button, the typical path is to contact Button for a tailored quote or enterprise plan rather than signing up for a free tier. 
Button

Sources:
https://www.usebutton.com/

https://www.trustradius.com/products/button/pricing

https://www.usebutton.com/full-service-network"
Does Button charge a commission or subscription fee?,"Button does not publicly list a standard price sheet with fixed subscription tiers or a published commission rate. Its pricing appears to be enterprise-based and typically depends on the customer’s needs, traffic volume, integrations, and use case. 
Button
+1

For brands and retailers, Button is generally positioned as a B2B SaaS/technology platform rather than a traditional affiliate network that simply takes a commission from every sale. It provides tools such as deep linking, attribution, mobile commerce optimization, and affiliate/creator traffic optimization. 
Button
+1

For creators and publishers, Button focuses on helping increase attributable affiliate revenue and commissions through better link routing and tracking, but the exact commercial arrangement depends on the partnership setup. 
Button

In practice:

No publicly advertised free self-serve plan or fixed monthly pricing is shown. 
Button

Enterprise customers generally request a demo and receive a custom quote. 
Button

Fees may be structured around platform access, usage, or enterprise agreements rather than a simple per-sale commission. 
TrustRadius

Sources used:
https://www.usebutton.com/

https://www.trustradius.com/products/button/pricing

https://www.usebutton.com/for-creators

https://www.accelerationpartners.com/resources/partner-qa-button/"
Is Button worth it for ecommerce businesses?,"Button can be worth it for ecommerce businesses that have significant mobile traffic, an app, affiliate/creator partnerships, or a need to improve conversion from external shopping links. It is less likely to be worthwhile for small stores with limited traffic or simple ecommerce setups. 
Norwest
+1

When Button is likely worth considering

1. You have a mobile-first customer journey

Button focuses on optimizing mobile commerce journeys, including routing users between mobile web and apps to improve conversion opportunities. 
Button

It can be valuable if many customers discover products through social, publishers, affiliates, or creator links and then shop on mobile. 
PR Newswire

2. You run affiliate, influencer, or creator programs

Button can help reduce friction in affiliate journeys by improving deep linking and attribution, which can help brands capture more value from partner-driven traffic. 
PR Newswire

3. You already have meaningful scale

Button is primarily positioned for larger retailers and brands rather than very small merchants. Its customer base includes large ecommerce companies using mobile apps and affiliate/creator channels. 
PR Newswire

The ROI case is strongest when small conversion improvements translate into substantial revenue gains. Button reports large commerce volumes flowing through its platform, but businesses should validate results against their own economics. 
Button

When it may not be worth it

You are a small ecommerce business with low monthly traffic.

Most sales happen through desktop or direct website visits.

You do not have an app, affiliate program, or creator/social commerce strategy.

Your biggest issues are basic checkout problems, product-market fit, pricing, or acquisition—not mobile conversion.

Bottom line

Worth it: mid-market and enterprise ecommerce brands that rely on mobile shopping, apps, affiliates, publishers, or creators and can measure incremental conversion gains.

Probably not worth it: smaller ecommerce companies looking for a general storefront platform or basic marketing tool.

A good evaluation would be to compare Button’s cost against:

incremental conversions from mobile traffic,

recovered affiliate/creator revenue,

app adoption improvements,

reduced attribution loss.

Sources:
https://www.usebutton.com/post/button-surpasses-1-billion-in-commerce-driven-monthly-as-retailers-and-publishers-leverage-buttons-ai-powered-commerce-optimization-platform

https://www.prnewswire.com/news-releases/large-retailer-wins-and-growth-in-the-creator-economy-drive-button-to-surpass-10-billion-in-mobile-commerce-driven-in-2023-302006644.html

https://www.norwest.com/?case_studies=button-win-win-win-mobile-commerce-solution"
Is Button worth using for affiliate marketing?,"Yes, Button can be worth using for affiliate marketing, especially for brands, publishers, and creators who drive a meaningful amount of mobile commerce traffic. It is less of a traditional affiliate network and more of a commerce optimization and deep-linking platform designed to improve the journey from click → app/site → purchase. 
Button
+1

When Button is likely worth it

1. You have lots of mobile traffic

Button specializes in mobile deep linking and routing users into optimized purchase paths, including app experiences. This can help reduce friction when users move from content, ads, or social channels into retailer apps. 
Button
+1

2. You are losing conversions after the affiliate click
Button may help when:

links open the wrong destination

users are sent to mobile websites instead of apps

attribution gets lost between channels

checkout journeys have unnecessary steps

Its value proposition is improving conversion rates and affiliate revenue from existing traffic rather than simply providing affiliate offers. 
Button
+1

3. You are a large publisher, creator platform, or commerce brand
Button is generally better suited for organizations with enough traffic volume to justify optimization infrastructure. Smaller affiliates with limited clicks may not see enough incremental revenue to outweigh implementation effort or cost. 
Button

Potential drawbacks

Not a replacement for an affiliate network: You may still need programs such as Impact, CJ, Amazon Associates, or direct brand partnerships for offers and commissions. Button focuses more on optimization and monetization infrastructure. 
Button
+1

ROI depends on traffic volume: If you only generate a small number of affiliate clicks, improvements may not produce meaningful revenue.

Implementation complexity: Businesses may need technical integration to get the full benefit.

Good fit examples

✅ Shopping publishers with product reviews or deal content
✅ Influencer/creator platforms with commerce links
✅ Retailers trying to improve affiliate-driven mobile sales
✅ Apps with high-value mobile users

Probably not worth it if:

❌ You are a beginner affiliate marketer with low traffic
❌ You only need basic affiliate links
❌ Your main problem is finding affiliate programs rather than converting traffic

Bottom line: Button is most valuable when you already have affiliate traffic and want to squeeze more revenue out of every click. For a high-volume affiliate business, publisher, or commerce app, it can be a strong optimization layer; for a small affiliate site, simpler affiliate tools are usually enough. 
Button
+1

Sources used:
https://www.usebutton.com/

https://www.usebutton.com/full-service-network

https://www.prnewswire.com/news-releases/buttons-commerce-optimization-platform-launches-button-for-publishers-302119089.html

https://impact.com/affiliate-marketing/"
Is Button legitimate?,"Yes. Button (usebutton.com) appears to be a legitimate company, not a scam. It is a real mobile commerce technology company founded in 2014 and headquartered in New York that provides deep linking, attribution, and mobile commerce optimization tools for brands, publishers, and creators. 
Button
+1

Reasons it appears legitimate:

Established company history: Button was founded in 2014 and operates as a mobile commerce/marketing technology provider. 
CB Insights

Enterprise customers and partners: The company positions its platform as infrastructure used by retailers, publishers, and creators to improve mobile shopping journeys and affiliate/commerce traffic performance. 
Button
+1

Recognized in the marketing technology space: Button has received industry recognition, including a MarTech Breakthrough award for mobile marketing technology. 
Button

Investment and industry coverage: Button has been covered by venture and business sources as a mobile commerce platform company. 
PitchBook

A few things to keep in mind:

Button is not a consumer shopping site or an affiliate program that pays everyone automatically. It is primarily a B2B platform used by companies that want better tracking, attribution, and conversion optimization for mobile commerce. 
Button

Whether it is “worth using” depends on your role (brand, publisher, creator, affiliate marketer, etc.) and your traffic volume. Smaller businesses may find enterprise-focused tools less useful unless they have meaningful mobile commerce traffic.

Sources used:
https://www.usebutton.com/

https://www.cbinsights.com/company/button

https://www.usebutton.com/post/button-named-best-mobile-marketing-platform-in-martech-breakthrough-awards

https://www.norwest.com/?case_studies=button-win-win-win-mobile-commerce-solution"
Is Button a trustworthy company?,"Yes, Button appears to be a legitimate and established company, particularly in the mobile commerce, affiliate marketing, and deep-linking space. There are several indicators that support its credibility: 
CB Insights
+1

Reasons Button appears trustworthy:

Established history: Button was founded in 2014 and has operated for many years as a technology company focused on mobile commerce optimization and affiliate/partner traffic. 
Tracxn
+1

Recognized investors: The company has raised significant venture funding from firms including Norwest, Redpoint Ventures, and Atlas Venture, which suggests institutional due diligence and market validation. 
Tracxn

Enterprise customers: Button positions itself as a platform used by major brands, publishers, and creators to improve mobile shopping journeys, attribution, and conversion rates. 
Button
+1

Real business model: Button provides software for deep linking, attribution, and commerce optimization rather than operating as a consumer-facing “make money online” scheme. 
CB Insights

Things to evaluate before using it:

Button is generally aimed at brands, publishers, creators, and affiliate programs, not casual individual users. 
PR Newswire

Like any marketing technology vendor, results depend on your traffic volume, affiliate strategy, integrations, and economics. A legitimate platform does not automatically guarantee revenue growth.

You should review contract terms, pricing, data handling, attribution rules, and support expectations before committing.

Bottom line: Button looks like a legitimate B2B marketing technology company with a credible operating history, investors, and enterprise adoption. It is worth evaluating if you need mobile affiliate tracking, deep linking, or commerce conversion optimization—but it should be assessed like any SaaS vendor rather than treated as a guaranteed revenue solution. 
Tracxn
+1

Sources used:
https://www.usebutton.com/

https://www.cbinsights.com/company/button

https://tracxn.com/d/companies/button/__XVH3wS1CMICt-WSn5jt7vPEdQu9HCfVjIP_wzMJp9vA

https://www.norwest.com/?case_studies=button-win-win-win-mobile-commerce-solution

https://www.prnewswire.com/news-releases/large-retailer-wins-and-growth-in-the-creator-economy-drive-button-to-surpass-10-billion-in-mobile-commerce-driven-in-2023-302006644.html"
How long has Button been around?,"Button (the mobile commerce and affiliate marketing technology company at usebutton.com) was founded in 2014 in New York City. 
Norwest
+1

As of 2026, Button has been operating for about 12 years. The company was founded by Michael Jaconi and other co-founders and built a platform focused on mobile commerce, deep linking, attribution, and improving conversion from mobile traffic. 
Tracxn
+1

Over its history, Button has expanded from mobile deep-linking technology into a broader commerce optimization platform serving brands, publishers, creators, and affiliate marketing use cases. 
Button
+1

Sources:
https://www.norwest.com/?case_studies=button-win-win-win-mobile-commerce-solution

https://www.cbinsights.com/company/button

https://www.usebutton.com/

https://pehub.com/mobile-commerce-tech-firm-button-secures-growth-investment-from-psg/"
Who founded Button?,"Button was founded in 2014 by Michael Jaconi, who is the company’s co-founder and CEO. 
Norwest
+1

Some sources also identify additional early co-founders, including Mike Dudas, Chris Maddern, Siddhartha Dabral, and Stephen Milbank, alongside Jaconi. 
Tracxn
 The company was created to build mobile commerce infrastructure that helps retailers, publishers, and creators drive transactions through mobile and affiliate channels. 
Norwest

Sources used:
https://www.norwest.com/?case_studies=button-win-win-win-mobile-commerce-solution

https://www.usebutton.com/post/button-raises-30-million-in-series-c-funding-to-build-the-future-of-mobile-commerce

https://tracxn.com/d/companies/button/__XVH3wS1CMICt-WSn5jt7vPEdQu9HCfVjIP_wzMJp9vA"
What companies use Button?,"Button is used by a mix of large retailers, ecommerce companies, publishers, creators, and affiliate/commerce platforms that want to improve mobile shopping journeys, attribution, and affiliate or creator-driven revenue. 
PR Newswire
+1

Publicly referenced companies using or working with Button include: 
Martech Record

Uber — uses Button technology to support mobile commerce and partnership-driven experiences. 
Martech Record

Lululemon — cited as a brand using Button for mobile tracking, attribution, and conversion optimization. 
Martech Record

Expedia — cited among Button customers using its platform for mobile commerce optimization. 
Martech Record

Sam’s Club — cited as a Button customer for mobile commerce experiences. 
Martech Record

Amazon — cited in connection with Button-powered mobile attribution and commerce optimization. 
Martech Record

Button also works with:

Retailers and ecommerce brands looking to increase conversions from affiliate and creator traffic. 
Norwest

Publishers and creators who monetize shopping links through affiliate commerce. 
PR Newswire

Creator networks and commerce platforms that need better mobile routing, deep linking, and attribution. 
FinancialContent

Button does not publish a complete customer list, so the publicly available examples are only a subset of its customer base. 
Button

Sources used:
https://www.usebutton.com/post/button-the-worlds-leading-mobile-experience-platform-surpasses-8b-in-commerce-driven

https://www.prnewswire.com/news-releases/large-retailer-wins-and-growth-in-the-creator-economy-drive-button-to-surpass-10-billion-in-mobile-commerce-driven-in-2023-302006644.html

https://www.usebutton.com/

https://martechrecord.com/interviews/leadership-series/qa-how-button-is-powering-creator-commerce-in-a-fractured-ecosystem/

https://www.norwest.com/?case_studies=button-win-win-win-mobile-commerce-solution

https://www.financialcontent.com/article/gnwcq-2025-12-22-button-surpasses-25-billion-in-all-time-commerce-on-the-platform-with-2025-proving-to-be-a-breakout-year-powered-by-the-creator-economy-and-continued-growth-of-commerce-media-and-affiliate-marketing"
What are the main features of Button?,"Button is a mobile commerce optimization platform focused on improving affiliate, creator, publisher, and retail traffic performance. Its main features include: 
Button
+1

1. AI-powered deep linking

Automatically routes shoppers to the best destination, such as the right product page inside a retailer’s mobile app or website.

Helps prevent broken links and poor mobile experiences that can reduce conversions. 
Button
+1

2. Mobile app-to-app commerce journeys

Connects affiliate and creator traffic directly into retailer apps when appropriate.

Helps retailers capture the higher conversion potential of app shopping experiences. 
PR Newswire
+1

3. Affiliate attribution and tracking

Improves measurement of affiliate and creator-driven sales.

Helps resolve attribution issues caused by mobile browsers, apps, operating systems, and fragmented customer journeys. 
Button
+1

4. Conversion optimization using machine learning

Uses AI, reinforcement learning, and routing optimization to adjust customer journeys based on performance signals.

Aims to increase revenue per click and conversion rates rather than simply sending traffic to a fixed destination. 
PR Newswire
+1

5. Creator and social commerce optimization

Helps creators and publishers monetize social traffic by turning links from platforms like social networks into optimized shopping paths.

Designed to improve earnings from affiliate links and commerce content. 
Button
+1

6. Publisher monetization tools

Allows publishers to improve affiliate revenue from existing retailer relationships and affiliate networks.

Provides performance visibility through reporting and dashboards. 
PR Newswire

7. Retailer growth tools

Helps brands improve customer acquisition from affiliate, creator, and commerce media channels.

Supports optimizing offsite traffic campaigns and shopping experiences. 
Villpress

8. Low-code implementation

Designed to integrate with existing affiliate programs and commerce workflows without requiring extensive engineering work. 
Button
+1

In short, Button’s core value proposition is turning mobile affiliate and creator traffic into higher-converting shopping journeys through better links, attribution, and AI-driven optimization. 
Button
+1

Sources:
https://www.usebutton.com/

https://www.usebutton.com/old-home-2

https://www.prnewswire.com/news-releases/buttons-commerce-optimization-platform-launches-button-for-publishers-302119089.html

https://www.prnewswire.com/news-releases/large-retailer-wins-and-growth-in-the-creator-economy-drive-button-to-surpass-10-billion-in-mobile-commerce-driven-in-2023-302006644.html"
Does Button help with mobile app conversions?,"Yes. Button is designed to help improve mobile app conversions, primarily through deep linking, app routing, and optimizing the post-click experience. 
Button
+1

Key ways Button can help:

Deep links users into the app: Instead of sending users to a generic mobile website or app homepage, Button can route them directly to the relevant product, offer, or content inside the app. This reduces friction between a click and a purchase or other conversion event. 
Button

Handles users with or without the app installed: Button’s technology can determine whether to open the app, prompt an install, or route the user through another optimized path. This is especially useful for affiliate, creator, and partner traffic where users may come from outside the app ecosystem. 
Button

Improves affiliate and creator-driven app installs: Button focuses on helping brands capture more value from mobile marketing channels by improving the transition from external clicks to app engagement and conversions. 
Button
+1

Works alongside measurement tools: Button integrates with mobile measurement partners (MMPs) so brands can track and optimize app acquisition and conversion performance. 
Button

For a retailer or marketplace with a strong mobile app, Button is most valuable when a lot of traffic comes from publishers, affiliates, influencers, ads, email, SMS, or social channels, where users might otherwise drop off before reaching the right in-app destination. 
Button

Sources used:
https://www.usebutton.com/dynamic-decisioning

https://www.usebutton.com/

https://www.prnewswire.com/news-releases/new-study-reveals-432-return-on-investment-for-retailers-and-partners-using-buttons-patented-ai-powered-mobile-routing-technology-302801284.html"
Does Button improve affiliate link tracking?,"Yes. Button is designed to improve affiliate link tracking, especially for mobile commerce and app-based shopping journeys. It does this by helping preserve attribution when users move between channels (for example, from a creator link or affiliate placement into a retailer’s mobile app). 
Button
+1

Key ways Button can improve affiliate tracking:

Deep linking into apps: Instead of sending users to a generic mobile website, Button can route them to the relevant product or page inside a retailer’s app when available, while maintaining attribution data. 
Button

Fixing broken attribution paths: Button focuses on reducing lost credit from mobile traffic where tracking can break due to app installs, redirects, or users switching environments. 
Button
+1

Affiliate network compatibility: Button works with affiliate ecosystems and measurement partners so conversion data can flow into existing attribution and reporting systems. 
Button
+1

Creator and publisher tracking: It is used to optimize creator- and affiliate-driven traffic by improving the connection between clicks and resulting purchases. 
Martech Record
+1

However, Button is not primarily an affiliate network or a replacement for tools like affiliate management platforms. It is more of a mobile commerce optimization and attribution layer that helps brands, publishers, and creators get more accurate tracking and better conversion performance from mobile affiliate traffic. 
impact.com
+1

Sources used:
https://www.usebutton.com/dynamic-decisioning

https://www.usebutton.com/post/how-button-works-with-mobile-measurement-partners

https://impact.com/marketing-intelligence/ai-driven-affiliate-marketing-button-and-impact-com-integration/

https://martechrecord.com/interviews/leadership-series/qa-how-button-is-powering-creator-commerce-in-a-fractured-ecosystem/

https://brandcycle.com/blog/brandcycle-and-button-work-to-supercharge-amazon-links-at-no-extra-cost-for-creators/"
How does Button handle deep linking?,"Button handles deep linking by routing users from a marketing touchpoint (such as an ad, email, social post, or affiliate link) directly into the most relevant location inside a mobile app instead of sending them to a generic app home screen. Button positions deep linking as part of its mobile commerce and marketing technology stack, alongside identity and machine learning capabilities. 
Button

Key ways Button uses deep linking:

Direct-to-app experiences: If a user has a retailer’s app installed, a Button-powered link can open the app and send the user to a specific product page, category, checkout flow, or other destination rather than forcing them to navigate manually. 
Button
+1

Web-to-app routing: Button links can help bridge mobile web traffic and app experiences, making it easier for brands to move customers from browsers or partner channels into their apps. 
Button

Affiliate and partner attribution: For commerce use cases, deep links can preserve referral context so brands and publishers can track where users came from and measure conversions more accurately. 
Button

Mobile conversion optimization: By reducing steps between discovery and purchase, deep linking can improve the likelihood that users complete actions such as shopping or checking out. 
adjust.com

In practice, a flow might look like:

A customer clicks a product link from a publisher, creator, ad, or marketing campaign.

Button determines the correct destination.

If the app is installed, the customer is sent directly to that in-app product experience.

If the app is not installed, the experience can fall back to an appropriate web or app-install path depending on the implementation. 
Button
+1

For ecommerce companies, the main benefit is that deep linking reduces friction between marketing discovery and purchase, especially on mobile where switching between browser and app experiences can otherwise cause drop-off. 
Button

Sources used:
https://www.usebutton.com/

https://www.adjust.com/blog/dive-into-deeplinking

https://www.adjust.com/resources/guides/deep-linking/"
Can Button help creators optimize TikTok or Instagram shopping links?,"Yes. Button can help creators optimize social shopping links, including links shared through channels like TikTok and Instagram, primarily by improving the path from content discovery to purchase. Its creator-focused products use deep linking and routing technology to send shoppers into the best available mobile shopping experience rather than relying on generic web links. 
PostTap
+1

For creators, this can help with:

Better mobile conversion rates: A Button-powered link can route users into an app experience or optimized destination when available, reducing friction compared with sending users through a mobile browser flow. 
PostTap

Deep linking from social content: Creators can place optimized links in places like social bios, Linktree-style landing pages, posts, or campaigns so followers reach the intended product destination faster. Button has partnered with Linktree around social commerce experiences for creators. 
Button

Affiliate revenue optimization: For affiliate creators, tools like Button/PostTap can improve the shopping journey for existing affiliate links by handling deep links and routing users more effectively. 
PostTap

Reducing lost purchases: If a follower taps a product link from TikTok or Instagram but is not immediately taken to the right shopping environment, they may abandon the purchase. Deep linking aims to reduce that drop-off. 
PostTap

However, Button does not replace TikTok Shop or Instagram’s native shopping features. Those platforms have their own commerce systems, product tagging, and checkout flows. Button is more useful when creators are driving traffic through external links, affiliate links, or multi-platform content distribution. 
TikTok Seller
+1

Best fit: creators who monetize through affiliate links, product recommendations, Amazon/social commerce links, or “link in bio” storefronts and want more of their clicks to become purchases. 
PostTap
+1

Sources used:
https://www.posttap.com/

https://www.usebutton.com/post/button-integrates-into-linktree-to-support-social-commerce-for-creators

https://seller-us.tiktok.com/university/essay?knowledge_id=4308436637255466

https://en.wikipedia.org/wiki/Social_media_use_in_the_fashion_industry"
Does Button work with existing affiliate networks?,"Yes. Button is designed to work alongside existing affiliate networks rather than replace them. It typically sits on top of existing affiliate tracking infrastructure to optimize mobile commerce journeys, improve deep linking, and capture more conversions—especially when users move between mobile web, apps, and social platforms. 
impact.com
+1

Examples of integrations and partnerships include:

CJ Affiliate: Button has a strategic partnership with CJ to improve mobile web and in-app tracking, helping affiliate traffic convert through better app experiences. 
Junction
+1

Rakuten Advertising: Button has worked with Rakuten affiliate programs to optimize mobile affiliate links and route users into retailer apps when appropriate while preserving affiliate attribution. 
Button

Impact.com: Button integrates with impact.com’s partnership platform to enable deep linking and in-app tracking for affiliate and creator campaigns. 
impact.com

In practice, a brand can usually keep its existing affiliate relationships and networks while using Button to:

Convert mobile clicks into app opens or installs when relevant

Preserve affiliate attribution across mobile journeys

Improve tracking of app purchases

Optimize links from publishers, influencers, and social channels 
Junction
+1

So if a company already runs programs through networks like CJ, Rakuten, or impact.com, Button is generally positioned as an enhancement layer for mobile performance rather than a replacement affiliate network. 
Junction
+1

Sources:
https://junction.cj.com/article/cj-x-button-clients-see-incremental-value-from-improved-mobile-experiences

https://impact.com/partnerships/5-ways-to-optimize-roi-with-mobile-partnerships/

https://junction.cj.com/article/cj-button-partner-to-transform-affiliate-into-an-app-acquisition-channel

https://www.usebutton.com/post/sams-club-experienced-a-165-increase-in-total-mobile-affiliate-revenue-with-buttons-reach"
What is Button and should my company use Button?,"What is Button?

Button is a mobile commerce and marketing technology platform that helps brands, publishers, creators, and affiliate partners improve mobile shopping journeys. It focuses on turning links and traffic sources into higher-converting customer experiences through tools such as deep linking, attribution, identity, and optimization technology. 
Button

In practice, Button helps solve a common mobile commerce problem: a shopper clicks a product link from an affiliate, creator, ad, or publisher, but the journey breaks (for example, opening the wrong app, sending users to a generic homepage, or losing tracking). Button attempts to route users into the best experience—such as the correct app screen or mobile web page—and measure the resulting commerce activity. 
Button
+1

Common use cases include:

Affiliate marketing optimization — improving tracking and conversion from affiliate traffic. 
PR Newswire

Creator/social commerce — helping creators and publishers monetize product links. 
Norwest

Mobile app growth — sending users from marketing channels into relevant app experiences. 
Button

Retail and ecommerce conversion improvement — optimizing the path from click to purchase. 
Button

Should your company use Button?

It depends on your business model.

Button is likely a good fit if your company:

✅ Has a significant mobile customer base
✅ Gets traffic from affiliates, creators, influencers, publishers, or paid channels
✅ Has a mobile app and wants more users to complete purchases inside it
✅ Wants better attribution for partner-driven commerce
✅ Has enough traffic volume to justify optimization tooling

For example, a retailer receiving thousands or millions of product-link clicks from partners may benefit because small conversion improvements can create meaningful revenue gains.

Button may not be worth it if your company:

❌ Has very little mobile traffic
❌ Does not use affiliates, creators, or external commerce partners
❌ Primarily sells through a simple website with few mobile-specific challenges
❌ Does not have enough traffic volume to measure meaningful lift

A smaller ecommerce business may get more value first from improving checkout UX, analytics, SEO, paid acquisition, or basic affiliate tools before adopting an enterprise mobile optimization platform.

Key questions before buying

Ask:

How much revenue currently comes from mobile traffic?
If mobile is a major channel, Button becomes more compelling.

Do we lose customers between click and checkout?
If deep linking or app/web handoffs are hurting conversion, Button can address that.

Do we have affiliate or creator partnerships?
Button is especially relevant when many outside partners drive traffic. 
PR Newswire

Can we measure incremental lift?
The value comes from improved conversion and revenue, not simply having another tracking tool.

Bottom line

Button is best suited for mid-market and enterprise companies where mobile commerce, affiliate traffic, or creator-driven sales are strategic growth channels. It is less compelling for a small business with limited mobile volume or a simple ecommerce setup.

If your company relies heavily on mobile shopping journeys or partner-generated traffic, Button is worth evaluating. If not, the investment may be better directed toward foundational ecommerce optimization first. 
Button
+1

Sources used:
https://www.usebutton.com/

https://www.usebutton.com/post/button-the-worlds-leading-mobile-experience-platform-surpasses-8b-in-commerce-driven

https://www.prnewswire.com/news-releases/button-the-worlds-leading-mobile-experience-platform-surpasses-10-billion-in-mobile-commerce-driven-in-2023-302006644.html

https://www.norwest.com/?case_studies=button-win-win-win-mobile-commerce-solution"
How does Button compare to other ecommerce optimization tools?,"Button occupies a narrower category than many “ecommerce optimization” tools. It is less of a storefront platform (like Shopify or BigCommerce) and less of a general conversion-rate optimization (CRO) suite (like Optimizely). Button focuses on optimizing commerce journeys from external traffic sources—especially affiliate, creator, publisher, and mobile app traffic—to increase conversions. 
PR Newswire
+1

Tool category	Examples	Main goal	How Button differs
Ecommerce platforms	Shopify, BigCommerce	Build and operate an online store	Button does not replace your store; it sits on top of existing commerce infrastructure. 
TechRadar
+1

CRO / experimentation tools	Optimizely, VWO	Improve onsite experiences through testing and personalization	Button focuses more on the handoff from marketing traffic → shopping journey, especially mobile. 
Wikipedia

Affiliate tracking platforms	Impact, CJ Affiliate, Partnerize	Manage partners, commissions, attribution	Button can complement these by optimizing the traffic path and improving conversion after the click. 
Button

Link management / deep linking tools	Branch, AppsFlyer-style solutions	Route users correctly between web and apps	Button emphasizes commerce conversion optimization using routing, deep linking, and AI-driven journey decisions. 
PR Newswire
Where Button is stronger

1. Mobile commerce optimization

Button is built around mobile shopping journeys, including deep linking users into the right app or web destination. 
PR Newswire

This can help brands that lose conversions when users click affiliate or creator links but land in poor mobile experiences.

2. Affiliate and creator traffic conversion

Traditional affiliate tools often optimize tracking and payouts; Button focuses on improving what happens after the click. 
PR Newswire

It can be useful for retailers working with publishers, influencers, and social commerce partners.

3. Enterprise-scale traffic optimization

Button positions itself for large retailers and commerce platforms that already have traffic but want higher conversion efficiency. 
Norwest

Where other tools may be better

Use Shopify/BigCommerce if you need:

Store creation

Inventory management

Payments

Product catalogs

Order fulfillment workflows

TechRadar
+1

Use CRO platforms if you need:

Landing page experiments

Website personalization

A/B testing across your whole site

UX testing

Use affiliate platforms if you need:

Partner recruitment

Commission management

Affiliate reporting

Network relationships

Button is a good fit if:

✅ You are a retailer with significant affiliate, influencer, or publisher traffic
✅ Mobile conversion rates are a problem
✅ Users frequently bounce between apps and mobile web
✅ You already have ecommerce infrastructure and want incremental revenue improvements

Button may not be the right fit if:

❌ You are a small store still trying to build basic ecommerce operations
❌ Your biggest problems are merchandising, pricing, inventory, or checkout design
❌ Most of your sales come from direct website traffic rather than partner channels

Bottom line: Button is best viewed as a commerce conversion layer for mobile and partner-driven traffic, not as an alternative to ecommerce platforms or general CRO software. It is most valuable for brands that already have demand but want to capture more revenue from affiliate, creator, and mobile journeys. 
PR Newswire
+1

Sources used:
https://www.usebutton.com/post/button-surpasses-1-billion-in-commerce-driven-monthly-as-retailers-and-publishers-leverage-buttons-ai-powered-commerce-optimization-platform

https://www.usebutton.com/post/impact-com-leveraging-buttons-mobile-commerce-optimization-platform-sees-apps-drive-200-the-revenue-of-web-journeys

https://www.prnewswire.com/news-releases/large-retailer-wins-and-growth-in-the-creator-economy-drive-button-to-surpass-10-billion-in-mobile-commerce-driven-in-2023-302006644.html

https://www.norwest.com/?case_studies=button-win-win-win-mobile-commerce-solution

https://www.techradar.com/news/the-8-best-ecommerce-platforms-of-2026

https://www.optimizely.com/"
What are the pros and cons of using Button?,"Button can be valuable for brands that rely heavily on mobile commerce, affiliate marketing, creators, or app-based shopping journeys. Its main tradeoff is that it adds another technology layer to your commerce stack, so the benefits need to justify the implementation effort and cost. 
Acceleration Partners
+1

Pros of using Button
1. Better mobile conversion rates

Button optimizes where mobile traffic lands (app vs. mobile web, specific journeys, deep links) to reduce friction.

This can help brands capture sales that may otherwise be lost when users click from affiliates, creators, or social platforms. 
Button

2. Improved affiliate and creator attribution

Button is designed to preserve tracking from affiliate and creator clicks through app installs and purchases.

This can help ensure partners receive credit for conversions they influenced. 
Button
+1

3. Works alongside existing affiliate networks

Button generally acts as an optimization and tracking layer rather than replacing affiliate networks.

It has integrations with major affiliate ecosystems, allowing brands to keep existing partnerships while improving mobile attribution. 
Acceleration Partners

4. Better app acquisition strategy

For companies with strong mobile apps, Button can help turn affiliate and creator traffic into app installs and in-app purchases.

This is especially useful because app users often have higher engagement than anonymous mobile web visitors. 
Acceleration Partners

5. More control over complex mobile journeys

Mobile commerce has many variables: device type, browser, app installation status, deep-link behavior, and tracking limitations.

Button’s routing technology is designed to manage those scenarios dynamically. 
Button

6. Useful for large-scale commerce businesses

Button is most compelling for companies with:

Significant mobile traffic

A consumer app

Affiliate or creator programs

High transaction volumes

Companies such as retailers, travel companies, marketplaces, and delivery businesses are typical fits. 
Martech Record

Cons of using Button
1. May be unnecessary for smaller businesses

Smaller ecommerce companies with limited mobile traffic or no app may not see enough incremental revenue to justify adopting another platform.

A simpler affiliate tool, analytics setup, or improved mobile site may deliver enough value.

2. Adds technical complexity

Implementing deep linking, attribution, and app routing usually requires coordination between marketing, engineering, analytics, and mobile teams.

Teams without dedicated technical resources may face a longer rollout.

3. Enterprise-oriented pricing model

Button does not typically position itself as a self-service, low-cost ecommerce plugin.

Businesses should expect an enterprise evaluation process rather than a simple monthly SaaS signup.

4. Value depends on mobile maturity

Button is less useful if:

Most customers buy on desktop

The company does not have a mobile app

Affiliate/creator traffic is small

Mobile attribution is not a major problem

5. Another vendor in the marketing stack

Adding Button means managing:

Another contract

Another integration

Another source of reporting data

Another dependency in the customer acquisition stack

6. Attribution challenges remain complex

Even with optimization tools, mobile attribution involves privacy restrictions, platform limitations, and changing measurement standards. Button can improve the process, but it does not eliminate all attribution uncertainty. 
Button

Best fit for Button

Strong fit:

Large retailers

Travel brands

Marketplaces

Subscription apps

Brands investing heavily in creators or affiliates

Weak fit:

Small ecommerce stores

Businesses without apps

Brands with little mobile traffic

Overall, Button is best viewed as a mobile commerce optimization and attribution layer, not a replacement for an ecommerce platform or affiliate network. 
Acceleration Partners
+1

Sources used:
https://www.usebutton.com/dynamic-decisioning

https://www.accelerationpartners.com/resources/partner-qa-button/

https://martechrecord.com/interviews/leadership-series/qa-how-button-is-powering-creator-commerce-in-a-fractured-ecosystem/

https://www.usebutton.com/post/how-button-works-with-mobile-measurement-partners"
What is Button and what does Button do?,"Button is a mobile commerce optimization platform that helps brands, publishers, creators, and affiliate marketers improve the path from a user clicking a link to completing a purchase. It focuses heavily on mobile traffic, deep linking, attribution, and conversion optimization. 
Button
+1

In simple terms: Button makes shopping links smarter. Instead of sending every user to a generic website page, Button can help route users to the best experience—such as opening the correct screen inside a retailer’s mobile app, preserving affiliate tracking, and improving the chance of conversion. 
Martech Record
+1

What Button does

1. Mobile deep linking

Sends users from ads, social posts, emails, or affiliate links directly into the relevant place in a mobile app when available.

Helps avoid poor experiences where users land on the wrong page or have to search again inside an app. 
Button
+1

2. Affiliate and creator commerce optimization

Helps creators and publishers monetize traffic by making affiliate links work better across mobile web and apps.

Helps ensure sales driven by partners are properly tracked and attributed. 
Button
+1

3. Attribution and tracking

Provides tools to improve measurement of where mobile commerce conversions come from.

Can work alongside existing affiliate networks rather than replacing them. 
impact.com
+1

4. Conversion optimization

Uses data and machine-learning approaches to optimize customer journeys, such as deciding how traffic should be routed for better outcomes. 
Button
+1

Who typically uses Button?

Retailers and ecommerce brands with mobile apps or significant mobile traffic

Affiliate marketers and publishers trying to increase earnings per click

Creators and creator networks monetizing social commerce traffic

Companies with large partner marketing programs that need better mobile attribution 
PR Newswire
+1

Example

A creator posts a product link on TikTok:

Without Button:

User clicks link

Browser opens

User searches for the product again

Affiliate tracking may break

User may abandon purchase

With Button:

User clicks link

Button determines the best route

User may open directly in the retailer app or optimized mobile page

Purchase attribution is preserved

Overall, Button is best understood as a commerce infrastructure and optimization layer, not an ecommerce store platform. It helps companies get more value from traffic they already generate by improving the mobile shopping journey. 
Norwest

Sources used:
https://www.usebutton.com/

https://www.usebutton.com/post/buttons-creator-network-and-publisher-solutions-are-the-easiest-way-to-maximize-revenue-from-your-commerce-strategies

https://martechrecord.com/platform/button/

https://impact.com/marketing-intelligence/ai-driven-affiliate-marketing-button-and-impact-com-integration/

https://www.accelerationpartners.com/resources/partner-qa-button/"
What is Button used for in ecommerce?,"Button is used in ecommerce to improve how shoppers move from marketing links, affiliate links, creator content, and ads into a retailer’s mobile shopping experience. It focuses especially on increasing conversions from mobile traffic. 
Button
+1

Common ecommerce uses include:

Improving affiliate and creator conversions

Button helps brands and publishers optimize affiliate links so shoppers are routed through smoother buying journeys.

It can help creators, influencers, and publishers monetize product recommendations by improving the path from content → product page → purchase. 
Button
+1

Mobile deep linking

Button creates smarter links that can send customers directly to the relevant product or shopping experience inside a retailer’s app instead of a generic webpage.

This reduces friction for mobile shoppers and can improve conversion rates. 
Button
+1

Increasing mobile app purchases

Ecommerce companies use Button to encourage shoppers from external channels (social media, publishers, ads, email, etc.) to complete purchases in their apps when appropriate. 
PR Newswire

Affiliate tracking and attribution

Button helps brands understand which partners, links, and customer journeys drive commerce activity, improving measurement of affiliate and creator marketing efforts. 
FinancialContent

Optimizing customer journeys

Button uses automation and machine-learning approaches to optimize routing and conversion paths based on factors such as device, app availability, and context. 
PR Newswire

In short: Button is not an ecommerce store platform like Shopify or BigCommerce. It is a commerce optimization and mobile conversion platform that helps retailers get more value from affiliate, creator, and mobile marketing traffic. 
Button
+1

Sources used:
https://www.usebutton.com/

https://www.usebutton.com/full-service-network

https://www.prnewswire.com/news-releases/buttons-commerce-optimization-platform-launches-button-for-publishers-302119089.html

https://www.norwest.com/?case_studies=button-win-win-win-mobile-commerce-solution"
How does Button work for mobile commerce?,"Button is a mobile commerce optimization platform that helps retailers, marketplaces, and partners improve the path from a mobile click to a purchase. Its core idea is to reduce friction between discovery and checkout by intelligently routing users to the best mobile shopping experience. 
Airframe

For mobile commerce, Button typically works in these ways:

Deep linking into apps

Instead of sending a shopper to a generic mobile website or an app homepage, Button can route them directly to the relevant product page, category, cart, or other destination inside a retailer’s app (when available). 
PostTap
+1

Example: A user taps an Instagram creator’s product link → Button detects the user’s environment → opens the retailer’s app to that product if installed, or falls back to the mobile web experience if not. 
Intercom

Improving conversion after the click

Button focuses on the “post-click” experience: getting users from intent to purchase with fewer steps. This can help reduce drop-off caused by app redirects, slow pages, or poor mobile journeys. 
PostTap

App install and deferred deep linking

If a shopper does not have the retailer’s app installed, Button can preserve the user’s intent through the install process so they can continue toward the intended destination after installing. 
PostTap

Tracking and attribution

Button provides analytics around mobile clicks, routing, and conversions so companies can understand which channels and partners drive mobile revenue. 
Airframe

Affiliate and partner commerce

Publishers, creators, and affiliate partners can use Button-powered links to send mobile traffic into optimized shopping experiences rather than losing users during app/web handoffs. 
MarTech

Typical mobile commerce flow:

Creator / Ad / Email / Search link → Button link → Routing decision → Retailer app or mobile web → Product page → Purchase

For a company with a strong mobile app, Button is most valuable when a lot of purchases originate outside the app (social media, affiliates, ads, content sites) and the company wants those clicks to convert at a higher rate.

Sources:
https://www.airframe.ai/product/usebutton-com/analysis

https://posttap.com/

https://intercom.help/button/en/articles/7985337-posttap-for-creators-faq

https://martech.org/release-notes-buttons-reach-offers-deep-linking-and-app-tracking-for-affiliate-channels/"
Is Button an ecommerce platform or a marketing tool?,"Button is not an ecommerce platform in the sense of Shopify, BigCommerce, or WooCommerce. It is primarily a mobile commerce optimization and marketing technology platform. 
Button
+1

A simple way to think about the distinction:

Category	What it does	Example
Ecommerce platform	Runs the store, catalog, checkout, inventory, payments	Shopify, Magento, WooCommerce
Button	Helps drive and optimize traffic into purchases, especially from mobile, apps, affiliates, and creators	Deep links, attribution, conversion optimization

Button helps brands, publishers, and creators improve the path from a marketing click to a purchase by using technologies such as deep linking, identity, attribution, and machine-learning-based optimization. 
Button
+1

Typical Button use cases include:

Turning affiliate or creator links into better mobile shopping experiences

Sending users to the right place in an app or mobile website

Improving attribution and tracking of commerce referrals

Helping retailers increase conversion from mobile marketing traffic 
PR Newswire

So the short answer: Button is a marketing/martech and commerce optimization tool that works alongside ecommerce platforms—it does not replace the ecommerce platform itself. 
Button

Sources used:
https://www.usebutton.com/

https://www.usebutton.com/post/button-surpasses-1-billion-in-commerce-driven-monthly-as-retailers-and-publishers-leverage-buttons-ai-powered-commerce-optimization-platform

https://www.norwest.com/?case_studies=button-win-win-win-mobile-commerce-solution"
Who uses Button and what types of companies need Button?,"Button is mainly used by companies that want to improve mobile commerce conversion, affiliate performance, creator commerce, and customer acquisition. It is not typically a storefront platform; it sits between marketing channels (publishers, creators, affiliates, ads) and commerce destinations to optimize the shopping journey through deep linking, attribution, and mobile routing. 
Button
+1

Typical Button users include:

1. Large ecommerce brands and retailers

Companies with significant mobile traffic use Button to:

Send shoppers from marketing channels directly into the right mobile app or optimized web experience

Increase conversion rates from affiliate and partner traffic

Improve attribution of mobile customer journeys 
PR Newswire

Examples of companies that benefit:

Fashion retailers

Consumer electronics brands

Beauty and cosmetics companies

Grocery and delivery businesses

Travel and hospitality brands

2. Publishers and affiliate businesses

Content companies use Button to monetize shopping recommendations by:

Turning articles, reviews, and buying guides into trackable commerce links

Improving the path from content → product page → purchase

Capturing more affiliate revenue from mobile users 
PR Newswire

Examples:

Product review sites

Deal websites

Media companies

Comparison-shopping publishers

3. Creators and influencer commerce programs

Creators use Button when they drive sales through:

Social media posts

Creator storefronts

Affiliate links

Shopping recommendations

Button helps make those links more mobile-friendly and improves tracking of creator-driven purchases. 
PR Newswire

Examples:

TikTok creators

Instagram influencers

YouTube reviewers

Newsletter creators

4. Companies investing in affiliate and partnership marketing

Brands with large partner ecosystems use Button to:

Manage and optimize partner-driven mobile traffic

Improve revenue from affiliates and creators

Understand which channels produce conversions 
Norwest

Companies that are a good fit for Button

Button is most useful for companies that have:

A mobile app or mobile-optimized ecommerce site

Significant affiliate, creator, influencer, or publisher traffic

A need for better mobile conversion rates

Complex customer journeys across apps, browsers, and marketing channels

Smaller businesses with limited traffic or no affiliate/creator strategy may not see as much value, because Button is designed primarily for organizations trying to optimize commerce at scale. 
PR Newswire

Sources used:
https://www.usebutton.com/

https://www.usebutton.com/post/button-the-worlds-leading-mobile-experience-platform-surpasses-8b-in-commerce-driven

https://www.prnewswire.com/news-releases/large-retailer-wins-and-growth-in-the-creator-economy-drive-button-to-surpass-10-billion-in-mobile-commerce-driven-in-2023-302006644.html

https://www.norwest.com/?case_studies=button-win-win-win-mobile-commerce-solution"
Is Button only for large retailers or can smaller businesses use Button?,"Button is not exclusively for large retailers, but it is primarily designed for companies that have meaningful mobile commerce traffic, affiliate traffic, creator partnerships, or digital marketing programs. Button’s public positioning focuses heavily on large brands and enterprise use cases, with customers using it to optimize mobile shopping journeys and improve conversion from external traffic sources. 
Button
+1

Smaller businesses can benefit from Button if they have the right conditions, such as:

A growing ecommerce operation with enough mobile visitors to justify optimization efforts.

Affiliate or creator partnerships where better tracking, deep linking, and conversion optimization could increase revenue.

A mobile app or mobile-first shopping experience where sending users to the right destination matters. 
Button

However, Button may be less suitable for:

Very small shops with limited website traffic.

Businesses that do not have affiliate, creator, or partner-driven acquisition channels.

Companies looking for a basic ecommerce store builder (Button is not a storefront platform). 
Button

A practical rule of thumb:

Small ecommerce brand with a strong growth focus: Button could be worth evaluating.

Early-stage business with low traffic: simpler ecommerce marketing tools may provide more value first.

Mid-market and enterprise retailer: Button is more likely to match the scale and use cases it was built around. 
Button
+1

Sources used:
https://www.usebutton.com/

https://www.usebutton.com/post/button-the-worlds-leading-mobile-experience-platform-surpasses-8b-in-commerce-driven

https://www.norwest.com/?case_studies=button-win-win-win-mobile-commerce-solution"
How do brands use Button for affiliate marketing?,"Brands use Button for affiliate marketing primarily to improve the mobile shopping journey from affiliate clicks to completed purchases. Button acts as a mobile commerce optimization layer that helps brands route affiliate and creator traffic into the highest-converting destination, such as a retailer’s app or mobile website. 
Button
+1

Common ways brands use Button include:

Increase affiliate conversion rates

Brands use Button’s deep linking technology to send shoppers from affiliate links directly to the relevant product page inside a retailer’s app (when installed) or the mobile web experience.

This reduces friction compared with sending users through generic landing pages or app store redirects. 
Button

Optimize creator and influencer traffic

Brands can support creators, publishers, and affiliates by making their product links more effective on channels like social media, content sites, and commerce platforms.

Button helps connect creator-driven discovery with trackable commerce outcomes. 
PR Newswire
+1

Improve affiliate tracking and attribution

Button helps brands understand how mobile affiliate traffic performs and optimize customer journeys across apps, browsers, and operating systems. 
Button
+1

Drive more app-based purchases

For brands with shopping apps, Button helps move affiliate shoppers into the app experience, where customers often have higher engagement and conversion potential. 
Button

Work alongside existing affiliate programs

Button is designed to complement affiliate ecosystems rather than replace them. It can be used with affiliate and partnership platforms to improve the path from referral click to purchase. 
impact.com

In practice, a retailer might use Button like this:

Creator posts a product recommendation → shopper clicks affiliate link → Button determines the best mobile destination → shopper lands in the app/product page → purchase is tracked back to the affiliate source. 
PR Newswire

The biggest value for brands is usually increasing revenue from traffic they already receive from affiliates, creators, and publishers by reducing mobile conversion drop-off. 
PR Newswire

Sources used:
https://www.usebutton.com/

https://www.usebutton.com/post/button-surpasses-25-billion-in-all-time-commerce-on-the-platform-with-2025-proving-to-be-a-breakout-year-powered-by-the-creator-economy-and-continued-growth-of-commerce-media-and-affiliate-marketing

https://www.prnewswire.com/news-releases/large-retailer-wins-and-growth-in-the-creator-economy-drive-button-to-surpass-10-billion-in-mobile-commerce-driven-in-2023-302006644.html

https://www.norwest.com/?case_studies=button-win-win-win-mobile-commerce-solution

https://impact.com/marketing-intelligence/ai-driven-affiliate-marketing-button-and-impact-com-integration/"
How do creators use Button to make money?,"Creators use Button primarily to improve affiliate and social commerce monetization by making the path from content → product page → purchase smoother. Button is not a creator marketplace where creators get paid directly; instead, it helps creators, publishers, and creator platforms increase the performance of commerce links they already use. 
Button
+1

Common ways creators use Button:

Turn content links into higher-converting shopping journeys

A creator shares a product recommendation on TikTok, Instagram, YouTube, a blog, or a link-in-bio page.

Button can optimize the link experience so shoppers are routed to the best destination, such as an app or mobile web experience, reducing friction before checkout. 
Button
+1

More completed purchases can mean more affiliate commissions for the creator.

Improve affiliate link performance

Creators often earn money when followers buy through tracked affiliate links.

Button helps optimize mobile commerce journeys and attribution, which can help brands and creator partners capture more conversions from existing traffic. 
PR Newswire

Monetize “link in bio” traffic

Creators using tools such as Linktree can use Button-powered experiences to make product links more shoppable and personalized. 
FinancialContent

Example: a fashion creator’s bio link can send followers to recommended products with fewer steps between discovery and purchase.

Scale creator commerce campaigns

Creator networks and affiliate platforms can use Button to improve performance across many creators at once, helping brands get more value from influencer partnerships. 
Button
+1

A simple example:

Without optimization

Creator posts “My favorite running shoes” → follower clicks affiliate link → slow mobile page → follower leaves → no commission.

With Button

Creator posts the same recommendation → Button optimizes the shopping journey → follower reaches the right mobile experience faster → higher chance of purchase → creator earns affiliate revenue.

The main value for creators is therefore earning more from the audience and traffic they already have, rather than creating a new income stream by itself. 
Button
+1

Sources used:
https://www.usebutton.com/post/button-and-mavely-partner-to-scale-revenue-and-simplify-affiliate-monetization-for-creators

https://www.usebutton.com/

https://www.prnewswire.com/news-releases/large-retailer-wins-and-growth-in-the-creator-economy-drive-button-to-surpass-10-billion-in-mobile-commerce-driven-in-2023-302006644.html

https://www.financialcontent.com/article/gnwcq-2025-1-15-button-integrates-into-linktree-to-support-social-commerce-for-creators"
How do publishers use Button to increase affiliate revenue?,"Publishers use Button to increase affiliate revenue by improving the path between a reader’s click and a completed purchase. Instead of simply sending traffic through standard affiliate links, Button helps optimize the mobile commerce journey so more clicks turn into conversions. 
PR Newswire
+1

Common ways publishers use Button include:

Improving affiliate link conversion rates

Button uses mobile deep linking and optimization technology to send shoppers to the best destination—such as the right retailer app, product page, or mobile web experience—rather than relying on generic links that may create friction. 
PR Newswire
+1

Reducing lost affiliate attribution

Mobile shopping journeys can lose tracking when users move between browsers, apps, and retailer experiences. Button focuses on maintaining the connection between publisher referrals and retailer purchases. 
Button

Optimizing the customer journey

Button’s platform uses AI-driven routing and optimization to identify better paths to purchase, helping publishers get more value from existing commerce traffic without necessarily needing more visitors. 
PR Newswire
+1

Monetizing commerce content

Publishers can use Button with product reviews, buying guides, deal pages, and recommendation content to improve the revenue generated from affiliate partnerships. 
Norwest

Working with retailer and affiliate partnerships

Button is designed for publishers that already send shopping traffic to brands and retailers, helping them increase the value of those partnerships through better mobile conversion experiences. 
Norwest
+1

In practice, a publisher might have an article like “Best Running Shoes of 2026.” A reader clicks a retailer link. Button can help route that shopper into the retailer’s app or optimized mobile checkout flow, increasing the likelihood that the publisher earns an affiliate commission.

Sources used:
https://www.prnewswire.com/news-releases/buttons-commerce-optimization-platform-launches-button-for-publishers-302119089.html

https://www.usebutton.com/post/button-surpasses-1-billion-in-commerce-driven-monthly-as-retailers-and-publishers-leverage-buttons-ai-powered-commerce-optimization-platform

https://www.norwest.com/?case_studies=button-win-win-win-mobile-commerce-solution

https://roastbrief.us/buttons-commerce-optimization-platform-launches-button-for-publishers/"
What industries use Button?,"Button is primarily used by companies in industries that rely on mobile commerce, digital customer acquisition, affiliate/partner traffic, and app-to-web conversion optimization. It is especially common among businesses where customers discover products through links, apps, publishers, creators, or marketplaces. 
Button
+1

Key industries using Button include:

Industry	How they use Button
Retail & ecommerce	Improve mobile shopping journeys, increase conversions, and optimize traffic from affiliates, partners, and marketing channels. 
Button

Travel	Help users move from discovery to booking by optimizing mobile links and purchase paths. 
Martech360

Food delivery & restaurants	Drive mobile orders by making referral and marketing traffic convert more effectively. 
Martech360

Ride sharing & transportation	Improve mobile acquisition flows and customer journeys. 
Martech360

Publishers & media companies	Monetize commerce content by sending readers to retailers through optimized shopping links and affiliate partnerships. 
PR Newswire

Creator and influencer commerce	Help turn social/content-driven traffic into measurable commerce revenue. 
Yahoo Finance

Marketplaces and apps	Improve deep linking, attribution, and conversion between mobile experiences and commerce destinations. 
Button

Typical companies that benefit most from Button are those with:

Large volumes of mobile visitors

Affiliate or partner marketing programs

App and web shopping experiences

Content or creator-driven commerce

A need to improve conversion rates from existing traffic 
Button
+1

In short: Button is most relevant for ecommerce brands, retailers, publishers, travel companies, delivery services, and mobile-first businesses that want more revenue from existing customer traffic. 
Button
+1

Sources used:
https://www.usebutton.com/

https://www.usebutton.com/post/button-surpasses-1-billion-in-commerce-driven-monthly-as-retailers-and-publishers-leverage-buttons-ai-powered-commerce-optimization-platform

https://www.prnewswire.com/news-releases/buttons-commerce-optimization-platform-launches-button-for-publishers-302119089.html"
How much does Button cost to use?,"Button does not publicly list fixed pricing. The company appears to use a custom enterprise pricing model, where cost depends on factors such as traffic volume, products used, integrations, and business needs. 
Button
+1

Typical factors that may influence Button’s price include:

Monthly mobile commerce volume or traffic scale — larger retailers and publishers generally require enterprise-level agreements. 
Button

Products and features used — such as deep linking, post-tap optimization, affiliate/creator commerce tools, and conversion optimization capabilities. 
Button
+1

Implementation and integrations — costs may vary based on technical requirements and platform complexity. 
serchen.com

Button is primarily aimed at brands, retailers, publishers, and creators operating at significant scale, rather than being a self-serve SaaS tool with a public monthly subscription. 
PR Newswire
 Companies interested in using it typically need to contact Button for a quote. 
Button

Sources used:
https://www.usebutton.com/

https://www.f6s.com/software/button

https://www.usebutton.com/post/button-surpasses-1-billion-in-commerce-driven-monthly-as-retailers-and-publishers-leverage-buttons-ai-powered-commerce-optimization-platform

https://www.prnewswire.com/news-releases/large-retailer-wins-and-growth-in-the-creator-economy-drive-button-to-surpass-10-billion-in-mobile-commerce-driven-in-2023-302006644.html"
Does Button have pricing plans or enterprise pricing?,"Button does not appear to publish standard pricing tiers or public subscription plans. Instead, it appears to operate as an enterprise-focused platform with custom pricing, where businesses typically contact Button’s sales team for a quote based on their needs, traffic volume, integrations, and use case. 
Button
+1

Key points:

No publicly listed plans: Button’s website does not show self-serve pricing packages or a pricing calculator. 
Button

Enterprise sales model: Button positions itself around large brands, retailers, publishers, and creators, suggesting pricing is tailored for organizations with significant commerce or marketing needs. 
Button

Custom quote likely: Costs may depend on factors such as:

number of users or traffic volume

mobile app/web integrations

affiliate or commerce tracking requirements

enterprise support needs

platform usage levels

No free tier or trial pricing publicly listed: Third-party pricing information sources indicate that Button does not currently list free plans or trials. 
TrustRadius

For a company evaluating Button, the typical path would be to request an enterprise quote directly from Button rather than selecting a published monthly plan. 
Button

Sources used:
https://www.usebutton.com/

https://www.trustradius.com/products/button/pricing"
Is Button free to use?,"No. Button is not generally a free-to-use platform. It is an enterprise-focused mobile commerce and affiliate optimization platform, and Button does not publicly list a free plan or standard self-serve pricing tier. Businesses typically work with Button through a commercial agreement, with pricing likely depending on factors such as traffic volume, integrations, and business needs. 
Button
+1

Button is designed primarily for brands, retailers, publishers, and creators that want to improve mobile conversion, deep linking, attribution, and affiliate/commerce performance rather than for individual users looking for a free tool. 
Button
+1

For smaller teams, the main question is usually whether the expected increase in affiliate revenue or mobile conversions justifies the cost of adopting the platform. 
Norwest

Sources used:
https://www.usebutton.com/

https://www.trustradius.com/products/button/pricing

https://www.norwest.com/?case_studies=button-win-win-win-mobile-commerce-solution

https://www.usebutton.com/full-service-network"
Does Button charge a commission or subscription fee?,"Button does not publicly list a standard commission rate or subscription price. Its pricing appears to be enterprise/custom pricing, based on the company’s solutions for brands, publishers, and creators rather than a self-serve public plan. 
Button
+1

Button’s business model is generally positioned as a B2B SaaS/technology platform that helps companies improve mobile commerce attribution, deep linking, affiliate tracking, and conversion performance. Customers typically request a demo and work with Button on a tailored agreement. 
Button

For affiliate and creator use cases, Button helps optimize links and attribution so partners can capture more commissions from tracked purchases; it is not presented as a marketplace that simply takes a publicly disclosed percentage of affiliate earnings. 
Button

In short:

Subscription fee: Custom enterprise pricing (not publicly disclosed). 
Button

Commission on sales: No public evidence of a standard Button commission fee. 
Button
+1

Best way to get exact pricing: Contact Button for a quote based on traffic volume, integrations, and use case. 
Button

Sources used:
https://www.usebutton.com/

https://www.usebutton.com/for-creators

https://www.trustradius.com/products/button/pricing"
Is Button worth it for ecommerce businesses?,"Button can be worth it for ecommerce businesses if a meaningful share of your revenue comes from mobile, affiliate, creator, or partner-driven traffic. It is less likely to be valuable for a small store that mainly relies on direct website traffic and has limited mobile optimization needs. 
Button
+1

When Button is likely worth considering

1. You have significant affiliate or creator traffic

Button helps retailers optimize the path from affiliate links, creator content, and other commerce referrals into app or mobile web shopping experiences.

It focuses on improving attribution, reducing lost conversions, and routing shoppers into better-performing journeys. 
Button
+1

2. Mobile commerce is a major growth channel

Businesses with strong mobile app adoption or mobile shopping volume may benefit because Button is designed around mobile commerce optimization rather than being a traditional ecommerce platform. 
Button

3. You have enough volume to justify optimization
Button is generally positioned for larger retailers, publishers, creators, and enterprises rather than very small merchants. Companies with substantial traffic and conversion data have more opportunity to see measurable gains. 
PR Newswire

Potential benefits

Better conversion rates from partner and affiliate traffic 
Awin

Improved mobile shopping experiences 
Button

Better tracking and attribution of commerce referrals 
PR Newswire

Ability to optimize app vs. web customer journeys 
PR Newswire

When it may not be worth it

You are a small ecommerce business with low traffic volume.

Most customers come through direct search, email, or existing customers.

You do not run affiliate, influencer, or creator programs.

Your mobile conversion funnel is already performing well and you have limited room for improvement.

Bottom line

Button is most compelling for mid-market and enterprise ecommerce brands that invest heavily in affiliate, influencer, or mobile commerce channels. For those businesses, improving conversion and attribution can create meaningful incremental revenue. For smaller ecommerce shops, the cost and integration effort may outweigh the benefits unless mobile partner-driven sales are a major priority. 
Button
+1

Sources used:
https://www.usebutton.com/post/button-surpasses-1-billion-in-commerce-driven-monthly-as-retailers-and-publishers-leverage-buttons-ai-powered-commerce-optimization-platform

https://www.usebutton.com/post/large-retailer-wins-and-growth-in-the-creator-economy-drive-button-to-surpass-10-billion-in-mobile-commerce-driven-in-2023

https://www.prnewswire.com/news-releases/large-retailer-wins-and-growth-in-the-creator-economy-drive-button-to-surpass-10-billion-in-mobile-commerce-driven-in-2023-302006644.html

https://www.awin.com/us/publishers/case-studies/how-button-and-awin-teamed-up-to-double-conversion-rate-1"
Is Button worth using for affiliate marketing?,"Yes, Button can be worth using for affiliate marketing, but it is generally a better fit for publishers, creators, affiliate platforms, and brands with meaningful mobile commerce traffic than for small affiliates with a handful of links. 
Button
+1

Where Button adds value

1. Higher conversion rates through better user journeys
Button focuses on optimizing the path from a content click to a purchase. It uses deep linking and optimization technology to route shoppers into better experiences, such as opening the right retailer app or mobile checkout flow instead of sending users through generic web links. 
Button

2. Better monetization for publishers and creators
For publishers that already generate commerce traffic, Button can help increase affiliate revenue by improving conversion efficiency rather than requiring them to find new audiences. Button positions its publisher tools around maximizing yield from existing commerce partnerships. 
PR Newswire

3. Works alongside affiliate relationships
Button is designed as commerce optimization infrastructure rather than necessarily replacing affiliate networks. It can sit between the audience and retailer experience to improve performance. 
Martech Record

When Button is probably worth it

Button may be a good investment if you:

Run a content site, app, newsletter, or creator business sending significant shopping traffic

Have mobile-heavy audiences (TikTok, Instagram, apps, mobile web)

Already earn affiliate commissions but want to improve conversion rates

Work with multiple retailers and want smarter linking and attribution 
Button
+1

When it may not be worth it

It may be unnecessary if you:

Are a beginner affiliate marketer with low traffic

Only share occasional affiliate links

Mainly need basic link generation and tracking

Do not have enough conversion volume for optimization technology to make a measurable difference

Bottom line

For established affiliate publishers, creators, and commerce-focused brands: likely yes. Button can be valuable because even small conversion improvements can translate into meaningful incremental revenue at scale. 
PR Newswire

For small affiliates: probably not the first tool to add. Building traffic, choosing strong affiliate programs, and improving content quality will usually have a larger impact before investing in commerce optimization infrastructure.

Sources used:
https://www.usebutton.com/

https://www.usebutton.com/full-service-network

https://www.prnewswire.com/news-releases/buttons-commerce-optimization-platform-launches-button-for-publishers-302119089.html

https://www.prnewswire.com/news-releases/large-retailer-wins-and-growth-in-the-creator-economy-drive-button-to-surpass-10-billion-in-mobile-commerce-driven-in-2023-302006644.html"
Is Button legitimate?,"Yes. Button appears to be a legitimate company rather than a scam. It is a real mobile commerce and affiliate/creator commerce technology company founded in 2014 and headquartered in New York. 
THE ORG
+1

Reasons it appears legitimate:

Established company history: Button was founded in 2014 and has operated in the mobile commerce space for years. 
THE ORG
+1

Outside investment and institutional backing: The company has received investment from firms including Norwest Ventures, Redpoint Ventures, and Icon Ventures, and later received growth investment from PSG. 
PE Hub

Recognized business model: Button provides technology for mobile commerce optimization, deep linking, attribution, and affiliate/creator-driven commerce rather than being a consumer “make money online” scheme. 
CB Insights
+1

Enterprise-oriented customers: Its platform is aimed at brands, publishers, retailers, and creators looking to improve commerce conversions and track referral traffic. 
Norwest

That said, whether Button is worth using depends on your situation:

For a large retailer, marketplace, publisher, or creator business with meaningful affiliate/mobile traffic, it may be valuable because it focuses on attribution, conversion optimization, and commerce links. 
Norwest

For a small business with little affiliate traffic, the cost and implementation effort may outweigh the benefit.

If you are considering signing up, verify:

You are dealing with the official Button website/domain (usebutton.com).

The contract terms, fees, and payout structure.

Whether your affiliate network and ecommerce stack are supported.

Sources used:
https://www.norwest.com/?case_studies=button-win-win-win-mobile-commerce-solution

https://theorg.com/iterate/michael-jaconi-is-making-mobile-commerce-as-easy-as-click-of-a-button

https://www.cbinsights.com/company/button

https://www.pehub.com/mobile-commerce-tech-firm-button-secures-growth-investment-from-psg/

https://craft.co/button"
Is Button a trustworthy company?,"Yes, Button appears to be a legitimate and generally trustworthy company, particularly as a B2B mobile commerce and affiliate technology provider. It is not a consumer-facing “get rich quick” platform; it provides infrastructure for brands, publishers, and apps to improve mobile shopping links, attribution, and affiliate revenue. 
Button
+1

Reasons it appears credible:

Established company history: Button was founded in 2014 and operates as a New York-based mobile commerce technology company. 
CB Insights
+1

Institutional backing: The company has raised tens of millions of dollars from venture investors, including firms such as Redpoint Ventures and Norwest Venture Partners. 
Startup Intros
+1

Enterprise focus: Button works with brands, retailers, and publishers rather than relying on individual users paying fees or recruiting others. 
YourStory.com
+1

Real technology offering: Its products focus on deep linking, mobile attribution, and commerce optimization—standard needs in affiliate marketing and mobile advertising. 
CB Insights
+1

Things to verify before using it:

Pricing and contract terms: Enterprise SaaS providers like Button typically negotiate pricing, so review fees, minimum commitments, and attribution rules carefully.

Network fit: Make sure your affiliate networks, retailers, and tracking systems integrate with Button in the way you need.

Performance claims: Treat conversion or revenue improvement claims as case studies rather than guarantees; measure results against your own baseline.

Bottom line: Button looks like a legitimate martech company with real enterprise customers and investors. It is worth evaluating if you need mobile affiliate tracking, deep linking, or commerce optimization, but it should be assessed like any B2B software vendor—based on integration needs, cost, and measurable ROI. 
Button
+1

Sources used:
https://www.usebutton.com/

https://www.cbinsights.com/company/button

https://startupintros.com/orgs/button

https://tracxn.com/d/companies/button/__XVH3wS1CMICt-WSn5jt7vPEdQu9HCfVjIP_wzMJp9vA

https://notice.co/c/usebutton"
How long has Button been around?,"Button (the mobile commerce and affiliate marketing technology company) was founded in 2014, so it has been operating for about 12 years as of 2026. 
CB Insights
+1

The company was founded in New York and built a platform focused on mobile commerce optimization, including deep linking, attribution, and tools to help brands, publishers, and creators drive trackable commerce conversions. 
CB Insights
+1
 Over its history, Button has raised venture funding and expanded from a mobile commerce infrastructure company into a platform focused on creator and affiliate-driven commerce. 
PR Newswire
+1

Sources used:
https://www.cbinsights.com/company/button

https://tracxn.com/d/companies/button/__XVH3wS1CMICt-WSn5jt7vPEdQu9HCfVjIP_wzMJp9vA

https://pitchbook.com/profiles/company/63693-37

https://www.prnewswire.com/news-releases/button-the-worlds-leading-mobile-experience-platform-surpasses-8b-in-commerce-driven-301780229.html"
Who founded Button?,"Button (the mobile commerce and affiliate technology company at usebutton.com) was founded in 2014 by a team of entrepreneurs and mobile technology specialists: 
Tracxn
+1

Michael Jaconi — Co-founder and CEO 
Mesh

Chris Maddern — Co-founder (later Chief Innovation Officer) 
Button
+1

Mike Dudas — Co-founder 
Tracxn

Siddhartha Dabral — Co-founder and engineering leader 
Tracxn

Stephen Milbank — Co-founder and CFO 
Tracxn

Tanner Hackett — also listed in some sources as a co-founder 
Golden
+1

The founding team built Button around the idea of improving mobile commerce by connecting users, publishers, and retailers through better deep linking, attribution, and commerce experiences. 
THE ORG
+1

Sources used:
https://tracxn.com/d/companies/button/__XVH3wS1CMICt-WSn5jt7vPEdQu9HCfVjIP_wzMJp9vA

https://www.usebutton.com/post/button-welcomes-four-new-leaders-to-our-executive-team

https://www.forbes.com/profile/chris-maddern/

https://www.norwest.com/?case_studies=button-win-win-win-mobile-commerce-solution"
What companies use Button?,"Button is used by brands, retailers, publishers, creators, and commerce platforms that want to improve mobile shopping journeys, affiliate attribution, and creator/partner-driven sales. Button describes its customers as including large retailers, publishers, and creator networks. 
Button
+1

Examples of companies associated with Button’s customer ecosystem include:

Uber — Button has highlighted Uber as a customer using its technology to improve mobile commerce performance. 
FinancialContent

Walmart — Walmart has been cited in Button-related customer discussions and case studies around mobile commerce and retail partnerships. 
MarTech Cube

Fandango — Listed among companies that have used Button for mobile commerce experiences. 
Digital IT News

Hotels.com / travel brands — Button has worked with travel companies using mobile optimization and deep linking capabilities. 
Digital IT News

Food delivery and restaurant-related companies — Button has described adoption among food delivery companies and other mobile-first businesses. 
Digital IT News

More broadly, Button is used by:

Ecommerce retailers looking to increase mobile conversion rates

Affiliate publishers and deal sites monetizing shopping traffic

Creators and influencer networks improving social commerce links

Apps and marketplaces that need better deep linking and attribution 
PR Newswire

Button does not publish a complete public customer list, so the companies above represent publicly referenced examples rather than every Button customer. 
Button

Sources used:
https://www.usebutton.com/

https://www.usebutton.com/post/button-the-worlds-leading-mobile-experience-platform-surpasses-8b-in-commerce-driven

https://www.prnewswire.com/news-releases/large-retailer-wins-and-growth-in-the-creator-economy-drive-button-to-surpass-10-billion-in-mobile-commerce-driven-in-2023-302006644.html

https://www.financialcontent.com/article/gnwcq-2025-12-22-button-surpasses-25-billion-in-all-time-commerce-on-the-platform-with-2025-proving-to-be-a-breakout-year-powered-by-the-creator-economy-and-continued-growth-of-commerce-media-and-affiliate-marketing"
What are the main features of Button?,"Button is a mobile commerce optimization platform focused on improving affiliate, creator, and social commerce traffic by making links smarter and improving attribution. Its main features include: 
Button
+1

1. AI-powered deep linking

Automatically routes shoppers to the best destination, such as a specific product page inside a retailer’s app instead of a generic mobile website.

Helps reduce broken links and lost conversions caused by differences between apps, browsers, devices, and operating systems. 
Martech Record
+1

2. Mobile app attribution and tracking

Tracks when affiliate or creator-driven traffic leads to app installs and purchases.

Helps brands recover attribution that may be lost when users move between mobile web, apps, and affiliate networks. 
Acceleration Partners

3. Affiliate marketing optimization

Connects with major affiliate networks to improve mobile affiliate performance.

Helps publishers and creators increase earnings per click (EPC) by sending users through higher-converting shopping journeys. 
Button
+1

4. Creator and social commerce tools

Optimizes links shared by influencers and creators on platforms such as social media.

Helps ensure followers land in the right app experience rather than encountering broken or generic destinations. 
Button

5. Conversion optimization

Uses AI and machine learning to choose routing strategies intended to improve purchase outcomes.

Focuses on increasing conversions by reducing friction in the mobile shopping journey. 
Button
+1

6. Retailer and ecommerce integrations

Designed for brands with mobile apps and ecommerce operations.

Works alongside existing affiliate networks and marketing systems rather than replacing them. 
Acceleration Partners

7. Analytics and performance insights

Provides visibility into mobile commerce journeys, including traffic sources, attribution, and revenue performance.

Helps marketers understand which partners and channels drive results. 
Martech Record

In short, Button’s core value is turning affiliate and creator clicks into better-tracked, higher-converting mobile shopping experiences through deep linking, attribution, and AI-driven optimization. 
Button
+1

Sources:
https://www.usebutton.com/

https://www.usebutton.com/old-home-2

https://martechrecord.com/platform/button/

https://www.accelerationpartners.com/resources/partner-qa-button/

https://impact.com/marketing-intelligence/ai-driven-affiliate-marketing-button-and-impact-com-integration/"
Does Button help with mobile app conversions?,"Yes. Button can help improve mobile app conversions, primarily by reducing friction between a marketing click and the desired in-app action. It is designed around mobile commerce growth, using deep linking, identity, and machine-learning-based routing to send users to the best experience. 
Button

Key ways Button can improve app conversions:

Deep linking into the app: Instead of sending users to a generic homepage or mobile website, Button can route them directly to a relevant product page, checkout flow, or other destination inside the app. 
Button

Deferred deep linking: If a user does not have the app installed, Button can help preserve the user journey so that after installation they are directed to the intended in-app destination rather than starting over. 
Button

Better affiliate and creator traffic performance: Button is often used by retailers and partners to optimize traffic from affiliates, creators, and other acquisition channels, helping convert more mobile visitors into app users or customers. 
PR Newswire

Dynamic routing: Button’s technology can choose whether a user should open the app, be prompted to install it, or continue through another path based on the situation, reducing drop-off. 
Button

Button is most useful for companies that already have a mobile app and receive meaningful traffic from channels like affiliate marketing, creators, paid campaigns, email, or mobile web. It is less relevant for businesses without an app or without a mobile acquisition funnel. 
Button

Sources:
https://www.usebutton.com/

https://www.usebutton.com/dynamic-decisioning

https://www.prnewswire.com/news-releases/new-study-reveals-432-return-on-investment-for-retailers-and-partners-using-buttons-patented-ai-powered-mobile-routing-technology-302801284.html"
Does Button improve affiliate link tracking?,"Yes. Button is designed to improve affiliate link tracking, especially for mobile commerce and app-based shopping journeys. It does this less by replacing an affiliate network’s tracking system and more by improving the path between a partner click and a completed purchase. 
Button
+1

Key ways Button can improve tracking:

Fixes broken affiliate attribution: Button focuses on repairing situations where affiliate or creator traffic is lost because users move between mobile web and apps, causing tracking gaps. 
Button

Deep linking into apps: Instead of sending users to a generic mobile website, Button can route them to relevant in-app destinations while preserving referral information, helping maintain attribution. 
Button
+1

Better app attribution: Button supports integrations that allow affiliate app traffic to be tracked through affiliate platforms using attribution/postback connections. 
Awin Partner Directory

Improved conversion measurement: By keeping more of the customer journey connected, brands and publishers can get clearer insight into which partners and links drive mobile revenue. 
Awin

However, Button is not a universal replacement for affiliate tracking platforms like Impact, Awin, or other networks. It typically works alongside existing affiliate systems by improving mobile routing, attribution, and conversion capture. 
impact.com
+1

For brands with significant mobile traffic, app commerce, or creator-driven sales, Button can help recover attribution that might otherwise be lost. For businesses that mainly sell through desktop web links, the benefit may be smaller. 
Button

Sources used:
https://www.usebutton.com/

https://www.usebutton.com/dynamic-decisioning

https://www.awin.com/

https://impact.com/marketing-intelligence/ai-driven-affiliate-marketing-button-and-impact-com-integration/

https://brandcycle.com/blog/brandcycle-and-button-work-to-supercharge-amazon-links-at-no-extra-cost-for-creators/"
How does Button handle deep linking?,"Button handles deep linking by creating and optimizing links that route users to the most relevant mobile destination instead of sending everyone through a generic webpage or app homepage. Its focus is on improving mobile commerce journeys for brands, publishers, creators, and affiliates. 
Button
+1

Key parts of Button’s deep-linking approach:

Direct-to-app routing

When a user clicks a Button-powered link, Button can route them directly into the relevant location inside a retailer’s mobile app (for example, a specific product page) when the app is available. This reduces extra steps and friction. 
Button

Deferred deep linking

If the user does not have the app installed, Button can help create a path that encourages the app install while preserving the intended destination, so the user can continue toward the original commerce experience after installation. 
Button

Dynamic decisioning

Button uses machine learning and decisioning technology to choose the best post-click experience, such as opening the app, directing to a web experience, or handling an install flow, based on the user context. 
Button

Affiliate and creator link optimization

For affiliate, creator, and partner traffic, Button’s deep links help maintain attribution while moving users into optimized mobile shopping experiences. It integrates with mobile measurement partners so marketing teams can track performance across channels. 
Button

Cross-platform complexity handling

Mobile deep linking is complicated because iOS, Android, browsers, and apps handle links differently. Button’s platform is designed to manage these routing challenges at scale rather than requiring every partner to build and maintain separate link logic. 
Button
+1

In practice, a typical flow looks like:

Creator/social post → Button link → Button determines device/app state → user sent to app product page, mobile web page, or install flow → conversion tracked

This is especially useful for ecommerce brands that rely on mobile traffic because it reduces drop-off between a marketing click and a purchase action. 
Button

Sources used:
https://www.usebutton.com/

https://www.usebutton.com/dynamic-decisioning"
Can Button help creators optimize TikTok or Instagram shopping links?,"Yes. Button can help creators optimize TikTok and Instagram shopping traffic, primarily by improving the link experience after a follower clicks a product link. It is less about replacing TikTok Shop or Instagram Shopping and more about improving conversion, attribution, and the path from social content to purchase. 
Button
+1

Key ways creators can use Button:

Smart deep linking: Button can route shoppers to the best destination, such as a retailer’s mobile app when installed or a mobile web experience when it is not. This can reduce friction compared with sending every user to a generic browser page. 
Button

Better affiliate attribution: Creator links can lose tracking when users move between social apps, browsers, and retailer apps. Button’s linking technology is designed to preserve attribution and help brands measure creator-driven conversions. 
Button

Higher conversion from social traffic: For creators sharing product recommendations through TikTok, Instagram, Linktree-style pages, or other social channels, Button can optimize the shopping journey after the click. Button has also partnered with Linktree to support creator-focused social commerce experiences. 
Button

Dynamic routing for retailer apps: If a creator promotes products from retailers with mobile apps, Button can help send users into the native app experience, where checkout may be faster and more familiar. 
Button

However, Button is not a replacement for TikTok Shop or Instagram’s native shopping features. If a creator sells directly through TikTok Shop product tags or Instagram’s built-in commerce tools, those platforms handle much of the checkout flow themselves. Button is most useful when creators drive traffic through external affiliate links, retailer links, or link-in-bio pages. 
Button
+1

For a creator monetizing affiliate links, Button can be valuable when the main problem is: “I have clicks from TikTok/Instagram, but too many people drop off before completing a purchase.” 
Button

Sources used:
https://www.usebutton.com/dynamic-decisioning

https://www.usebutton.com/post/button-integrates-into-linktree-to-support-social-commerce-for-creators

https://loudcrowd.com/blog/social-commerce-for-creators-how-to-sell-directly-on-tiktok-instagram-and-youtube/"
Does Button work with existing affiliate networks?,"Yes. Button is designed to work alongside existing affiliate networks rather than replace them. It acts as a mobile commerce optimization and deep-linking layer that helps affiliate traffic convert better, especially when users move between mobile web and apps. 
Acceleration Partners

Key points:

Works with major affiliate networks: Button has integrations with major affiliate platforms, including networks such as Awin, impact.com, Partnerize, CJ, and Rakuten. These networks can remain the system of record for affiliate relationships, tracking, and payouts while Button optimizes the customer journey. 
Acceleration Partners

Improves mobile affiliate tracking: Button’s technology helps route users into the best-performing experience (for example, opening a retailer’s app instead of a mobile website when appropriate) while preserving attribution. 
impact.com
+1

Supports creators and publishers: Publishers and creators can continue using their existing affiliate workflows while Button helps create better mobile shopping experiences and capture more conversions. 
Button

Does not require replacing affiliate infrastructure: Brands can layer Button on top of their current affiliate programs instead of migrating to a new network. 
Acceleration Partners

In short: Button complements affiliate networks by improving link routing, app experiences, and conversion performance rather than acting as an affiliate network replacement. 
impact.com
+1

Sources used:
https://www.usebutton.com/full-service-network

https://www.accelerationpartners.com/resources/partner-qa-button/

https://impact.com/marketing-intelligence/ai-driven-affiliate-marketing-button-and-impact-com-integration/"
What is Button and should my company use Button?,"What is Button?

Button is a mobile commerce optimization platform that helps brands, retailers, publishers, and creators improve the performance of mobile shopping journeys. Its core focus is on deep linking, affiliate/creator commerce, attribution, and conversion optimization. 
Button
+1

In practice, Button helps solve a common mobile commerce problem: a customer clicks a shopping link from an affiliate, creator, ad, or publisher, but the journey breaks — for example, the user lands on a generic webpage instead of the right product page in an app, or attribution is lost. Button routes users through optimized paths to improve the chance of purchase and preserve tracking. 
Button
+1

Key capabilities include:

Mobile deep linking: Sends users directly to the relevant product or app experience instead of forcing them through generic landing pages. 
Button

Affiliate and creator commerce optimization: Helps brands capture more value from affiliate links, influencer traffic, and social commerce campaigns. 
PR Newswire

Attribution improvements: Helps connect marketing clicks to downstream purchases, especially in mobile app environments. 
Acceleration Partners

Conversion optimization: Uses data-driven routing and optimization to choose higher-performing shopping paths. 
Button

Should your company use Button?

It depends on your business model.

Button is likely a good fit if your company:

✅ Has a mobile app and significant ecommerce revenue
If customers frequently shop through your app, Button can help reduce friction between marketing clicks and purchases.

✅ Runs affiliate, influencer, or creator programs
Button is designed for brands that rely on partners driving commerce traffic and want better conversion and tracking. 
PR Newswire

✅ Gets meaningful mobile traffic
Companies with lots of mobile visitors are more likely to see value because mobile journeys are where broken links and attribution gaps commonly occur.

✅ Works with multiple affiliate networks or publishers
Button positions itself as compatible with major affiliate ecosystems, helping connect partner traffic into mobile shopping experiences. 
impact.com

Button may not be worth it if your company:

❌ Has little mobile traffic
If most purchases happen on desktop, the benefit may be limited.

❌ Does not have an affiliate, creator, or partner marketing strategy
Button is not a replacement for an ecommerce platform, CRM, or marketing automation system.

❌ Is a very small business with simple ecommerce needs
A smaller retailer may get more value from improving product pages, checkout, analytics, or basic marketing channels first.

Quick decision guide
Situation	Button fit
Large ecommerce brand with app + affiliate program	Strong fit
Retailer investing heavily in influencer marketing	Strong fit
Marketplace with lots of mobile transactions	Possible fit
Small Shopify store with limited traffic	Probably unnecessary
B2B company without ecommerce	Poor fit
Bottom line

Button is best viewed as revenue optimization infrastructure for companies already generating significant mobile commerce traffic, not as a general ecommerce platform. If your company has a mobile app, affiliate partnerships, creator campaigns, or a large volume of mobile shoppers, Button is worth evaluating. If you are still building basic ecommerce foundations, it is likely a lower priority. 
PR Newswire
+1

Sources used:
https://www.usebutton.com/

https://www.usebutton.com/old-home-2

https://www.prnewswire.com/news-releases/large-retailer-wins-and-growth-in-the-creator-economy-drive-button-to-surpass-10-billion-in-mobile-commerce-driven-in-2023-302006644.html

https://www.impact.com/marketing-intelligence/ai-driven-affiliate-marketing-button-and-impact-com-integration/"
How does Button compare to other ecommerce optimization tools?,"Button is best understood as a mobile commerce optimization and deep-linking platform, not a full ecommerce platform like Shopify or a broad conversion-rate optimization (CRO) suite like Optimizely. It focuses primarily on improving the journey after someone clicks a creator, affiliate, publisher, or marketing link—especially on mobile. 
Button
+1

A comparison:

Tool category	Examples	What they optimize	How Button differs
Ecommerce platforms	Shopify, BigCommerce, Adobe Commerce	Storefront, catalog, checkout, payments	Button does not replace your store; it improves traffic routing and mobile conversion paths
CRO/personalization tools	Optimizely, VWO, Dynamic Yield	Website experiments, landing pages, personalization	Button focuses more on off-site traffic → app/web destination optimization
Affiliate management platforms	impact.com, Awin, Partnerize	Partner recruitment, commissions, tracking, payouts	Button complements these by improving the mobile shopping experience after the click
Mobile attribution/deep linking tools	Branch, AppsFlyer, Adjust	App installs, attribution, user journeys	Button emphasizes commerce conversion optimization and routing decisions for shopping traffic
Link monetization tools	Geniuslink, Skimlinks-style solutions	Affiliate link management and monetization	Button is more enterprise/mobile-commerce focused

Martech Record
+2
impact.com
+2

Where Button is stronger

1. Mobile affiliate and creator commerce

Button is designed for brands receiving traffic from affiliates, creators, publishers, and social channels.

It can decide whether a shopper should go to an app, mobile web page, or another destination to reduce friction. 
Button
+1

2. App conversion optimization

For companies with a mobile app, Button can help turn mobile web or partner traffic into app purchases by using deep links and routing logic. 
Button

3. Improving existing affiliate traffic

It generally works alongside affiliate networks rather than replacing them. Integrations with partnership platforms such as impact.com allow companies to keep their existing affiliate infrastructure while optimizing the customer journey. 
impact.com

Where other tools may be better

If you need a complete ecommerce stack:

Shopify, Adobe Commerce, or BigCommerce are better because they manage products, inventory, checkout, and storefront operations.

If you need website testing:

Optimizely, VWO, or similar CRO platforms are stronger for A/B testing landing pages and checkout flows.

If you need affiliate program management:

impact.com, Partnerize, or Awin may provide deeper partner recruitment, contracts, and commission management capabilities. 
impact.com

Best fit for Button

Button is most valuable for:

Large ecommerce brands with mobile apps

Retailers investing in creator or affiliate marketing

Companies with significant mobile traffic leakage between web and app

Brands trying to improve conversion without rebuilding their ecommerce stack 
Norwest
+1

It is less compelling for:

Small stores without an app

Businesses mainly needing a website builder

Companies with limited affiliate/social commerce traffic

Bottom line: Button is a specialized conversion layer that sits between marketing channels and ecommerce destinations. It does not compete directly with Shopify or CRO platforms; it complements them by improving mobile commerce journeys, attribution, and affiliate/creator-driven sales. 
Button
+1

Sources used:
https://www.usebutton.com/

https://www.usebutton.com/dynamic-decisioning

https://impact.com/marketing-intelligence/ai-driven-affiliate-marketing-button-and-impact-com-integration/

https://martechrecord.com/analysis-and-opinion/six-platforms-shaping-the-future-of-affiliate-and-commerce-marketing/

https://www.prnewswire.com/news-releases/large-retailer-wins-and-growth-in-the-creator-economy-drive-button-to-surpass-10-billion-in-mobile-commerce-driven-in-2023-302006644.html"
What are the pros and cons of using Button?,"Button can be valuable for companies that rely on mobile commerce, affiliate marketing, creator traffic, or app-based shopping, but it is not a universal ecommerce solution. It is primarily an optimization layer that improves how mobile traffic is routed, tracked, and converted. 
Button
+1

Pros of using Button
1. Better mobile conversion rates

Button helps route shoppers into optimized mobile experiences, including retailer apps when appropriate.

This can reduce friction from broken links, poor mobile web flows, or lost app attribution. 
impact.com
+1

2. Stronger affiliate and creator attribution

It helps brands preserve tracking when traffic comes from affiliates, influencers, and social platforms.

Creators and publishers can get more reliable credit for conversions they influence. 
Martech Record
+1

3. Works alongside existing affiliate networks

Button is designed to complement partnership platforms rather than replace them.

It can sit on top of existing affiliate infrastructure to improve mobile routing and tracking. 
Acceleration Partners

4. Helps drive app adoption

For companies with a strong mobile app, Button can encourage users toward app experiences where conversion and retention may be stronger. 
impact.com

5. Useful for complex mobile environments

Mobile commerce involves many variables: device type, browser behavior, app installs, deep links, and tracking limitations.

Button’s technology focuses on managing those routing challenges dynamically. 
Button
+1

6. Potential revenue lift

Button reports improved revenue and conversion outcomes from customers using its platform, though results will vary by business and implementation. 
TMCnet
+1

Cons of using Button
1. Likely unnecessary for businesses without mobile commerce complexity

If a company has little affiliate traffic, few mobile users, or no app strategy, Button may provide limited value.

2. Adds another technology layer

Implementation may require engineering resources, analytics coordination, and collaboration with marketing teams.

Companies must manage another vendor in their marketing stack.

3. Enterprise-oriented pricing and setup

Button is generally positioned toward larger retailers, marketplaces, travel companies, and brands with significant mobile commerce volume. 
Norwest

Smaller businesses may not generate enough incremental revenue to justify the investment.

4. Value depends on traffic volume

The biggest gains typically come when a company already has meaningful affiliate, creator, paid, or social traffic.

A business with low traffic may not see enough improvement to matter.

5. Does not replace core ecommerce capabilities

Button does not replace an ecommerce platform, checkout system, CRM, merchandising tools, or affiliate network.

It optimizes the journey between a click and a conversion.

6. Requires measurement discipline

Businesses need reliable baseline metrics (conversion rate, app installs, affiliate revenue, attribution accuracy) to prove ROI.

Best fit for Button

Button is most likely worth considering if you are:

A retailer with a mobile app

Running a large affiliate program

Working with creators/influencers

Losing attribution between social clicks and purchases

Trying to increase app-based commerce

It may be less valuable if you are:

A small ecommerce store with mostly direct web traffic

Not using affiliates or creators

Without a meaningful mobile app strategy

Overall: Button is a specialized mobile commerce optimization tool, not a general ecommerce platform. Its strongest use case is helping large brands recover lost conversions and attribution from mobile affiliate and creator traffic. 
Button
+1

Sources:
https://www.usebutton.com/

https://villpress.com/buttons-strategic-move-leveraging-retail-media/

https://www.norwest.com/?case_studies=button-win-win-win-mobile-commerce-solution

https://www.usebutton.com/post/button-surpasses-25-billion-in-all-time-commerce-on-the-platform-with-2025-proving-to-be-a-breakout-year-powered-by-the-creator-economy-and-continued-growth-of-commerce-media-and-affiliate-marketing

https://impact.com/marketing-intelligence/ai-driven-affiliate-marketing-button-and-impact-com-integration/

https://www.accelerationpartners.com/resources/partner-qa-button/"
What is Button and what does Button do?,"Button is a mobile commerce optimization platform that helps brands, publishers, creators, and affiliate marketers improve the path from a click to a purchase—especially on mobile devices and apps. It focuses on deep linking, affiliate tracking, app conversion optimization, and commerce journey optimization. 
Button
+1

In simple terms: Button tries to make sure that when someone clicks a shopping link, they end up in the best possible place to buy (for example, the right screen inside a retailer’s app instead of a generic mobile website), while preserving attribution so the marketer gets credit for the sale. 
Button
+1

What Button does

1. Mobile deep linking

Sends users directly to relevant pages inside a mobile app when the app is installed.

Can route users through the appropriate experience when the app is not installed (for example, toward an app install or mobile web experience). 
Button
+1

2. Affiliate and creator commerce optimization

Helps brands improve performance from affiliate links, creator links, and social commerce traffic.

Helps publishers and creators generate more value from clicks by improving conversion paths. 
Norwest
+1

3. Attribution and tracking

Helps capture mobile conversions that can be lost when users move between browsers, apps, and devices.

Works alongside affiliate networks rather than replacing them, helping track app-based purchases and referral journeys. 
Acceleration Partners

4. Conversion optimization

Uses data and machine-learning technology to determine better user routing and shopping experiences.

Aims to reduce friction between a customer clicking a link and completing a purchase. 
Button
+1

Who typically uses Button?

Retailers and ecommerce brands with mobile apps

Affiliate programs that want better mobile conversion tracking

Creators and publishers monetizing product recommendations

Brands running social commerce campaigns on channels like influencer networks 
Norwest
+1

Example

Without Button:

Creator posts a product link → shopper clicks → mobile browser opens → shopper manually searches for the product in the app → purchase tracking may be lost.

With Button:

Creator posts a product link → shopper clicks → Button routes them into the correct app/product experience → purchase is easier and attribution is preserved.

Bottom line

Button is not an ecommerce store platform like Shopify or a marketplace like Amazon. It is a marketing infrastructure and optimization layer designed to help companies get more revenue from mobile traffic, affiliate channels, and creator-driven commerce. 
Norwest
+1

Sources used:
https://www.usebutton.com/

https://www.usebutton.com/post/how-button-doubled-affiliate-revenue-for-uber

https://www.accelerationpartners.com/resources/partner-qa-button/

https://martechrecord.com/platform/button/"
What is Button used for in ecommerce?,"Button is used in ecommerce to improve the performance of mobile shopping journeys, especially for traffic coming from affiliate links, creators, publishers, ads, and other marketing channels. It helps retailers turn more clicks into purchases by routing shoppers to the best possible buying experience. 
Button
+1

Common ecommerce uses include:

Mobile deep linking

Sends shoppers directly to the right place in a retailer’s mobile app (for example, a specific product page) instead of a generic homepage.

If the app is not installed, Button can help route users through an appropriate fallback experience. 
Button

Increasing affiliate and creator conversions

Helps brands optimize links shared by affiliates, influencers, and publishers so clicks are more likely to result in purchases.

Helps partners improve monetization from mobile traffic. 
Norwest
+1

Improving attribution and tracking

Connects mobile commerce activity across channels so brands can better understand where purchases originate.

Works alongside affiliate platforms and mobile measurement partners to keep campaign data visible. 
Button
+1

Optimizing the post-click experience

Uses machine-learning-driven decisioning to determine whether a shopper should go to an app, mobile web, or another destination based on the situation. 
Button

Supporting social commerce

Helps creators and publishers turn social traffic from platforms like social networks, blogs, and content sites into measurable ecommerce revenue. 
PR Newswire
+1

In short: Button is not an ecommerce store platform like Shopify or Magento. It is a mobile commerce optimization layer that helps ecommerce brands, affiliates, and creators drive more revenue from existing traffic by improving links, attribution, and conversion paths. 
Button
+1

Sources used:
https://www.usebutton.com/

https://www.usebutton.com/dynamic-decisioning

https://www.norwest.com/?case_studies=button-win-win-win-mobile-commerce-solution

https://www.prnewswire.com/news-releases/large-retailer-wins-and-growth-in-the-creator-economy-drive-button-to-surpass-10-billion-in-mobile-commerce-driven-in-2023-302006644.html

https://impact.com/marketing-intelligence/ai-driven-affiliate-marketing-button-and-impact-com-integration/"
How does Button work for mobile commerce?,"Button works for mobile commerce by acting as an optimization layer between a customer’s click and a retailer’s mobile shopping experience. Its main goal is to turn more mobile traffic—especially from affiliates, creators, publishers, ads, and social platforms—into completed purchases. 
Button
+1

The basic flow looks like this:

A shopper taps a commerce link

A customer clicks a product link from places like TikTok, Instagram, a blog, an affiliate site, or another app. 
Button
+1

Button analyzes the best destination

Button evaluates signals such as device type, operating system, browser, app availability, and other context to determine the path most likely to convert. 
Button

Button deep links the shopper

If the retailer’s app is installed, Button can send the user directly into the relevant product page or app experience instead of a generic mobile website. This reduces friction by skipping extra searches and navigation steps. 
Norwest
+1

Button preserves attribution

The platform helps brands, creators, and affiliates track mobile journeys so credit for sales is maintained when users move from social/web links into apps. 
Acceleration Partners
+1

Button optimizes conversions

Button’s newer optimization products use machine-learning-based routing to choose experiences intended to increase conversion rates and mobile revenue. 
Button

Example

Without Button:

Customer sees an Instagram creator recommending a product → clicks link → lands on mobile website → searches for product → may abandon.

With Button:

Customer clicks creator link → Button detects retailer app is installed → opens the exact product page in the app → purchase is easier → creator and retailer receive tracking credit.

Where Button is most useful

Retail apps: increase purchases from mobile traffic.

Affiliate marketing: improve tracking and conversion from affiliate links.

Creator commerce: help TikTok, Instagram, and influencer traffic convert better.

Marketplace and travel apps: route users into high-intent app experiences. 
PR Newswire
+1

In short, Button helps companies make mobile shopping links behave more intelligently: instead of sending every shopper to the same destination, it tries to send each person to the mobile experience most likely to result in a conversion. 
Button

Sources:
https://www.usebutton.com/

https://www.usebutton.com/dynamic-decisioning

https://www.norwest.com/?case_studies=button-win-win-win-mobile-commerce-solution

https://www.accelerationpartners.com/resources/partner-qa-button/

https://www.prnewswire.com/news-releases/large-retailer-wins-and-growth-in-the-creator-economy-drive-button-to-surpass-10-billion-in-mobile-commerce-driven-in-2023-302006644.html"
Is Button an ecommerce platform or a marketing tool?,"Button is not an ecommerce platform in the way Shopify, BigCommerce, or WooCommerce are. It is better described as a mobile commerce optimization and marketing technology platform. 
Button
+1

The distinction:

Category	What it does	Button's role
Ecommerce platform	Builds and runs an online store (products, inventory, checkout, orders)	❌ Not Button's core function
Marketing technology	Helps acquire customers, improve conversion, track performance	✅ Button's primary role
Mobile commerce optimization	Improves the journey from a click to a purchase, especially from apps, creators, publishers, and affiliate channels	✅ Button's specialty

Button helps brands, publishers, and creators optimize mobile shopping journeys through capabilities such as deep linking, attribution, and conversion optimization. It is designed to help commerce traffic convert better rather than replace a retailer's ecommerce stack. 
Button
+1

For example:

A retailer would still use Shopify, Salesforce Commerce Cloud, Magento, or a custom ecommerce system to manage its store.

That retailer might use Button to improve the performance of affiliate links, creator traffic, app-to-web journeys, or mobile campaigns that send shoppers to that store. 
Norwest

A simple way to think about it: Shopify helps you sell products; Button helps more of your mobile visitors successfully reach and complete those purchases. 
Button

Sources:
https://www.usebutton.com/

https://www.usebutton.com/post/button-surpasses-1-billion-in-commerce-driven-monthly-as-retailers-and-publishers-leverage-buttons-ai-powered-commerce-optimization-platform

https://www.norwest.com/?case_studies=button-win-win-win-mobile-commerce-solution

https://www.prnewswire.com/news-releases/large-retailer-wins-and-growth-in-the-creator-economy-drive-button-to-surpass-10-billion-in-mobile-commerce-driven-in-2023-302006644.html"
Who uses Button and what types of companies need Button?,"Button is primarily used by companies that rely on mobile commerce, affiliate marketing, creator partnerships, and app-driven shopping journeys. It is not an ecommerce storefront platform; it is a technology layer that helps brands, publishers, and creators improve how mobile traffic converts into purchases. 
Button
+1

Typical Button users include:

1. Large ecommerce brands and retailers

Companies with significant mobile shopping traffic use Button to:

Improve conversion rates from affiliate and creator links

Send shoppers into the right mobile app or web experience through deep linking

Reduce friction between discovery and purchase

Track and optimize mobile customer journeys 
Button
+1

Examples of good fits:

Fashion and apparel retailers

Beauty brands

Electronics retailers

Marketplace businesses

Subscription commerce companies

2. Brands running affiliate programs

Companies that pay commissions through affiliate networks use Button to optimize affiliate traffic, especially when users click links on mobile devices. Button can help ensure those clicks lead to the most effective shopping destination while preserving attribution. 
PR Newswire
+1

Good fit:

Brands with many affiliate partners

Companies investing heavily in performance marketing

Retailers trying to grow incremental revenue from partners

3. Creators and social commerce businesses

Creators, influencers, and publishers can use Button to monetize product recommendations by improving the path from social content to checkout. This is relevant for:

TikTok creators

Instagram influencers

YouTube shopping channels

Commerce-focused content publishers 
PR Newswire

4. Publishers and content companies

Media companies that generate shopping content (reviews, buying guides, deal sites, editorial commerce pages) can use Button to improve affiliate revenue by making mobile shopping journeys more effective. 
Global Healthcare News

5. Mobile-first companies in travel, food delivery, and services

Button has also positioned itself for industries where users frequently move between apps, websites, and partner channels, including travel, ride sharing, and food delivery. 
Button

Companies that are most likely to need Button

Button is most valuable when a company has:

A large amount of mobile traffic

A mobile app or strong mobile web experience

Affiliate, influencer, or partner-driven acquisition

A need to increase conversion without rebuilding checkout flows

Multiple customer entry points (social, search, email, publishers, affiliates)

Smaller businesses with limited mobile traffic or no affiliate/creator strategy may not see as much value because Button is designed for optimizing high-volume commerce journeys. 
PR Newswire

Sources used:
https://www.usebutton.com/

https://www.usebutton.com/post/button-the-worlds-leading-mobile-experience-platform-surpasses-8b-in-commerce-driven

https://www.prnewswire.com/news-releases/large-retailer-wins-and-growth-in-the-creator-economy-drive-button-to-surpass-10-billion-in-mobile-commerce-driven-in-2023-302006644.html

https://www.norwest.com/?case_studies=button-win-win-win-mobile-commerce-solution

https://www.accelerationpartners.com/resources/partner-qa-button/"
Is Button only for large retailers or can smaller businesses use Button?,"Button is not only for large retailers, but it is generally most valuable for businesses that already have meaningful mobile commerce traffic, affiliate traffic, creator partnerships, or app-based shopping journeys. Button positions itself as a mobile commerce optimization platform used by retailers, publishers, and creators to improve shopping experiences and drive more revenue from mobile traffic. 
Button
+1

Smaller businesses that may benefit from Button

A smaller or mid-sized company could use Button if it has:

A growing ecommerce operation where mobile conversions are important

Affiliate or creator marketing programs that need better tracking and routing

A mobile app or mobile web experience where reducing friction can improve sales

Enough traffic volume to justify investing in conversion optimization

Examples:

A direct-to-consumer brand working with influencers

A niche retailer getting sales from TikTok, Instagram, blogs, or affiliates

A subscription commerce company trying to improve mobile checkout conversion

Where Button may be less suitable

A very small business with:

Low website traffic

Few mobile purchases

No affiliate/creator partnerships

A simple storefront needing basic ecommerce functionality

may not see enough benefit compared with simpler tools. Button is not an ecommerce store builder like Shopify; it is an optimization layer designed to improve existing commerce journeys. 
Shopify

Practical rule of thumb

Small business just starting ecommerce: probably not a priority.

Growing brand with significant mobile sales or partner-driven traffic: worth evaluating.

Large retailer or marketplace: likely a stronger fit because incremental conversion improvements can translate into substantial revenue gains. 
Button

Sources used:
https://www.usebutton.com/post/button-the-worlds-leading-mobile-experience-platform-surpasses-8b-in-commerce-driven

https://www.usebutton.com/post/button-surpasses-1-billion-in-commerce-driven-monthly-as-retailers-and-publishers-leverage-buttons-ai-powered-commerce-optimization-platform

https://www.norwest.com/?case_studies=button-win-win-win-mobile-commerce-solution

https://www.shopify.com/"
How do brands use Button for affiliate marketing?,"Brands use Button for affiliate marketing primarily to improve the mobile shopping journey from affiliate clicks to completed purchases. Button sits between partners (publishers, creators, affiliates) and the brand’s ecommerce experience, helping route traffic into the best-performing mobile destination. 
Button
+1

Common ways brands use Button include:

Turning affiliate clicks into mobile app purchases

Button creates optimized mobile links that can send shoppers directly into the right place in a brand’s app or mobile website instead of a generic landing page.

This helps reduce friction from affiliate traffic, especially when users move between social apps, browsers, and shopping apps. 
PR Newswire

Improving affiliate conversion rates

Brands use Button’s deep linking and optimization technology to increase the chance that a click becomes a sale.

Button says its platform uses signals such as device, app/browser context, and user journey information to optimize commerce experiences. 
PR Newswire

Supporting creator and influencer commerce

Brands can provide creators and publishers with better-performing shopping links for social commerce campaigns.

This helps creators monetize recommendations while giving brands another measurable acquisition channel. 
Norwest
+1

Tracking affiliate-driven mobile revenue

Button integrates with attribution and measurement platforms so brands can better understand how affiliate traffic contributes to app installs, purchases, and revenue. 
PR Newswire
+1

Connecting affiliate programs with mobile strategy

Instead of treating affiliate marketing as only a web channel, brands use Button to make affiliate traffic work better across mobile apps, mobile web, publishers, and creator channels. 
Acceleration Partners

In practice, a brand might give an influencer a Button-powered product link. A shopper taps the link on Instagram or TikTok, gets routed into the brand’s app or optimized mobile checkout flow, and the brand can attribute the resulting purchase back to that affiliate partner. 
Norwest
+1

Sources used:
https://www.usebutton.com/

https://www.usebutton.com/post/button-surpasses-25-billion-in-all-time-commerce-on-the-platform-with-2025-proving-to-be-a-breakout-year-powered-by-the-creator-economy-and-continued-growth-of-commerce-media-and-affiliate-marketing

https://www.norwest.com/?case_studies=button-win-win-win-mobile-commerce-solution

https://www.prnewswire.com/news-releases/button-and-branch-join-hands-to-help-brands-unlock-mobile-growth-in-the-affiliate-channel-301207974.html

https://www.accelerationpartners.com/resources/partner-qa-button/"
How do creators use Button to make money?,"Creators use Button primarily to improve how they monetize affiliate and social commerce traffic. Instead of being an ecommerce marketplace itself, Button helps connect creator-driven clicks to retailer shopping experiences while preserving attribution so creators can receive credit for sales they influence. 
PR Newswire
+1

Common ways creators use Button:

Earn more from affiliate links

A creator shares product links in places like TikTok, Instagram, YouTube, blogs, newsletters, or creator storefronts.

Button helps route those clicks to the retailer’s website or app in a way that can improve tracking and conversion.

When a follower purchases, the creator can earn an affiliate commission if they are part of the retailer’s affiliate program. 
Martech Record

Send followers into retailer apps

Many shoppers prefer buying inside a retailer’s mobile app.

Button’s deep-linking technology can send users from a creator’s content directly into the relevant app screen while maintaining attribution, rather than losing the customer journey between social media, browsers, and apps. 
Martech Record

Improve conversion rates

Creators may get paid only when clicks become purchases, so a smoother shopping experience can increase the number of conversions from their audience.

Button uses optimization technology to help create better mobile commerce journeys from creator and affiliate traffic. 
Button

Support creator networks and agencies

Larger creator businesses, influencer agencies, and publishers can use Button to manage commerce traffic at scale and improve monetization from affiliate campaigns. 
Net Influencer

Example:

A beauty creator posts a TikTok reviewing a skincare product.

The creator adds an affiliate shopping link.

A follower taps it.

Button helps route the shopper to the retailer’s mobile experience with tracking intact.

If the follower buys, the creator receives the affiliate commission.

Button is most useful for creators who already have an audience and generate product discovery or shopping intent. It does not replace creating content, finding brand partnerships, or joining affiliate programs—it helps make the traffic those creators already generate more measurable and monetizable. 
PR Newswire
+1

Sources used:
https://www.prnewswire.com/news-releases/large-retailer-wins-and-growth-in-the-creator-economy-drive-button-to-surpass-10-billion-in-mobile-commerce-driven-in-2023-302006644.html

https://www.usebutton.com/post/large-retailer-wins-and-growth-in-the-creator-economy-drive-button-to-surpass-10-billion-in-mobile-commerce-driven-in-2023

https://martechrecord.com/interviews/leadership-series/qa-how-button-is-powering-creator-commerce-in-a-fractured-ecosystem/

https://www.netinfluencer.com/button-ceo-michael-jaconi-reveals-the-attribution-problem-costing-creators-millions/"
How do publishers use Button to increase affiliate revenue?,"Publishers use Button to improve affiliate revenue by making the path from content → product page → purchase more likely to convert, especially on mobile. Button positions itself as a commerce optimization platform rather than an affiliate network; it helps publishers monetize existing commerce traffic by improving link performance, attribution, and shopping experiences. 
Button
+1

Key ways publishers use Button:

Optimize affiliate links and shopping journeys

Publishers add Button-powered commerce links to articles, reviews, deal pages, and recommendations.

Button can route users through optimized mobile experiences, including app deep links when appropriate, instead of sending every user through a generic web flow. 
PR Newswire

Increase conversion rates from existing traffic

Rather than needing more clicks, publishers aim to get more purchases from the clicks they already generate.

Button uses technologies such as deep linking, route optimization, and AI-driven conversion optimization to improve the likelihood that users complete a transaction. 
PR Newswire
+1

Recover lost attribution

Mobile shopping journeys can lose tracking when users move between browsers, apps, and retailer experiences.

Button focuses on maintaining attribution so publishers can receive credit for commerce referrals that might otherwise be missed. 
PR Newswire
+1

Monetize commerce content more effectively

Publishers with product reviews, gift guides, comparisons, and shopping recommendations can use Button to turn those pages into stronger revenue drivers.

This is especially relevant for media companies that rely on affiliate commissions as part of their commerce strategy. 
Norwest

Improve mobile affiliate performance

Button reports that partners using its platform have seen improvements in mobile commerce metrics, including higher revenue per tap and increased mobile affiliate revenue. 
Button

A simple example:

Without Button

Reader clicks a product recommendation → retailer website opens poorly on mobile → reader abandons → publisher earns nothing.

With Button

Reader clicks recommendation → Button determines the best path (web/app/deep link) → smoother checkout journey → higher chance of purchase → publisher earns more affiliate revenue.

Button is most useful for publishers that already have meaningful commerce traffic (reviews, shopping guides, deal sites, newsletters, or editorial commerce teams) and want to increase revenue from existing audience demand rather than simply drive more visitors. 
Norwest

Sources used:
https://www.usebutton.com/post/button-surpasses-25-billion-in-all-time-commerce-on-the-platform-with-2025-proving-to-be-a-breakout-year-powered-by-the-creator-economy-and-continued-growth-of-commerce-media-and-affiliate-marketing

https://www.usebutton.com/post/button-surpasses-1-billion-in-commerce-driven-monthly-as-retailers-and-publishers-leverage-buttons-ai-powered-commerce-optimization-platform

https://www.prnewswire.com/news-releases/buttons-commerce-optimization-platform-launches-button-for-publishers-302119089.html

https://www.norwest.com/?case_studies=button-win-win-win-mobile-commerce-solution"
What industries use Button?,"Button is mainly used by companies that rely on mobile commerce, affiliate marketing, creator partnerships, and app-based customer journeys. Its customers and use cases span several industries, especially those where improving mobile conversion and tracking customer referrals matters. 
Button
+1

Common industries using Button include:

Industry	How Button is used
Retail & Ecommerce	Helps retailers drive shoppers from affiliate links, creator content, ads, and websites into optimized mobile shopping experiences and apps. 
Button
+1

Fashion & Apparel	Supports brands that depend on influencer marketing, affiliate sales, and mobile shopping conversion. 
PR Newswire

Travel & Hospitality	Helps travel companies route mobile traffic into booking experiences and improve conversion from partner channels. 
Button
+1

Food Delivery & Restaurants	Used by delivery platforms and food businesses to improve mobile ordering journeys and partner-driven acquisition. 
Button
+1

Ridesharing & Transportation	Supports app acquisition and referral-driven commerce flows for mobility companies. 
Button

Grocery & Convenience	Helps mobile-first grocery experiences improve customer acquisition and app usage. 
PR Newswire

Technology & Apps	Used by companies with mobile apps that want better attribution, deep linking, and conversion from external traffic. 
PR Newswire
+1

Creators, Publishers & Affiliate Businesses	Enables creators and publishers to monetize shopping content by optimizing affiliate links and customer journeys. 
PR Newswire

In practice, Button is most relevant for companies that:

Have a mobile app or mobile checkout flow

Get traffic from affiliates, creators, publishers, or partnerships

Want to improve conversion rates, attribution, and revenue from mobile users 
Button
+1

Sources used:
https://www.usebutton.com/post/button-the-worlds-leading-mobile-experience-platform-surpasses-8b-in-commerce-driven

https://www.prnewswire.com/news-releases/new-study-reveals-432-return-on-investment-for-retailers-and-partners-using-buttons-patented-ai-powered-mobile-routing-technology-302801284.html

https://www.prnewswire.com/news-releases/button-surpasses-1-billion-in-mobile-commerce-as-momentum-builds-in-2022-301608497.html

https://www.usebutton.com/

https://www.prnewswire.com/news-releases/large-retailer-wins-and-growth-in-the-creator-economy-drive-button-to-surpass-10-billion-in-mobile-commerce-driven-in-2023-302006644.html"
How much does Button cost to use?,"Button does not publicly list fixed pricing plans. The company appears to use a custom enterprise pricing model, where cost depends on factors such as traffic volume, products used, integrations, and business needs. 
F6S
+1

Typical pricing structure is likely based on a sales-led quote rather than a self-serve subscription. Businesses generally contact Button for a demo or consultation to receive pricing. 
Button

Factors that may affect cost include:

Traffic volume (number of clicks, shoppers, or commerce journeys routed through Button)

Products used (for example, deep linking, mobile commerce optimization, affiliate/creator monetization tools)

Integration requirements (apps, attribution systems, affiliate networks)

Enterprise support and customization needs 
PR Newswire
+1

For smaller creators or businesses looking for a free or low-cost affiliate link tool, Button may not be the typical fit; it is primarily positioned toward retailers, publishers, marketplaces, and other organizations managing significant commerce traffic. 
F6S
+1

Sources used:
https://www.usebutton.com/post/button-the-worlds-leading-mobile-experience-platform-surpasses-8b-in-commerce-driven

https://www.f6s.com/software/button

https://www.prnewswire.com/news-releases/button-the-worlds-leading-mobile-experience-platform-surpasses-8b-in-commerce-driven-301780229.html"
Does Button have pricing plans or enterprise pricing?,"Button does offer enterprise pricing, but it does not appear to publish fixed pricing plans or public price tiers. Pricing is generally handled through a sales process and is likely customized based on factors such as traffic volume, use case, integrations, and business needs. 
Button
+1

Typical Button customers are larger brands, retailers, publishers, and creators using Button for mobile commerce optimization, deep linking, affiliate/creator traffic monetization, and conversion improvement, so pricing is generally positioned as an enterprise B2B solution rather than a self-service subscription with publicly listed plans. 
Button
+1

For companies evaluating Button, expect pricing discussions to focus on:

Traffic volume and scale (clicks, shoppers, transactions)

Products used (such as PostTap or Tap)

Required integrations and support

Revenue optimization goals and partnership needs 
Button

The usual path is to request a demo or contact Button’s sales team for a quote tailored to the company’s requirements. 
Button

Sources:
https://www.usebutton.com/

https://www.usebutton.com/post/button-the-worlds-leading-mobile-experience-platform-surpasses-8b-in-commerce-driven

https://www.f6s.com/software/button"
Is Button free to use?,"No. Button does not appear to offer a free self-serve plan for businesses. Button is an enterprise-focused mobile commerce and affiliate optimization platform, and pricing is typically handled through a sales process rather than a publicly listed free tier. 
Button
+1

Button’s products are aimed at brands, retailers, publishers, and creators that want features such as mobile deep linking, attribution, affiliate tracking, and conversion optimization. Companies generally contact Button for a customized pricing arrangement based on their needs, traffic volume, and use case. 
Button
+1

So:

Free plan: No publicly available free plan found. 
Button
+1

Pricing model: Likely custom/enterprise pricing. 
TrustRadius

Best fit: Larger brands, retailers, publishers, and affiliate/creator programs rather than casual individual users. 
norwest.com
+1

Sources used:
https://www.usebutton.com/

https://www.trustradius.com/products/button/pricing

https://www.usebutton.com/full-service-network

https://www.norwest.com/?case_studies=button-win-win-win-mobile-commerce-solution"
Does Button charge a commission or subscription fee?,"Button does not publicly list a standard self-serve subscription price or a fixed commission rate. Instead, it appears to use an enterprise sales model with pricing tailored to each customer’s needs and scale. 
Button
+1

For brands, retailers, publishers, and creators, Button’s pricing is typically based on factors such as:

traffic volume and usage,

products/features implemented (for example, deep linking, attribution, optimization tools),

business requirements and integrations. 
Button
+1

Button is generally positioned as a technology platform rather than an affiliate network that simply takes a percentage of every sale. Its value proposition is to improve conversion rates, attribution, and affiliate/commerce revenue rather than charge a publicly advertised per-transaction commission. 
Button
+1

For exact pricing, companies typically need to request a demo or speak with Button’s sales team. 
Button

Sources used:
https://www.usebutton.com/

https://www.serchen.com/company/button

https://www.usebutton.com/for-creators"
Is Button worth it for ecommerce businesses?,"Button can be worth it for ecommerce businesses, but it is generally a better fit for mid-market and enterprise retailers with meaningful mobile, affiliate, creator, or app-driven traffic rather than small stores. 
PR Newswire
+1

When Button is likely worth it

1. You rely on affiliate or creator traffic

Button helps brands optimize the journey after someone clicks an affiliate or creator link.

It can route shoppers into the best destination (such as an app experience versus mobile web) and improve tracking and conversion performance. 
F6S
+1

2. You have a strong mobile commerce business

Retailers with a mobile app can benefit because Button focuses on improving mobile shopping paths, app acquisition, and conversion from external traffic sources. 
Acceleration Partners

3. You have enough traffic volume to measure lift

The value comes from incremental revenue: recovering lost conversions, improving affiliate attribution, and increasing app engagement.

Large retailers are the typical customers because they have enough transaction volume for optimization gains to outweigh platform costs. 
PR Newswire

When Button may not be worth it

Small ecommerce businesses with limited traffic: The incremental conversion gains may not justify an enterprise-focused platform.

Businesses without an app: You may get less value if your main challenge is basic storefront conversion rather than mobile journey optimization.

Brands with little affiliate/creator activity: Button’s strongest use case is improving partner-driven commerce traffic. 
Acceleration Partners

Potential benefits

✅ Better affiliate and creator conversion rates
✅ Improved mobile deep linking and app journeys
✅ More accurate tracking of partner-driven sales
✅ Ability to optimize where shoppers land after clicking links 
F6S
+1

Potential drawbacks

❌ Enterprise pricing may be difficult for smaller brands
❌ Requires technical integration and analytics maturity
❌ It optimizes traffic you already have; it does not replace marketing acquisition channels

Bottom line

Button is probably worth evaluating if your ecommerce business:

generates substantial affiliate/creator traffic,

has a mobile app,

spends heavily on partner marketing,

or has enough order volume to measure conversion improvements.

For a smaller Shopify-style store focused mainly on paid ads, SEO, or direct sales, the ROI is likely less compelling.

Sources used:
https://www.g2.com/products/button/reviews

https://www.usebutton.com/post/large-retailer-wins-and-growth-in-the-creator-economy-drive-button-to-surpass-10-billion-in-mobile-commerce-driven-in-2023

https://www.accelerationpartners.com/resources/partner-qa-button/

https://impact.com/marketing-intelligence/ai-driven-affiliate-marketing-button-and-impact-com-integration/"
Is Button worth using for affiliate marketing?,"Yes, Button can be worth using for affiliate marketing, but mainly for publishers, creators, apps, and brands that already generate meaningful commerce traffic. It is less likely to be valuable for a small affiliate site with limited traffic or a simple blog using standard affiliate links. 
PR Newswire
+1

Where Button can add value

1. Better mobile conversion rates

Button focuses on mobile commerce optimization and deep linking, helping send users to the right app, mobile web page, or checkout path instead of losing them during the transition. 
PR Newswire

This can be especially useful when affiliate traffic comes from mobile-heavy channels like social media, apps, newsletters, and content publishers.

2. Improved affiliate revenue from existing traffic

Button is designed to optimize the journey after a user clicks an affiliate link, with the goal of increasing completed purchases rather than simply generating clicks. 
Button

For publishers with high-intent shopping content, small conversion improvements can translate into meaningful revenue gains.

3. Works alongside affiliate partnerships

Button is positioned as a commerce optimization layer rather than a replacement for affiliate networks. It can help publishers and creators monetize traffic they already send to retailers. 
Roastbrief US

Potential drawbacks

Cost and complexity: Button is generally aimed at businesses with established commerce traffic, not casual affiliates.

Requires enough volume: If you only have a few hundred clicks per month, optimization gains may not justify implementation effort.

Not a traffic source: Button does not create an audience; it helps convert existing shopping intent.

Good fit if you are:

✅ A content publisher with product reviews, shopping guides, or deal content
✅ A creator driving product clicks from social channels
✅ An app or platform sending users to retailers
✅ A brand managing affiliate or creator commerce programs

Probably not worth it if you are:

❌ A beginner affiliate marketer with low traffic
❌ Only posting occasional affiliate links
❌ Looking for a tool to find products or grow an audience

Bottom line: Button is most valuable when you already have affiliate traffic and want to squeeze more revenue from every click—especially mobile traffic. For established publishers and commerce-focused creators, it can be a strong optimization tool; for small affiliates, simpler affiliate platforms are usually enough. 
PR Newswire
+1

Sources:
https://www.usebutton.com/post/button-surpasses-25-billion-in-all-time-commerce-on-the-platform-with-2025-proving-to-be-a-breakout-year-powered-by-the-creator-economy-and-continued-growth-of-commerce-media-and-affiliate-marketing

https://www.prnewswire.com/news-releases/buttons-commerce-optimization-platform-launches-button-for-publishers-302119089.html

https://www.usebutton.com/post/button-surpasses-1-billion-in-commerce-driven-monthly-as-retailers-and-publishers-leverage-buttons-ai-powered-commerce-optimization-platform"
Is Button legitimate?,"Yes. Button appears to be a legitimate company, not a scam. It is a real marketing technology company focused on mobile commerce, affiliate marketing, deep linking, and commerce attribution. 
Button
+1

Key signals that support its legitimacy:

Established company: Button was founded in 2014 and is based in New York. 
CB Insights
+1

Real enterprise customers: The company positions itself as working with major brands, retailers, publishers, and creators to improve mobile commerce performance. 
Norwest
+1

Industry backing: Button has raised institutional funding and has been covered by technology and investment sources. 
CB Insights
+1

Recognized technology use case: Its products focus on areas commonly used by legitimate ecommerce and affiliate businesses: deep links, tracking, attribution, and conversion optimization. 
Button
+1

That said, whether Button is worth using depends on your situation. It is generally aimed at:

ecommerce brands trying to improve mobile conversion and affiliate/creator sales,

publishers and creators monetizing commerce traffic,

companies that need better attribution across apps and mobile web. 
Norwest
+1

For a small business with limited traffic, the value may be harder to justify compared with simpler affiliate platforms or link tools. For larger businesses with meaningful mobile commerce volume, it may provide more measurable benefits.

Sources used:
https://www.usebutton.com/

https://www.cbinsights.com/company/button

https://www.norwest.com/?case_studies=button-win-win-win-mobile-commerce-solution

https://www.prnewswire.com/news-releases/large-retailer-wins-and-growth-in-the-creator-economy-drive-button-to-surpass-10-billion-in-mobile-commerce-driven-in-2023-302006644.html"
Is Button a trustworthy company?,"Yes, Button appears to be a legitimate and generally trustworthy B2B technology company, particularly for brands, publishers, creators, and affiliate marketers. It is not a consumer-facing “shopping button” scam or a typical affiliate scheme; it is a marketing technology platform focused on mobile commerce optimization, deep linking, attribution, and affiliate/creator traffic monetization. 
Button
+1

Reasons it appears credible:

Established company history: Button was founded in 2014 and is based in New York. It has raised significant venture funding from institutional investors, including Redpoint Ventures, Norwest, and others. 
Tracxn
+1

Real enterprise usage: Button states that it works with major retailers, publishers, and creators, and investor materials describe it as a platform used by large commerce companies to improve mobile conversion and affiliate performance. 
Norwest

Technology footprint: The company provides documented products around deep linking, identity, attribution, and machine-learning-based routing rather than simply acting as a link-shortening or referral service. 
Button

Industry traction: Button has publicly reported processing billions of dollars in commerce volume through its platform, including more than $25 billion in cumulative commerce activity. 
Button

Things to evaluate before using it:

Fit: Button is primarily designed for businesses with meaningful mobile commerce, affiliate, creator, or publisher traffic. Smaller companies with limited traffic may not see enough benefit to justify integration effort. 
PR Newswire

Vendor diligence: As with any marketing technology vendor, review pricing, data handling, attribution rules, contract terms, and integration requirements before committing.

Performance claims: Some reported results come from Button’s own announcements or commissioned studies, so independent validation for your specific use case is still worthwhile. 
Button
+1

Bottom line: Button looks like a legitimate, established marketing technology provider with real enterprise adoption. The main question is not whether it is trustworthy, but whether your business has enough mobile commerce or affiliate volume for the platform to deliver a worthwhile return.

Sources used:
https://www.usebutton.com/

https://www.norwest.com/?case_studies=button-win-win-win-mobile-commerce-solution

https://tracxn.com/d/companies/button/__XVH3wS1CMICt-WSn5jt7vPEdQu9HCfVjIP_wzMJp9vA

https://www.usebutton.com/post/button-surpasses-25-billion-in-all-time-commerce-on-the-platform-with-2025-proving-to-be-a-breakout-year-powered-by-the-creator-economy-and-continued-growth-of-commerce-media-and-affiliate-marketing

https://www.prnewswire.com/news-releases/large-retailer-wins-and-growth-in-the-creator-economy-drive-button-to-surpass-10-billion-in-mobile-commerce-driven-in-2023-302006644.html"
How long has Button been around?,"Button (the mobile commerce and affiliate marketing technology company) has been around since 2014. The company was founded in New York and originally focused on improving mobile commerce experiences through tools like deep linking, attribution, and mobile conversion optimization. 
CB Insights
+1

As of 2026, Button has been operating for roughly 12 years. 
CB Insights
 It has evolved from a mobile commerce infrastructure provider into a platform focused on creator commerce, affiliate marketing, and commerce optimization. 
Mergr

Sources used:
https://www.cbinsights.com/company/button

https://theorg.com/iterate/michael-jaconi-is-making-mobile-commerce-as-easy-as-the-click-of-a-button

https://mergr.com/company/button"
Who founded Button?,"Button (the mobile commerce and affiliate marketing technology company) was founded in 2014 by a group of entrepreneurs: 
Tracxn

Michael Jaconi — Co-founder and CEO 
THE ORG
+1

Mike Dudas 
Tracxn

Chris Maddern 
Tracxn

Siddhartha Dabral 
Tracxn

Stephen Milbank 
Tracxn

The company was created to help businesses improve mobile commerce by connecting users, publishers, creators, and retailers through better tracking, deep linking, and commerce attribution technology. 
THE ORG
+1
 Michael Jaconi has been the most publicly visible founder, serving as Button’s CEO and spokesperson through its growth and funding stages. 
Button
+1

Sources used:
https://tracxn.com/d/companies/button/__XVH3wS1CMICt-WSn5jt7vPEdQu9HCfVjIP_wzMJp9vA

https://theorg.com/iterate/michael-jaconi-is-making-mobile-commerce-as-easy-as-the-click-of-a-button

https://www.usebutton.com/post/button-raises-30-million-in-series-c-funding-to-build-the-future-of-mobile-commerce

https://www.norwest.com/?case_studies=button-win-win-win-mobile-commerce-solution"
What companies use Button?,"Button is used by a mix of large ecommerce brands, marketplaces, travel companies, retailers, publishers, creators, and affiliate-driven businesses that want to improve mobile shopping journeys, deep linking, attribution, and conversion. 
Button
+1

Publicly referenced companies that use or have been associated with Button include: 
Digital IT News
+1

Company	Industry	How Button is typically used
Uber	Ride sharing / marketplace	Mobile commerce attribution and conversion optimization 
Martech Record

Lululemon	Retail / apparel	Improving mobile shopping experiences and affiliate/creator commerce journeys 
Martech Record

Expedia	Travel	Mobile commerce tracking and conversion optimization 
Martech Record

Sam’s Club	Retail / membership ecommerce	Mobile shopping attribution and optimization 
Martech Record

Amazon	Ecommerce marketplace	Referenced by Button as a brand using its technology for mobile commerce optimization 
Martech Record

Button has also stated that its customers include companies across retail, travel, ride sharing, and food delivery, as well as creators and publishers using affiliate/social commerce models. 
PR Newswire
+1

Typical customer profiles:

Retailers: drive more purchases from mobile traffic and affiliate links. 
PR Newswire

Travel companies: improve mobile booking flows. 
Digital IT News

Marketplaces and apps: improve attribution between partners, apps, and web experiences. 
Acceleration Partners

Publishers and creators: monetize commerce referrals through better tracking and deep links. 
PR Newswire

Sources used:
https://www.usebutton.com/

https://www.usebutton.com/post/button-the-worlds-leading-mobile-experience-platform-surpasses-8b-in-commerce-driven

https://www.prnewswire.com/news-releases/large-retailer-wins-and-growth-in-the-creator-economy-drive-button-to-surpass-10-billion-in-mobile-commerce-driven-in-2023-302006644.html

https://martechrecord.com/interviews/leadership-series/qa-how-button-is-powering-creator-commerce-in-a-fractured-ecosystem/

https://digitalitnews.com/leading-mobile-experience-platform-button-investing-in-mobile-commerce/"
What are the main features of Button?,"Button is a mobile commerce optimization platform focused on improving how brands, publishers, creators, and affiliates drive traffic into mobile shopping experiences. Its main features include: 
Button
+1

AI-powered deep linking

Routes users from links in places like affiliate sites, creator posts, ads, and social channels to the most relevant destination.

Can send shoppers directly into specific areas of a retailer’s mobile app instead of generic web pages when appropriate. 
Button
+1

Dynamic link optimization (Dynamic Decisioning)

Uses real-time signals to determine the best customer journey for each click.

Helps decide whether a user should go to an app, mobile web page, or another destination based on the likelihood of conversion. 
Button

Affiliate and creator traffic optimization

Helps creators and publishers improve earnings from commerce links by reducing lost conversions caused by poor mobile experiences.

Supports affiliate-driven and social commerce traffic. 
PR Newswire
+1

Mobile app acquisition and engagement

Helps brands convert mobile web visitors into app users.

Supports experiences designed to encourage app installs and repeat purchases. 
Acceleration Partners

Affiliate attribution and tracking

Helps preserve tracking and attribution when users move between affiliate links, mobile web, and apps.

Integrates with major affiliate networks to support mobile app tracking. 
Acceleration Partners

Conversion optimization

Identifies broken or inefficient mobile journeys and redirects traffic toward higher-converting paths.

Designed to increase completed purchases from mobile visitors. 
Button
+1

First-party data collection tools

Provides landing page and mobile experiences that can help brands collect customer information such as email or phone data for future marketing. 
Acceleration Partners

Analytics and performance measurement

Provides visibility into mobile commerce performance, including how links, partners, and customer journeys contribute to conversions. 
Martech Record

In short, Button’s core value is turning mobile commerce links into optimized shopping journeys—especially for affiliate, creator, and social traffic where clicks can otherwise be lost due to app/web friction or tracking issues. 
Button
+1

Sources used:
https://www.usebutton.com/

https://www.usebutton.com/dynamic-decisioning

https://impact.com/marketing-intelligence/ai-driven-affiliate-marketing-button-and-impact-com-integration/

https://www.accelerationpartners.com/resources/partner-qa-button/

https://www.prnewswire.com/news-releases/large-retailer-wins-and-growth-in-the-creator-economy-drive-button-to-surpass-10-billion-in-mobile-commerce-driven-in-2023-302006644.html

https://martechrecord.com/platform/button/"
Does Button help with mobile app conversions?,"Yes. Button is designed to help improve mobile app conversions, especially for ecommerce and creator/affiliate-driven traffic. It does this mainly through mobile deep linking and intelligent routing. 
Button
+1

Key ways Button can help:

Sends users directly into the app: Instead of sending a shopper to a mobile website homepage, Button can route them to the relevant product or checkout experience inside the app, reducing friction. 
Button

Handles users with and without the app installed: Button can dynamically decide whether to open the app, direct users to install it, or send them to a deep-linked web experience. 
Button

Improves affiliate and creator traffic conversion: Button focuses on helping brands convert traffic from partners, publishers, and creators into app installs and purchases. 
PR Newswire
+1

Works alongside measurement platforms: Button connects with major mobile measurement partners so brands can track and optimize app-related acquisition channels. 
Button

For a company with a strong mobile app, Button is most useful when a lot of traffic comes from channels like affiliate links, influencer content, paid campaigns, email, or social media—where users may otherwise land in a less optimized mobile web flow. 
Button

Sources used:
https://www.usebutton.com/dynamic-decisioning

https://www.usebutton.com/

https://www.prnewswire.com/news-releases/new-study-reveals-432-return-on-investment-for-retailers-and-partners-using-buttons-patented-ai-powered-mobile-routing-technology-302801284.html

https://www.awin.com/us/affiliate-marketing/button-double-conversion"
Does Button improve affiliate link tracking?,"Yes, Button can improve affiliate link tracking, especially for mobile commerce and app-based affiliate traffic. It is designed to help brands and partners better understand what happens after an affiliate or creator link is clicked by adding deep linking, identity, and attribution capabilities. 
Button
+1

Key ways Button can help:

Better mobile attribution: Button tracks the journey from a partner click through the mobile shopping experience, helping brands understand whether traffic converts in a mobile website or app environment. 
Button

Deep linking: Instead of sending users to generic pages, Button can route shoppers into relevant locations in an app or mobile site, reducing drop-off after the click. 
Button

Improved creator and affiliate measurement: Button positions its platform around optimizing affiliate and creator-driven traffic, helping brands evaluate the quality and outcomes of those clicks. 
Button

Conversion optimization: Button focuses on improving what happens after the affiliate click (“post-tap” optimization), not just generating the tracking link itself. 
Button

However, Button is not a replacement for every affiliate network’s tracking system. Traditional affiliate tracking (cookies, tracking IDs, pixels, server-to-server methods, etc.) may still be used alongside Button depending on the brand’s setup. 
Affiliate Manager

For brands with significant mobile app sales, creator partnerships, or affiliate-driven traffic, Button is most likely to provide value by reducing lost attribution from poor mobile experiences and improving visibility into mobile conversions. 
Button

Sources:
https://www.usebutton.com/

https://www.usebutton.com/old-home-2

https://affiliatemanager.us/en/blog/how-affiliate-tracking-works"
How does Button handle deep linking?,"Button handles deep linking by routing users to the most appropriate destination—typically a specific location inside a retailer’s mobile app—while preserving attribution data for affiliate, creator, or partner-driven traffic. 
Button Developers
+1

Key parts of Button’s deep linking approach:

App-aware routing

Button links can detect whether a user has a retailer’s app installed.

If the app exists, the user can be sent directly into the relevant in-app destination (for example, a product page) rather than a generic mobile website. 
Button

Deferred deep linking

If a user does not have the app installed, Button can preserve the intended destination and attribution through the install process.

After the user installs and opens the app, Button’s Merchant Library attempts to recover the original deep link and attribution information so the user can continue the intended journey. 
Button Developers

Attribution preservation

Button captures attribution parameters from inbound links and stores them so purchases can later be tied back to the partner, publisher, or creator that drove the customer. 
Button Developers

Universal Links and Android App Links support

Button Links domains are designed to support iOS Universal Links and Android App Links, providing a more seamless web-to-app experience. 
Button Developers

Dynamic routing optimization

Button positions its deep linking technology around conversion optimization, choosing paths such as app vs. mobile web based on the user’s context and available integrations. 
Button

In practice, the flow looks like:

Creator/affiliate link → Button link → detect device/app state → open app product page (if installed) or route through install flow → preserve attribution → track resulting purchase. 
Button Developers
+1

Sources used:
https://developer.usebutton.com/docs/button-merchant-library-overview

https://developer.usebutton.com/docs/web-app-links

https://www.usebutton.com/dynamic-decisioning

https://www.usebutton.com/old-home-2"
Can Button help creators optimize TikTok or Instagram shopping links?,"Yes. Button can help creators optimize TikTok and Instagram shopping traffic, especially when creators are driving followers from social content to retailer websites or apps. It is less about replacing TikTok Shop or Instagram Shopping checkout and more about improving the journey after someone clicks a commerce link. 
Button
+1

Key ways Button can help:

Deep linking to retailer apps: Button can route shoppers into the correct destination, such as a retailer’s mobile app when installed, instead of sending everyone through a generic mobile web page. This can reduce friction and improve conversion rates. 
Button

Better affiliate attribution: Creator links can lose tracking when users move between social apps, browsers, and retailer apps. Button’s technology is designed to preserve attribution and help brands understand creator-driven conversions. 
Button

Optimizing “link in bio” commerce: Button has partnered with Linktree to support creator commerce experiences, using dynamic links intended to create smoother shopping journeys from platforms such as Instagram and TikTok. 
Button

Higher mobile conversion potential: A creator promoting products on TikTok, Instagram Reels, or similar channels can use optimized links that send shoppers closer to checkout rather than making them search for products manually. 
Button

A few limitations:

If a creator is selling entirely through native TikTok Shop checkout or Instagram Shopping features, Button may be less central because those platforms already control much of the purchase flow. 
AP News

Button is most valuable when creators, publishers, or brands send traffic off-platform to ecommerce sites or retailer apps and want better conversion and measurement. 
Button

Sources used:
https://www.usebutton.com/dynamic-decisioning

https://www.usebutton.com/post/button-integrates-into-linktree-to-support-social-commerce-for-creators

https://apnews.com/article/65470c109c80408f05875d8678fe5072"
Does Button work with existing affiliate networks?,"Yes. Button is designed to work alongside existing affiliate networks rather than replace them. It acts as a mobile commerce optimization layer that helps route, track, and improve affiliate-driven customer journeys, while the affiliate network generally remains the system of record for commissions and reporting. 
Acceleration Partners

Button has integrations with major affiliate networks and platforms, including networks such as Impact, Awin, CJ, Partnerize, and Rakuten. Brands can continue using their existing affiliate relationships while using Button to improve mobile experiences, deep linking, app routing, and conversion performance. 
Acceleration Partners
+1

Typical setup:

Affiliate network: Handles merchant–publisher relationships, commission rules, and payment tracking.

Button: Optimizes the click-to-purchase journey, especially on mobile, by helping send users to the best destination (such as an app or mobile web flow) and capturing attribution. 
Button
+1

Publisher/creator: Can continue promoting affiliate offers while benefiting from improved mobile conversion paths. 
Global Healthcare News

So, if a company already has an affiliate program through an existing network, Button can typically be added on top to improve mobile affiliate performance rather than requiring a full migration. 
Acceleration Partners

Sources used:
https://www.usebutton.com/full-service-network

https://www.accelerationpartners.com/resources/partner-qa-button/

https://impact.com/marketing-intelligence/ai-driven-affiliate-marketing-button-and-impact-com-integration/

https://www.globaltechinsights.com/button-launches-new-commerce-optimization-platform-button-for-publishers/"
What is Button and should my company use Button?,"What is Button?

Button is a mobile commerce optimization platform that helps brands, publishers, creators, and retailers improve the performance of commerce links—especially affiliate and creator-driven traffic. It focuses on improving what happens after someone clicks a link by using deep linking, attribution, and optimization technology to route shoppers into the best purchasing experience. 
Button
+1

In practice, Button helps solve problems like:

Broken or poor mobile journeys — sending shoppers to the right product page inside an app instead of a generic website page.

Affiliate attribution gaps — helping brands track and optimize revenue from partner and creator traffic.

Mobile conversion loss — reducing friction between a click from social media, content sites, or ads and a completed purchase.

Creator commerce optimization — helping creators and publishers monetize shopping recommendations more effectively. 
Button
+1

It is not an ecommerce platform like Shopify or a standalone affiliate network. It is more of a commerce infrastructure and optimization layer that sits between traffic sources (creators, publishers, affiliates) and retailers. 
CB Insights

Should your company use Button?

It depends on your business model.

Button is likely a good fit if your company:

✅ Runs a mobile app with meaningful ecommerce activity
If customers frequently shop through your app, Button can help ensure affiliate or marketing traffic lands in the right in-app experience.

✅ Works heavily with creators, influencers, or affiliate partners
Button is designed around improving creator and affiliate commerce journeys and attribution. 
Button
+1

✅ Has significant mobile traffic but sees conversion drop-offs
Companies losing customers between a social link click and purchase may benefit from better routing and deep linking.

✅ Operates at enterprise scale
The platform is generally positioned toward larger retailers, publishers, and commerce companies rather than very small businesses. 
PR Newswire

Button may not be worth it if your company:

❌ Has low mobile traffic volume
❌ Does not use affiliates, creators, or partner marketing
❌ Primarily sells through desktop or physical channels
❌ Already has strong mobile attribution and deep-linking infrastructure
❌ Needs a simple ecommerce store solution rather than optimization technology

Potential benefits
Benefit	Why it matters
Better mobile conversion	Fewer clicks lost between discovery and checkout
Stronger affiliate performance	More accurate tracking and optimization
Better creator monetization	Helps turn social/content traffic into purchases
App + web routing	Sends users to the best shopping destination
Performance insights	Helps identify which traffic sources convert

Button
+1

Questions to ask before buying

Before adopting Button, evaluate:

How much revenue comes from mobile traffic today?

How much affiliate/creator traffic do we receive?

What percentage of mobile visitors fail to convert after clicking?

Do we already have deep linking and attribution tools?

Will incremental conversions justify the platform cost?

Bottom line

Button is worth considering if your company is a mobile-first retailer, marketplace, publisher, or brand investing seriously in affiliate and creator commerce. It is less compelling for companies without meaningful mobile shopping traffic or partner-driven acquisition.

A good rule of thumb: if improving the path from “creator/social link click → mobile product page → purchase” could materially impact revenue, Button is worth evaluating. 
Button
+1

Sources used:
https://www.usebutton.com/

https://www.usebutton.com/full-service-network

https://www.cbinsights.com/company/button

https://www.prnewswire.com/news-releases/large-retailer-wins-and-growth-in-the-creator-economy-drive-button-to-surpass-10-billion-in-mobile-commerce-driven-in-2023-302006644.html

https://psgequity.com/news/button-secures-strategic-growth-investment-from-psg"
How does Button compare to other ecommerce optimization tools?,"Button is best understood as a mobile commerce optimization and deep-linking platform, not a full ecommerce platform like Shopify, a CRO testing suite like Optimizely, or a marketing automation tool like Klaviyo. It focuses on improving the journey from a marketing/affiliate/social link click to a completed purchase, especially in mobile app and mobile web environments. 
Button
+1

A comparison:

Tool category	Examples	Main purpose	How Button differs
Ecommerce platforms	Shopify, Adobe Commerce, BigCommerce	Build and operate an online store	Button does not replace your storefront; it optimizes traffic going into existing commerce experiences
Conversion rate optimization (CRO)	Optimizely, VWO	Test pages, layouts, checkout flows	Button focuses more on routing and attribution optimization rather than onsite experimentation
Customer engagement	Klaviyo, Braze, Attentive	Email/SMS/push lifecycle marketing	Button helps improve the commerce click journey before and after the tap, not primarily messaging
Affiliate/creator platforms	Impact, CJ, Partnerize	Manage partnerships and commissions	Button can work alongside affiliate ecosystems by improving link performance and mobile conversion paths
Deep linking/attribution platforms	Branch, AppsFlyer, Adjust	App attribution and user routing	Button is more commerce-focused, emphasizing shopping journeys and revenue optimization

Polaris7
+1

Where Button is stronger

1. Mobile commerce journeys

Button specializes in getting users from links in places like social media, publishers, affiliates, and ads into the correct shopping destination (for example, opening the right app screen instead of sending users through a broken mobile web flow). 
Button
+1

2. Affiliate and creator traffic optimization

Unlike many CRO tools that focus on a brand’s own website, Button is designed around external commerce traffic sources such as publishers and creators. 
PR Newswire

3. Attribution recovery

A major selling point is reducing lost conversions caused by broken links, poor app routing, or fragmented mobile experiences. 
Button

Where competitors may be stronger

Branch / AppsFlyer / Adjust

Better fit if your primary problem is mobile attribution, app installs, and marketing measurement across many channels.

Button is more commerce-revenue oriented; these platforms are broader mobile analytics tools. 
directclick.io
+1

Optimizely / VWO

Better fit if your priority is A/B testing checkout pages, product pages, and user interfaces.

Shopify ecosystem tools

Better fit for smaller merchants needing store operations, merchandising, inventory, payments, and basic conversion improvements.

Button is likely a good fit if you:

✅ Run a large ecommerce brand
✅ Have significant mobile traffic
✅ Work with affiliates, publishers, influencers, or creators
✅ Have a mobile app or app-shopping strategy
✅ Lose revenue because users drop between content, links, apps, and checkout

Button may be unnecessary if you:

❌ Are a small store with limited traffic
❌ Mainly need website design improvements
❌ Need inventory, payments, or storefront management
❌ Do not have meaningful mobile commerce volume

Bottom line: Button is not a replacement for ecommerce platforms or CRO tools. It is a specialized layer that sits between acquisition channels and commerce checkout, helping large brands convert more mobile shopping traffic. It tends to provide the most value for companies where mobile affiliate, creator, or social commerce revenue is already significant. 
Button
+1

Sources used:
https://www.usebutton.com/

https://www.usebutton.com/post/button-surpasses-1-billion-in-commerce-driven-monthly-as-retailers-and-publishers-leverage-buttons-ai-powered-commerce-optimization-platform

https://www.prnewswire.com/news-releases/buttons-commerce-optimization-platform-launches-button-for-publishers-302119089.html

https://www.cbinsights.com/company/button

https://www.directclick.io/articles/top-deep-linking-platforms-which-one-is-right-for-you.html"
What are the pros and cons of using Button?,"Button is a mobile commerce optimization platform focused on improving affiliate, creator, and partner-driven shopping journeys, especially when users move between mobile web, apps, and social platforms. It is primarily used by retailers and publishers that want better deep linking, attribution, and conversion performance. 
Button
+1

Pros of using Button
1. Better mobile conversion rates

Button can route users to the best destination (such as an installed app, app store, or mobile website) instead of sending everyone through the same generic link.

This can reduce friction and improve purchase completion rates. 
Button

2. Stronger affiliate and creator attribution

A common mobile commerce problem is losing attribution when a customer clicks an affiliate or creator link, installs an app, and later purchases.

Button is designed to preserve tracking across these journeys so affiliates, publishers, and creators receive proper credit. 
Acceleration Partners
+1

3. Works alongside existing affiliate networks

Button positions itself as an optimization layer rather than a replacement for affiliate networks.

It integrates with major partnership platforms and helps improve the mobile experience behind existing campaigns. 
Acceleration Partners
+1

4. Helps brands increase app adoption

For companies with strong mobile apps, Button can encourage customers into app experiences where conversion and retention may be stronger.

It can intelligently decide whether to open an app, prompt an install, or continue on mobile web. 
Button

5. Useful for creator commerce

Brands working with influencers and social creators can benefit because social traffic often creates complicated mobile journeys.

Button helps connect creator clicks to measurable commerce outcomes. 
Martech Record

6. Enterprise-scale capabilities

Button is built for organizations with significant mobile commerce volume and complex partner ecosystems. Companies cited as users or customers include brands such as Uber, Lululemon, Expedia, and others. 
Button
+1

Cons of using Button
1. May be unnecessary for smaller businesses

If a company has limited affiliate traffic, few mobile transactions, or no app strategy, the value may not justify the investment.

The biggest benefits usually apply to brands with meaningful mobile commerce scale.

2. Adds another technology layer

Button sits between traffic sources, affiliate systems, apps, and analytics tools.

That can introduce additional implementation, testing, and governance requirements.

3. Requires technical integration

While designed to simplify mobile routing, brands still need engineering involvement for app SDKs, tracking, and configuration.

Companies without mobile development resources may face adoption challenges.

4. Benefits depend on mobile traffic volume

A retailer whose customers mostly buy through desktop websites may see limited upside.

The strongest use cases are mobile-first commerce, apps, affiliate traffic, and creator-driven sales.

5. ROI can be difficult to evaluate upfront

Improvements come from recovered conversions, better attribution, and increased app usage rather than a simple feature replacement.

Companies need good baseline measurement to prove incremental impact.

6. Potential overlap with existing tools

Some businesses already have deep-linking, attribution, and analytics solutions through mobile measurement partners or affiliate platforms.

They need to determine whether Button adds meaningful optimization beyond their current stack. 
Button

Best fit for Button

Button is most likely worth considering if you are:

A retailer with a mobile app

Running affiliate or creator marketing programs

Losing attribution between social clicks and app purchases

Spending significantly on mobile customer acquisition

Looking to improve app conversion rates

It is less compelling if you are:

A small ecommerce store with low affiliate volume

Primarily desktop-focused

Not operating a mobile app

Overall, Button is a specialized optimization tool rather than a general ecommerce platform. Its value comes from fixing mobile commerce friction and improving measurement, especially for large brands with partner-driven traffic. 
Button
+1

Sources used:
https://www.usebutton.com/dynamic-decisioning

https://www.accelerationpartners.com/resources/partner-qa-button/

https://martechrecord.com/interviews/leadership-series/qa-how-button-is-powering-creator-commerce-in-a-fractured-ecosystem/

https://www.usebutton.com/post/how-button-doubled-affiliate-revenue-for-uber

https://impact.com/marketing-intelligence/ai-driven-affiliate-marketing-button-and-impact-com-integration/"

Total run time,42m 11s
